stock_code,description,forecast_origin,target_month,model,forecast,sigma,sigma_source,n_residuals_product,z,safety_stock,target_inventory,uncertainty_ratio,abc_class,last_month_units,ma3_units,months_since_last_sale,product_age_months,status,run_id
10002,INFLATABLE POLITICAL GLOBE,2011-11,2011-12,M2_gbm_poisson,,,,,,,,,A,0,,,,Inactive (no sales in last 6 months),20260824T181001Z-27103c
10002R,ROBOT PENCIL SHARPNER,2011-11,2011-12,M2_gbm_poisson,,,,,,,,,C,0,,,,Inactive (no sales in last 6 months),20260824T181001Z-27103c
10080,GROOVY CACTUS INFLATABLE,2011-11,2011-12,M2_gbm_poisson,51.817348,7.845233,product,17,1.645000,12.905409,65,0.151402,C,91,52.333333,1,24,Forecast,20260824T181001Z-27103c
10109,BENDY COLOUR PENCILS,2011-11,2011-12,M2_gbm_poisson,,,,,,,,,C,0,,,,Inactive (no sales in last 6 months),20260824T181001Z-27103c
10120,DOGGY RUBBER,2011-11,2011-12,M2_gbm_poisson,47.636304,16.681791,product,18,1.645000,27.441546,76,0.350191,C,49,23.000000,1,24,Forecast,20260824T181001Z-27103c
10123C,HEARTS WRAPPING TAPE,2011-11,2011-12,M2_gbm_poisson,,,,,,,,,C,0,,,,Inactive (no sales in last 6 months),20260824T181001Z-27103c
10123G,ARMY CAMO WRAPPING TAPE,2011-11,2011-12,M2_gbm_poisson,,,,,,,,,C,0,,,,Inactive (no sales in last 6 months),20260824T181001Z-27103c
10124A,SPOTS ON RED BOOKCOVER TAPE,2011-11,2011-12,M2_gbm_poisson,8.254066,6.366615,product,16,1.645000,10.473082,19,0.771331,C,4,1.333333,1,21,Forecast,20260824T181001Z-27103c
10124G,ARMY CAMO BOOKCOVER TAPE,2011-11,2011-12,M2_gbm_poisson,8.551676,7.656444,product,18,1.645000,12.594851,22,0.895315,C,4,2.666667,1,19,Forecast,20260824T181001Z-27103c
10125,MINI FUNKY DESIGN TAPES,2011-11,2011-12,M2_gbm_poisson,56.229482,82.296076,product,18,1.645000,135.377046,192,1.463575,B,62,107.666667,1,24,Forecast,20260824T181001Z-27103c
10133,COLOURING PENCILS BROWN TUBE,2011-11,2011-12,M2_gbm_poisson,22.297543,67.388394,product,18,1.645000,110.853908,134,3.022234,B,0,69.000000,3,24,Forecast,20260824T181001Z-27103c
10134,COLOURING PENCILS BROWN TUBE,2011-11,2011-12,M2_gbm_poisson,,,,,,,,,C,0,,,,Inactive (no sales in last 6 months),20260824T181001Z-27103c
10135,COLOURING PENCILS BROWN TUBE,2011-11,2011-12,M2_gbm_poisson,82.679796,61.286941,product,18,1.645000,100.817017,184,0.741257,A,181,106.666667,1,24,Forecast,20260824T181001Z-27103c
10138,ASSORTED COLOUR JUMBO PEN,2011-11,2011-12,M2_gbm_poisson,,,,,,,,,C,0,,,,Inactive (no sales in last 6 months),20260824T181001Z-27103c
11001,ASSTD DESIGN RACING CAR PEN,2011-11,2011-12,M2_gbm_poisson,111.076280,146.443105,product,18,1.645000,240.898908,352,1.318401,A,128,113.333333,1,24,Forecast,20260824T181001Z-27103c
15030,FAN BLACK FRAME,2011-11,2011-12,M2_gbm_poisson,30.048406,18.063931,product,18,1.645000,29.715166,60,0.601161,C,22,11.666667,1,24,Forecast,20260824T181001Z-27103c
15034,PAPER POCKET TRAVELING FAN,2011-11,2011-12,M2_gbm_poisson,297.181418,433.167918,product,18,1.645000,712.561225,1010,1.457587,C,573,919.333333,1,24,Forecast,20260824T181001Z-27103c
15036,ASSORTED COLOURS SILK FAN,2011-11,2011-12,M2_gbm_poisson,458.264900,1500.349486,product,18,1.645000,2468.074904,2927,3.273979,A,604,782.000000,1,24,Forecast,20260824T181001Z-27103c
15039,SANDALWOOD FAN,2011-11,2011-12,M2_gbm_poisson,109.692193,133.278311,product,18,1.645000,219.242822,329,1.215021,B,208,134.333333,1,24,Forecast,20260824T181001Z-27103c
15044A,PINK PAPER PARASOL,2011-11,2011-12,M2_gbm_poisson,43.325989,45.016933,product,18,1.645000,74.052855,118,1.039028,A,34,23.000000,1,24,Forecast,20260824T181001Z-27103c
15044B,BLUE PAPER PARASOL,2011-11,2011-12,M2_gbm_poisson,7.934775,36.643589,product,18,1.645000,60.278705,69,4.618100,A,0,2.000000,3,24,Forecast,20260824T181001Z-27103c
15044C,PURPLE PAPER PARASOL,2011-11,2011-12,M2_gbm_poisson,32.006781,27.320816,product,18,1.645000,44.942742,77,0.853595,B,16,17.666667,1,24,Forecast,20260824T181001Z-27103c
15044D,RED PAPER PARASOL,2011-11,2011-12,M2_gbm_poisson,45.964293,64.848420,product,18,1.645000,106.675651,153,1.410843,A,24,67.333333,1,24,Forecast,20260824T181001Z-27103c
15056BL,EDWARDIAN PARASOL BLACK,2011-11,2011-12,M2_gbm_poisson,159.040461,178.310245,product,18,1.645000,293.320353,453,1.121163,A,176,333.000000,1,24,Forecast,20260824T181001Z-27103c
15056N,EDWARDIAN PARASOL NATURAL,2011-11,2011-12,M2_gbm_poisson,162.535003,145.044505,product,18,1.645000,238.598211,402,0.892389,A,169,271.666667,1,24,Forecast,20260824T181001Z-27103c
15056P,EDWARDIAN PARASOL PINK,2011-11,2011-12,M2_gbm_poisson,61.905701,57.840947,product,18,1.645000,95.148357,158,0.934340,A,88,62.000000,1,24,Forecast,20260824T181001Z-27103c
15058A,BLUE POLKADOT GARDEN PARASOL,2011-11,2011-12,M2_gbm_poisson,8.893067,22.713863,product,18,1.645000,37.364304,47,2.554109,B,2,3.666667,1,23,Forecast,20260824T181001Z-27103c
15058B,PINK POLKADOT GARDEN PARASOL,2011-11,2011-12,M2_gbm_poisson,8.242891,17.146935,product,18,1.645000,28.206708,37,2.080209,B,1,2.666667,1,23,Forecast,20260824T181001Z-27103c
15058C,ICE CREAM DESIGN GARDEN PARASOL,2011-11,2011-12,M2_gbm_poisson,5.735005,14.394025,product,18,1.645000,23.678171,30,2.509854,B,1,2.000000,1,23,Forecast,20260824T181001Z-27103c
15059A,ENGLISH ROSE EDWARDIAN PARASOL,2011-11,2011-12,M2_gbm_poisson,,,,,,,,,B,0,,,,Inactive (no sales in last 6 months),20260824T181001Z-27103c
15060B,FAIRY CAKE DESIGN UMBRELLA,2011-11,2011-12,M2_gbm_poisson,31.545643,29.629739,product,18,1.645000,48.740921,81,0.939266,A,19,40.000000,1,24,Forecast,20260824T181001Z-27103c
16008,SMALL FOLDING SCISSOR(POINTED EDGE),2011-11,2011-12,M2_gbm_poisson,228.573973,50.118601,product,18,1.645000,82.445099,312,0.219266,C,941,517.000000,1,21,Forecast,20260824T181001Z-27103c
16010,FOLDING CAMPING SCISSOR W/KNIF & S,2011-11,2011-12,M2_gbm_poisson,,,,,,,,,C,0,,,,Inactive (no sales in last 6 months),20260824T181001Z-27103c
16011,ANIMAL STICKERS,2011-11,2011-12,M2_gbm_poisson,134.681192,100.852808,product,18,1.645000,165.902869,301,0.748826,C,359,175.333333,1,24,Forecast,20260824T181001Z-27103c
16012,FOOD/DRINK SPONGE STICKERS,2011-11,2011-12,M2_gbm_poisson,79.933767,144.061194,product,18,1.645000,236.980664,317,1.802257,C,168,64.000000,1,24,Forecast,20260824T181001Z-27103c
16014,SMALL CHINESE STYLE SCISSOR,2011-11,2011-12,M2_gbm_poisson,645.612242,1596.262979,product,18,1.645000,2625.852601,3272,2.472479,A,3606,1569.000000,1,24,Forecast,20260824T181001Z-27103c
16015,MEDIUM CHINESE STYLE SCISSOR,2011-11,2011-12,M2_gbm_poisson,40.228264,63.999506,product,18,1.645000,105.279188,146,1.590909,C,30,16.666667,1,24,Forecast,20260824T181001Z-27103c
16016,LARGE CHINESE STYLE SCISSOR,2011-11,2011-12,M2_gbm_poisson,65.394055,47.966651,product,18,1.645000,78.905141,145,0.733502,B,140,76.666667,1,24,Forecast,20260824T181001Z-27103c
16020C,CLEAR STATIONERY BOX SET,2011-11,2011-12,M2_gbm_poisson,2.006944,15.020700,product,18,1.645000,24.709052,27,7.484364,C,0,0.000000,5,24,Forecast,20260824T181001Z-27103c
16033,MINI HIGHLIGHTER PENS,2011-11,2011-12,M2_gbm_poisson,,,,,,,,,B,0,,,,Inactive (no sales in last 6 months),20260824T181001Z-27103c
16043,POP ART PUSH DOWN RUBBER,2011-11,2011-12,M2_gbm_poisson,2.837980,56.494765,product,16,1.645000,92.933888,96,19.906681,C,0,0.000000,6,24,Forecast,20260824T181001Z-27103c
16044,POP-ART FLUORESCENT PENS,2011-11,2011-12,M2_gbm_poisson,,,,,,,,,C,0,,,,Inactive (no sales in last 6 months),20260824T181001Z-27103c
16045,POPART WOODEN PENCILS ASST,2011-11,2011-12,M2_gbm_poisson,465.260953,114.240916,product,18,1.645000,187.926306,654,0.245542,C,1000,1366.666667,1,23,Forecast,20260824T181001Z-27103c
16046,TEATIME PEN CASE & PENS,2011-11,2011-12,M2_gbm_poisson,6.271695,17.664771,product,18,1.645000,29.058549,36,2.816587,B,1,1.333333,1,24,Forecast,20260824T181001Z-27103c
16047,POP ART PEN CASE & PENS,2011-11,2011-12,M2_gbm_poisson,,,,,,,,,B,0,,,,Inactive (no sales in last 6 months),20260824T181001Z-27103c
16048,TEATIME ROUND PENCIL SHARPENER,2011-11,2011-12,M2_gbm_poisson,99.352852,104.302141,product,18,1.645000,171.577022,271,1.049815,C,126,160.333333,1,24,Forecast,20260824T181001Z-27103c
16049,TEATIME GEL PENS ASST,2011-11,2011-12,M2_gbm_poisson,,,,,,,,,C,0,,,,Inactive (no sales in last 6 months),20260824T181001Z-27103c
16050,TEATIME PENCIL WITH RUBBER,2011-11,2011-12,M2_gbm_poisson,,,,,,,,,C,0,,,,Inactive (no sales in last 6 months),20260824T181001Z-27103c
16051,TEATIME PENCIL W STAMP ASST,2011-11,2011-12,M2_gbm_poisson,,,,,,,,,C,0,,,,Inactive (no sales in last 6 months),20260824T181001Z-27103c
16052,TEATIME PUSH DOWN RUBBER,2011-11,2011-12,M2_gbm_poisson,2.035470,39.736420,product,18,1.645000,65.366411,68,19.521984,C,0,0.000000,6,24,Forecast,20260824T181001Z-27103c
16053,POPART COL BALLPOINT PEN ASST,2011-11,2011-12,M2_gbm_poisson,,,,,,,,,C,0,,,,Inactive (no sales in last 6 months),20260824T181001Z-27103c
16054,POPART RECT PENCIL SHARPENER ASST,2011-11,2011-12,M2_gbm_poisson,95.960280,32.537846,product,18,1.645000,53.524757,150,0.339076,C,330,231.333333,1,23,Forecast,20260824T181001Z-27103c
16119,FUNKY GIRL ADDRESS BOOK,2011-11,2011-12,M2_gbm_poisson,,,,,,,,,C,0,,,,Inactive (no sales in last 6 months),20260824T181001Z-27103c
16151A,FLOWERS HANDBAG blue and orange,2011-11,2011-12,M2_gbm_poisson,,,,,,,,,C,0,,,,Inactive (no sales in last 6 months),20260824T181001Z-27103c
16156L,"WRAP, CAROUSEL",2011-11,2011-12,M2_gbm_poisson,32.256205,27.135278,product,18,1.645000,44.637532,77,0.841242,C,25,25.000000,1,23,Forecast,20260824T181001Z-27103c
16156N,"WRAP, FRIENDSHIP ON GREEN",2011-11,2011-12,M2_gbm_poisson,,,,,,,,,C,0,,,,Inactive (no sales in last 6 months),20260824T181001Z-27103c
16156S,WRAP PINK FAIRY CAKES,2011-11,2011-12,M2_gbm_poisson,185.839007,404.762864,product,18,1.645000,665.834911,852,2.178030,A,475,616.666667,1,24,Forecast,20260824T181001Z-27103c
16161C,WRAP SPEED DEMONS,2011-11,2011-12,M2_gbm_poisson,,,,,,,,,C,0,,,,Inactive (no sales in last 6 months),20260824T181001Z-27103c
16161E,WRAP BOUDOIR,2011-11,2011-12,M2_gbm_poisson,,,,,,,,,C,0,,,,Inactive (no sales in last 6 months),20260824T181001Z-27103c
16161G,WRAP BAD HAIR DAY,2011-11,2011-12,M2_gbm_poisson,59.640306,50.993184,product,18,1.645000,83.883788,144,0.855012,C,125,116.666667,1,23,Forecast,20260824T181001Z-27103c
16161M,WRAP  PINK FLOCK,2011-11,2011-12,M2_gbm_poisson,,,,,,,,,C,0,,,,Inactive (no sales in last 6 months),20260824T181001Z-27103c
16161P,WRAP ENGLISH ROSE,2011-11,2011-12,M2_gbm_poisson,224.832104,262.658528,product,18,1.645000,432.073278,657,1.168243,A,525,666.666667,1,24,Forecast,20260824T181001Z-27103c
16161U,WRAP SUKI AND FRIENDS,2011-11,2011-12,M2_gbm_poisson,143.881202,214.669244,product,18,1.645000,353.130906,498,1.491990,B,300,491.666667,1,24,Forecast,20260824T181001Z-27103c
16162L,THE KING GIFT BAG,2011-11,2011-12,M2_gbm_poisson,5.682340,18.993361,product,18,1.645000,31.244079,37,3.342525,C,0,3.333333,3,24,Forecast,20260824T181001Z-27103c
16162M,THE KING GIFT BAG 25x24x12cm,2011-11,2011-12,M2_gbm_poisson,14.599696,18.018057,product,15,1.645000,29.639703,45,1.234139,C,4,6.000000,1,18,Forecast,20260824T181001Z-27103c
16168M,FUNKY MONKEY GIFT BAG MEDIUM,2011-11,2011-12,M2_gbm_poisson,40.594620,19.164179,product,18,1.645000,31.525075,73,0.472087,C,35,19.333333,1,24,Forecast,20260824T181001Z-27103c
16168S,FUNKY MONKEY GIFT BAG SMALL,2011-11,2011-12,M2_gbm_poisson,,,,,,,,,C,0,,,,Inactive (no sales in last 6 months),20260824T181001Z-27103c
16169A,WRAP CHRISTMAS DECOUPAGE,2011-11,2011-12,M2_gbm_poisson,,,,,,,,,C,0,,,,Inactive (no sales in last 6 months),20260824T181001Z-27103c
16169C,WRAP BLUE REINDEER,2011-11,2011-12,M2_gbm_poisson,,,,,,,,,C,0,,,,Inactive (no sales in last 6 months),20260824T181001Z-27103c
16169D,WRAP WINTER FOREST,2011-11,2011-12,M2_gbm_poisson,,,,,,,,,C,0,,,,Inactive (no sales in last 6 months),20260824T181001Z-27103c
16169E,WRAP 50'S  CHRISTMAS,2011-11,2011-12,M2_gbm_poisson,652.569014,7.836625,abc_group,4,1.645000,12.891247,666,0.012009,C,1625,1254.000000,1,5,Forecast,20260824T181001Z-27103c
16169F,WRAP BLIZZARD,2011-11,2011-12,M2_gbm_poisson,,,,,,,,,C,0,,,,Inactive (no sales in last 6 months),20260824T181001Z-27103c
16169G,WRAP ROMANTIC DECOUPAGE,2011-11,2011-12,M2_gbm_poisson,,,,,,,,,C,0,,,,Inactive (no sales in last 6 months),20260824T181001Z-27103c
16169K,WRAP FOLK ART,2011-11,2011-12,M2_gbm_poisson,9.336393,58.395602,product,18,1.645000,96.060765,106,6.254621,C,0,16.666667,3,24,Forecast,20260824T181001Z-27103c
16169M,WRAP DAISY CARPET,2011-11,2011-12,M2_gbm_poisson,43.880783,55.449151,product,18,1.645000,91.213853,136,1.263632,C,50,50.000000,1,24,Forecast,20260824T181001Z-27103c
16169N,WRAP BLUE RUSSIAN FOLKART,2011-11,2011-12,M2_gbm_poisson,,,,,,,,,C,0,,,,Inactive (no sales in last 6 months),20260824T181001Z-27103c
16169P,WRAP GREEN RUSSIAN FOLKART,2011-11,2011-12,M2_gbm_poisson,,,,,,,,,C,0,,,,Inactive (no sales in last 6 months),20260824T181001Z-27103c
16192,PINK BALLET OPENING CUBE BOX,2011-11,2011-12,M2_gbm_poisson,,,,,,,,,C,0,,,,Inactive (no sales in last 6 months),20260824T181001Z-27103c
16201A,PASTEL PINK PHOTO ALBUM,2011-11,2011-12,M2_gbm_poisson,,,,,,,,,C,0,,,,Inactive (no sales in last 6 months),20260824T181001Z-27103c
16201B,PASTEL BLUE PHOTO ALBUM,2011-11,2011-12,M2_gbm_poisson,,,,,,,,,C,0,,,,Inactive (no sales in last 6 months),20260824T181001Z-27103c
16202A,PASTEL PINK PHOTO ALBUM,2011-11,2011-12,M2_gbm_poisson,,,,,,,,,C,0,,,,Inactive (no sales in last 6 months),20260824T181001Z-27103c
16202B,PASTEL BLUE PHOTO ALBUM,2011-11,2011-12,M2_gbm_poisson,,,,,,,,,C,0,,,,Inactive (no sales in last 6 months),20260824T181001Z-27103c
16202C,BEIGE PHOTO ALBUM,2011-11,2011-12,M2_gbm_poisson,,,,,,,,,C,0,,,,Inactive (no sales in last 6 months),20260824T181001Z-27103c
16202E,BLACK PHOTO ALBUM,2011-11,2011-12,M2_gbm_poisson,,,,,,,,,C,0,,,,Inactive (no sales in last 6 months),20260824T181001Z-27103c
16206B,RED PURSE WITH PINK HEART,2011-11,2011-12,M2_gbm_poisson,,,,,,,,,C,0,,,,Inactive (no sales in last 6 months),20260824T181001Z-27103c
16207A,PINK STRAWBERRY HANDBAG,2011-11,2011-12,M2_gbm_poisson,9.187304,13.152106,product,18,1.645000,21.635214,31,1.431552,C,1,2.333333,1,24,Forecast,20260824T181001Z-27103c
16207B,PINK HEART RED HANDBAG,2011-11,2011-12,M2_gbm_poisson,3.130582,2.979731,product,18,1.645000,4.901658,9,0.951814,C,0,0.000000,4,24,Forecast,20260824T181001Z-27103c
16212,FUNKY GIRLZ ASST MAGNETIC MEMO PAD,2011-11,2011-12,M2_gbm_poisson,,,,,,,,,C,0,,,,Inactive (no sales in last 6 months),20260824T181001Z-27103c
16215,FUNKY GIRLZ MAGNETIC TO DO LIST,2011-11,2011-12,M2_gbm_poisson,,,,,,,,,C,0,,,,Inactive (no sales in last 6 months),20260824T181001Z-27103c
16216,LETTER SHAPE PENCIL SHARPENER,2011-11,2011-12,M2_gbm_poisson,207.859649,111.654905,product,18,1.645000,183.672319,392,0.537165,C,394,251.666667,1,24,Forecast,20260824T181001Z-27103c
16218,CARTOON  PENCIL SHARPENERS,2011-11,2011-12,M2_gbm_poisson,227.044976,127.928470,product,18,1.645000,210.442333,438,0.563450,C,565,550.333333,1,24,Forecast,20260824T181001Z-27103c
16219,HOUSE SHAPE PENCIL SHARPENER,2011-11,2011-12,M2_gbm_poisson,227.015993,79.872573,product,18,1.645000,131.390382,359,0.351837,C,265,424.666667,1,24,Forecast,20260824T181001Z-27103c
16225,RATTLE SNAKE EGGS,2011-11,2011-12,M2_gbm_poisson,64.382420,27.424370,product,18,1.645000,45.113089,110,0.425961,C,112,79.333333,1,24,Forecast,20260824T181001Z-27103c
16235,RECYCLED PENCIL WITH RABBIT ERASER,2011-11,2011-12,M2_gbm_poisson,127.842328,154.087403,product,18,1.645000,253.473777,382,1.205293,B,228,173.000000,1,24,Forecast,20260824T181001Z-27103c
16236,KITTY PENCIL ERASERS,2011-11,2011-12,M2_gbm_poisson,112.532162,101.810893,product,18,1.645000,167.478919,281,0.904727,C,260,165.333333,1,24,Forecast,20260824T181001Z-27103c
16237,SLEEPING CAT ERASERS,2011-11,2011-12,M2_gbm_poisson,325.197768,231.897307,product,18,1.645000,381.471070,707,0.713096,B,927,517.666667,1,24,Forecast,20260824T181001Z-27103c
16238,PARTY TIME PENCIL ERASERS,2011-11,2011-12,M2_gbm_poisson,73.501340,44.783212,product,18,1.645000,73.668384,148,0.609284,C,176,121.333333,1,24,Forecast,20260824T181001Z-27103c
16239,BALLERINA HEART DECORATION.,2011-11,2011-12,M2_gbm_poisson,,,,,,,,,C,0,,,,Inactive (no sales in last 6 months),20260824T181001Z-27103c
16243B,BROWN COZY SQUARE PHOTO ALBUM,2011-11,2011-12,M2_gbm_poisson,,,,,,,,,C,0,,,,Inactive (no sales in last 6 months),20260824T181001Z-27103c
16244A,MAXWELL 2 TONE PINK 60 PAGE PHOTO A,2011-11,2011-12,M2_gbm_poisson,,,,,,,,,C,0,,,,Inactive (no sales in last 6 months),20260824T181001Z-27103c
16244B,MAXWELL 2 TONE BLUE 60 PAGE PHOTO A,2011-11,2011-12,M2_gbm_poisson,,,,,,,,,C,0,,,,Inactive (no sales in last 6 months),20260824T181001Z-27103c
16245A,PINK MINI STATIONERY SET W CASE,2011-11,2011-12,M2_gbm_poisson,,,,,,,,,C,0,,,,Inactive (no sales in last 6 months),20260824T181001Z-27103c
16248B,BLUE HOLE PUNCH,2011-11,2011-12,M2_gbm_poisson,6.032512,5.604349,product,14,1.645000,9.219155,16,0.929024,C,0,3.000000,2,15,Forecast,20260824T181001Z-27103c
16254,TRANSPARENT ACRYLIC TAPE DISPENSER,2011-11,2011-12,M2_gbm_poisson,18.605414,7.380299,product,17,1.645000,12.140591,31,0.396675,C,7,7.666667,1,23,Forecast,20260824T181001Z-27103c
16256B,FLOWER PENCIL/RUBBER+5 MINI PENCILS,2011-11,2011-12,M2_gbm_poisson,,,,,,,,,C,0,,,,Inactive (no sales in last 6 months),20260824T181001Z-27103c
16256C,HEARTS PENCIL/RUBBER+5 MINI PENCILS,2011-11,2011-12,M2_gbm_poisson,,,,,,,,,C,0,,,,Inactive (no sales in last 6 months),20260824T181001Z-27103c
16258A,SWIRLY CIRCULAR RUBBERS IN BAG,2011-11,2011-12,M2_gbm_poisson,54.656386,29.067920,product,18,1.645000,47.816729,103,0.531830,C,37,42.000000,1,24,Forecast,20260824T181001Z-27103c
16258B,DAISY ERASERS IN BAG,2011-11,2011-12,M2_gbm_poisson,,,,,,,,,C,0,,,,Inactive (no sales in last 6 months),20260824T181001Z-27103c
16259,PIECE OF CAMO STATIONERY SET,2011-11,2011-12,M2_gbm_poisson,149.437944,278.193378,product,18,1.645000,457.628106,608,1.861598,C,20,166.666667,1,24,Forecast,20260824T181001Z-27103c
17001,HEAVENS SCENT FRAGRANCE OILS ASSTD,2011-11,2011-12,M2_gbm_poisson,,,,,,,,,C,0,,,,Inactive (no sales in last 6 months),20260824T181001Z-27103c
17003,BROCADE RING PURSE,2011-11,2011-12,M2_gbm_poisson,727.955925,2158.926913,product,18,1.645000,3551.434772,4280,2.965738,A,1071,1876.666667,1,24,Forecast,20260824T181001Z-27103c
17007B,S/3 POT POURI CUSHIONS BLUE COLOURS,2011-11,2011-12,M2_gbm_poisson,1.984807,5.197969,product,18,1.645000,8.550658,11,2.618878,C,0,0.000000,6,24,Forecast,20260824T181001Z-27103c
17011A,ORIGAMI VANILLA INCENSE+FLOWER,2011-11,2011-12,M2_gbm_poisson,,,,,,,,,C,0,,,,Inactive (no sales in last 6 months),20260824T181001Z-27103c
17011B,ORIGAMI JASMINE INCENSE+FLOWER,2011-11,2011-12,M2_gbm_poisson,,,,,,,,,C,0,,,,Inactive (no sales in last 6 months),20260824T181001Z-27103c
17011C,ORIGAMI LAVENDER INCENSE+FLOWER,2011-11,2011-12,M2_gbm_poisson,,,,,,,,,C,0,,,,Inactive (no sales in last 6 months),20260824T181001Z-27103c
17011D,ORIGAMI ROSE INCENSE+FLOWER,2011-11,2011-12,M2_gbm_poisson,,,,,,,,,C,0,,,,Inactive (no sales in last 6 months),20260824T181001Z-27103c
17011E,ORIGAMI OPIUM SCENT INCENSE+FLOWER,2011-11,2011-12,M2_gbm_poisson,,,,,,,,,C,0,,,,Inactive (no sales in last 6 months),20260824T181001Z-27103c
17011F,ORIGAMI SANDLEWOOD INCENSE+FLOWER,2011-11,2011-12,M2_gbm_poisson,,,,,,,,,C,0,,,,Inactive (no sales in last 6 months),20260824T181001Z-27103c
17012A,ORIGAMI VANILLA INCENSE/CANDLE SET,2011-11,2011-12,M2_gbm_poisson,34.436074,34.233112,product,18,1.645000,56.313470,91,0.994106,C,10,54.000000,1,24,Forecast,20260824T181001Z-27103c
17012B,ORIGAMI JASMINE INCENSE/CANDLE SET,2011-11,2011-12,M2_gbm_poisson,33.897451,35.726649,product,18,1.645000,58.770337,93,1.053963,C,5,60.666667,1,24,Forecast,20260824T181001Z-27103c
17012C,ORIGAMI LAVENDER INCENSE/CANDL SET,2011-11,2011-12,M2_gbm_poisson,60.106582,14.242604,product,18,1.645000,23.429083,84,0.236956,C,94,58.666667,1,22,Forecast,20260824T181001Z-27103c
17012D,ORIGAMI ROSE INCENSE/CANDLE SET,2011-11,2011-12,M2_gbm_poisson,78.992598,15.500069,product,18,1.645000,25.497614,105,0.196222,C,165,98.000000,1,21,Forecast,20260824T181001Z-27103c
17012E,ORIGAMI OPIUM INCENSE/CANDLE SET,2011-11,2011-12,M2_gbm_poisson,,,,,,,,,C,0,,,,Inactive (no sales in last 6 months),20260824T181001Z-27103c
17012F,ORIGAMI SANDLEWOOD INCENSE/CAND SET,2011-11,2011-12,M2_gbm_poisson,77.543062,10.000021,product,18,1.645000,16.450034,94,0.128961,C,162,81.333333,1,21,Forecast,20260824T181001Z-27103c
17013B,ORIGAMI JASMINE INCENSE IN TUBE,2011-11,2011-12,M2_gbm_poisson,,,,,,,,,C,0,,,,Inactive (no sales in last 6 months),20260824T181001Z-27103c
17013C,ORIGAMI LAVENDER INCENSE IN TUBE,2011-11,2011-12,M2_gbm_poisson,,,,,,,,,C,0,,,,Inactive (no sales in last 6 months),20260824T181001Z-27103c
17013D,ORIGAMI ROSE INCENSE IN TUBE,2011-11,2011-12,M2_gbm_poisson,2.005555,47.089890,product,18,1.645000,77.462868,80,23.479733,C,0,0.000000,6,24,Forecast,20260824T181001Z-27103c
17013F,ORIGAMI SANDLEWOOD INCENSE IN TUBE,2011-11,2011-12,M2_gbm_poisson,,,,,,,,,C,0,,,,Inactive (no sales in last 6 months),20260824T181001Z-27103c
17014A,ORIGAMI VANILLA INCENSE CONES,2011-11,2011-12,M2_gbm_poisson,2.027923,11.869629,product,17,1.645000,19.525540,22,5.853097,C,0,0.000000,6,24,Forecast,20260824T181001Z-27103c
17014C,ORIGAMI LAVENDER INCENSE CONES,2011-11,2011-12,M2_gbm_poisson,,,,,,,,,C,0,,,,Inactive (no sales in last 6 months),20260824T181001Z-27103c
17014D,ORIGAMI ROSE INCENSE CONES,2011-11,2011-12,M2_gbm_poisson,,,,,,,,,C,0,,,,Inactive (no sales in last 6 months),20260824T181001Z-27103c
17014E,ORIGAMI OPIUM INCENSE CONES,2011-11,2011-12,M2_gbm_poisson,,,,,,,,,C,0,,,,Inactive (no sales in last 6 months),20260824T181001Z-27103c
17014F,ORIGAMI SANDLEWOOD INCENSE CONES,2011-11,2011-12,M2_gbm_poisson,,,,,,,,,C,0,,,,Inactive (no sales in last 6 months),20260824T181001Z-27103c
17021,NAMASTE SWAGAT INCENSE,2011-11,2011-12,M2_gbm_poisson,63.810121,76.251741,product,18,1.645000,125.434113,190,1.194979,C,108,144.000000,1,23,Forecast,20260824T181001Z-27103c
17027A,INCENSE BAZAAR CANNABIS,2011-11,2011-12,M2_gbm_poisson,,,,,,,,,C,0,,,,Inactive (no sales in last 6 months),20260824T181001Z-27103c
17028J,INCENSE BAZAAR PEACH,2011-11,2011-12,M2_gbm_poisson,,,,,,,,,C,0,,,,Inactive (no sales in last 6 months),20260824T181001Z-27103c
17033,"BROCADE PURSE,SMALL ARCH BUTTON",2011-11,2011-12,M2_gbm_poisson,,,,,,,,,C,0,,,,Inactive (no sales in last 6 months),20260824T181001Z-27103c
17038,PORCELAIN BUDAH INCENSE HOLDER,2011-11,2011-12,M2_gbm_poisson,81.093105,105.743084,product,18,1.645000,173.947373,256,1.303971,C,204,203.000000,1,24,Forecast,20260824T181001Z-27103c
17039,INLAID WOOD INCENSE HOLDER,2011-11,2011-12,M2_gbm_poisson,,,,,,,,,C,0,,,,Inactive (no sales in last 6 months),20260824T181001Z-27103c
17061,ASSORTED SHAPED STENCIL FOR HENNA,2011-11,2011-12,M2_gbm_poisson,,,,,,,,,C,0,,,,Inactive (no sales in last 6 months),20260824T181001Z-27103c
17084A,TRANQUILITY MASALA INCENSE,2011-11,2011-12,M2_gbm_poisson,7.131743,35.013717,product,18,1.645000,57.597564,65,4.909559,C,0,8.333333,3,22,Forecast,20260824T181001Z-27103c
17084G,MOON INCENSE,2011-11,2011-12,M2_gbm_poisson,,,,,,,,,C,0,,,,Inactive (no sales in last 6 months),20260824T181001Z-27103c
17084J,LOVE POTION MASALA INCENSE,2011-11,2011-12,M2_gbm_poisson,7.002211,30.622532,product,18,1.645000,50.374064,58,4.373266,C,0,8.333333,3,24,Forecast,20260824T181001Z-27103c
17084N,FAIRY DREAMS INCENSE,2011-11,2011-12,M2_gbm_poisson,73.773067,69.889422,product,18,1.645000,114.968099,189,0.947357,C,162,163.333333,1,24,Forecast,20260824T181001Z-27103c
17084P,DRAGONS BLOOD INCENSE,2011-11,2011-12,M2_gbm_poisson,43.099206,14.756174,product,18,1.645000,24.273905,68,0.342377,C,38,39.666667,1,24,Forecast,20260824T181001Z-27103c
17084R,ASSORTED INCENSE PACK,2011-11,2011-12,M2_gbm_poisson,115.624991,323.009032,product,18,1.645000,531.349857,647,2.793592,B,216,312.000000,1,24,Forecast,20260824T181001Z-27103c
17090A,LAVENDER INCENSE 40 CONES IN TIN,2011-11,2011-12,M2_gbm_poisson,14.228333,7.619058,product,18,1.645000,12.533350,27,0.535485,C,9,5.000000,1,24,Forecast,20260824T181001Z-27103c
17090D,VANILLA INCENSE 40 CONES IN TIN,2011-11,2011-12,M2_gbm_poisson,2.006944,4.629339,product,18,1.645000,7.615262,10,2.306661,C,0,0.000000,5,24,Forecast,20260824T181001Z-27103c
17091A,LAVENDER INCENSE IN TIN,2011-11,2011-12,M2_gbm_poisson,,,,,,,,,B,0,,,,Inactive (no sales in last 6 months),20260824T181001Z-27103c
17091B,JASMINE TEA INCENSE IN TIN,2011-11,2011-12,M2_gbm_poisson,,,,,,,,,C,0,,,,Inactive (no sales in last 6 months),20260824T181001Z-27103c
17091F,SANDALWOOD INCENSE IN TIN,2011-11,2011-12,M2_gbm_poisson,,,,,,,,,C,0,,,,Inactive (no sales in last 6 months),20260824T181001Z-27103c
17091J,VANILLA INCENSE IN TIN,2011-11,2011-12,M2_gbm_poisson,86.786149,126.391428,product,18,1.645000,207.913898,295,1.456355,B,182,153.333333,1,24,Forecast,20260824T181001Z-27103c
17096,ASSORTED LAQUERED INCENSE HOLDERS,2011-11,2011-12,M2_gbm_poisson,2.186764,145.401582,product,18,1.645000,239.185603,242,66.491677,B,0,0.000000,5,24,Forecast,20260824T181001Z-27103c
17107D,"FLOWER FAIRY,5 SUMMER B'DRAW LINERS",2011-11,2011-12,M2_gbm_poisson,33.305903,15.850158,product,18,1.645000,26.073510,60,0.475896,C,15,18.666667,1,24,Forecast,20260824T181001Z-27103c
17108D,FLOWER FAIRY SUMMER BOUQUET SACHET,2011-11,2011-12,M2_gbm_poisson,,,,,,,,,C,0,,,,Inactive (no sales in last 6 months),20260824T181001Z-27103c
17109A,FLOWER FAIRY INCENSE LILY,2011-11,2011-12,M2_gbm_poisson,,,,,,,,,C,0,,,,Inactive (no sales in last 6 months),20260824T181001Z-27103c
17109B,FLOWER FAIRY INCENSE LAVENDER,2011-11,2011-12,M2_gbm_poisson,,,,,,,,,C,0,,,,Inactive (no sales in last 6 months),20260824T181001Z-27103c
17109C,FLOWER FAIRY INCENSE ROSE,2011-11,2011-12,M2_gbm_poisson,,,,,,,,,C,0,,,,Inactive (no sales in last 6 months),20260824T181001Z-27103c
17109D,FLOWER FAIRY INCENSE BOUQUET,2011-11,2011-12,M2_gbm_poisson,,,,,,,,,C,0,,,,Inactive (no sales in last 6 months),20260824T181001Z-27103c
17129C,SKY BLUE COLOUR GLASS GEMS IN BAG,2011-11,2011-12,M2_gbm_poisson,,,,,,,,,C,0,,,,Inactive (no sales in last 6 months),20260824T181001Z-27103c
17129D,CLEAR COLOUR GLASS GEMS IN BAG,2011-11,2011-12,M2_gbm_poisson,,,,,,,,,B,0,,,,Inactive (no sales in last 6 months),20260824T181001Z-27103c
17129F,BLUE GLASS GEMS IN BAG,2011-11,2011-12,M2_gbm_poisson,23.060381,47.952193,product,18,1.645000,78.881357,102,2.079419,B,1,17.666667,1,24,Forecast,20260824T181001Z-27103c
17136A,BLUE STONES ON WIRE FOR CANDLE,2011-11,2011-12,M2_gbm_poisson,60.465828,70.359013,product,18,1.645000,115.740576,177,1.163616,C,96,63.666667,1,24,Forecast,20260824T181001Z-27103c
17164B,ASS COL SMALL SAND GECKO P'WEIGHT,2011-11,2011-12,M2_gbm_poisson,,,,,,,,,C,0,,,,Inactive (no sales in last 6 months),20260824T181001Z-27103c
17164D,ASS COL SMALL SAND FROG P'WEIGHT,2011-11,2011-12,M2_gbm_poisson,,,,,,,,,C,0,,,,Inactive (no sales in last 6 months),20260824T181001Z-27103c
17165B,ASS COL LARGE SAND GECKO P'WEIGHT,2011-11,2011-12,M2_gbm_poisson,,,,,,,,,C,0,,,,Inactive (no sales in last 6 months),20260824T181001Z-27103c
17165D,ASS COL LARGE SAND FROG P'WEIGHT,2011-11,2011-12,M2_gbm_poisson,,,,,,,,,C,0,,,,Inactive (no sales in last 6 months),20260824T181001Z-27103c
17174,ASSTD RASTA KEY-CHAINS,2011-11,2011-12,M2_gbm_poisson,13.377388,2.719537,product,13,1.645000,4.473638,18,0.203294,C,8,2.666667,1,22,Forecast,20260824T181001Z-27103c
17178,FLAT PALM T-LIGHT HOLDER,2011-11,2011-12,M2_gbm_poisson,,,,,,,,,C,0,,,,Inactive (no sales in last 6 months),20260824T181001Z-27103c
17181,CIRCLE OF FRIENDS CANDLE HOLDER,2011-11,2011-12,M2_gbm_poisson,,,,,,,,,C,0,,,,Inactive (no sales in last 6 months),20260824T181001Z-27103c
17191A,ROSE FLOWER CANDLE+INCENSE 16X16CM,2011-11,2011-12,M2_gbm_poisson,5.588407,4.464405,product,12,1.645000,7.343947,13,0.798869,C,2,0.666667,1,24,Forecast,20260824T181001Z-27103c
18007,ESSENTIAL BALM 3.5g TIN IN ENVELOPE,2011-11,2011-12,M2_gbm_poisson,2.976703,124.654501,product,18,1.645000,205.056655,209,41.876697,C,0,0.000000,5,24,Forecast,20260824T181001Z-27103c
18010,ASSORTED FRAGRANCE BATH CONFETTI,2011-11,2011-12,M2_gbm_poisson,,,,,,,,,C,0,,,,Inactive (no sales in last 6 months),20260824T181001Z-27103c
18094C,WHITE AND BLUE CERAMIC OIL BURNER,2011-11,2011-12,M2_gbm_poisson,8.138275,26.261963,product,18,1.645000,43.200929,52,3.226969,C,0,8.333333,2,24,Forecast,20260824T181001Z-27103c
18096C,WHITE ROUND PORCELAIN TLIGHT HOLDER,2011-11,2011-12,M2_gbm_poisson,,,,,,,,,C,0,,,,Inactive (no sales in last 6 months),20260824T181001Z-27103c
18097A,PINK TALL PORCELAIN T-LIGHT HOLDER,2011-11,2011-12,M2_gbm_poisson,1.989265,1.331987,product,18,1.645000,2.191118,5,0.669587,C,0,0.000000,6,21,Forecast,20260824T181001Z-27103c
18097B,BLUE TALL PORCELAIN T-LIGHT HOLDER,2011-11,2011-12,M2_gbm_poisson,,,,,,,,,C,0,,,,Inactive (no sales in last 6 months),20260824T181001Z-27103c
18097C,WHITE TALL PORCELAIN T-LIGHT HOLDER,2011-11,2011-12,M2_gbm_poisson,33.939281,43.379131,product,18,1.645000,71.358670,106,1.278139,A,26,14.666667,1,24,Forecast,20260824T181001Z-27103c
18098A,PINK PORCELAIN B'FLY OIL BURNER,2011-11,2011-12,M2_gbm_poisson,,,,,,,,,C,0,,,,Inactive (no sales in last 6 months),20260824T181001Z-27103c
18098B,BLUE PORCELAIN B'FLY OIL BURNER,2011-11,2011-12,M2_gbm_poisson,,,,,,,,,C,0,,,,Inactive (no sales in last 6 months),20260824T181001Z-27103c
18098C,PORCELAIN BUTTERFLY OIL BURNER,2011-11,2011-12,M2_gbm_poisson,2.958352,15.019017,product,18,1.645000,24.706283,28,5.076818,A,0,0.000000,4,24,Forecast,20260824T181001Z-27103c
20615,BLUE POLKADOT PASSPORT COVER,2011-11,2011-12,M2_gbm_poisson,53.046891,25.927222,product,18,1.645000,42.650280,96,0.488760,C,75,35.000000,1,24,Forecast,20260824T181001Z-27103c
20616,CHERRY BLOSSOM PASSPORT COVER,2011-11,2011-12,M2_gbm_poisson,30.280835,12.576717,product,18,1.645000,20.688700,51,0.415336,C,25,11.333333,1,24,Forecast,20260824T181001Z-27103c
20617,FIRST CLASS PASSPORT COVER,2011-11,2011-12,M2_gbm_poisson,15.719489,18.809464,product,18,1.645000,30.941569,47,1.196570,C,12,6.000000,1,24,Forecast,20260824T181001Z-27103c
20618,QUEEN OF THE SKIES PASSPORT COVER,2011-11,2011-12,M2_gbm_poisson,17.065464,19.790221,product,18,1.645000,32.554914,50,1.159665,C,10,5.333333,1,24,Forecast,20260824T181001Z-27103c
20619,TROPICAL PASSPORT COVER,2011-11,2011-12,M2_gbm_poisson,15.218347,16.218554,product,18,1.645000,26.679521,42,1.065724,C,8,5.333333,1,24,Forecast,20260824T181001Z-27103c
20620,RED SPOTTY PASSPORT COVER,2011-11,2011-12,M2_gbm_poisson,,,,,,,,,C,0,,,,Inactive (no sales in last 6 months),20260824T181001Z-27103c
20621,ECONOMY PASSPORT COVER,2011-11,2011-12,M2_gbm_poisson,,,,,,,,,C,0,,,,Inactive (no sales in last 6 months),20260824T181001Z-27103c
20622,VIPPASSPORT COVER,2011-11,2011-12,M2_gbm_poisson,19.695282,14.736321,product,18,1.645000,24.241248,44,0.748216,B,17,7.000000,1,24,Forecast,20260824T181001Z-27103c
20652,BLUE POLKADOT LUGGAGE TAG,2011-11,2011-12,M2_gbm_poisson,46.150356,18.116972,product,18,1.645000,29.802419,76,0.392564,C,47,22.000000,1,24,Forecast,20260824T181001Z-27103c
20653,CHERRY BLOSSOM LUGGAGE TAG,2011-11,2011-12,M2_gbm_poisson,17.506933,12.507937,product,18,1.645000,20.575557,39,0.714456,C,14,5.000000,1,24,Forecast,20260824T181001Z-27103c
20654,FIRST CLASS LUGGAGE TAG,2011-11,2011-12,M2_gbm_poisson,30.499800,18.164719,product,18,1.645000,29.880963,61,0.595568,C,23,9.333333,1,24,Forecast,20260824T181001Z-27103c
20655,QUEEN OF SKIES LUGGAGE TAG,2011-11,2011-12,M2_gbm_poisson,17.628763,23.447210,product,18,1.645000,38.570661,57,1.330054,C,10,7.666667,1,24,Forecast,20260824T181001Z-27103c
20657,TROPICAL LUGGAGE TAG,2011-11,2011-12,M2_gbm_poisson,15.249272,15.980345,product,18,1.645000,26.287667,42,1.047941,C,9,5.333333,1,24,Forecast,20260824T181001Z-27103c
20658,RED SPOTTY LUGGAGE TAG,2011-11,2011-12,M2_gbm_poisson,5.683215,30.386879,product,18,1.645000,49.986416,56,5.346776,B,0,2.666667,3,24,Forecast,20260824T181001Z-27103c
20659,ECONOMY LUGGAGE TAG,2011-11,2011-12,M2_gbm_poisson,31.440757,20.561231,product,18,1.645000,33.823225,66,0.653967,C,21,13.666667,1,24,Forecast,20260824T181001Z-27103c
20660,VIP LUGGAGE TAG,2011-11,2011-12,M2_gbm_poisson,,,,,,,,,C,0,,,,Inactive (no sales in last 6 months),20260824T181001Z-27103c
20661,BLUE SPOTTY PURSE,2011-11,2011-12,M2_gbm_poisson,12.156765,17.300685,product,18,1.645000,28.459628,41,1.423132,C,5,4.333333,1,24,Forecast,20260824T181001Z-27103c
20662,FIRST CLASS HOLIDAY PURSE,2011-11,2011-12,M2_gbm_poisson,3.491593,11.338829,product,18,1.645000,18.652374,23,3.247466,C,0,1.000000,2,24,Forecast,20260824T181001Z-27103c
20663,QUEEN OF THE SKIES HOLIDAY PURSE,2011-11,2011-12,M2_gbm_poisson,3.491593,11.012595,product,18,1.645000,18.115720,22,3.154032,C,0,0.333333,2,24,Forecast,20260824T181001Z-27103c
20664,TROPICAL HOLIDAY PURSE,2011-11,2011-12,M2_gbm_poisson,3.135932,6.317818,product,18,1.645000,10.392811,14,2.014654,C,0,0.000000,4,24,Forecast,20260824T181001Z-27103c
20665,RED RETROSPOT PURSE,2011-11,2011-12,M2_gbm_poisson,20.591996,19.940047,product,18,1.645000,32.801378,54,0.968340,A,5,19.000000,1,24,Forecast,20260824T181001Z-27103c
20666,ECONOMY HOLIDAY PURSE,2011-11,2011-12,M2_gbm_poisson,2.006944,7.075577,product,18,1.645000,11.639325,14,3.525548,C,0,0.000000,5,24,Forecast,20260824T181001Z-27103c
20667,CHERRY BLOSSOM PURSE,2011-11,2011-12,M2_gbm_poisson,3.130582,3.802094,product,17,1.645000,6.254444,10,1.214501,C,0,0.000000,4,24,Forecast,20260824T181001Z-27103c
20668,DISCO BALL CHRISTMAS DECORATION,2011-11,2011-12,M2_gbm_poisson,1640.395962,1071.941642,product,18,1.645000,1763.344001,3404,0.653465,B,4329,2338.000000,1,24,Forecast,20260824T181001Z-27103c
20669,RED HEART LUGGAGE TAG,2011-11,2011-12,M2_gbm_poisson,41.594775,26.077885,product,18,1.645000,42.898121,85,0.626951,C,28,26.666667,1,24,Forecast,20260824T181001Z-27103c
20670,VIP HOLIDAY PURSE,2011-11,2011-12,M2_gbm_poisson,4.205931,6.221965,product,18,1.645000,10.235133,15,1.479331,C,2,1.333333,1,24,Forecast,20260824T181001Z-27103c
20671,BLUE TEATIME PRINT BOWL,2011-11,2011-12,M2_gbm_poisson,,,,,,,,,B,0,,,,Inactive (no sales in last 6 months),20260824T181001Z-27103c
20672,PINK TEATIME PRINT BOWL,2011-11,2011-12,M2_gbm_poisson,,,,,,,,,C,0,,,,Inactive (no sales in last 6 months),20260824T181001Z-27103c
20673,STRAWBERRIES PRINT BOWL,2011-11,2011-12,M2_gbm_poisson,,,,,,,,,C,0,,,,Inactive (no sales in last 6 months),20260824T181001Z-27103c
20674,GREEN POLKADOT BOWL,2011-11,2011-12,M2_gbm_poisson,70.381817,61.863745,product,18,1.645000,101.765860,173,0.878973,A,107,129.000000,1,24,Forecast,20260824T181001Z-27103c
20675,BLUE POLKADOT BOWL,2011-11,2011-12,M2_gbm_poisson,121.292327,87.418588,product,18,1.645000,143.803577,266,0.720726,A,173,209.666667,1,24,Forecast,20260824T181001Z-27103c
20676,RED RETROSPOT BOWL,2011-11,2011-12,M2_gbm_poisson,229.347026,199.352190,product,18,1.645000,327.934353,558,0.869216,A,454,296.000000,1,24,Forecast,20260824T181001Z-27103c
20677,PINK POLKADOT BOWL,2011-11,2011-12,M2_gbm_poisson,139.129135,127.924707,product,18,1.645000,210.436144,350,0.919467,A,209,210.000000,1,24,Forecast,20260824T181001Z-27103c
20678,LARGE BLACK DIAMANTE HAIRSLIDE,2011-11,2011-12,M2_gbm_poisson,30.958231,7.836625,abc_group,2,1.645000,12.891247,44,0.253135,C,0,1.333333,3,3,Forecast,20260824T181001Z-27103c
20679,EDWARDIAN PARASOL RED,2011-11,2011-12,M2_gbm_poisson,101.617488,96.712633,product,18,1.645000,159.092281,261,0.951732,A,162,189.000000,1,24,Forecast,20260824T181001Z-27103c
20680,PINK FLOWERS CHILDS UMBRELLA,2011-11,2011-12,M2_gbm_poisson,,,,,,,,,C,0,,,,Inactive (no sales in last 6 months),20260824T181001Z-27103c
20681,PINK SPOTTY CHILDS UMBRELLA,2011-11,2011-12,M2_gbm_poisson,,,,,,,,,A,0,,,,Inactive (no sales in last 6 months),20260824T181001Z-27103c
20682,RED RETROSPOT CHILDRENS UMBRELLA,2011-11,2011-12,M2_gbm_poisson,85.063496,81.521944,product,18,1.645000,134.103598,220,0.958366,A,124,147.000000,1,24,Forecast,20260824T181001Z-27103c
20683,RAIN GIRL CHILDS UMBRELLA,2011-11,2011-12,M2_gbm_poisson,,,,,,,,,C,0,,,,Inactive (no sales in last 6 months),20260824T181001Z-27103c
20684,STRAWBERRY DREAM CHILDS UMBRELLA,2011-11,2011-12,M2_gbm_poisson,2.064227,14.800545,product,18,1.645000,24.346896,27,7.170018,B,0,0.000000,5,24,Forecast,20260824T181001Z-27103c
20685,DOORMAT RED RETROSPOT,2011-11,2011-12,M2_gbm_poisson,223.354020,139.547247,product,18,1.645000,229.555222,453,0.624781,A,339,241.000000,1,24,Forecast,20260824T181001Z-27103c
20686,DOLLY MIXTURE CHILDREN'S UMBRELLA,2011-11,2011-12,M2_gbm_poisson,49.115823,17.489862,product,18,1.645000,28.770822,78,0.356094,B,62,40.000000,1,24,Forecast,20260824T181001Z-27103c
20688,BEAUTY SPEED EXPRESSO CUPS,2011-11,2011-12,M2_gbm_poisson,,,,,,,,,C,0,,,,Inactive (no sales in last 6 months),20260824T181001Z-27103c
20689,RETRO SISTERS EXPRESSO CUPS,2011-11,2011-12,M2_gbm_poisson,,,,,,,,,C,0,,,,Inactive (no sales in last 6 months),20260824T181001Z-27103c
20692,FLORAL ELEPHANT SOFT TOY,2011-11,2011-12,M2_gbm_poisson,,,,,,,,,A,0,,,,Inactive (no sales in last 6 months),20260824T181001Z-27103c
20693,FLORAL DINOSAUR GREEN,2011-11,2011-12,M2_gbm_poisson,,,,,,,,,C,0,,,,Inactive (no sales in last 6 months),20260824T181001Z-27103c
20694,FLORAL PINK MONSTER,2011-11,2011-12,M2_gbm_poisson,9.516632,9.304654,product,18,1.645000,15.306155,25,0.977725,C,1,4.333333,1,24,Forecast,20260824T181001Z-27103c
20695,FLORAL BLUE MONSTER,2011-11,2011-12,M2_gbm_poisson,4.826633,3.863411,product,18,1.645000,6.355311,12,0.800436,C,1,1.000000,1,24,Forecast,20260824T181001Z-27103c
20696,FLORAL SOFT CAR TOY,2011-11,2011-12,M2_gbm_poisson,11.495389,9.725528,product,18,1.645000,15.998494,28,0.846037,C,3,6.000000,1,24,Forecast,20260824T181001Z-27103c
20697,LITTLE GREEN MONSTER SOFT TOY,2011-11,2011-12,M2_gbm_poisson,8.952681,2.459193,product,18,1.645000,4.045372,13,0.274688,C,4,3.000000,1,24,Forecast,20260824T181001Z-27103c
20698,LITTLE PINK MONSTER SOFT TOY,2011-11,2011-12,M2_gbm_poisson,11.725992,3.151406,product,18,1.645000,5.184063,17,0.268754,C,6,3.666667,1,23,Forecast,20260824T181001Z-27103c
20699,MOUSEY LONG LEGS SOFT TOY,2011-11,2011-12,M2_gbm_poisson,5.112400,11.016758,product,18,1.645000,18.122566,24,2.154909,C,3,1.000000,1,24,Forecast,20260824T181001Z-27103c
20700,GREEN CAT FLORAL CUSHION COVER,2011-11,2011-12,M2_gbm_poisson,6.526302,7.361102,product,18,1.645000,12.109012,19,1.127913,B,0,6.333333,3,24,Forecast,20260824T181001Z-27103c
20701,PINK CAT FLORAL CUSHION COVER,2011-11,2011-12,M2_gbm_poisson,2.100929,3.609432,product,18,1.645000,5.937516,9,1.718017,C,0,0.000000,6,24,Forecast,20260824T181001Z-27103c
20702,PINK PADDED MOBILE,2011-11,2011-12,M2_gbm_poisson,5.274137,19.189934,product,18,1.645000,31.567441,37,3.638498,B,0,2.000000,2,24,Forecast,20260824T181001Z-27103c
20703,BLUE PADDED SOFT MOBILE,2011-11,2011-12,M2_gbm_poisson,,,,,,,,,B,0,,,,Inactive (no sales in last 6 months),20260824T181001Z-27103c
20704,MR ROBOT SOFT TOY,2011-11,2011-12,M2_gbm_poisson,11.009346,6.029979,product,18,1.645000,9.919316,21,0.547715,B,3,6.666667,1,24,Forecast,20260824T181001Z-27103c
20705,MRS ROBOT SOFT TOY,2011-11,2011-12,M2_gbm_poisson,6.883450,5.324836,product,18,1.645000,8.759356,16,0.773571,C,1,3.000000,1,24,Forecast,20260824T181001Z-27103c
20707,CRAZY DAISY HEART DECORATION,2011-11,2011-12,M2_gbm_poisson,29.642537,23.304808,product,18,1.645000,38.336409,68,0.786195,B,16,12.333333,1,24,Forecast,20260824T181001Z-27103c
20711,JUMBO BAG TOYS,2011-11,2011-12,M2_gbm_poisson,189.445820,249.273762,product,18,1.645000,410.055338,600,1.315805,A,391,362.000000,1,24,Forecast,20260824T181001Z-27103c
20712,JUMBO BAG WOODLAND ANIMALS,2011-11,2011-12,M2_gbm_poisson,460.187170,446.983614,product,18,1.645000,735.288045,1196,0.971308,A,772,1055.666667,1,24,Forecast,20260824T181001Z-27103c
20713,JUMBO BAG OWLS,2011-11,2011-12,M2_gbm_poisson,525.802126,830.173587,product,18,1.645000,1365.635551,1892,1.578871,A,689,1196.333333,1,24,Forecast,20260824T181001Z-27103c
20714,POSY SHOPPER BAG,2011-11,2011-12,M2_gbm_poisson,,,,,,,,,C,0,,,,Inactive (no sales in last 6 months),20260824T181001Z-27103c
20715,LITTLE FLOWER SHOPPER BAG,2011-11,2011-12,M2_gbm_poisson,,,,,,,,,C,0,,,,Inactive (no sales in last 6 months),20260824T181001Z-27103c
20716,PARTY FOOD SHOPPER BAG,2011-11,2011-12,M2_gbm_poisson,2.006944,25.753555,product,18,1.645000,42.364599,45,12.832224,B,0,0.000000,6,24,Forecast,20260824T181001Z-27103c
20717,STRAWBERRY SHOPPER BAG,2011-11,2011-12,M2_gbm_poisson,111.728731,99.843852,product,18,1.645000,164.243137,276,0.893627,A,234,143.333333,1,24,Forecast,20260824T181001Z-27103c
20718,RED RETROSPOT SHOPPER BAG,2011-11,2011-12,M2_gbm_poisson,248.520814,176.446985,product,18,1.645000,290.255290,539,0.709989,A,505,348.333333,1,24,Forecast,20260824T181001Z-27103c
20719,WOODLAND CHARLOTTE BAG,2011-11,2011-12,M2_gbm_poisson,536.866669,583.398989,product,18,1.645000,959.691337,1497,1.086674,A,1018,1020.333333,1,24,Forecast,20260824T181001Z-27103c
20721,OWLS CHARLOTTE BAG,2011-11,2011-12,M2_gbm_poisson,,,,,,,,,C,0,,,,Inactive (no sales in last 6 months),20260824T181001Z-27103c
20723,STRAWBERRY CHARLOTTE BAG,2011-11,2011-12,M2_gbm_poisson,417.669863,241.823294,product,18,1.645000,397.799319,816,0.578982,A,935,914.000000,1,24,Forecast,20260824T181001Z-27103c
20724,RED RETROSPOT CHARLOTTE BAG,2011-11,2011-12,M2_gbm_poisson,969.296519,470.990500,product,18,1.645000,774.779372,1745,0.485910,A,2209,1887.333333,1,24,Forecast,20260824T181001Z-27103c
20725,LUNCH BAG RED RETROSPOT,2011-11,2011-12,M2_gbm_poisson,1013.822299,556.809295,product,18,1.645000,915.951290,1930,0.549218,A,1992,1685.666667,1,24,Forecast,20260824T181001Z-27103c
20726,LUNCH BAG WOODLAND,2011-11,2011-12,M2_gbm_poisson,391.505214,326.784390,product,18,1.645000,537.560322,930,0.834687,A,697,694.666667,1,24,Forecast,20260824T181001Z-27103c
20727,LUNCH BAG  BLACK SKULL.,2011-11,2011-12,M2_gbm_poisson,854.205813,546.230012,product,18,1.645000,898.548369,1753,0.639459,A,1207,1195.000000,1,24,Forecast,20260824T181001Z-27103c
20728,LUNCH BAG CARS BLUE,2011-11,2011-12,M2_gbm_poisson,566.963756,582.564400,product,18,1.645000,958.318439,1526,1.027516,A,935,938.000000,1,24,Forecast,20260824T181001Z-27103c
20729,RED SPOTTY CANDY BAG,2011-11,2011-12,M2_gbm_poisson,,,,,,,,,B,0,,,,Inactive (no sales in last 6 months),20260824T181001Z-27103c
20730,STRAWBERRY CANDY BAG,2011-11,2011-12,M2_gbm_poisson,,,,,,,,,B,0,,,,Inactive (no sales in last 6 months),20260824T181001Z-27103c
20731,POSY CANDY BAG,2011-11,2011-12,M2_gbm_poisson,2.006944,22.839053,product,18,1.645000,37.570243,40,11.380015,B,0,0.000000,6,24,Forecast,20260824T181001Z-27103c
20733,GOLD MINI TAPE MEASURE,2011-11,2011-12,M2_gbm_poisson,54.143378,59.764329,product,18,1.645000,98.312321,153,1.103816,B,63,50.666667,1,24,Forecast,20260824T181001Z-27103c
20734,SILVER MINI TAPE MEASURE,2011-11,2011-12,M2_gbm_poisson,,,,,,,,,B,0,,,,Inactive (no sales in last 6 months),20260824T181001Z-27103c
20735,BLACK MINI TAPE MEASURE,2011-11,2011-12,M2_gbm_poisson,15.022596,86.909871,product,18,1.645000,142.966739,158,5.785277,B,6,5.666667,1,24,Forecast,20260824T181001Z-27103c
20736,PINK MINI TAPE MEASURE,2011-11,2011-12,M2_gbm_poisson,,,,,,,,,C,0,,,,Inactive (no sales in last 6 months),20260824T181001Z-27103c
20737,RED MINI TAPE MEASURE,2011-11,2011-12,M2_gbm_poisson,,,,,,,,,C,0,,,,Inactive (no sales in last 6 months),20260824T181001Z-27103c
20738,GREEN MINI TAPE MEASURE,2011-11,2011-12,M2_gbm_poisson,,,,,,,,,B,0,,,,Inactive (no sales in last 6 months),20260824T181001Z-27103c
20739,*USB Office Glitter Lamp,2011-11,2011-12,M2_gbm_poisson,,,,,,,,,C,0,,,,Inactive (no sales in last 6 months),20260824T181001Z-27103c
20747,PICCADILLY TEA SET,2011-11,2011-12,M2_gbm_poisson,,,,,,,,,A,0,,,,Inactive (no sales in last 6 months),20260824T181001Z-27103c
20748,KENSINGTON COFFEE SET,2011-11,2011-12,M2_gbm_poisson,16.476304,5.747890,product,18,1.645000,9.455279,26,0.348858,A,14,7.666667,1,24,Forecast,20260824T181001Z-27103c
20749,ASSORTED COLOUR MINI CASES,2011-11,2011-12,M2_gbm_poisson,120.589566,57.007940,product,18,1.645000,93.778062,215,0.472744,A,281,187.000000,1,24,Forecast,20260824T181001Z-27103c
20750,RED RETROSPOT MINI CASES,2011-11,2011-12,M2_gbm_poisson,110.822782,68.023757,product,18,1.645000,111.899080,223,0.613807,A,212,158.666667,1,24,Forecast,20260824T181001Z-27103c
20751,FUNKY WASHING UP GLOVES ASSORTED,2011-11,2011-12,M2_gbm_poisson,58.161519,54.195185,product,18,1.645000,89.151080,148,0.931805,A,50,56.666667,1,24,Forecast,20260824T181001Z-27103c
20752,BLUE POLKADOT WASHING UP GLOVES,2011-11,2011-12,M2_gbm_poisson,41.594775,32.769488,product,18,1.645000,53.905809,96,0.787827,B,25,25.000000,1,24,Forecast,20260824T181001Z-27103c
20753,RETRO PINK SPOT WASHING UP GLOVES,2011-11,2011-12,M2_gbm_poisson,,,,,,,,,C,0,,,,Inactive (no sales in last 6 months),20260824T181001Z-27103c
20754,RETROSPOT RED WASHING UP GLOVES,2011-11,2011-12,M2_gbm_poisson,55.664898,73.434319,product,18,1.645000,120.799455,177,1.319221,A,43,66.333333,1,24,Forecast,20260824T181001Z-27103c
20755,BLUE PAISLEY POCKET BOOK,2011-11,2011-12,M2_gbm_poisson,54.671169,43.429483,product,18,1.645000,71.441499,127,0.794376,B,87,48.666667,1,24,Forecast,20260824T181001Z-27103c
20756,GREEN FERN POCKET BOOK,2011-11,2011-12,M2_gbm_poisson,23.419757,10.862474,product,18,1.645000,17.868770,42,0.463817,C,13,10.000000,1,24,Forecast,20260824T181001Z-27103c
20757,RED DAISY POCKET BOOK,2011-11,2011-12,M2_gbm_poisson,48.015438,18.568064,product,18,1.645000,30.544465,79,0.386710,C,60,24.333333,1,24,Forecast,20260824T181001Z-27103c
20758,ABSTRACT CIRCLES POCKET BOOK,2011-11,2011-12,M2_gbm_poisson,40.461781,11.511349,product,18,1.645000,18.936170,60,0.284499,C,37,20.000000,1,24,Forecast,20260824T181001Z-27103c
20759,CHRYSANTHEMUM POCKET BOOK,2011-11,2011-12,M2_gbm_poisson,30.953891,11.182195,product,18,1.645000,18.394710,50,0.361253,C,26,11.666667,1,24,Forecast,20260824T181001Z-27103c
20760,GARDEN PATH POCKET BOOK,2011-11,2011-12,M2_gbm_poisson,27.203220,15.553203,product,18,1.645000,25.585019,53,0.571741,B,18,13.333333,1,24,Forecast,20260824T181001Z-27103c
20761,BLUE PAISLEY SKETCHBOOK,2011-11,2011-12,M2_gbm_poisson,20.289375,10.117472,product,18,1.645000,16.643242,37,0.498659,B,14,14.000000,1,24,Forecast,20260824T181001Z-27103c
20762,GREEN FERN SKETCHBOOK,2011-11,2011-12,M2_gbm_poisson,11.801902,8.111442,product,18,1.645000,13.343323,26,0.687300,B,8,7.333333,1,24,Forecast,20260824T181001Z-27103c
20763,DAISY SKETCHBOOK,2011-11,2011-12,M2_gbm_poisson,30.914835,10.696766,product,18,1.645000,17.596180,49,0.346008,C,24,10.333333,1,24,Forecast,20260824T181001Z-27103c
20764,ABSTRACT CIRCLES SKETCHBOOK,2011-11,2011-12,M2_gbm_poisson,34.514227,13.777866,product,18,1.645000,22.664589,58,0.399194,B,26,16.000000,1,24,Forecast,20260824T181001Z-27103c
20765,CHRYSANTHEMUM SKETCHBOOK,2011-11,2011-12,M2_gbm_poisson,19.806418,7.269117,product,18,1.645000,11.957697,32,0.367008,B,12,9.000000,1,24,Forecast,20260824T181001Z-27103c
20766,GARDEN PATH SKETCHBOOK,2011-11,2011-12,M2_gbm_poisson,21.623009,14.867722,product,18,1.645000,24.457402,47,0.687588,B,14,11.333333,1,24,Forecast,20260824T181001Z-27103c
20767,BLUE PAISLEY JOURNAL,2011-11,2011-12,M2_gbm_poisson,40.860409,14.203546,product,18,1.645000,23.364833,65,0.347611,B,23,18.333333,1,24,Forecast,20260824T181001Z-27103c
20768,GREEN FERN JOURNAL,2011-11,2011-12,M2_gbm_poisson,43.749784,21.720813,product,18,1.645000,35.730738,80,0.496478,B,42,19.666667,1,24,Forecast,20260824T181001Z-27103c
20769,DAISY JOURNAL,2011-11,2011-12,M2_gbm_poisson,22.084493,15.236424,product,18,1.645000,25.063918,48,0.689915,C,14,10.666667,1,24,Forecast,20260824T181001Z-27103c
20770,ABSTRACT CIRCLE JOURNAL,2011-11,2011-12,M2_gbm_poisson,7.562185,16.070786,product,18,1.645000,26.436443,34,2.125151,B,2,2.000000,1,24,Forecast,20260824T181001Z-27103c
20771,CHRYSANTHEMUM  JOURNAL,2011-11,2011-12,M2_gbm_poisson,30.150937,17.378959,product,18,1.645000,28.588387,59,0.576399,B,22,13.000000,1,24,Forecast,20260824T181001Z-27103c
20772,GARDEN PATH JOURNAL,2011-11,2011-12,M2_gbm_poisson,59.184786,16.196310,product,18,1.645000,26.642929,86,0.273657,B,105,46.333333,1,24,Forecast,20260824T181001Z-27103c
20773,BLUE PAISLEY NOTEBOOK,2011-11,2011-12,M2_gbm_poisson,3.699370,6.153447,product,18,1.645000,10.122421,14,1.663377,B,0,0.666667,3,24,Forecast,20260824T181001Z-27103c
20774,GREEN FERN NOTEBOOK,2011-11,2011-12,M2_gbm_poisson,14.062327,11.776621,product,18,1.645000,19.372541,34,0.837459,C,0,14.666667,2,24,Forecast,20260824T181001Z-27103c
20775,DAISY NOTEBOOK,2011-11,2011-12,M2_gbm_poisson,45.927104,9.579221,product,18,1.645000,15.757818,62,0.208574,C,48,29.333333,1,24,Forecast,20260824T181001Z-27103c
20776,ABSTRACT CIRCLES NOTEBOOK,2011-11,2011-12,M2_gbm_poisson,,,,,,,,,C,0,,,,Inactive (no sales in last 6 months),20260824T181001Z-27103c
20777,CHRYSANTHEMUM NOTEBOOK,2011-11,2011-12,M2_gbm_poisson,51.211795,6.877306,product,18,1.645000,11.313169,63,0.134291,B,56,35.666667,1,24,Forecast,20260824T181001Z-27103c
20778,GARDEN PATH NOTEBOOK,2011-11,2011-12,M2_gbm_poisson,,,,,,,,,B,0,,,,Inactive (no sales in last 6 months),20260824T181001Z-27103c
20780,BLACK EAR MUFF HEADPHONES,2011-11,2011-12,M2_gbm_poisson,13.584011,3.449830,product,18,1.645000,5.674970,20,0.253963,B,10,3.666667,1,24,Forecast,20260824T181001Z-27103c
20781,GOLD EAR MUFF HEADPHONES,2011-11,2011-12,M2_gbm_poisson,15.231526,2.523298,product,18,1.645000,4.150825,20,0.165663,C,10,4.000000,1,24,Forecast,20260824T181001Z-27103c
20782,CAMOUFLAGE EAR MUFF HEADPHONES,2011-11,2011-12,M2_gbm_poisson,11.944800,6.009235,product,18,1.645000,9.885191,22,0.503084,C,6,3.666667,1,24,Forecast,20260824T181001Z-27103c
20783,HEART EAR MUFF HEADPHONES,2011-11,2011-12,M2_gbm_poisson,,,,,,,,,B,0,,,,Inactive (no sales in last 6 months),20260824T181001Z-27103c
20784,RED RETRO BAR STOOL,2011-11,2011-12,M2_gbm_poisson,,,,,,,,,A,0,,,,Inactive (no sales in last 6 months),20260824T181001Z-27103c
20785,FUSCHIA RETRO BAR STOOL,2011-11,2011-12,M2_gbm_poisson,,,,,,,,,A,0,,,,Inactive (no sales in last 6 months),20260824T181001Z-27103c
20786,BLACK RETRO BAR STOOL,2011-11,2011-12,M2_gbm_poisson,,,,,,,,,A,0,,,,Inactive (no sales in last 6 months),20260824T181001Z-27103c
20787,BLUE RETRO BAR STOOL,2011-11,2011-12,M2_gbm_poisson,,,,,,,,,B,0,,,,Inactive (no sales in last 6 months),20260824T181001Z-27103c
20791,BLUE TILED SET OF 3 DRAWERS,2011-11,2011-12,M2_gbm_poisson,,,,,,,,,C,0,,,,Inactive (no sales in last 6 months),20260824T181001Z-27103c
20793,BLUE TILED TRAY,2011-11,2011-12,M2_gbm_poisson,2.443777,3.194145,product,18,1.645000,5.254369,8,1.307053,C,0,0.333333,3,24,Forecast,20260824T181001Z-27103c
20794,BLUE  TILE HOOK,2011-11,2011-12,M2_gbm_poisson,12.460313,6.928866,product,18,1.645000,11.397985,24,0.556075,C,5,4.333333,1,23,Forecast,20260824T181001Z-27103c
20795,LARGE BLUE PROVENCAL CERAMIC BALL,2011-11,2011-12,M2_gbm_poisson,12.798100,7.490190,product,18,1.645000,12.321362,26,0.585258,C,5,5.666667,1,24,Forecast,20260824T181001Z-27103c
20796,SMALL BLUE PROVENCAL CERAMIC BALL,2011-11,2011-12,M2_gbm_poisson,11.408180,7.387845,product,18,1.645000,12.153005,24,0.647592,C,4,5.000000,1,24,Forecast,20260824T181001Z-27103c
20798,CLEAR MILKSHAKE GLASS,2011-11,2011-12,M2_gbm_poisson,,,,,,,,,B,0,,,,Inactive (no sales in last 6 months),20260824T181001Z-27103c
20799,PINK MILKSHAKE GLASS,2011-11,2011-12,M2_gbm_poisson,,,,,,,,,C,0,,,,Inactive (no sales in last 6 months),20260824T181001Z-27103c
20800,LARGE GLASS SUNDAE DISH CLEAR,2011-11,2011-12,M2_gbm_poisson,,,,,,,,,C,0,,,,Inactive (no sales in last 6 months),20260824T181001Z-27103c
20801,LARGE PINK GLASS SUNDAE DISH,2011-11,2011-12,M2_gbm_poisson,,,,,,,,,B,0,,,,Inactive (no sales in last 6 months),20260824T181001Z-27103c
20802,SMALL GLASS SUNDAE DISH CLEAR,2011-11,2011-12,M2_gbm_poisson,37.810445,27.309172,product,18,1.645000,44.923588,83,0.722265,B,30,25.333333,1,24,Forecast,20260824T181001Z-27103c
20803,SMALL PINK GLASS SUNDAE DISH,2011-11,2011-12,M2_gbm_poisson,,,,,,,,,C,0,,,,Inactive (no sales in last 6 months),20260824T181001Z-27103c
20804,GLASS CHICKEN BUTTER DISH,2011-11,2011-12,M2_gbm_poisson,,,,,,,,,C,0,,,,Inactive (no sales in last 6 months),20260824T181001Z-27103c
20812,EMBOSSED FLOWER TRELLIS PHOTO FRAME,2011-11,2011-12,M2_gbm_poisson,,,,,,,,,C,0,,,,Inactive (no sales in last 6 months),20260824T181001Z-27103c
20814,SILVER FINCH DECORATION,2011-11,2011-12,M2_gbm_poisson,,,,,,,,,C,0,,,,Inactive (no sales in last 6 months),20260824T181001Z-27103c
20816,GOLD FLOWER CUSHION COVER,2011-11,2011-12,M2_gbm_poisson,,,,,,,,,C,0,,,,Inactive (no sales in last 6 months),20260824T181001Z-27103c
20818,GOLD TEDDY BEAR,2011-11,2011-12,M2_gbm_poisson,,,,,,,,,C,0,,,,Inactive (no sales in last 6 months),20260824T181001Z-27103c
20819,SILVER TEDDY BEAR,2011-11,2011-12,M2_gbm_poisson,31.150269,13.081748,product,18,1.645000,21.519476,53,0.419956,C,25,11.666667,1,24,Forecast,20260824T181001Z-27103c
20820,SILVER LOOKING MIRROR,2011-11,2011-12,M2_gbm_poisson,,,,,,,,,C,0,,,,Inactive (no sales in last 6 months),20260824T181001Z-27103c
20821,GOLDIE LOOKING MIRROR,2011-11,2011-12,M2_gbm_poisson,4.366355,4.522427,product,18,1.645000,7.439392,12,1.035744,C,2,0.666667,1,24,Forecast,20260824T181001Z-27103c
20822,SILVER WINE GOBLET,2011-11,2011-12,M2_gbm_poisson,,,,,,,,,C,0,,,,Inactive (no sales in last 6 months),20260824T181001Z-27103c
20823,GOLD WINE GOBLET,2011-11,2011-12,M2_gbm_poisson,1.984807,7.724798,product,18,1.645000,12.707292,15,3.891964,C,0,0.000000,6,24,Forecast,20260824T181001Z-27103c
20825,GOLD WINE GLASS,2011-11,2011-12,M2_gbm_poisson,,,,,,,,,B,0,,,,Inactive (no sales in last 6 months),20260824T181001Z-27103c
20826,SILVER APERITIF GLASS,2011-11,2011-12,M2_gbm_poisson,,,,,,,,,C,0,,,,Inactive (no sales in last 6 months),20260824T181001Z-27103c
20827,GOLD APERITIF GLASS,2011-11,2011-12,M2_gbm_poisson,,,,,,,,,C,0,,,,Inactive (no sales in last 6 months),20260824T181001Z-27103c
20828,GLITTER BUTTERFLY CLIPS,2011-11,2011-12,M2_gbm_poisson,74.653226,48.469186,product,18,1.645000,79.731811,155,0.649258,A,124,90.666667,1,24,Forecast,20260824T181001Z-27103c
20829,GLITTER HANGING BUTTERFLY STRING,2011-11,2011-12,M2_gbm_poisson,86.207122,93.386077,product,18,1.645000,153.620096,240,1.083276,A,153,103.333333,1,24,Forecast,20260824T181001Z-27103c
20830,SILVER PHOTO FRAME,2011-11,2011-12,M2_gbm_poisson,5.180841,15.616827,product,18,1.645000,25.689680,31,3.014342,B,0,2.000000,2,24,Forecast,20260824T181001Z-27103c
20831,GOLD PHOTO FRAME,2011-11,2011-12,M2_gbm_poisson,18.867378,18.324697,product,18,1.645000,30.144127,50,0.971237,C,12,9.666667,1,24,Forecast,20260824T181001Z-27103c
20832,RED FLOCK LOVE HEART PHOTO FRAME,2011-11,2011-12,M2_gbm_poisson,64.815383,33.539071,product,18,1.645000,55.171773,120,0.517455,C,103,122.000000,1,24,Forecast,20260824T181001Z-27103c
20833,SHAKER THROW  QUILTED,2011-11,2011-12,M2_gbm_poisson,,,,,,,,,C,0,,,,Inactive (no sales in last 6 months),20260824T181001Z-27103c
20835,FRENCH LATTICE CUSHION COVER,2011-11,2011-12,M2_gbm_poisson,16.577963,7.560436,product,15,1.645000,12.436917,30,0.456053,C,12,8.000000,1,21,Forecast,20260824T181001Z-27103c
20836,FRENCH PAISLEY CUSHION COVER,2011-11,2011-12,M2_gbm_poisson,42.638378,5.547050,product,13,1.645000,9.124896,52,0.130095,C,42,30.000000,1,21,Forecast,20260824T181001Z-27103c
20837,FRENCH FLORAL CUSHION COVER,2011-11,2011-12,M2_gbm_poisson,41.498338,12.299338,product,16,1.645000,20.232411,62,0.296381,C,39,19.000000,1,24,Forecast,20260824T181001Z-27103c
20838,FRENCH LATTICE CUSHION COVER,2011-11,2011-12,M2_gbm_poisson,46.593123,9.526542,product,18,1.645000,15.671161,63,0.204462,C,34,51.000000,1,22,Forecast,20260824T181001Z-27103c
20839,FRENCH PAISLEY CUSHION COVER,2011-11,2011-12,M2_gbm_poisson,66.484138,12.277472,product,18,1.645000,20.196441,87,0.184668,C,92,95.666667,1,24,Forecast,20260824T181001Z-27103c
20840,FRENCH FLORAL CUSHION COVER,2011-11,2011-12,M2_gbm_poisson,40.369243,14.928794,product,18,1.645000,24.557867,65,0.369806,B,30,34.000000,1,24,Forecast,20260824T181001Z-27103c
20845,ZINC HEART LATTICE 2 WALL PLANTER,2011-11,2011-12,M2_gbm_poisson,2.443777,2.324919,product,18,1.645000,3.824492,7,0.951363,C,0,0.000000,4,24,Forecast,20260824T181001Z-27103c
20846,ZINC HEART LATTICE T-LIGHT HOLDER,2011-11,2011-12,M2_gbm_poisson,58.784322,33.905047,product,18,1.645000,55.773803,115,0.576770,B,90,51.666667,1,24,Forecast,20260824T181001Z-27103c
20847,ZINC HEART LATTICE CHARGER LARGE,2011-11,2011-12,M2_gbm_poisson,8.205221,8.380742,product,18,1.645000,13.786320,22,1.021391,C,1,2.333333,1,24,Forecast,20260824T181001Z-27103c
20848,ZINC HEART LATTICE CHARGER SMALL,2011-11,2011-12,M2_gbm_poisson,5.028478,3.481489,product,18,1.645000,5.727050,11,0.692354,C,3,1.666667,1,24,Forecast,20260824T181001Z-27103c
20849,ZINC HEART LATTICE DOUBLE PLANTER,2011-11,2011-12,M2_gbm_poisson,,,,,,,,,C,0,,,,Inactive (no sales in last 6 months),20260824T181001Z-27103c
20850,ZINC HEART LATTICE PLANTER BOWL,2011-11,2011-12,M2_gbm_poisson,,,,,,,,,C,0,,,,Inactive (no sales in last 6 months),20260824T181001Z-27103c
20851,ZINC HEART LATTICE TRAY OVAL,2011-11,2011-12,M2_gbm_poisson,,,,,,,,,C,0,,,,Inactive (no sales in last 6 months),20260824T181001Z-27103c
20854,BLUE PATCH PURSE PINK HEART,2011-11,2011-12,M2_gbm_poisson,,,,,,,,,C,0,,,,Inactive (no sales in last 6 months),20260824T181001Z-27103c
20855,PINK PATCH PURSE BLUE HEART,2011-11,2011-12,M2_gbm_poisson,,,,,,,,,C,0,,,,Inactive (no sales in last 6 months),20260824T181001Z-27103c
20856,DENIM PATCH PURSE PINK BUTTERFLY,2011-11,2011-12,M2_gbm_poisson,3.135932,20.194394,product,18,1.645000,33.219779,37,6.439679,C,0,0.000000,4,24,Forecast,20260824T181001Z-27103c
20857,BLUE ROSE PATCH PURSE PINK BUTTERFL,2011-11,2011-12,M2_gbm_poisson,,,,,,,,,C,0,,,,Inactive (no sales in last 6 months),20260824T181001Z-27103c
20858,SILVER PURSE GOLD PINK BUTTERFLY,2011-11,2011-12,M2_gbm_poisson,,,,,,,,,C,0,,,,Inactive (no sales in last 6 months),20260824T181001Z-27103c
20860,GOLD COSMETICS BAG WITH BUTTERFLY,2011-11,2011-12,M2_gbm_poisson,,,,,,,,,C,0,,,,Inactive (no sales in last 6 months),20260824T181001Z-27103c
20861,GOLD COSMETIC BAG PINK STAR,2011-11,2011-12,M2_gbm_poisson,,,,,,,,,C,0,,,,Inactive (no sales in last 6 months),20260824T181001Z-27103c
20862,PINK PATCH PENCIL CASE BLUE HEART,2011-11,2011-12,M2_gbm_poisson,,,,,,,,,C,0,,,,Inactive (no sales in last 6 months),20260824T181001Z-27103c
20863,BLUE PATCH PENCIL CASE PINK HEART,2011-11,2011-12,M2_gbm_poisson,,,,,,,,,C,0,,,,Inactive (no sales in last 6 months),20260824T181001Z-27103c
20864,DENIM PATCH PENCIL CASE BUTTERFLY,2011-11,2011-12,M2_gbm_poisson,,,,,,,,,C,0,,,,Inactive (no sales in last 6 months),20260824T181001Z-27103c
20865,PATCHWORK PENCIL CASE BUTTERFLY,2011-11,2011-12,M2_gbm_poisson,,,,,,,,,C,0,,,,Inactive (no sales in last 6 months),20260824T181001Z-27103c
20866,BLUE ROSE FABRIC MIRROR,2011-11,2011-12,M2_gbm_poisson,54.510308,22.475800,product,18,1.645000,36.972691,92,0.412322,B,45,77.000000,1,24,Forecast,20260824T181001Z-27103c
20867,PINK ROSE FABRIC MIRROR,2011-11,2011-12,M2_gbm_poisson,30.909095,25.261786,product,18,1.645000,41.555638,73,0.817293,B,24,11.000000,1,24,Forecast,20260824T181001Z-27103c
20868,SILVER FABRIC MIRROR,2011-11,2011-12,M2_gbm_poisson,94.507721,20.262776,product,18,1.645000,33.332267,128,0.214403,C,279,109.000000,1,24,Forecast,20260824T181001Z-27103c
20869,GOLD FABRIC MIRROR,2011-11,2011-12,M2_gbm_poisson,53.582599,15.055135,product,18,1.645000,24.765697,79,0.280971,C,80,42.000000,1,24,Forecast,20260824T181001Z-27103c
20870,OPULENT VELVET CANDLE IN BOX,2011-11,2011-12,M2_gbm_poisson,,,,,,,,,C,0,,,,Inactive (no sales in last 6 months),20260824T181001Z-27103c
20871,OPULENT VELVET SET/3 CANDLES,2011-11,2011-12,M2_gbm_poisson,,,,,,,,,B,0,,,,Inactive (no sales in last 6 months),20260824T181001Z-27103c
20877,MODERN CHRISTMAS BAUBLE CANDLE,2011-11,2011-12,M2_gbm_poisson,,,,,,,,,C,0,,,,Inactive (no sales in last 6 months),20260824T181001Z-27103c
20878,SET/9 CHRISTMAS T-LIGHTS SCENTED,2011-11,2011-12,M2_gbm_poisson,,,,,,,,,B,0,,,,Inactive (no sales in last 6 months),20260824T181001Z-27103c
20879,TREE OF NOAH FESTIVE SCENTED CANDLE,2011-11,2011-12,M2_gbm_poisson,,,,,,,,,C,0,,,,Inactive (no sales in last 6 months),20260824T181001Z-27103c
20881,MODERN CHRISTMAS TREE CANDLE,2011-11,2011-12,M2_gbm_poisson,,,,,,,,,C,0,,,,Inactive (no sales in last 6 months),20260824T181001Z-27103c
20882,MODERN CHRISTMAS TREE CANDLE,2011-11,2011-12,M2_gbm_poisson,,,,,,,,,C,0,,,,Inactive (no sales in last 6 months),20260824T181001Z-27103c
20884,MODERN CHRISTMAS TREE CANDLE,2011-11,2011-12,M2_gbm_poisson,,,,,,,,,C,0,,,,Inactive (no sales in last 6 months),20260824T181001Z-27103c
20885,BOX OF 3 PEBBLE CANDLES,2011-11,2011-12,M2_gbm_poisson,,,,,,,,,C,0,,,,Inactive (no sales in last 6 months),20260824T181001Z-27103c
20886,BOX OF 9 PEBBLE CANDLES,2011-11,2011-12,M2_gbm_poisson,18.611674,32.913656,product,18,1.645000,54.142964,73,1.768441,A,5,13.333333,1,24,Forecast,20260824T181001Z-27103c
20887,BOX OF 6 PEBBLE CANDLES,2011-11,2011-12,M2_gbm_poisson,,,,,,,,,C,0,,,,Inactive (no sales in last 6 months),20260824T181001Z-27103c
20888,SET 3 JARDIN DE FEMME SCENT CANDLES,2011-11,2011-12,M2_gbm_poisson,,,,,,,,,C,0,,,,Inactive (no sales in last 6 months),20260824T181001Z-27103c
20889,JARDIN DE FEMME SCENTED CANDLE,2011-11,2011-12,M2_gbm_poisson,,,,,,,,,C,0,,,,Inactive (no sales in last 6 months),20260824T181001Z-27103c
20890,SMALL GLASS ROSE SCENTED CANDLE,2011-11,2011-12,M2_gbm_poisson,,,,,,,,,C,0,,,,Inactive (no sales in last 6 months),20260824T181001Z-27103c
20891,LARGE GLASS ROSE SCENTED CANDLE,2011-11,2011-12,M2_gbm_poisson,,,,,,,,,C,0,,,,Inactive (no sales in last 6 months),20260824T181001Z-27103c
20892,SET/3 TALL GLASS CANDLE HOLDER PINK,2011-11,2011-12,M2_gbm_poisson,,,,,,,,,B,0,,,,Inactive (no sales in last 6 months),20260824T181001Z-27103c
20893,HANGING BAUBLE T-LIGHT HOLDER SMALL,2011-11,2011-12,M2_gbm_poisson,20.046830,17.867750,product,18,1.645000,29.392449,50,0.891301,B,8,11.666667,1,24,Forecast,20260824T181001Z-27103c
20894,HANGING BAUBLE T-LIGHT HOLDER LARGE,2011-11,2011-12,M2_gbm_poisson,16.091156,7.143709,product,18,1.645000,11.751402,28,0.443953,C,13,8.000000,1,24,Forecast,20260824T181001Z-27103c
20895,VINTAGE NOTEBOOK FRENCH LETTER,2011-11,2011-12,M2_gbm_poisson,,,,,,,,,C,0,,,,Inactive (no sales in last 6 months),20260824T181001Z-27103c
20896,VINTAGE NOTEBOOK PINK FLOWER,2011-11,2011-12,M2_gbm_poisson,,,,,,,,,C,0,,,,Inactive (no sales in last 6 months),20260824T181001Z-27103c
20897,VINTAGE NOTEBOOK PARIS DAYS,2011-11,2011-12,M2_gbm_poisson,2.955490,10.907457,product,18,1.645000,17.942766,21,3.690575,C,0,0.000000,4,24,Forecast,20260824T181001Z-27103c
20898,VINTAGE NOTEBOOK TRAVELOGUE,2011-11,2011-12,M2_gbm_poisson,4.823546,9.164727,product,18,1.645000,15.075975,20,1.899998,C,0,1.666667,2,24,Forecast,20260824T181001Z-27103c
20899,VINTAGE NOTEBOOK RED ROSE,2011-11,2011-12,M2_gbm_poisson,,,,,,,,,C,0,,,,Inactive (no sales in last 6 months),20260824T181001Z-27103c
20901,VINTAGE KEEPSAKE BOX PINK FLOWER,2011-11,2011-12,M2_gbm_poisson,4.247789,5.743240,product,14,1.645000,9.447629,14,1.352054,C,1,0.333333,1,24,Forecast,20260824T181001Z-27103c
20902,VINTAGE KEEPSAKE BOX PARIS DAYS,2011-11,2011-12,M2_gbm_poisson,2.639120,12.355363,product,18,1.645000,20.324571,23,4.681622,B,0,0.000000,4,24,Forecast,20260824T181001Z-27103c
20903,VINTAGE KEEPSAKE BOX TRAVELOGUE,2011-11,2011-12,M2_gbm_poisson,3.933547,8.063470,product,18,1.645000,13.264407,18,2.049923,C,0,0.666667,2,24,Forecast,20260824T181001Z-27103c
20905,VINTAGE KEEPSAKE BOX BEAUTY GIRL,2011-11,2011-12,M2_gbm_poisson,,,,,,,,,C,0,,,,Inactive (no sales in last 6 months),20260824T181001Z-27103c
20906,VINTAGE NOTEBOOK BEAUTY GIRL,2011-11,2011-12,M2_gbm_poisson,,,,,,,,,C,0,,,,Inactive (no sales in last 6 months),20260824T181001Z-27103c
20910,VINTAGE PHOTO ALBUM PARIS DAYS,2011-11,2011-12,M2_gbm_poisson,,,,,,,,,C,0,,,,Inactive (no sales in last 6 months),20260824T181001Z-27103c
20913,SET/5 BLUE SPOTTY LID GLASS BOWLS,2011-11,2011-12,M2_gbm_poisson,,,,,,,,,C,0,,,,Inactive (no sales in last 6 months),20260824T181001Z-27103c
20914,SET/5 RED RETROSPOT LID GLASS BOWLS,2011-11,2011-12,M2_gbm_poisson,395.376997,219.763898,product,18,1.645000,361.511612,757,0.555834,A,762,557.000000,1,24,Forecast,20260824T181001Z-27103c
20931,BLUE POT PLANT CANDLE,2011-11,2011-12,M2_gbm_poisson,65.578772,28.002922,product,18,1.645000,46.064806,112,0.427012,B,110,43.333333,1,24,Forecast,20260824T181001Z-27103c
20932,PINK POT PLANT CANDLE,2011-11,2011-12,M2_gbm_poisson,47.941924,16.642853,product,18,1.645000,27.377493,76,0.347146,C,77,38.666667,1,24,Forecast,20260824T181001Z-27103c
20933,YELLOW POT PLANT CANDLE,2011-11,2011-12,M2_gbm_poisson,4.987103,7.784564,product,18,1.645000,12.805608,18,1.560939,B,1,1.666667,1,24,Forecast,20260824T181001Z-27103c
20934,SET/3 POT PLANT CANDLES,2011-11,2011-12,M2_gbm_poisson,10.128593,3.275774,product,17,1.645000,5.388648,16,0.323418,B,2,7.666667,1,24,Forecast,20260824T181001Z-27103c
20935,ROUND CACTUS CANDLE,2011-11,2011-12,M2_gbm_poisson,7.796329,6.029835,product,14,1.645000,9.919079,18,0.773420,C,5,2.000000,1,24,Forecast,20260824T181001Z-27103c
20936,FORKED CACTUS CANDLE,2011-11,2011-12,M2_gbm_poisson,43.777888,10.732428,product,18,1.645000,17.654844,62,0.245156,C,22,18.000000,1,24,Forecast,20260824T181001Z-27103c
20939,ORANGE CANDLE,2011-11,2011-12,M2_gbm_poisson,,,,,,,,,C,0,,,,Inactive (no sales in last 6 months),20260824T181001Z-27103c
20940,SET/6 GARDEN GNOME T-LIGHT CANDLES,2011-11,2011-12,M2_gbm_poisson,,,,,,,,,C,0,,,,Inactive (no sales in last 6 months),20260824T181001Z-27103c
20941,FROG CANDLE,2011-11,2011-12,M2_gbm_poisson,1.984807,16.023849,product,18,1.645000,26.359231,29,8.073252,C,0,0.000000,5,24,Forecast,20260824T181001Z-27103c
20942,SET/6 GINGERBREAD TREE T-LIGHTS,2011-11,2011-12,M2_gbm_poisson,,,,,,,,,C,0,,,,Inactive (no sales in last 6 months),20260824T181001Z-27103c
20943,SET/6 GINGERBREAD STAR T-LIGHTS,2011-11,2011-12,M2_gbm_poisson,,,,,,,,,C,0,,,,Inactive (no sales in last 6 months),20260824T181001Z-27103c
20950,SET/6  ANGEL T-LIGHTS WHITE/GOLD,2011-11,2011-12,M2_gbm_poisson,,,,,,,,,C,0,,,,Inactive (no sales in last 6 months),20260824T181001Z-27103c
20952,PORCELAIN CHERUB BELL SMALL,2011-11,2011-12,M2_gbm_poisson,,,,,,,,,C,0,,,,Inactive (no sales in last 6 months),20260824T181001Z-27103c
20953,PORCELAIN CHERUB BELL LARGE,2011-11,2011-12,M2_gbm_poisson,,,,,,,,,C,0,,,,Inactive (no sales in last 6 months),20260824T181001Z-27103c
20954,*USB Office Mirror Ball,2011-11,2011-12,M2_gbm_poisson,,,,,,,,,C,0,,,,Inactive (no sales in last 6 months),20260824T181001Z-27103c
20956,PORCELAIN T-LIGHT HOLDERS ASSORTED,2011-11,2011-12,M2_gbm_poisson,97.220879,65.269174,product,18,1.645000,107.367791,205,0.671349,B,237,181.333333,1,24,Forecast,20260824T181001Z-27103c
20957,PORCELAIN HANGING BELL SMALL,2011-11,2011-12,M2_gbm_poisson,,,,,,,,,C,0,,,,Inactive (no sales in last 6 months),20260824T181001Z-27103c
20958,PORCELAIN HANGING BELL LARGE,2011-11,2011-12,M2_gbm_poisson,,,,,,,,,C,0,,,,Inactive (no sales in last 6 months),20260824T181001Z-27103c
20960,WATERMELON BATH SPONGE,2011-11,2011-12,M2_gbm_poisson,,,,,,,,,B,0,,,,Inactive (no sales in last 6 months),20260824T181001Z-27103c
20961,STRAWBERRY BATH SPONGE,2011-11,2011-12,M2_gbm_poisson,106.007189,104.032448,product,18,1.645000,171.133377,278,0.981372,A,252,137.333333,1,24,Forecast,20260824T181001Z-27103c
20963,APPLE BATH SPONGE,2011-11,2011-12,M2_gbm_poisson,133.867749,103.151358,product,18,1.645000,169.683984,304,0.770547,A,275,151.000000,1,24,Forecast,20260824T181001Z-27103c
20964,POLYESTER FILLER PAD 60x40cm,2011-11,2011-12,M2_gbm_poisson,,,,,,,,,C,0,,,,Inactive (no sales in last 6 months),20260824T181001Z-27103c
20966,SANDWICH BATH SPONGE,2011-11,2011-12,M2_gbm_poisson,2.851032,100.361872,product,18,1.645000,165.095279,168,35.201944,A,0,0.000000,4,24,Forecast,20260824T181001Z-27103c
20967,GREY FLORAL FELTCRAFT SHOULDER BAG,2011-11,2011-12,M2_gbm_poisson,3.502024,23.085090,product,18,1.645000,37.974973,42,6.591928,A,0,0.333333,2,24,Forecast,20260824T181001Z-27103c
20968,GREEN FLORAL FELTCRAFT SHOULDER BAG,2011-11,2011-12,M2_gbm_poisson,,,,,,,,,C,0,,,,Inactive (no sales in last 6 months),20260824T181001Z-27103c
20969,RED FLORAL FELTCRAFT SHOULDER BAG,2011-11,2011-12,M2_gbm_poisson,173.891037,47.635584,product,18,1.645000,78.360535,253,0.273939,A,212,350.666667,1,24,Forecast,20260824T181001Z-27103c
20970,PINK FLORAL FELTCRAFT SHOULDER BAG,2011-11,2011-12,M2_gbm_poisson,117.115486,27.272115,product,18,1.645000,44.862630,162,0.232865,A,236,198.333333,1,24,Forecast,20260824T181001Z-27103c
20971,PINK BLUE FELT CRAFT TRINKET BOX,2011-11,2011-12,M2_gbm_poisson,939.293274,270.958197,product,18,1.645000,445.726234,1386,0.288470,A,1389,2289.666667,1,24,Forecast,20260824T181001Z-27103c
20972,PINK CREAM FELT CRAFT TRINKET BOX,2011-11,2011-12,M2_gbm_poisson,456.773416,382.894396,product,18,1.645000,629.861281,1087,0.838259,A,1004,846.333333,1,24,Forecast,20260824T181001Z-27103c
20973,12 PENCIL SMALL TUBE WOODLAND,2011-11,2011-12,M2_gbm_poisson,921.026370,206.764466,product,18,1.645000,340.127546,1262,0.224494,A,1649,761.333333,1,21,Forecast,20260824T181001Z-27103c
20974,12 PENCILS SMALL TUBE SKULL,2011-11,2011-12,M2_gbm_poisson,258.173985,362.356321,product,18,1.645000,596.076149,855,1.403535,A,610,620.000000,1,24,Forecast,20260824T181001Z-27103c
20975,12 PENCILS SMALL TUBE RED RETROSPOT,2011-11,2011-12,M2_gbm_poisson,618.759112,465.248761,product,18,1.645000,765.334212,1385,0.751906,A,895,891.000000,1,24,Forecast,20260824T181001Z-27103c
20976,12 PENCILS SMALL TUBE POSY,2011-11,2011-12,M2_gbm_poisson,,,,,,,,,C,0,,,,Inactive (no sales in last 6 months),20260824T181001Z-27103c
20977,36 PENCILS TUBE WOODLAND,2011-11,2011-12,M2_gbm_poisson,71.235442,131.208405,product,18,1.645000,215.837826,288,1.841898,A,62,122.333333,1,24,Forecast,20260824T181001Z-27103c
20978,36 PENCILS TUBE SKULLS,2011-11,2011-12,M2_gbm_poisson,151.902647,51.325601,product,18,1.645000,84.430613,237,0.337885,A,309,266.000000,1,24,Forecast,20260824T181001Z-27103c
20979,36 PENCILS TUBE RED RETROSPOT,2011-11,2011-12,M2_gbm_poisson,278.364865,149.782816,product,18,1.645000,246.392733,525,0.538081,A,485,468.333333,1,24,Forecast,20260824T181001Z-27103c
20980,36 PENCILS TUBE POSY,2011-11,2011-12,M2_gbm_poisson,3.135932,13.313682,product,18,1.645000,21.901007,26,4.245526,C,0,0.000000,4,24,Forecast,20260824T181001Z-27103c
20981,12 PENCILS TALL TUBE WOODLAND,2011-11,2011-12,M2_gbm_poisson,164.501703,134.789591,product,18,1.645000,221.728877,387,0.819381,B,393,269.333333,1,24,Forecast,20260824T181001Z-27103c
20982,12 PENCILS TALL TUBE SKULLS,2011-11,2011-12,M2_gbm_poisson,278.583031,65.494734,product,18,1.645000,107.738838,387,0.235100,B,671,395.000000,1,24,Forecast,20260824T181001Z-27103c
20983,12 PENCILS TALL TUBE RED RETROSPOT,2011-11,2011-12,M2_gbm_poisson,244.901042,140.783190,product,18,1.645000,231.588347,477,0.574857,A,586,398.666667,1,24,Forecast,20260824T181001Z-27103c
20984,12 PENCILS TALL TUBE POSY,2011-11,2011-12,M2_gbm_poisson,219.981046,49.285208,product,18,1.645000,81.074167,302,0.224043,C,0,413.333333,2,24,Forecast,20260824T181001Z-27103c
20985,HEART CALCULATOR,2011-11,2011-12,M2_gbm_poisson,68.080274,99.979152,product,18,1.645000,164.465705,233,1.468548,B,76,86.333333,1,24,Forecast,20260824T181001Z-27103c
20986,BLUE CALCULATOR RULER,2011-11,2011-12,M2_gbm_poisson,90.674507,38.386950,product,18,1.645000,63.146532,154,0.423349,C,169,135.333333,1,24,Forecast,20260824T181001Z-27103c
20987,GEISHA GIRL CHOPSTICKS SET/5,2011-11,2011-12,M2_gbm_poisson,,,,,,,,,C,0,,,,Inactive (no sales in last 6 months),20260824T181001Z-27103c
20988,TRELLIS FLOWER CHOPSTICKS SET/5,2011-11,2011-12,M2_gbm_poisson,,,,,,,,,C,0,,,,Inactive (no sales in last 6 months),20260824T181001Z-27103c
20989,URBAN CHIC CHOPSTICKS SET/5,2011-11,2011-12,M2_gbm_poisson,,,,,,,,,C,0,,,,Inactive (no sales in last 6 months),20260824T181001Z-27103c
20990,SPRING FLOWER CHOPSTICKS SET/5,2011-11,2011-12,M2_gbm_poisson,,,,,,,,,B,0,,,,Inactive (no sales in last 6 months),20260824T181001Z-27103c
20991,JAZZ HEARTS MAGNETIC MEMO PAD,2011-11,2011-12,M2_gbm_poisson,,,,,,,,,C,0,,,,Inactive (no sales in last 6 months),20260824T181001Z-27103c
20992,JAZZ HEARTS PURSE NOTEBOOK,2011-11,2011-12,M2_gbm_poisson,495.122416,93.141080,product,18,1.645000,153.217076,649,0.188117,B,1160,718.666667,1,24,Forecast,20260824T181001Z-27103c
20993,JAZZ HEARTS MEMO PAD,2011-11,2011-12,M2_gbm_poisson,,,,,,,,,B,0,,,,Inactive (no sales in last 6 months),20260824T181001Z-27103c
20994,JAZZ HEARTS SPIRAL NOTEPAD,2011-11,2011-12,M2_gbm_poisson,,,,,,,,,C,0,,,,Inactive (no sales in last 6 months),20260824T181001Z-27103c
20996,JAZZ HEARTS ADDRESS BOOK,2011-11,2011-12,M2_gbm_poisson,260.214534,59.844455,product,18,1.645000,98.444128,359,0.229981,B,449,459.333333,1,24,Forecast,20260824T181001Z-27103c
20997,ROSE DU SUD CUSHION COVER,2011-11,2011-12,M2_gbm_poisson,13.936053,8.663931,product,18,1.645000,14.252167,29,0.621692,C,7,4.666667,1,24,Forecast,20260824T181001Z-27103c
20998,ROSE DU SUD OVEN GLOVE,2011-11,2011-12,M2_gbm_poisson,10.788464,24.548612,product,18,1.645000,40.382466,52,2.275450,C,0,3.333333,2,24,Forecast,20260824T181001Z-27103c
21000,ROSE DU SUD COSMETICS BAG,2011-11,2011-12,M2_gbm_poisson,21.850568,8.474507,product,18,1.645000,13.940564,36,0.387839,B,15,8.000000,1,24,Forecast,20260824T181001Z-27103c
21001,ROSE DU SUD WASHBAG,2011-11,2011-12,M2_gbm_poisson,20.964991,8.087408,product,18,1.645000,13.303787,35,0.385758,C,15,7.666667,1,24,Forecast,20260824T181001Z-27103c
21002,ROSE DU SUD DRAWSTRING BAG,2011-11,2011-12,M2_gbm_poisson,4.010787,18.909401,product,18,1.645000,31.105964,36,4.714636,B,0,1.333333,2,24,Forecast,20260824T181001Z-27103c
21003,ROSE DU SUD CUSHION COVER,2011-11,2011-12,M2_gbm_poisson,18.867535,5.517895,product,18,1.645000,9.076937,28,0.292454,C,12,9.333333,1,21,Forecast,20260824T181001Z-27103c
21004,ROSE DU SUD CHILDS APRON,2011-11,2011-12,M2_gbm_poisson,,,,,,,,,C,0,,,,Inactive (no sales in last 6 months),20260824T181001Z-27103c
21007,ETCHED GLASS DROPLET DECORATION,2011-11,2011-12,M2_gbm_poisson,,,,,,,,,B,0,,,,Inactive (no sales in last 6 months),20260824T181001Z-27103c
21008,ETCHED GLASS HEART TREE DECORATION,2011-11,2011-12,M2_gbm_poisson,,,,,,,,,C,0,,,,Inactive (no sales in last 6 months),20260824T181001Z-27103c
21009,ETCHED GLASS STAR TREE DECORATION,2011-11,2011-12,M2_gbm_poisson,,,,,,,,,B,0,,,,Inactive (no sales in last 6 months),20260824T181001Z-27103c
21010,ETCHED GLASS BIRD TREE DECORATION,2011-11,2011-12,M2_gbm_poisson,,,,,,,,,B,0,,,,Inactive (no sales in last 6 months),20260824T181001Z-27103c
21011,GLITTER SNOW PEAR TREE DECORATION,2011-11,2011-12,M2_gbm_poisson,,,,,,,,,B,0,,,,Inactive (no sales in last 6 months),20260824T181001Z-27103c
21012,ANTIQUE ALL GLASS CANDLESTICK,2011-11,2011-12,M2_gbm_poisson,84.670168,31.494487,product,18,1.645000,51.808432,137,0.371967,B,158,104.333333,1,24,Forecast,20260824T181001Z-27103c
21014,SWISS CHALET TREE DECORATION,2011-11,2011-12,M2_gbm_poisson,146.306912,29.137017,product,18,1.645000,47.930393,195,0.199150,C,307,398.000000,1,24,Forecast,20260824T181001Z-27103c
21015,DARK BIRD HOUSE TREE DECORATION,2011-11,2011-12,M2_gbm_poisson,261.424086,11.454134,product,18,1.645000,18.842051,281,0.043814,C,624,423.000000,1,24,Forecast,20260824T181001Z-27103c
21016,LIGHT BIRD HOUSE TREE DECORATION,2011-11,2011-12,M2_gbm_poisson,,,,,,,,,C,0,,,,Inactive (no sales in last 6 months),20260824T181001Z-27103c
21017,RED BIRD HOUSE TREE DECORATION,2011-11,2011-12,M2_gbm_poisson,,,,,,,,,C,0,,,,Inactive (no sales in last 6 months),20260824T181001Z-27103c
21018,BIRD BOX CHRISTMAS TREE DECORATION,2011-11,2011-12,M2_gbm_poisson,,,,,,,,,C,0,,,,Inactive (no sales in last 6 months),20260824T181001Z-27103c
21025,SPACE FROG,2011-11,2011-12,M2_gbm_poisson,23.490243,18.498431,product,18,1.645000,30.429920,54,0.787494,C,18,7.333333,1,24,Forecast,20260824T181001Z-27103c
21026,SPACE OWL,2011-11,2011-12,M2_gbm_poisson,52.325247,26.598468,product,18,1.645000,43.754480,97,0.508330,C,56,25.333333,1,24,Forecast,20260824T181001Z-27103c
21027,NINJA RABBIT PINK,2011-11,2011-12,M2_gbm_poisson,13.918125,17.104579,product,18,1.645000,28.137032,43,1.228943,C,8,7.333333,1,24,Forecast,20260824T181001Z-27103c
21028,NINJA RABBIT BLACK,2011-11,2011-12,M2_gbm_poisson,29.147026,26.459317,product,18,1.645000,43.525577,73,0.907788,C,18,11.666667,1,24,Forecast,20260824T181001Z-27103c
21030,SPACE CADET RED,2011-11,2011-12,M2_gbm_poisson,20.057399,18.827632,product,18,1.645000,30.971455,52,0.938688,C,17,7.333333,1,24,Forecast,20260824T181001Z-27103c
21031,SPACE CADET BLACK,2011-11,2011-12,M2_gbm_poisson,14.319433,7.761253,product,18,1.645000,12.767262,28,0.542008,C,10,4.666667,1,24,Forecast,20260824T181001Z-27103c
21032,SPACE CADET WHITE,2011-11,2011-12,M2_gbm_poisson,20.908093,9.808532,product,18,1.645000,16.135035,38,0.469126,C,18,7.333333,1,24,Forecast,20260824T181001Z-27103c
21033,JUMBO BAG CHARLIE AND LOLA TOYS,2011-11,2011-12,M2_gbm_poisson,4.104237,77.355954,product,18,1.645000,127.250544,132,18.847826,A,0,0.333333,3,24,Forecast,20260824T181001Z-27103c
21034,REX CASH+CARRY JUMBO SHOPPER,2011-11,2011-12,M2_gbm_poisson,196.480423,86.106249,product,18,1.645000,141.644780,339,0.438243,B,349,244.000000,1,24,Forecast,20260824T181001Z-27103c
21035,SET/2 RED RETROSPOT TEA TOWELS,2011-11,2011-12,M2_gbm_poisson,156.481083,230.775359,product,18,1.645000,379.625466,537,1.474781,A,325,197.333333,1,24,Forecast,20260824T181001Z-27103c
21036,SET/2 TEA TOWELS MODERN VINTAGE,2011-11,2011-12,M2_gbm_poisson,,,,,,,,,C,0,,,,Inactive (no sales in last 6 months),20260824T181001Z-27103c
21038,SET/4 MODERN VINTAGE COTTON NAPKINS,2011-11,2011-12,M2_gbm_poisson,,,,,,,,,C,0,,,,Inactive (no sales in last 6 months),20260824T181001Z-27103c
21039,RED SPOTTY SHOPPING BAG,2011-11,2011-12,M2_gbm_poisson,48.512622,32.924398,product,18,1.645000,54.160635,103,0.678677,B,39,38.333333,1,24,Forecast,20260824T181001Z-27103c
21040,MODERN VINTAGE COTTON SHOPPING BAG,2011-11,2011-12,M2_gbm_poisson,,,,,,,,,B,0,,,,Inactive (no sales in last 6 months),20260824T181001Z-27103c
21041,RED RETROSPOT OVEN GLOVE DOUBLE,2011-11,2011-12,M2_gbm_poisson,28.620474,32.514700,product,18,1.645000,53.486681,83,1.136064,A,14,25.333333,1,24,Forecast,20260824T181001Z-27103c
21042,RED SPOTTY APRON,2011-11,2011-12,M2_gbm_poisson,28.467296,18.615519,product,18,1.645000,30.622528,60,0.653926,A,21,13.000000,1,24,Forecast,20260824T181001Z-27103c
21043,APRON MODERN VINTAGE COTTON,2011-11,2011-12,M2_gbm_poisson,2.844216,16.589807,product,18,1.645000,27.290233,31,5.832822,B,0,0.000000,6,24,Forecast,20260824T181001Z-27103c
21051,RIBBONS PURSE,2011-11,2011-12,M2_gbm_poisson,21.008593,22.754406,product,18,1.645000,37.430997,59,1.083100,B,21,7.000000,1,24,Forecast,20260824T181001Z-27103c
21054,NURSE'S BAG SOFT TOY,2011-11,2011-12,M2_gbm_poisson,4.218493,16.477970,product,18,1.645000,27.106261,32,3.906127,A,3,1.000000,1,24,Forecast,20260824T181001Z-27103c
21055,TOOL BOX SOFT TOY,2011-11,2011-12,M2_gbm_poisson,44.068428,11.543291,product,18,1.645000,18.988713,64,0.261940,B,42,20.333333,1,24,Forecast,20260824T181001Z-27103c
21056,DOCTOR'S BAG SOFT TOY,2011-11,2011-12,M2_gbm_poisson,29.492836,26.408183,product,18,1.645000,43.441461,73,0.895410,A,28,10.000000,1,24,Forecast,20260824T181001Z-27103c
21058,PARTY INVITES WOODLAND,2011-11,2011-12,M2_gbm_poisson,56.399232,62.755190,product,18,1.645000,103.232287,160,1.112696,B,35,78.333333,1,24,Forecast,20260824T181001Z-27103c
21059,PARTY INVITES DINOSAURS,2011-11,2011-12,M2_gbm_poisson,52.867033,34.504111,product,18,1.645000,56.759263,110,0.652658,B,43,51.666667,1,24,Forecast,20260824T181001Z-27103c
21060,PARTY INVITES BALLOON GIRL,2011-11,2011-12,M2_gbm_poisson,41.950721,22.813074,product,18,1.645000,37.527506,80,0.543806,C,34,32.000000,1,24,Forecast,20260824T181001Z-27103c
21061,PARTY INVITES FOOTBALL,2011-11,2011-12,M2_gbm_poisson,44.856130,16.697214,product,18,1.645000,27.466917,73,0.372239,C,47,41.333333,1,24,Forecast,20260824T181001Z-27103c
21062,PARTY INVITES SPACEMAN,2011-11,2011-12,M2_gbm_poisson,45.658814,30.075025,product,18,1.645000,49.473417,96,0.658690,C,43,41.666667,1,24,Forecast,20260824T181001Z-27103c
21063,PARTY INVITES JAZZ HEARTS,2011-11,2011-12,M2_gbm_poisson,47.445164,23.861228,product,18,1.645000,39.251720,87,0.502922,B,33,29.666667,1,24,Forecast,20260824T181001Z-27103c
21064,BOOM BOX SPEAKER BOYS,2011-11,2011-12,M2_gbm_poisson,57.952165,17.747096,product,18,1.645000,29.193974,88,0.306237,A,67,47.666667,1,24,Forecast,20260824T181001Z-27103c
21065,BOOM BOX SPEAKER GIRLS,2011-11,2011-12,M2_gbm_poisson,46.611202,14.243868,product,18,1.645000,23.431163,71,0.305589,B,43,20.333333,1,24,Forecast,20260824T181001Z-27103c
21066,VINTAGE RED MUG,2011-11,2011-12,M2_gbm_poisson,146.698649,28.982615,product,18,1.645000,47.676402,195,0.197566,B,487,182.000000,1,24,Forecast,20260824T181001Z-27103c
21067,VINTAGE RED TEATIME MUG,2011-11,2011-12,M2_gbm_poisson,7.346024,52.844651,product,18,1.645000,86.929450,95,7.193640,A,0,2.333333,2,24,Forecast,20260824T181001Z-27103c
21068,VINTAGE BILLBOARD LOVE/HATE MUG,2011-11,2011-12,M2_gbm_poisson,241.319462,70.443321,product,18,1.645000,115.879263,358,0.291909,A,650,264.000000,1,24,Forecast,20260824T181001Z-27103c
21069,VINTAGE BILLBOARD TEA MUG,2011-11,2011-12,M2_gbm_poisson,13.724980,102.446336,product,18,1.645000,168.524223,183,7.464225,A,0,0.000000,4,24,Forecast,20260824T181001Z-27103c
21070,VINTAGE BILLBOARD MUG,2011-11,2011-12,M2_gbm_poisson,197.702566,38.848955,product,18,1.645000,63.906530,262,0.196502,B,553,282.666667,1,24,Forecast,20260824T181001Z-27103c
21071,VINTAGE BILLBOARD DRINK ME MUG,2011-11,2011-12,M2_gbm_poisson,18.221571,100.127633,product,18,1.645000,164.709956,183,5.495005,A,0,83.666667,2,24,Forecast,20260824T181001Z-27103c
21076,SET/20 COLLAGE PAPER NAPKIN,2011-11,2011-12,M2_gbm_poisson,,,,,,,,,C,0,,,,Inactive (no sales in last 6 months),20260824T181001Z-27103c
21077,SET/20 WOODLAND PAPER NAPKINS,2011-11,2011-12,M2_gbm_poisson,,,,,,,,,B,0,,,,Inactive (no sales in last 6 months),20260824T181001Z-27103c
21078,SET/20 STRAWBERRY PAPER NAPKINS,2011-11,2011-12,M2_gbm_poisson,19.177703,238.935577,product,18,1.645000,393.049024,413,12.459030,A,0,51.000000,2,24,Forecast,20260824T181001Z-27103c
21080,SET/20 RED RETROSPOT PAPER NAPKINS,2011-11,2011-12,M2_gbm_poisson,454.843082,478.236165,product,18,1.645000,786.698491,1242,1.051431,A,882,897.333333,1,24,Forecast,20260824T181001Z-27103c
21081,SET/20 POSIES PAPER NAPKINS,2011-11,2011-12,M2_gbm_poisson,,,,,,,,,C,0,,,,Inactive (no sales in last 6 months),20260824T181001Z-27103c
21082,SET/20 FRUIT SALAD PAPER NAPKINS,2011-11,2011-12,M2_gbm_poisson,2.006944,19.414978,product,18,1.645000,31.937639,34,9.673901,B,0,0.000000,6,24,Forecast,20260824T181001Z-27103c
21084,SET/6 COLLAGE PAPER CUPS,2011-11,2011-12,M2_gbm_poisson,96.688727,35.286714,product,18,1.645000,58.046644,155,0.364952,C,92,148.000000,1,24,Forecast,20260824T181001Z-27103c
21085,SET/6 WOODLAND PAPER CUPS,2011-11,2011-12,M2_gbm_poisson,,,,,,,,,B,0,,,,Inactive (no sales in last 6 months),20260824T181001Z-27103c
21086,SET/6 RED SPOTTY PAPER CUPS,2011-11,2011-12,M2_gbm_poisson,248.550985,292.091191,product,18,1.645000,480.490008,730,1.175176,A,541,546.333333,1,24,Forecast,20260824T181001Z-27103c
21087,SET/6 POSIES PAPER CUPS,2011-11,2011-12,M2_gbm_poisson,,,,,,,,,C,0,,,,Inactive (no sales in last 6 months),20260824T181001Z-27103c
21088,SET/6 FRUIT SALAD PAPER CUPS,2011-11,2011-12,M2_gbm_poisson,44.550857,134.323305,product,18,1.645000,220.961837,266,3.015055,B,58,65.666667,1,24,Forecast,20260824T181001Z-27103c
21089,SET/6 GREEN SPRING PAPER CUPS,2011-11,2011-12,M2_gbm_poisson,3.154028,16.948268,product,18,1.645000,27.879901,32,5.373531,C,0,0.000000,4,23,Forecast,20260824T181001Z-27103c
21090,SET/6 COLLAGE PAPER PLATES,2011-11,2011-12,M2_gbm_poisson,87.926106,82.499571,product,18,1.645000,135.711795,224,0.938283,B,86,115.666667,1,24,Forecast,20260824T181001Z-27103c
21091,SET/6 WOODLAND PAPER PLATES,2011-11,2011-12,M2_gbm_poisson,,,,,,,,,B,0,,,,Inactive (no sales in last 6 months),20260824T181001Z-27103c
21092,SET/6 STRAWBERRY PAPER PLATES,2011-11,2011-12,M2_gbm_poisson,,,,,,,,,B,0,,,,Inactive (no sales in last 6 months),20260824T181001Z-27103c
21094,SET/6 RED SPOTTY PAPER PLATES,2011-11,2011-12,M2_gbm_poisson,305.977462,428.023256,product,18,1.645000,704.098256,1011,1.398872,A,346,574.333333,1,24,Forecast,20260824T181001Z-27103c
21095,SET/6 POSIES PAPER PLATES,2011-11,2011-12,M2_gbm_poisson,1.984807,19.482100,product,18,1.645000,32.048055,35,9.815613,C,0,0.000000,6,24,Forecast,20260824T181001Z-27103c
21096,SET/6 FRUIT SALAD  PAPER PLATES,2011-11,2011-12,M2_gbm_poisson,34.611783,143.014867,product,18,1.645000,235.259457,270,4.131971,B,26,25.666667,1,24,Forecast,20260824T181001Z-27103c
21097,SET/6 GREEN SPRING  PAPER PLATE,2011-11,2011-12,M2_gbm_poisson,,,,,,,,,C,0,,,,Inactive (no sales in last 6 months),20260824T181001Z-27103c
21098,CHRISTMAS TOILET ROLL,2011-11,2011-12,M2_gbm_poisson,296.348524,198.112220,product,18,1.645000,325.894601,623,0.668511,A,333,867.666667,1,24,Forecast,20260824T181001Z-27103c
21099,SET/6 STRAWBERRY PAPER CUPS,2011-11,2011-12,M2_gbm_poisson,,,,,,,,,B,0,,,,Inactive (no sales in last 6 months),20260824T181001Z-27103c
21100,CHARLIE AND LOLA CHARLOTTE BAG,2011-11,2011-12,M2_gbm_poisson,,,,,,,,,A,0,,,,Inactive (no sales in last 6 months),20260824T181001Z-27103c
21102,"CANDLE IN JAR COLLAGE , VANILLA",2011-11,2011-12,M2_gbm_poisson,,,,,,,,,C,0,,,,Inactive (no sales in last 6 months),20260824T181001Z-27103c
21106,CREAM SLICE FLANNEL CHOCOLATE SPOT,2011-11,2011-12,M2_gbm_poisson,51.699557,19.050102,product,18,1.645000,31.337417,84,0.368477,B,89,42.000000,1,24,Forecast,20260824T181001Z-27103c
21107,CREAM SLICE FLANNEL PINK SPOT,2011-11,2011-12,M2_gbm_poisson,76.258665,36.732705,product,18,1.645000,60.425300,137,0.481686,A,163,89.000000,1,24,Forecast,20260824T181001Z-27103c
21108,FAIRY CAKE FLANNEL ASSORTED COLOUR,2011-11,2011-12,M2_gbm_poisson,839.584753,82.442998,product,18,1.645000,135.618732,976,0.098195,A,2354,1048.000000,1,24,Forecast,20260824T181001Z-27103c
21109,"LARGE CAKE TOWEL, CHOCOLATE SPOTS",2011-11,2011-12,M2_gbm_poisson,45.782438,20.024883,product,18,1.645000,32.940932,79,0.437392,A,63,28.333333,1,24,Forecast,20260824T181001Z-27103c
21110,LARGE CAKE TOWEL PINK SPOTS,2011-11,2011-12,M2_gbm_poisson,49.354322,29.539930,product,18,1.645000,48.593185,98,0.598528,A,55,49.333333,1,24,Forecast,20260824T181001Z-27103c
21111,"SWISS ROLL TOWEL, CHOCOLATE  SPOTS",2011-11,2011-12,M2_gbm_poisson,52.659373,22.488063,product,18,1.645000,36.992864,90,0.427048,B,66,41.333333,1,24,Forecast,20260824T181001Z-27103c
21112,"SWISS ROLL TOWEL, PINK  SPOTS",2011-11,2011-12,M2_gbm_poisson,60.908410,76.930389,product,18,1.645000,126.550490,188,1.263050,A,66,133.333333,1,24,Forecast,20260824T181001Z-27103c
21114,LAVENDER SCENTED FABRIC HEART,2011-11,2011-12,M2_gbm_poisson,65.584753,67.234081,product,18,1.645000,110.600064,177,1.025148,A,98,99.666667,1,24,Forecast,20260824T181001Z-27103c
21115,ROSE CARAVAN DOORSTOP,2011-11,2011-12,M2_gbm_poisson,53.129096,21.524251,product,18,1.645000,35.407393,89,0.405131,A,42,71.333333,1,24,Forecast,20260824T181001Z-27103c
21116,OWL DOORSTOP,2011-11,2011-12,M2_gbm_poisson,95.777834,22.503440,product,18,1.645000,37.018159,133,0.234955,A,196,108.666667,1,24,Forecast,20260824T181001Z-27103c
21117,BLOND DOLL DOORSTOP,2011-11,2011-12,M2_gbm_poisson,40.209790,14.161122,product,18,1.645000,23.295046,64,0.352181,C,41,20.000000,1,24,Forecast,20260824T181001Z-27103c
21118,SHOPPING BAG DOORSTOP,2011-11,2011-12,M2_gbm_poisson,,,,,,,,,C,0,,,,Inactive (no sales in last 6 months),20260824T181001Z-27103c
21119,Glow In The Dark Shot Glasses,2011-11,2011-12,M2_gbm_poisson,,,,,,,,,C,0,,,,Inactive (no sales in last 6 months),20260824T181001Z-27103c
21120,*Boombox Ipod Classic,2011-11,2011-12,M2_gbm_poisson,,,,,,,,,C,0,,,,Inactive (no sales in last 6 months),20260824T181001Z-27103c
21121,SET/10 RED POLKADOT PARTY CANDLES,2011-11,2011-12,M2_gbm_poisson,301.281906,268.580264,product,18,1.645000,441.814534,744,0.891458,A,415,565.666667,1,24,Forecast,20260824T181001Z-27103c
21122,SET/10 PINK POLKADOT PARTY CANDLES,2011-11,2011-12,M2_gbm_poisson,251.260470,197.599945,product,18,1.645000,325.051910,577,0.786435,A,303,337.333333,1,24,Forecast,20260824T181001Z-27103c
21123,SET/10 IVORY POLKADOT PARTY CANDLES,2011-11,2011-12,M2_gbm_poisson,70.411334,95.200222,product,18,1.645000,156.604366,228,1.352058,B,102,107.000000,1,24,Forecast,20260824T181001Z-27103c
21124,SET/10 BLUE SPOTTY PARTY CANDLES,2011-11,2011-12,M2_gbm_poisson,158.566789,108.606756,product,18,1.645000,178.658113,338,0.684928,A,239,252.666667,1,24,Forecast,20260824T181001Z-27103c
21125,SET 6 FOOTBALL CELEBRATION CANDLES,2011-11,2011-12,M2_gbm_poisson,56.478028,32.436803,product,18,1.645000,53.358540,110,0.574326,B,54,87.333333,1,24,Forecast,20260824T181001Z-27103c
21126,SET OF 6 GIRLS CELEBRATION CANDLES,2011-11,2011-12,M2_gbm_poisson,51.815122,16.356816,product,18,1.645000,26.906963,79,0.315676,B,54,47.333333,1,24,Forecast,20260824T181001Z-27103c
21127,COLOURFUL FISHING GNOME,2011-11,2011-12,M2_gbm_poisson,,,,,,,,,B,0,,,,Inactive (no sales in last 6 months),20260824T181001Z-27103c
21128,GOLD FISHING GNOME,2011-11,2011-12,M2_gbm_poisson,7.982229,8.185014,product,18,1.645000,13.464349,22,1.025405,C,4,3.333333,1,24,Forecast,20260824T181001Z-27103c
21129,SILVER FISHING GNOME,2011-11,2011-12,M2_gbm_poisson,16.592061,7.110018,product,18,1.645000,11.695980,29,0.428519,C,13,6.333333,1,24,Forecast,20260824T181001Z-27103c
21130,COLOURFUL STANDING GNOME,2011-11,2011-12,M2_gbm_poisson,,,,,,,,,B,0,,,,Inactive (no sales in last 6 months),20260824T181001Z-27103c
21131,GOLD STANDING GNOME,2011-11,2011-12,M2_gbm_poisson,10.804692,7.992248,product,18,1.645000,13.147248,24,0.739702,B,2,4.666667,1,24,Forecast,20260824T181001Z-27103c
21132,SILVER STANDING GNOME,2011-11,2011-12,M2_gbm_poisson,11.827073,6.092888,product,18,1.645000,10.022801,22,0.515164,C,5,4.333333,1,24,Forecast,20260824T181001Z-27103c
21133,PAINTED BIRD ASSORTED CHRISTMAS,2011-11,2011-12,M2_gbm_poisson,,,,,,,,,C,0,,,,Inactive (no sales in last 6 months),20260824T181001Z-27103c
21134,VICTORIAN METAL POSTCARD CHRISTMAS,2011-11,2011-12,M2_gbm_poisson,,,,,,,,,C,0,,,,Inactive (no sales in last 6 months),20260824T181001Z-27103c
21135,VICTORIAN  METAL POSTCARD SPRING,2011-11,2011-12,M2_gbm_poisson,313.298110,96.084182,product,18,1.645000,158.058479,472,0.306686,A,1322,508.333333,1,24,Forecast,20260824T181001Z-27103c
21136,PAINTED METAL PEARS ASSORTED,2011-11,2011-12,M2_gbm_poisson,273.673170,106.685569,product,18,1.645000,175.497762,450,0.389828,A,561,551.000000,1,24,Forecast,20260824T181001Z-27103c
21137,BLACK RECORD COVER FRAME,2011-11,2011-12,M2_gbm_poisson,850.394986,471.844735,product,18,1.645000,776.184589,1627,0.554854,A,2228,1193.000000,1,24,Forecast,20260824T181001Z-27103c
21143,ANTIQUE GLASS HEART DECORATION,2011-11,2011-12,M2_gbm_poisson,3.135932,31.821626,product,18,1.645000,52.346575,56,10.147422,A,0,0.000000,4,24,Forecast,20260824T181001Z-27103c
21144,PINK POODLE HANGING DECORATION,2011-11,2011-12,M2_gbm_poisson,,,,,,,,,C,0,,,,Inactive (no sales in last 6 months),20260824T181001Z-27103c
21145,ANTIQUE GLASS PLACE SETTING,2011-11,2011-12,M2_gbm_poisson,12.909787,32.732621,product,18,1.645000,53.845161,67,2.535489,B,10,3.333333,1,24,Forecast,20260824T181001Z-27103c
21146,ANTIQUE GLASS RIDGED HANGING BALL,2011-11,2011-12,M2_gbm_poisson,,,,,,,,,B,0,,,,Inactive (no sales in last 6 months),20260824T181001Z-27103c
21147,JINGLE BELLS TREE DECORATION,2011-11,2011-12,M2_gbm_poisson,55.449163,6.526450,product,18,1.645000,10.736010,67,0.117702,C,70,52.333333,1,24,Forecast,20260824T181001Z-27103c
21153,RED SPOTTY TABLECLOTH,2011-11,2011-12,M2_gbm_poisson,,,,,,,,,A,0,,,,Inactive (no sales in last 6 months),20260824T181001Z-27103c
21154,RED RETROSPOT OVEN GLOVE,2011-11,2011-12,M2_gbm_poisson,220.999559,121.461586,product,18,1.645000,199.804309,421,0.549601,A,429,354.333333,1,24,Forecast,20260824T181001Z-27103c
21155,RED RETROSPOT PEG BAG,2011-11,2011-12,M2_gbm_poisson,147.875459,90.900596,product,18,1.645000,149.531481,298,0.614710,A,244,224.666667,1,24,Forecast,20260824T181001Z-27103c
21156,RETROSPOT CHILDRENS APRON,2011-11,2011-12,M2_gbm_poisson,246.817238,177.402868,product,18,1.645000,291.827717,539,0.718762,A,569,401.333333,1,24,Forecast,20260824T181001Z-27103c
21157,RED SPOTTY WASHBAG,2011-11,2011-12,M2_gbm_poisson,4.034459,17.003216,product,18,1.645000,27.970290,33,4.214497,B,0,1.000000,2,24,Forecast,20260824T181001Z-27103c
21158,MOODY GIRL DOOR HANGER,2011-11,2011-12,M2_gbm_poisson,127.275411,49.651142,product,18,1.645000,81.676129,209,0.390108,B,221,263.666667,1,24,Forecast,20260824T181001Z-27103c
21159,MOODY BOY  DOOR HANGER,2011-11,2011-12,M2_gbm_poisson,104.213764,55.387329,product,18,1.645000,91.112156,196,0.531478,B,161,192.333333,1,24,Forecast,20260824T181001Z-27103c
21160,KEEP OUT GIRLS DOOR HANGER,2011-11,2011-12,M2_gbm_poisson,,,,,,,,,C,0,,,,Inactive (no sales in last 6 months),20260824T181001Z-27103c
21161,KEEP OUT BOYS DOOR HANGER,2011-11,2011-12,M2_gbm_poisson,1.984807,33.956117,product,18,1.645000,55.857813,58,17.108017,B,0,0.000000,6,24,Forecast,20260824T181001Z-27103c
21162,TOXIC AREA  DOOR HANGER,2011-11,2011-12,M2_gbm_poisson,137.877877,52.784248,product,18,1.645000,86.830088,225,0.382833,B,229,254.333333,1,24,Forecast,20260824T181001Z-27103c
21163,DO NOT TOUCH MY STUFF DOOR HANGER,2011-11,2011-12,M2_gbm_poisson,32.614934,30.948499,product,18,1.645000,50.910281,84,0.948906,B,0,158.333333,2,24,Forecast,20260824T181001Z-27103c
21164,HOME SWEET HOME METAL SIGN,2011-11,2011-12,M2_gbm_poisson,70.353170,134.419987,product,18,1.645000,221.120878,292,1.910646,A,88,76.333333,1,24,Forecast,20260824T181001Z-27103c
21165,BEWARE OF THE CAT METAL SIGN,2011-11,2011-12,M2_gbm_poisson,245.334304,201.721942,product,18,1.645000,331.832594,578,0.822233,A,415,422.666667,1,24,Forecast,20260824T181001Z-27103c
21166,COOK WITH WINE METAL SIGN,2011-11,2011-12,M2_gbm_poisson,682.220806,518.907487,product,18,1.645000,853.602817,1536,0.760615,A,1340,1440.333333,1,24,Forecast,20260824T181001Z-27103c
21167,WHITE SAGE INCENSE,2011-11,2011-12,M2_gbm_poisson,78.601482,59.483840,product,18,1.645000,97.850916,177,0.756778,C,211,175.000000,1,24,Forecast,20260824T181001Z-27103c
21169,YOU'RE CONFUSING ME METAL SIGN,2011-11,2011-12,M2_gbm_poisson,244.985910,253.449230,product,18,1.645000,416.923984,662,1.034546,A,529,530.666667,1,24,Forecast,20260824T181001Z-27103c
21171,BATHROOM METAL SIGN,2011-11,2011-12,M2_gbm_poisson,3.135932,53.283416,product,18,1.645000,87.651219,91,16.991254,B,0,0.000000,4,24,Forecast,20260824T181001Z-27103c
21172,PARTY METAL SIGN,2011-11,2011-12,M2_gbm_poisson,227.290684,231.137715,product,18,1.645000,380.221541,608,1.016926,A,439,307.666667,1,24,Forecast,20260824T181001Z-27103c
21173,LOO ROLL  METAL SIGN,2011-11,2011-12,M2_gbm_poisson,,,,,,,,,C,0,,,,Inactive (no sales in last 6 months),20260824T181001Z-27103c
21174,POTTERING IN THE SHED METAL SIGN,2011-11,2011-12,M2_gbm_poisson,299.520393,124.447478,product,18,1.645000,204.716101,505,0.415489,A,570,570.666667,1,24,Forecast,20260824T181001Z-27103c
21175,GIN + TONIC DIET METAL SIGN,2011-11,2011-12,M2_gbm_poisson,758.172525,513.597304,product,18,1.645000,844.867565,1604,0.677415,A,1533,1165.333333,1,24,Forecast,20260824T181001Z-27103c
21179,NO JUNK MAIL METAL SIGN,2011-11,2011-12,M2_gbm_poisson,19.151675,50.697974,product,18,1.645000,83.398167,103,2.647182,B,0,83.333333,3,24,Forecast,20260824T181001Z-27103c
21181,PLEASE ONE PERSON METAL SIGN,2011-11,2011-12,M2_gbm_poisson,534.192494,717.132185,product,18,1.645000,1179.682445,1714,1.342460,A,989,1841.666667,1,24,Forecast,20260824T181001Z-27103c
21185,HOME SWEET HOME  BLACKBOARD,2011-11,2011-12,M2_gbm_poisson,,,,,,,,,C,0,,,,Inactive (no sales in last 6 months),20260824T181001Z-27103c
21186,WHITE DOVE HONEYCOMB PAPER GARLAND,2011-11,2011-12,M2_gbm_poisson,,,,,,,,,A,0,,,,Inactive (no sales in last 6 months),20260824T181001Z-27103c
21187,WHITE BELL HONEYCOMB PAPER GARLAND,2011-11,2011-12,M2_gbm_poisson,4.149691,65.067389,product,18,1.645000,107.035854,112,15.680056,B,0,0.000000,4,24,Forecast,20260824T181001Z-27103c
21188,3D HEARTS  HONEYCOMB PAPER GARLAND,2011-11,2011-12,M2_gbm_poisson,4.281864,26.577077,product,18,1.645000,43.719292,49,6.206894,B,0,0.000000,4,24,Forecast,20260824T181001Z-27103c
21189,WHITE HONEYCOMB PAPER GARLAND,2011-11,2011-12,M2_gbm_poisson,56.393859,29.485665,product,18,1.645000,48.503919,105,0.522852,B,105,38.666667,1,24,Forecast,20260824T181001Z-27103c
21190,PINK HEARTS PAPER GARLAND,2011-11,2011-12,M2_gbm_poisson,7.407961,22.997041,product,16,1.645000,37.830132,46,3.104368,B,4,1.333333,1,24,Forecast,20260824T181001Z-27103c
21191,LARGE WHITE HONEYCOMB PAPER BELL,2011-11,2011-12,M2_gbm_poisson,68.155373,43.486850,product,18,1.645000,71.535868,140,0.638055,B,124,57.333333,1,24,Forecast,20260824T181001Z-27103c
21192,WHITE BELL HONEYCOMB PAPER,2011-11,2011-12,M2_gbm_poisson,58.911350,87.781322,product,18,1.645000,144.400274,204,1.490058,B,57,139.333333,1,24,Forecast,20260824T181001Z-27103c
21193,WHITE HONEYCOMB PAPER FAN,2011-11,2011-12,M2_gbm_poisson,,,,,,,,,C,0,,,,Inactive (no sales in last 6 months),20260824T181001Z-27103c
21194,PINK  HONEYCOMB PAPER FAN,2011-11,2011-12,M2_gbm_poisson,53.411431,7.628660,product,18,1.645000,12.549146,66,0.142828,C,53,48.000000,1,24,Forecast,20260824T181001Z-27103c
21195,PINK  HONEYCOMB PAPER BALL,2011-11,2011-12,M2_gbm_poisson,,,,,,,,,B,0,,,,Inactive (no sales in last 6 months),20260824T181001Z-27103c
21196,ROUND WHITE CONFETTI IN TUBE,2011-11,2011-12,M2_gbm_poisson,7.800749,13.398798,product,18,1.645000,22.041022,30,1.717630,C,0,4.333333,2,22,Forecast,20260824T181001Z-27103c
21197,MULTICOLOUR  CONFETTI IN TUBE,2011-11,2011-12,M2_gbm_poisson,45.083994,19.359258,product,18,1.645000,31.845980,77,0.429404,C,62,21.000000,1,21,Forecast,20260824T181001Z-27103c
21198,WHITE HEART CONFETTI IN TUBE,2011-11,2011-12,M2_gbm_poisson,42.520424,45.975762,product,18,1.645000,75.630129,119,1.081263,B,62,37.666667,1,24,Forecast,20260824T181001Z-27103c
21199,PINK  HEART CONFETTI IN TUBE,2011-11,2011-12,M2_gbm_poisson,41.126048,35.116176,product,18,1.645000,57.766110,99,0.853867,B,49,16.666667,1,24,Forecast,20260824T181001Z-27103c
21200,MULTICOLOUR HONEYCOMB PAPER GARLAND,2011-11,2011-12,M2_gbm_poisson,87.688358,40.275724,product,18,1.645000,66.253566,154,0.459305,B,290,207.333333,1,24,Forecast,20260824T181001Z-27103c
21201,TROPICAL  HONEYCOMB PAPER GARLAND,2011-11,2011-12,M2_gbm_poisson,90.178895,46.225698,product,18,1.645000,76.041273,167,0.512600,A,294,204.000000,1,24,Forecast,20260824T181001Z-27103c
21202,DOLLY HONEYCOMB GARLAND,2011-11,2011-12,M2_gbm_poisson,19.290984,34.880156,product,18,1.645000,57.377857,77,1.808107,B,13,9.333333,1,24,Forecast,20260824T181001Z-27103c
21203,BUTTERFLIES  HONEYCOMB GARLAND,2011-11,2011-12,M2_gbm_poisson,,,,,,,,,B,0,,,,Inactive (no sales in last 6 months),20260824T181001Z-27103c
21204,DAISIES  HONEYCOMB GARLAND,2011-11,2011-12,M2_gbm_poisson,26.653638,40.679825,product,18,1.645000,66.918312,94,1.526239,B,14,32.333333,1,24,Forecast,20260824T181001Z-27103c
21205,MULTICOLOUR 3D BALLS GARLAND,2011-11,2011-12,M2_gbm_poisson,25.989812,22.503017,product,18,1.645000,37.017463,64,0.865840,B,16,14.333333,1,24,Forecast,20260824T181001Z-27103c
21206,STRAWBERRY HONEYCOMB  GARLAND,2011-11,2011-12,M2_gbm_poisson,36.103407,37.387660,product,18,1.645000,61.502701,98,1.035572,B,17,42.000000,1,24,Forecast,20260824T181001Z-27103c
21207,SKULL AND CROSSBONES  GARLAND,2011-11,2011-12,M2_gbm_poisson,72.824859,131.193178,product,18,1.645000,215.812777,289,1.801489,A,64,142.333333,1,24,Forecast,20260824T181001Z-27103c
21208,PASTEL COLOUR HONEYCOMB FAN,2011-11,2011-12,M2_gbm_poisson,63.711479,51.213628,product,18,1.645000,84.246418,148,0.803837,C,125,90.666667,1,24,Forecast,20260824T181001Z-27103c
21209,MULTICOLOUR HONEYCOMB FAN,2011-11,2011-12,M2_gbm_poisson,64.868088,42.894215,product,18,1.645000,70.560983,136,0.661253,B,108,108.666667,1,24,Forecast,20260824T181001Z-27103c
21210,SET OF 72 RETROSPOT PAPER  DOILIES,2011-11,2011-12,M2_gbm_poisson,333.182655,284.921330,product,18,1.645000,468.695588,802,0.855151,A,865,627.666667,1,24,Forecast,20260824T181001Z-27103c
21211,SET OF 72 SKULL PAPER  DOILIES,2011-11,2011-12,M2_gbm_poisson,58.668555,71.288435,product,18,1.645000,117.269475,176,1.215105,B,44,102.666667,1,24,Forecast,20260824T181001Z-27103c
21212,PACK OF 72 RETROSPOT CAKE CASES,2011-11,2011-12,M2_gbm_poisson,1721.502271,1610.042527,product,18,1.645000,2648.519956,4371,0.935254,A,2621,2707.000000,1,24,Forecast,20260824T181001Z-27103c
21213,PACK OF 72 SKULL CAKE CASES,2011-11,2011-12,M2_gbm_poisson,542.951908,862.439141,product,18,1.645000,1418.712387,1962,1.588426,A,686,1538.333333,1,24,Forecast,20260824T181001Z-27103c
21214,SET OF 72 IVORY PAPER DOILIES,2011-11,2011-12,M2_gbm_poisson,,,,,,,,,B,0,,,,Inactive (no sales in last 6 months),20260824T181001Z-27103c
21215,IVORY PAPER CUP CAKE CASES,2011-11,2011-12,M2_gbm_poisson,58.512136,60.011426,product,18,1.645000,98.718796,158,1.025624,B,32,82.333333,1,24,Forecast,20260824T181001Z-27103c
21216,"SET 3 RETROSPOT TEA,COFFEE,SUGAR",2011-11,2011-12,M2_gbm_poisson,102.419312,85.638862,product,18,1.645000,140.875928,244,0.836159,A,168,147.333333,1,24,Forecast,20260824T181001Z-27103c
21217,RED RETROSPOT ROUND CAKE TINS,2011-11,2011-12,M2_gbm_poisson,69.597562,58.984937,product,18,1.645000,97.030221,167,0.847514,A,119,72.666667,1,24,Forecast,20260824T181001Z-27103c
21218,RED SPOTTY BISCUIT TIN,2011-11,2011-12,M2_gbm_poisson,121.983717,72.529672,product,18,1.645000,119.311310,242,0.594585,A,274,158.000000,1,24,Forecast,20260824T181001Z-27103c
21219,SET/4 BADGES BALLOON GIRL,2011-11,2011-12,M2_gbm_poisson,49.802854,24.160089,product,18,1.645000,39.743347,90,0.485115,B,60,42.000000,1,24,Forecast,20260824T181001Z-27103c
21220,SET/4 BADGES DOGS,2011-11,2011-12,M2_gbm_poisson,46.569730,23.186235,product,18,1.645000,38.141356,85,0.497882,C,48,29.000000,1,24,Forecast,20260824T181001Z-27103c
21221,SET/4 BADGES CUTE CREATURES,2011-11,2011-12,M2_gbm_poisson,19.759829,18.024835,product,18,1.645000,29.650853,50,0.912196,C,11,11.000000,1,24,Forecast,20260824T181001Z-27103c
21222,SET/4 BADGES BEETLES,2011-11,2011-12,M2_gbm_poisson,40.593341,19.534528,product,18,1.645000,32.134298,73,0.481225,C,28,22.666667,1,24,Forecast,20260824T181001Z-27103c
21223,SET/4 BADGES WOODLAND ANIMAL,2011-11,2011-12,M2_gbm_poisson,,,,,,,,,C,0,,,,Inactive (no sales in last 6 months),20260824T181001Z-27103c
21224,SET/4 SKULL BADGES,2011-11,2011-12,M2_gbm_poisson,66.950962,32.484013,product,18,1.645000,53.436202,121,0.485191,B,101,97.333333,1,24,Forecast,20260824T181001Z-27103c
21225,POCKET MIRROR BUTTERFLY,2011-11,2011-12,M2_gbm_poisson,,,,,,,,,C,0,,,,Inactive (no sales in last 6 months),20260824T181001Z-27103c
21226,POCKET MIRROR WOODLAND,2011-11,2011-12,M2_gbm_poisson,13.947413,10.653592,product,18,1.645000,17.525159,32,0.763840,C,6,2.333333,1,24,Forecast,20260824T181001Z-27103c
21228,"POCKET MIRROR ""GLAMOROUS""",2011-11,2011-12,M2_gbm_poisson,,,,,,,,,C,0,,,,Inactive (no sales in last 6 months),20260824T181001Z-27103c
21231,SWEETHEART CERAMIC TRINKET BOX,2011-11,2011-12,M2_gbm_poisson,296.948353,167.806943,product,18,1.645000,276.042421,573,0.565105,A,741,603.333333,1,24,Forecast,20260824T181001Z-27103c
21232,STRAWBERRY CERAMIC TRINKET BOX,2011-11,2011-12,M2_gbm_poisson,747.503346,430.366955,product,18,1.645000,707.953642,1456,0.575739,A,1503,1178.000000,1,24,Forecast,20260824T181001Z-27103c
21238,RED RETROSPOT CUP,2011-11,2011-12,M2_gbm_poisson,189.531889,175.833294,product,18,1.645000,289.245769,479,0.927724,A,296,193.666667,1,24,Forecast,20260824T181001Z-27103c
21239,PINK  POLKADOT CUP,2011-11,2011-12,M2_gbm_poisson,119.760719,125.612840,product,18,1.645000,206.633121,327,1.048865,A,122,138.333333,1,24,Forecast,20260824T181001Z-27103c
21240,BLUE POLKADOT CUP,2011-11,2011-12,M2_gbm_poisson,99.467605,118.819093,product,18,1.645000,195.457408,295,1.194551,A,192,135.666667,1,24,Forecast,20260824T181001Z-27103c
21241,GREEN SPOTTY CUP,2011-11,2011-12,M2_gbm_poisson,,,,,,,,,B,0,,,,Inactive (no sales in last 6 months),20260824T181001Z-27103c
21242,RED RETROSPOT PLATE,2011-11,2011-12,M2_gbm_poisson,118.893584,102.854591,product,18,1.645000,169.195802,289,0.865098,A,193,219.000000,1,24,Forecast,20260824T181001Z-27103c
21243,PINK  POLKADOT PLATE,2011-11,2011-12,M2_gbm_poisson,91.318363,128.135398,product,18,1.645000,210.782729,303,1.403172,A,185,153.333333,1,24,Forecast,20260824T181001Z-27103c
21244,BLUE POLKADOT PLATE,2011-11,2011-12,M2_gbm_poisson,19.292942,126.900165,product,18,1.645000,208.750771,229,6.577544,A,4,15.333333,1,24,Forecast,20260824T181001Z-27103c
21245,GREEN POLKADOT PLATE,2011-11,2011-12,M2_gbm_poisson,50.839039,60.719459,product,18,1.645000,99.883510,151,1.194347,A,43,44.666667,1,24,Forecast,20260824T181001Z-27103c
21246,RED RETROSPOT BIG BOWL,2011-11,2011-12,M2_gbm_poisson,2.633758,14.200651,product,18,1.645000,23.360071,26,5.391783,B,0,0.333333,3,24,Forecast,20260824T181001Z-27103c
21247,SET OF RED SALAD SERVERS,2011-11,2011-12,M2_gbm_poisson,,,,,,,,,C,0,,,,Inactive (no sales in last 6 months),20260824T181001Z-27103c
21248,DOOR HANGER  MUM + DADS ROOM,2011-11,2011-12,M2_gbm_poisson,41.638730,26.105780,product,18,1.645000,42.944008,85,0.626959,B,37,18.333333,1,24,Forecast,20260824T181001Z-27103c
21249,WOODLAND  HEIGHT CHART STICKERS,2011-11,2011-12,M2_gbm_poisson,56.505556,33.186298,product,18,1.645000,54.591459,112,0.587310,A,71,50.000000,1,24,Forecast,20260824T181001Z-27103c
21250,SET OF SKULL WALL STICKERS,2011-11,2011-12,M2_gbm_poisson,19.102004,14.047354,product,18,1.645000,23.107898,43,0.735386,C,16,7.666667,1,24,Forecast,20260824T181001Z-27103c
21251,DINOSAUR HEIGHT CHART STICKER SET,2011-11,2011-12,M2_gbm_poisson,30.037833,23.307483,product,18,1.645000,38.340810,69,0.775938,B,20,14.333333,1,24,Forecast,20260824T181001Z-27103c
21252,SET OF MEADOW  FLOWER STICKERS,2011-11,2011-12,M2_gbm_poisson,,,,,,,,,C,0,,,,Inactive (no sales in last 6 months),20260824T181001Z-27103c
21253,SET OF PICTURE FRAME  STICKERS,2011-11,2011-12,M2_gbm_poisson,31.288081,7.360989,product,18,1.645000,12.108826,44,0.235265,C,15,18.000000,1,24,Forecast,20260824T181001Z-27103c
21255,"FRENCH BOTTLE , LAVENDER",2011-11,2011-12,M2_gbm_poisson,,,,,,,,,C,0,,,,Inactive (no sales in last 6 months),20260824T181001Z-27103c
21256,"FRENCH BOTTLE, BRASSERIE DES ARTIST",2011-11,2011-12,M2_gbm_poisson,,,,,,,,,C,0,,,,Inactive (no sales in last 6 months),20260824T181001Z-27103c
21257,VICTORIAN SEWING BOX MEDIUM,2011-11,2011-12,M2_gbm_poisson,66.659950,34.641026,product,18,1.645000,56.984488,124,0.519668,A,120,72.333333,1,24,Forecast,20260824T181001Z-27103c
21258,VICTORIAN SEWING BOX LARGE,2011-11,2011-12,M2_gbm_poisson,61.675612,18.454086,product,18,1.645000,30.356972,93,0.299212,A,86,56.333333,1,24,Forecast,20260824T181001Z-27103c
21259,VICTORIAN SEWING BOX SMALL,2011-11,2011-12,M2_gbm_poisson,73.826131,41.716485,product,18,1.645000,68.623619,143,0.565064,A,109,96.000000,1,24,Forecast,20260824T181001Z-27103c
21260,FIRST AID TIN,2011-11,2011-12,M2_gbm_poisson,61.288141,93.079598,product,18,1.645000,153.115939,215,1.518721,A,56,98.666667,1,24,Forecast,20260824T181001Z-27103c
21261,GREEN GOOSE FEATHER CHRISTMAS TREE,2011-11,2011-12,M2_gbm_poisson,33.794636,10.348908,product,18,1.645000,17.023954,51,0.306229,C,17,45.000000,1,24,Forecast,20260824T181001Z-27103c
21262,WHITE GOOSE FEATHER CHRISTMAS TREE,2011-11,2011-12,M2_gbm_poisson,56.803030,23.817026,product,17,1.645000,39.179007,96,0.419291,B,83,58.000000,1,24,Forecast,20260824T181001Z-27103c
21263,GREEN GOOSE FEATHER TREE 60CM,2011-11,2011-12,M2_gbm_poisson,49.753195,12.510783,product,14,1.645000,20.580239,71,0.251457,C,47,40.333333,1,15,Forecast,20260824T181001Z-27103c
21264,WHITE GOOSE FEATHER TREE 60CM,2011-11,2011-12,M2_gbm_poisson,61.486146,27.084262,product,16,1.645000,44.553610,107,0.440494,C,119,70.333333,1,24,Forecast,20260824T181001Z-27103c
21265,PINK GOOSE FEATHER TREE 60CM,2011-11,2011-12,M2_gbm_poisson,33.211236,5.769075,product,18,1.645000,9.490129,43,0.173709,C,16,26.666667,1,24,Forecast,20260824T181001Z-27103c
21266,VINTAGE SILVER TINSEL REEL,2011-11,2011-12,M2_gbm_poisson,,,,,,,,,C,0,,,,Inactive (no sales in last 6 months),20260824T181001Z-27103c
21267,VINTAGE PINK TINSEL REEL,2011-11,2011-12,M2_gbm_poisson,,,,,,,,,C,0,,,,Inactive (no sales in last 6 months),20260824T181001Z-27103c
21268,VINTAGE BLUE TINSEL REEL,2011-11,2011-12,M2_gbm_poisson,,,,,,,,,C,0,,,,Inactive (no sales in last 6 months),20260824T181001Z-27103c
21269,ANTIQUE CREAM CUTLERY SHELF,2011-11,2011-12,M2_gbm_poisson,4.786470,2.758876,product,18,1.645000,4.538352,10,0.576391,B,1,1.666667,1,24,Forecast,20260824T181001Z-27103c
21270,ANTIQUE CREAM CUTLERY CUPBOARD,2011-11,2011-12,M2_gbm_poisson,4.147373,3.046411,product,18,1.645000,5.011346,10,0.734540,C,1,0.666667,1,24,Forecast,20260824T181001Z-27103c
21272,SALLE DE BAIN HOOK,2011-11,2011-12,M2_gbm_poisson,3.135932,42.995227,product,18,1.645000,70.727148,74,13.710510,B,0,0.000000,4,24,Forecast,20260824T181001Z-27103c
21274,EMBOSSED HEART 3 DRAWER SHELF,2011-11,2011-12,M2_gbm_poisson,,,,,,,,,B,0,,,,Inactive (no sales in last 6 months),20260824T181001Z-27103c
21275,ZINC TOP  2 DOOR WOODEN SHELF,2011-11,2011-12,M2_gbm_poisson,4.509818,1.955916,product,18,1.645000,3.217482,8,0.433702,B,1,0.333333,1,24,Forecast,20260824T181001Z-27103c
21276,TWO EMBOSSED HEART MINI DRAWERS,2011-11,2011-12,M2_gbm_poisson,,,,,,,,,B,0,,,,Inactive (no sales in last 6 months),20260824T181001Z-27103c
21277,FRENCH STYLE EMBOSSED HEART CABINET,2011-11,2011-12,M2_gbm_poisson,8.506615,4.381518,product,18,1.645000,7.207597,16,0.515072,B,4,3.666667,1,24,Forecast,20260824T181001Z-27103c
21278,VINTAGE KITCHEN PRINT PUDDINGS,2011-11,2011-12,M2_gbm_poisson,2.028496,18.176262,product,18,1.645000,29.899951,32,8.960462,B,0,0.000000,5,24,Forecast,20260824T181001Z-27103c
21279,VINTAGE KITCHEN PRINT FRUITS,2011-11,2011-12,M2_gbm_poisson,9.326272,16.182574,product,18,1.645000,26.620335,36,1.735160,B,0,4.666667,3,24,Forecast,20260824T181001Z-27103c
21280,VINTAGE KITCHEN PRINT VEGETABLES,2011-11,2011-12,M2_gbm_poisson,9.092297,15.903421,product,18,1.645000,26.161127,36,1.749109,B,6,2.000000,1,24,Forecast,20260824T181001Z-27103c
21281,VINTAGE KITCHEN PRINT SEAFOOD,2011-11,2011-12,M2_gbm_poisson,5.579021,9.966281,product,17,1.645000,16.394533,22,1.786385,B,3,1.000000,1,24,Forecast,20260824T181001Z-27103c
21282,NATURAL BARK CANDLE LARGE,2011-11,2011-12,M2_gbm_poisson,,,,,,,,,B,0,,,,Inactive (no sales in last 6 months),20260824T181001Z-27103c
21283,NATURAL BARK CANDLE SMALL,2011-11,2011-12,M2_gbm_poisson,,,,,,,,,B,0,,,,Inactive (no sales in last 6 months),20260824T181001Z-27103c
21284,RETROSPOT CANDLE  SMALL,2011-11,2011-12,M2_gbm_poisson,17.707187,19.464461,product,18,1.645000,32.019039,50,1.099241,B,5,14.333333,1,24,Forecast,20260824T181001Z-27103c
21285,RETROSPOT CANDLE  MEDIUM,2011-11,2011-12,M2_gbm_poisson,39.485674,23.314349,product,18,1.645000,38.352103,78,0.590451,B,34,20.333333,1,24,Forecast,20260824T181001Z-27103c
21286,RETROSPOT CANDLE  LARGE,2011-11,2011-12,M2_gbm_poisson,24.364925,24.319832,product,18,1.645000,40.006123,65,0.998149,B,6,18.666667,1,24,Forecast,20260824T181001Z-27103c
21287,SCENTED VELVET LOUNGE CANDLE,2011-11,2011-12,M2_gbm_poisson,162.520410,101.178756,product,18,1.645000,166.439054,329,0.622560,B,564,314.000000,1,24,Forecast,20260824T181001Z-27103c
21288,STRIPEY CHOCOLATE NESTING BOXES,2011-11,2011-12,M2_gbm_poisson,40.380800,34.326171,product,18,1.645000,56.466552,97,0.850062,B,22,54.000000,1,24,Forecast,20260824T181001Z-27103c
21289,LARGE STRIPES CHOCOLATE GIFT BAG,2011-11,2011-12,M2_gbm_poisson,36.265595,30.056322,product,18,1.645000,49.442650,86,0.828783,B,22,53.333333,1,24,Forecast,20260824T181001Z-27103c
21290,LARGE SPOTTY CHOCOLATE GIFT BAG,2011-11,2011-12,M2_gbm_poisson,,,,,,,,,C,0,,,,Inactive (no sales in last 6 months),20260824T181001Z-27103c
21291,SMALL SPOTTY CHOCOLATE GIFT BAG,2011-11,2011-12,M2_gbm_poisson,58.307760,61.697689,product,18,1.645000,101.492699,160,1.058139,B,99,71.000000,1,24,Forecast,20260824T181001Z-27103c
21292,SMALL STRIPES CHOCOLATE GIFT BAG,2011-11,2011-12,M2_gbm_poisson,44.166475,98.002885,product,18,1.645000,161.214746,206,2.218943,B,64,53.666667,1,24,Forecast,20260824T181001Z-27103c
21293,MIRRORED DOVE WALL DECORATION,2011-11,2011-12,M2_gbm_poisson,38.783936,16.476984,product,18,1.645000,27.104639,66,0.424840,C,37,21.333333,1,24,Forecast,20260824T181001Z-27103c
21294,ETCHED GLASS COASTER,2011-11,2011-12,M2_gbm_poisson,19.618938,74.797143,product,18,1.645000,123.041299,143,3.812497,B,0,25.333333,2,24,Forecast,20260824T181001Z-27103c
21298,EDWARDIAN 2 DRAWER WALL CABINET,2011-11,2011-12,M2_gbm_poisson,,,,,,,,,C,0,,,,Inactive (no sales in last 6 months),20260824T181001Z-27103c
21299,EDWARDIAN TOILET ROLL UNIT,2011-11,2011-12,M2_gbm_poisson,,,,,,,,,B,0,,,,Inactive (no sales in last 6 months),20260824T181001Z-27103c
21300,ANTIQUE EDWARDIAN DRESSER,2011-11,2011-12,M2_gbm_poisson,,,,,,,,,C,0,,,,Inactive (no sales in last 6 months),20260824T181001Z-27103c
21303,FILIGREE WALL MIRROR  ANTIQUE WHITE,2011-11,2011-12,M2_gbm_poisson,,,,,,,,,B,0,,,,Inactive (no sales in last 6 months),20260824T181001Z-27103c
21304,ARCHED GREY MIRROR,2011-11,2011-12,M2_gbm_poisson,,,,,,,,,C,0,,,,Inactive (no sales in last 6 months),20260824T181001Z-27103c
21306,SET/4 DAISY MIRROR MAGNETS,2011-11,2011-12,M2_gbm_poisson,62.876730,5.019218,product,18,1.645000,8.256614,72,0.079826,C,108,96.000000,1,24,Forecast,20260824T181001Z-27103c
21307,SET/4 BUTTERFLY MIRROR MAGNETS,2011-11,2011-12,M2_gbm_poisson,2.027923,9.533246,product,18,1.645000,15.682189,18,4.700990,C,0,0.000000,5,24,Forecast,20260824T181001Z-27103c
21308,LOUVRE VANITY MIRROR,2011-11,2011-12,M2_gbm_poisson,,,,,,,,,C,0,,,,Inactive (no sales in last 6 months),20260824T181001Z-27103c
21309,LOUVRE CHALKBOARD,2011-11,2011-12,M2_gbm_poisson,,,,,,,,,C,0,,,,Inactive (no sales in last 6 months),20260824T181001Z-27103c
21310,CAPIZ CHANDELIER,2011-11,2011-12,M2_gbm_poisson,,,,,,,,,C,0,,,,Inactive (no sales in last 6 months),20260824T181001Z-27103c
21311,SET/4 BIRD MIRROR MAGNETS,2011-11,2011-12,M2_gbm_poisson,45.967781,18.035495,product,18,1.645000,29.668389,76,0.392351,C,45,28.000000,1,24,Forecast,20260824T181001Z-27103c
21312,LARGE CHUNKY GLASS ROMAN BOWL,2011-11,2011-12,M2_gbm_poisson,,,,,,,,,B,0,,,,Inactive (no sales in last 6 months),20260824T181001Z-27103c
21313,GLASS HEART T-LIGHT HOLDER,2011-11,2011-12,M2_gbm_poisson,109.501408,107.074708,product,18,1.645000,176.137894,286,0.977839,A,293,284.000000,1,24,Forecast,20260824T181001Z-27103c
21314,SMALL GLASS HEART TRINKET POT,2011-11,2011-12,M2_gbm_poisson,209.981915,148.666160,product,18,1.645000,244.555833,455,0.707995,A,403,402.333333,1,24,Forecast,20260824T181001Z-27103c
21316,SMALL CHUNKY GLASS ROMAN  BOWL,2011-11,2011-12,M2_gbm_poisson,,,,,,,,,B,0,,,,Inactive (no sales in last 6 months),20260824T181001Z-27103c
21317,GLASS SPHERE CANDLE STAND MEDIUM,2011-11,2011-12,M2_gbm_poisson,35.845593,9.260016,product,18,1.645000,15.232727,52,0.258331,B,25,20.333333,1,24,Forecast,20260824T181001Z-27103c
21318,GLASS CHALICE BLUE SMALL,2011-11,2011-12,M2_gbm_poisson,,,,,,,,,C,0,,,,Inactive (no sales in last 6 months),20260824T181001Z-27103c
21319,GLASS CHALICE GREEN  SMALL,2011-11,2011-12,M2_gbm_poisson,,,,,,,,,C,0,,,,Inactive (no sales in last 6 months),20260824T181001Z-27103c
21320,GLASS CHALICE GREEN  LARGE,2011-11,2011-12,M2_gbm_poisson,,,,,,,,,B,0,,,,Inactive (no sales in last 6 months),20260824T181001Z-27103c
21321,GLASS CHALICE BLUE  LARGE,2011-11,2011-12,M2_gbm_poisson,,,,,,,,,C,0,,,,Inactive (no sales in last 6 months),20260824T181001Z-27103c
21322,GLASS SPHERE CANDLE STAND LARGE,2011-11,2011-12,M2_gbm_poisson,,,,,,,,,C,0,,,,Inactive (no sales in last 6 months),20260824T181001Z-27103c
21323,HANGING MEDINA LANTERN LARGE,2011-11,2011-12,M2_gbm_poisson,,,,,,,,,B,0,,,,Inactive (no sales in last 6 months),20260824T181001Z-27103c
21324,HANGING MEDINA LANTERN SMALL,2011-11,2011-12,M2_gbm_poisson,,,,,,,,,B,0,,,,Inactive (no sales in last 6 months),20260824T181001Z-27103c
21326,AGED GLASS SILVER T-LIGHT HOLDER,2011-11,2011-12,M2_gbm_poisson,601.011263,363.767796,product,18,1.645000,598.398025,1200,0.605260,A,1141,1149.000000,1,24,Forecast,20260824T181001Z-27103c
21327,SKULLS WRITING SET,2011-11,2011-12,M2_gbm_poisson,97.722105,37.018799,product,18,1.645000,60.895924,159,0.378817,B,176,102.000000,1,24,Forecast,20260824T181001Z-27103c
21328,BALLOONS  WRITING SET,2011-11,2011-12,M2_gbm_poisson,108.762901,75.283307,product,18,1.645000,123.841040,233,0.692178,B,222,155.000000,1,24,Forecast,20260824T181001Z-27103c
21329,DINOSAURS  WRITING SET,2011-11,2011-12,M2_gbm_poisson,102.562748,58.884457,product,18,1.645000,96.864932,200,0.574131,B,221,137.333333,1,24,Forecast,20260824T181001Z-27103c
21330,WOODLAND ANIMAL  WRITING SET,2011-11,2011-12,M2_gbm_poisson,,,,,,,,,B,0,,,,Inactive (no sales in last 6 months),20260824T181001Z-27103c
21331,MOROCCAN BEATEN METAL DISH LARGE,2011-11,2011-12,M2_gbm_poisson,4.319791,5.549027,product,18,1.645000,9.128150,14,1.284559,C,1,1.333333,1,24,Forecast,20260824T181001Z-27103c
21332,MOROCCAN BEATEN METAL MIRROR,2011-11,2011-12,M2_gbm_poisson,2.666022,3.606044,product,18,1.645000,5.931943,9,1.352593,B,0,0.000000,4,24,Forecast,20260824T181001Z-27103c
21333,CLASSIC WHITE FRAME,2011-11,2011-12,M2_gbm_poisson,,,,,,,,,B,0,,,,Inactive (no sales in last 6 months),20260824T181001Z-27103c
21335,LIBRARY LAMP,2011-11,2011-12,M2_gbm_poisson,,,,,,,,,B,0,,,,Inactive (no sales in last 6 months),20260824T181001Z-27103c
21336,GOLD WASHBAG,2011-11,2011-12,M2_gbm_poisson,1.984807,13.726707,product,18,1.645000,22.580433,25,6.915889,C,0,0.000000,6,24,Forecast,20260824T181001Z-27103c
21337,SILVER WASHBAG,2011-11,2011-12,M2_gbm_poisson,,,,,,,,,C,0,,,,Inactive (no sales in last 6 months),20260824T181001Z-27103c
21338,MARAKESH LANTERN SMALL,2011-11,2011-12,M2_gbm_poisson,,,,,,,,,C,0,,,,Inactive (no sales in last 6 months),20260824T181001Z-27103c
21339,MARAKESH LANTERN LARGE,2011-11,2011-12,M2_gbm_poisson,,,,,,,,,C,0,,,,Inactive (no sales in last 6 months),20260824T181001Z-27103c
21340,CLASSIC METAL BIRDCAGE PLANT HOLDER,2011-11,2011-12,M2_gbm_poisson,64.789942,26.947302,product,18,1.645000,44.328312,110,0.415918,A,86,69.666667,1,24,Forecast,20260824T181001Z-27103c
21341,KASBAH LANTERN WITH GLASS,2011-11,2011-12,M2_gbm_poisson,,,,,,,,,C,0,,,,Inactive (no sales in last 6 months),20260824T181001Z-27103c
21343,GOLD JEWELERY BOX,2011-11,2011-12,M2_gbm_poisson,,,,,,,,,C,0,,,,Inactive (no sales in last 6 months),20260824T181001Z-27103c
21344,MOROCCAN BEATEN METAL DISH,2011-11,2011-12,M2_gbm_poisson,6.628756,2.824909,product,18,1.645000,4.646975,12,0.426160,C,5,3.000000,1,24,Forecast,20260824T181001Z-27103c
21347,GOTHIC CARRIAGE LANTERN,2011-11,2011-12,M2_gbm_poisson,,,,,,,,,C,0,,,,Inactive (no sales in last 6 months),20260824T181001Z-27103c
21348,PINK SPOTS CHOCOLATE NESTING BOXES,2011-11,2011-12,M2_gbm_poisson,,,,,,,,,B,0,,,,Inactive (no sales in last 6 months),20260824T181001Z-27103c
21349,IVY HEART WREATH,2011-11,2011-12,M2_gbm_poisson,4.997900,21.155972,product,14,1.645000,34.801575,40,4.232973,A,1,2.000000,1,24,Forecast,20260824T181001Z-27103c
21350,GINGHAM HEART WREATH,2011-11,2011-12,M2_gbm_poisson,,,,,,,,,C,0,,,,Inactive (no sales in last 6 months),20260824T181001Z-27103c
21351,CINAMMON & ORANGE WREATH,2011-11,2011-12,M2_gbm_poisson,28.579486,9.952634,product,16,1.645000,16.372082,45,0.348244,A,22,12.666667,1,24,Forecast,20260824T181001Z-27103c
21352,EUCALYPTUS & PINECONE  WREATH,2011-11,2011-12,M2_gbm_poisson,37.916113,24.214620,product,16,1.645000,39.833050,78,0.638637,B,22,91.333333,1,24,Forecast,20260824T181001Z-27103c
21353,SILVER SLEIGHBELL  WREATH,2011-11,2011-12,M2_gbm_poisson,,,,,,,,,C,0,,,,Inactive (no sales in last 6 months),20260824T181001Z-27103c
21354,TOAST ITS - BEST MUM,2011-11,2011-12,M2_gbm_poisson,59.555491,39.927271,product,18,1.645000,65.680361,126,0.670421,B,96,60.000000,1,24,Forecast,20260824T181001Z-27103c
21355,TOAST ITS - I LOVE YOU,2011-11,2011-12,M2_gbm_poisson,26.871063,15.081180,product,18,1.645000,24.808542,52,0.561242,A,16,9.333333,1,24,Forecast,20260824T181001Z-27103c
21356,TOAST ITS - FAIRY FLOWER,2011-11,2011-12,M2_gbm_poisson,84.801561,30.998475,product,18,1.645000,50.992492,136,0.365541,B,157,111.333333,1,24,Forecast,20260824T181001Z-27103c
21357,TOAST ITS - DINOSAUR,2011-11,2011-12,M2_gbm_poisson,,,,,,,,,B,0,,,,Inactive (no sales in last 6 months),20260824T181001Z-27103c
21358,TOAST ITS - HAPPY BIRTHDAY,2011-11,2011-12,M2_gbm_poisson,54.238362,26.531324,product,18,1.645000,43.644028,98,0.489162,B,59,43.333333,1,24,Forecast,20260824T181001Z-27103c
21359,RELAX LARGE WOOD LETTERS,2011-11,2011-12,M2_gbm_poisson,2.937337,5.945805,product,18,1.645000,9.780850,13,2.024216,B,0,0.000000,4,24,Forecast,20260824T181001Z-27103c
21360,JOY LARGE WOOD LETTERS,2011-11,2011-12,M2_gbm_poisson,2.064227,10.270225,product,18,1.645000,16.894520,19,4.975337,B,0,0.000000,6,24,Forecast,20260824T181001Z-27103c
21361,LOVE LARGE WOOD LETTERS,2011-11,2011-12,M2_gbm_poisson,2.045191,11.203693,product,18,1.645000,18.430075,21,5.478066,A,0,0.000000,5,22,Forecast,20260824T181001Z-27103c
21363,HOME SMALL WOOD LETTERS,2011-11,2011-12,M2_gbm_poisson,3.879572,13.482843,product,18,1.645000,22.179277,27,3.475343,A,0,2.000000,3,23,Forecast,20260824T181001Z-27103c
21364,PEACE SMALL WOOD LETTERS,2011-11,2011-12,M2_gbm_poisson,3.620114,4.315176,product,18,1.645000,7.098465,11,1.192000,A,0,1.666667,2,24,Forecast,20260824T181001Z-27103c
21365,MIRRORED WALL ART STARS,2011-11,2011-12,M2_gbm_poisson,36.753691,19.469963,product,18,1.645000,32.028090,69,0.529742,C,20,26.333333,1,24,Forecast,20260824T181001Z-27103c
21366,MIRRORED WALL ART PHOTO FRAMES,2011-11,2011-12,M2_gbm_poisson,8.943259,6.570600,product,18,1.645000,10.808637,20,0.734699,B,4,3.333333,1,24,Forecast,20260824T181001Z-27103c
21367,MIRRORED WALL ART GENTS,2011-11,2011-12,M2_gbm_poisson,19.094045,13.360847,product,18,1.645000,21.978593,42,0.699739,C,12,13.333333,1,24,Forecast,20260824T181001Z-27103c
21368,MIRRORED WALL ART LADIES,2011-11,2011-12,M2_gbm_poisson,22.124349,8.142373,product,18,1.645000,13.394204,36,0.368028,C,10,12.333333,1,24,Forecast,20260824T181001Z-27103c
21369,MIRRORED WALL ART SPLODGES,2011-11,2011-12,M2_gbm_poisson,14.079940,8.410415,product,18,1.645000,13.835133,28,0.597333,C,2,9.666667,1,24,Forecast,20260824T181001Z-27103c
21370,MIRRORED WALL ART FOXY,2011-11,2011-12,M2_gbm_poisson,11.484165,2.067354,product,13,1.645000,3.400798,15,0.180018,C,7,2.333333,1,24,Forecast,20260824T181001Z-27103c
21371,MIRRORED WALL ART POPPIES,2011-11,2011-12,M2_gbm_poisson,17.220049,26.192185,product,18,1.645000,43.086145,61,1.521029,C,4,9.333333,1,24,Forecast,20260824T181001Z-27103c
21372,MIRRORED WALL ART TABLE LAMP,2011-11,2011-12,M2_gbm_poisson,19.711360,10.616357,product,18,1.645000,17.463908,38,0.538591,C,11,11.333333,1,24,Forecast,20260824T181001Z-27103c
21373,MIRRORED WALL ART SNOWFLAKES,2011-11,2011-12,M2_gbm_poisson,63.869816,25.929019,product,17,1.645000,42.653237,107,0.405967,C,112,73.000000,1,24,Forecast,20260824T181001Z-27103c
21374,MIRRORED WALL ART SKULLS,2011-11,2011-12,M2_gbm_poisson,39.430106,22.630187,product,18,1.645000,37.226658,77,0.573932,C,27,28.333333,1,24,Forecast,20260824T181001Z-27103c
21375,LARGE CAMPHOR WOOD FIELD MUSHROOM,2011-11,2011-12,M2_gbm_poisson,5.323818,2.175440,product,18,1.645000,3.578600,9,0.408624,C,1,2.000000,1,24,Forecast,20260824T181001Z-27103c
21376,LARGE  TALL CAMPHOR WOOD TOADSTOOL,2011-11,2011-12,M2_gbm_poisson,6.892685,6.046947,product,18,1.645000,9.947227,17,0.877299,C,2,2.666667,1,24,Forecast,20260824T181001Z-27103c
21377,SMALL CAMPHOR WOOD FIELD  MUSHROOM,2011-11,2011-12,M2_gbm_poisson,17.301912,8.345910,product,18,1.645000,13.729021,32,0.482369,C,12,9.000000,1,24,Forecast,20260824T181001Z-27103c
21378,SMALL TALL CAMPHOR WOOD TOADSTOOL,2011-11,2011-12,M2_gbm_poisson,19.420743,17.447837,product,18,1.645000,28.701693,49,0.898412,C,8,9.666667,1,24,Forecast,20260824T181001Z-27103c
21379,CAMPHOR WOOD PORTOBELLO MUSHROOM,2011-11,2011-12,M2_gbm_poisson,24.058422,18.882047,product,18,1.645000,31.060967,56,0.784841,C,8,15.666667,1,24,Forecast,20260824T181001Z-27103c
21380,WOODEN HAPPY BIRTHDAY GARLAND,2011-11,2011-12,M2_gbm_poisson,107.426278,148.276613,product,18,1.645000,243.915028,352,1.380264,A,95,144.000000,1,24,Forecast,20260824T181001Z-27103c
21381,MINI WOODEN HAPPY BIRTHDAY GARLAND,2011-11,2011-12,M2_gbm_poisson,67.729853,122.485210,product,18,1.645000,201.488170,270,1.808438,A,86,107.666667,1,24,Forecast,20260824T181001Z-27103c
21382,SET/4 SPRING FLOWER DECORATION,2011-11,2011-12,M2_gbm_poisson,71.753337,33.847417,product,18,1.645000,55.679001,128,0.471719,C,62,129.666667,1,19,Forecast,20260824T181001Z-27103c
21383,PACK OF 12 STICKY BUNNIES,2011-11,2011-12,M2_gbm_poisson,49.285832,27.903317,product,18,1.645000,45.900956,96,0.566153,B,54,21.333333,1,24,Forecast,20260824T181001Z-27103c
21384,IVORY HANGING DECORATION  BUTTERFLY,2011-11,2011-12,M2_gbm_poisson,,,,,,,,,B,0,,,,Inactive (no sales in last 6 months),20260824T181001Z-27103c
21385,IVORY HANGING DECORATION  HEART,2011-11,2011-12,M2_gbm_poisson,119.071772,247.563551,product,18,1.645000,407.242042,527,2.079112,A,121,205.000000,1,24,Forecast,20260824T181001Z-27103c
21386,IVORY HANGING DECORATION  EGG,2011-11,2011-12,M2_gbm_poisson,58.498924,31.824166,product,18,1.645000,52.350753,111,0.544013,C,76,70.000000,1,23,Forecast,20260824T181001Z-27103c
21387,IVORY HANGING DECORATION  RABBIT,2011-11,2011-12,M2_gbm_poisson,,,,,,,,,C,0,,,,Inactive (no sales in last 6 months),20260824T181001Z-27103c
21388,IVORY HANGING DECORATION  CHICKEN,2011-11,2011-12,M2_gbm_poisson,,,,,,,,,C,0,,,,Inactive (no sales in last 6 months),20260824T181001Z-27103c
21389,IVORY HANGING DECORATION  BIRD,2011-11,2011-12,M2_gbm_poisson,34.071592,62.226086,product,18,1.645000,102.361912,137,1.826333,B,22,19.666667,1,24,Forecast,20260824T181001Z-27103c
21390,FILIGRIS HEART WITH BUTTERFLY,2011-11,2011-12,M2_gbm_poisson,158.638726,185.029993,product,18,1.645000,304.374339,464,1.166361,A,179,416.666667,1,24,Forecast,20260824T181001Z-27103c
21391,FRENCH LAVENDER SCENT HEART,2011-11,2011-12,M2_gbm_poisson,18.124667,33.262410,product,18,1.645000,54.716665,73,1.835201,B,1,14.333333,1,24,Forecast,20260824T181001Z-27103c
21392,RED SPOTTY PUDDING BOWL,2011-11,2011-12,M2_gbm_poisson,,,,,,,,,B,0,,,,Inactive (no sales in last 6 months),20260824T181001Z-27103c
21393,BLUE  SPOTTY PUDDING BOWL,2011-11,2011-12,M2_gbm_poisson,,,,,,,,,B,0,,,,Inactive (no sales in last 6 months),20260824T181001Z-27103c
21394,RED POLKADOT BEAKER,2011-11,2011-12,M2_gbm_poisson,126.652266,87.349429,product,18,1.645000,143.689811,271,0.689679,B,28,166.000000,1,23,Forecast,20260824T181001Z-27103c
21395,BLUE POLKADOT BEAKER,2011-11,2011-12,M2_gbm_poisson,37.573557,22.483600,product,18,1.645000,36.985521,75,0.598389,C,8,9.666667,1,24,Forecast,20260824T181001Z-27103c
21396,RED SPOTTY EGG CUP,2011-11,2011-12,M2_gbm_poisson,,,,,,,,,B,0,,,,Inactive (no sales in last 6 months),20260824T181001Z-27103c
21397,BLUE  SPOTTY EGG CUP,2011-11,2011-12,M2_gbm_poisson,,,,,,,,,B,0,,,,Inactive (no sales in last 6 months),20260824T181001Z-27103c
21398,RED POLKADOT COFFEE  MUG,2011-11,2011-12,M2_gbm_poisson,,,,,,,,,B,0,,,,Inactive (no sales in last 6 months),20260824T181001Z-27103c
21399,BLUE POLKADOT COFFEE MUG,2011-11,2011-12,M2_gbm_poisson,2.005555,27.943746,product,18,1.645000,45.967462,48,13.933176,B,0,0.000000,6,24,Forecast,20260824T181001Z-27103c
21400,RED PUDDING SPOON,2011-11,2011-12,M2_gbm_poisson,66.852329,47.576361,product,18,1.645000,78.263113,146,0.711663,C,90,103.333333,1,24,Forecast,20260824T181001Z-27103c
21401,BLUE PUDDING SPOON,2011-11,2011-12,M2_gbm_poisson,71.342612,54.491210,product,18,1.645000,89.638040,161,0.763796,C,70,98.000000,1,24,Forecast,20260824T181001Z-27103c
21402,RED  EGG  SPOON,2011-11,2011-12,M2_gbm_poisson,80.568477,40.254345,product,18,1.645000,66.218397,147,0.499629,C,213,145.000000,1,24,Forecast,20260824T181001Z-27103c
21403,BLUE EGG  SPOON,2011-11,2011-12,M2_gbm_poisson,106.903787,86.146640,product,18,1.645000,141.711223,249,0.805833,C,271,183.666667,1,24,Forecast,20260824T181001Z-27103c
21406,SPOTTY CAT DOORSTOP,2011-11,2011-12,M2_gbm_poisson,,,,,,,,,C,0,,,,Inactive (no sales in last 6 months),20260824T181001Z-27103c
21407,BROWN CHECK CAT DOORSTOP,2011-11,2011-12,M2_gbm_poisson,18.555230,21.978366,product,18,1.645000,36.154411,55,1.184484,A,4,24.000000,1,24,Forecast,20260824T181001Z-27103c
21408,SPOTTY PINK DUCK DOORSTOP,2011-11,2011-12,M2_gbm_poisson,38.616974,15.246562,product,18,1.645000,25.080594,64,0.394815,B,27,21.666667,1,24,Forecast,20260824T181001Z-27103c
21409,SPOTTY COCKEREL DOORSTOP,2011-11,2011-12,M2_gbm_poisson,,,,,,,,,C,0,,,,Inactive (no sales in last 6 months),20260824T181001Z-27103c
21410,COUNTRY COTTAGE  DOORSTOP GREEN,2011-11,2011-12,M2_gbm_poisson,,,,,,,,,B,0,,,,Inactive (no sales in last 6 months),20260824T181001Z-27103c
21411,GINGHAM HEART  DOORSTOP RED,2011-11,2011-12,M2_gbm_poisson,58.792308,18.120991,product,18,1.645000,29.809031,89,0.308220,A,71,56.666667,1,24,Forecast,20260824T181001Z-27103c
21412,VINTAGE GOLD TINSEL REEL,2011-11,2011-12,M2_gbm_poisson,,,,,,,,,C,0,,,,Inactive (no sales in last 6 months),20260824T181001Z-27103c
21413,PERIWINKLE T-LIGHT HOLDER,2011-11,2011-12,M2_gbm_poisson,8.551676,8.727011,product,18,1.645000,14.355934,23,1.020503,B,4,2.666667,1,24,Forecast,20260824T181001Z-27103c
21414,SCALLOP SHELL SOAP DISH,2011-11,2011-12,M2_gbm_poisson,,,,,,,,,C,0,,,,Inactive (no sales in last 6 months),20260824T181001Z-27103c
21415,CLAM SHELL SMALL,2011-11,2011-12,M2_gbm_poisson,31.521074,17.915631,product,18,1.645000,29.471212,61,0.568370,C,15,26.333333,1,24,Forecast,20260824T181001Z-27103c
21416,CLAM SHELL LARGE,2011-11,2011-12,M2_gbm_poisson,,,,,,,,,C,0,,,,Inactive (no sales in last 6 months),20260824T181001Z-27103c
21417,COCKLE SHELL DISH,2011-11,2011-12,M2_gbm_poisson,35.107716,16.508138,product,18,1.645000,27.155887,63,0.470214,C,22,23.666667,1,24,Forecast,20260824T181001Z-27103c
21418,STARFISH SOAP DISH,2011-11,2011-12,M2_gbm_poisson,6.690094,7.886230,product,18,1.645000,12.972848,20,1.178792,C,0,3.333333,2,24,Forecast,20260824T181001Z-27103c
21419,CONCH SHELL,2011-11,2011-12,M2_gbm_poisson,,,,,,,,,C,0,,,,Inactive (no sales in last 6 months),20260824T181001Z-27103c
21420,OYSTER TRINKET BOX,2011-11,2011-12,M2_gbm_poisson,8.830879,5.802836,product,18,1.645000,9.545665,19,0.657107,C,4,2.333333,1,23,Forecast,20260824T181001Z-27103c
21421,PORCELAIN ROSE LARGE,2011-11,2011-12,M2_gbm_poisson,,,,,,,,,B,0,,,,Inactive (no sales in last 6 months),20260824T181001Z-27103c
21422,PORCELAIN ROSE SMALL,2011-11,2011-12,M2_gbm_poisson,59.307852,70.487262,product,18,1.645000,115.951546,176,1.188498,B,24,273.666667,1,24,Forecast,20260824T181001Z-27103c
21424,WOODLAND STORAGE BOX LARGE,2011-11,2011-12,M2_gbm_poisson,25.975937,41.860195,product,18,1.645000,68.860021,95,1.611499,B,0,23.000000,2,24,Forecast,20260824T181001Z-27103c
21425,SKULLS STORAGE BOX LARGE,2011-11,2011-12,M2_gbm_poisson,25.518525,18.591212,product,18,1.645000,30.582544,57,0.728538,B,16,10.000000,1,24,Forecast,20260824T181001Z-27103c
21426,WOODLAND STORAGE BOX SMALL,2011-11,2011-12,M2_gbm_poisson,41.333253,41.031034,product,18,1.645000,67.496051,109,0.992688,B,36,26.333333,1,24,Forecast,20260824T181001Z-27103c
21427,SKULLS STORAGE BOX SMALL,2011-11,2011-12,M2_gbm_poisson,31.368331,13.855866,product,18,1.645000,22.792900,55,0.441715,C,19,16.333333,1,24,Forecast,20260824T181001Z-27103c
21428,SET3 BOOK BOX GREEN GINGHAM FLOWER,2011-11,2011-12,M2_gbm_poisson,92.126291,60.155416,product,18,1.645000,98.955660,192,0.652967,A,170,124.666667,1,24,Forecast,20260824T181001Z-27103c
21429,RED GINGHAM ROSE JEWELLERY BOX,2011-11,2011-12,M2_gbm_poisson,176.877789,145.241458,product,18,1.645000,238.922198,416,0.821140,A,318,242.000000,1,24,Forecast,20260824T181001Z-27103c
21430,SET/3 RED GINGHAM ROSE STORAGE BOX,2011-11,2011-12,M2_gbm_poisson,168.323881,157.258842,product,18,1.645000,258.690796,428,0.934263,A,183,203.000000,1,24,Forecast,20260824T181001Z-27103c
21431,GREEN GINGHAM FLOWER JEWELLERY BOX,2011-11,2011-12,M2_gbm_poisson,,,,,,,,,B,0,,,,Inactive (no sales in last 6 months),20260824T181001Z-27103c
21432,SET OF 3 CASES WOODLAND DESIGN,2011-11,2011-12,M2_gbm_poisson,,,,,,,,,A,0,,,,Inactive (no sales in last 6 months),20260824T181001Z-27103c
21437,24 HANGING EASTER EGGS FLORAL TUB,2011-11,2011-12,M2_gbm_poisson,,,,,,,,,B,0,,,,Inactive (no sales in last 6 months),20260824T181001Z-27103c
21438,TUB 24 HANGING EASTER EGGS SPOTTY,2011-11,2011-12,M2_gbm_poisson,,,,,,,,,B,0,,,,Inactive (no sales in last 6 months),20260824T181001Z-27103c
21439,BASKET OF TOADSTOOLS,2011-11,2011-12,M2_gbm_poisson,75.404506,88.713366,product,18,1.645000,145.933487,222,1.176500,B,186,73.000000,1,24,Forecast,20260824T181001Z-27103c
21440,12 MINI TOADSTOOL PEGS,2011-11,2011-12,M2_gbm_poisson,,,,,,,,,C,0,,,,Inactive (no sales in last 6 months),20260824T181001Z-27103c
21441,BLUE BIRDHOUSE DECORATION,2011-11,2011-12,M2_gbm_poisson,30.271894,11.555269,product,18,1.645000,19.008417,50,0.381716,C,19,14.666667,1,24,Forecast,20260824T181001Z-27103c
21442,GREEN BIRDHOUSE DECORATION,2011-11,2011-12,M2_gbm_poisson,33.204798,20.650802,product,18,1.645000,33.970569,68,0.621922,C,17,20.666667,1,24,Forecast,20260824T181001Z-27103c
21443,OLIVE CHALET BIRDFEEDER,2011-11,2011-12,M2_gbm_poisson,,,,,,,,,C,0,,,,Inactive (no sales in last 6 months),20260824T181001Z-27103c
21444,BLUE CHALET BIRDFEEDER,2011-11,2011-12,M2_gbm_poisson,,,,,,,,,C,0,,,,Inactive (no sales in last 6 months),20260824T181001Z-27103c
21445,12 PINK ROSE PEG PLACE SETTINGS,2011-11,2011-12,M2_gbm_poisson,2.043465,35.986585,product,18,1.645000,59.197933,62,17.610571,B,0,0.000000,5,24,Forecast,20260824T181001Z-27103c
21446,12 RED ROSE PEG PLACE SETTINGS,2011-11,2011-12,M2_gbm_poisson,47.464659,31.003535,product,18,1.645000,51.000815,99,0.653192,B,52,53.000000,1,24,Forecast,20260824T181001Z-27103c
21447,12 IVORY ROSE PEG PLACE SETTINGS,2011-11,2011-12,M2_gbm_poisson,9.266281,69.810820,product,18,1.645000,114.838799,125,7.533856,A,0,13.666667,3,24,Forecast,20260824T181001Z-27103c
21448,12 DAISY PEGS IN WOOD BOX,2011-11,2011-12,M2_gbm_poisson,10.838335,25.189173,product,18,1.645000,41.436189,53,2.324081,B,0,3.666667,2,24,Forecast,20260824T181001Z-27103c
21450,DISTRESSED CANDLE STICK WHITE,2011-11,2011-12,M2_gbm_poisson,,,,,,,,,C,0,,,,Inactive (no sales in last 6 months),20260824T181001Z-27103c
21452,TOADSTOOL MONEY BOX,2011-11,2011-12,M2_gbm_poisson,60.491963,35.788509,product,18,1.645000,58.872097,120,0.591624,A,76,55.666667,1,21,Forecast,20260824T181001Z-27103c
21454,PAINTED PINK RABBIT,2011-11,2011-12,M2_gbm_poisson,13.735013,30.819120,product,18,1.645000,50.697452,65,2.243836,C,4,5.000000,1,23,Forecast,20260824T181001Z-27103c
21455,PAINTED YELLOW WOODEN DAISY,2011-11,2011-12,M2_gbm_poisson,16.823286,33.163779,product,18,1.645000,54.554417,72,1.971302,C,3,4.666667,1,23,Forecast,20260824T181001Z-27103c
21456,2 PICTURE BOOK EGGS EASTER CHICKS,2011-11,2011-12,M2_gbm_poisson,2.971204,16.203959,product,18,1.645000,26.655513,30,5.453667,C,0,0.000000,4,24,Forecast,20260824T181001Z-27103c
21457,2 PICTURE BOOK EGGS EASTER DUCKS,2011-11,2011-12,M2_gbm_poisson,16.569031,11.200693,product,17,1.645000,18.425140,35,0.676002,C,12,4.000000,1,24,Forecast,20260824T181001Z-27103c
21458,2 PICTURE BOOK EGGS EASTER BUNNY,2011-11,2011-12,M2_gbm_poisson,14.477605,14.370513,product,18,1.645000,23.639494,39,0.992603,C,12,4.000000,1,24,Forecast,20260824T181001Z-27103c
21459,YELLOW EASTER EGG HUNT START POST,2011-11,2011-12,M2_gbm_poisson,,,,,,,,,C,0,,,,Inactive (no sales in last 6 months),20260824T181001Z-27103c
21460,GREEN EASTER EGG HUNT START POST,2011-11,2011-12,M2_gbm_poisson,,,,,,,,,C,0,,,,Inactive (no sales in last 6 months),20260824T181001Z-27103c
21461,BLUE EASTER EGG HUNT START POST,2011-11,2011-12,M2_gbm_poisson,,,,,,,,,C,0,,,,Inactive (no sales in last 6 months),20260824T181001Z-27103c
21462,"NURSERY A,B,C PAINTED LETTERS",2011-11,2011-12,M2_gbm_poisson,14.694518,14.667023,product,18,1.645000,24.127252,39,0.998129,B,5,9.000000,1,24,Forecast,20260824T181001Z-27103c
21463,MIRRORED DISCO BALL,2011-11,2011-12,M2_gbm_poisson,68.190069,15.796001,product,18,1.645000,25.984422,95,0.231647,A,104,95.666667,1,24,Forecast,20260824T181001Z-27103c
21464,DISCO BALL ROTATOR BATTERY OPERATED,2011-11,2011-12,M2_gbm_poisson,41.942160,14.614957,product,18,1.645000,24.041604,66,0.348455,B,39,30.000000,1,24,Forecast,20260824T181001Z-27103c
21465,PINK FLOWER CROCHET FOOD COVER,2011-11,2011-12,M2_gbm_poisson,24.660349,20.280206,product,18,1.645000,33.360940,59,0.822381,B,12,16.666667,1,24,Forecast,20260824T181001Z-27103c
21466,RED FLOWER CROCHET FOOD COVER,2011-11,2011-12,M2_gbm_poisson,35.978818,38.882367,product,18,1.645000,63.961493,100,1.080702,B,28,15.000000,1,24,Forecast,20260824T181001Z-27103c
21467,CHERRY CROCHET FOOD COVER,2011-11,2011-12,M2_gbm_poisson,10.838454,19.173519,product,18,1.645000,31.540439,43,1.769027,B,3,5.333333,1,24,Forecast,20260824T181001Z-27103c
21468,BUTTERFLY CROCHET FOOD COVER,2011-11,2011-12,M2_gbm_poisson,8.478308,15.396125,product,18,1.645000,25.326626,34,1.815943,B,3,3.666667,1,24,Forecast,20260824T181001Z-27103c
21469,POLKA DOT RAFFIA FOOD COVER,2011-11,2011-12,M2_gbm_poisson,12.300424,28.261385,product,18,1.645000,46.489978,59,2.297594,B,3,6.666667,1,24,Forecast,20260824T181001Z-27103c
21470,FLOWER VINE RAFFIA FOOD COVER,2011-11,2011-12,M2_gbm_poisson,40.362807,25.498190,product,18,1.645000,41.944523,83,0.631725,A,24,21.000000,1,24,Forecast,20260824T181001Z-27103c
21471,STRAWBERRY RAFFIA FOOD COVER,2011-11,2011-12,M2_gbm_poisson,46.099392,43.181798,product,18,1.645000,71.034058,118,0.936711,A,26,27.333333,1,24,Forecast,20260824T181001Z-27103c
21472,LADYBIRD + BEE RAFFIA FOOD COVER,2011-11,2011-12,M2_gbm_poisson,2.064227,13.055092,product,18,1.645000,21.475627,24,6.324447,A,0,0.000000,5,24,Forecast,20260824T181001Z-27103c
21473,SWEETHEART CREAM STEEL TABLE RECT,2011-11,2011-12,M2_gbm_poisson,4.126432,4.546428,product,18,1.645000,7.478874,12,1.101782,B,1,1.666667,1,24,Forecast,20260824T181001Z-27103c
21474,SWEETHEART CREAM STEEL FOLDIN BENCH,2011-11,2011-12,M2_gbm_poisson,,,,,,,,,A,0,,,,Inactive (no sales in last 6 months),20260824T181001Z-27103c
21475,SWEETHEART CREAM STEEL FOLDIN CHAIR,2011-11,2011-12,M2_gbm_poisson,,,,,,,,,C,0,,,,Inactive (no sales in last 6 months),20260824T181001Z-27103c
21476,STEEL SWEETHEART ROUND TABLE CREAM,2011-11,2011-12,M2_gbm_poisson,3.586519,5.730547,product,18,1.645000,9.426751,14,1.597802,B,0,1.000000,2,23,Forecast,20260824T181001Z-27103c
21477,STRING OF 20 ROSE LIGHTS,2011-11,2011-12,M2_gbm_poisson,,,,,,,,,A,0,,,,Inactive (no sales in last 6 months),20260824T181001Z-27103c
21478,SILVER SKULL HOT WATER BOTTLE,2011-11,2011-12,M2_gbm_poisson,,,,,,,,,C,0,,,,Inactive (no sales in last 6 months),20260824T181001Z-27103c
21479,WHITE SKULL HOT WATER BOTTLE,2011-11,2011-12,M2_gbm_poisson,487.536597,32.850304,product,16,1.645000,54.038750,542,0.067380,A,911,510.000000,1,24,Forecast,20260824T181001Z-27103c
21480,PINK STRIPE HOT WATER BOTTLE,2011-11,2011-12,M2_gbm_poisson,,,,,,,,,C,0,,,,Inactive (no sales in last 6 months),20260824T181001Z-27103c
21481,FAWN BLUE HOT WATER BOTTLE,2011-11,2011-12,M2_gbm_poisson,254.805985,220.987797,product,18,1.645000,363.524925,619,0.867279,A,537,421.333333,1,24,Forecast,20260824T181001Z-27103c
21482,MUSHROOM BLUE HOT WATER BOTTLE,2011-11,2011-12,M2_gbm_poisson,,,,,,,,,B,0,,,,Inactive (no sales in last 6 months),20260824T181001Z-27103c
21484,CHICK GREY HOT WATER BOTTLE,2011-11,2011-12,M2_gbm_poisson,231.371900,148.725161,product,18,1.645000,244.652890,477,0.642797,A,450,296.333333,1,24,Forecast,20260824T181001Z-27103c
21485,RETROSPOT HEART HOT WATER BOTTLE,2011-11,2011-12,M2_gbm_poisson,467.800895,247.934995,product,18,1.645000,407.853066,876,0.530001,A,770,656.666667,1,24,Forecast,20260824T181001Z-27103c
21486,PINK HEART DOTS HOT WATER BOTTLE,2011-11,2011-12,M2_gbm_poisson,,,,,,,,,A,0,,,,Inactive (no sales in last 6 months),20260824T181001Z-27103c
21488,RED WHITE SCARF  HOT WATER BOTTLE,2011-11,2011-12,M2_gbm_poisson,,,,,,,,,A,0,,,,Inactive (no sales in last 6 months),20260824T181001Z-27103c
21489,BLUE WHITE SCARF HOT WATER BOTTLE,2011-11,2011-12,M2_gbm_poisson,,,,,,,,,C,0,,,,Inactive (no sales in last 6 months),20260824T181001Z-27103c
21490,SET OF THREE 50'S GIFT WRAPS,2011-11,2011-12,M2_gbm_poisson,,,,,,,,,B,0,,,,Inactive (no sales in last 6 months),20260824T181001Z-27103c
21491,SET OF THREE VINTAGE GIFT WRAPS,2011-11,2011-12,M2_gbm_poisson,,,,,,,,,A,0,,,,Inactive (no sales in last 6 months),20260824T181001Z-27103c
21493,VINTAGE DESIGN GIFT TAGS,2011-11,2011-12,M2_gbm_poisson,,,,,,,,,C,0,,,,Inactive (no sales in last 6 months),20260824T181001Z-27103c
21494,ROTATING LEAVES T-LIGHT HOLDER,2011-11,2011-12,M2_gbm_poisson,203.030431,51.390695,product,18,1.645000,84.537693,288,0.253118,A,388,357.000000,1,24,Forecast,20260824T181001Z-27103c
21495,SKULLS AND CROSSBONES WRAP,2011-11,2011-12,M2_gbm_poisson,267.566807,301.651497,product,18,1.645000,496.216712,764,1.127388,A,1075,775.000000,1,24,Forecast,20260824T181001Z-27103c
21496,WOODLAND CREATURES  WRAP,2011-11,2011-12,M2_gbm_poisson,,,,,,,,,C,0,,,,Inactive (no sales in last 6 months),20260824T181001Z-27103c
21497,FANCY FONTS BIRTHDAY WRAP,2011-11,2011-12,M2_gbm_poisson,382.792867,362.303966,product,18,1.645000,595.990024,979,0.946475,A,925,1041.666667,1,24,Forecast,20260824T181001Z-27103c
21498,RED RETROSPOT WRAP,2011-11,2011-12,M2_gbm_poisson,546.119315,323.334104,product,18,1.645000,531.884600,1079,0.592058,A,1200,1058.333333,1,24,Forecast,20260824T181001Z-27103c
21499,BLUE POLKADOT WRAP,2011-11,2011-12,M2_gbm_poisson,239.505123,288.447376,product,18,1.645000,474.495934,715,1.204347,A,825,683.333333,1,24,Forecast,20260824T181001Z-27103c
21500,PINK POLKADOT WRAP,2011-11,2011-12,M2_gbm_poisson,185.473100,263.113561,product,18,1.645000,432.821808,619,1.418608,A,650,608.333333,1,24,Forecast,20260824T181001Z-27103c
21503,TOYBOX  WRAP,2011-11,2011-12,M2_gbm_poisson,45.025255,53.763519,product,18,1.645000,88.440989,134,1.194075,C,50,41.666667,1,24,Forecast,20260824T181001Z-27103c
21504,SKULLS GREETING CARD,2011-11,2011-12,M2_gbm_poisson,109.828467,224.896474,product,18,1.645000,369.954699,480,2.047707,B,126,225.666667,1,24,Forecast,20260824T181001Z-27103c
21506,"FANCY FONT BIRTHDAY CARD,",2011-11,2011-12,M2_gbm_poisson,218.030647,177.934477,product,18,1.645000,292.702215,511,0.816098,A,430,536.666667,1,24,Forecast,20260824T181001Z-27103c
21507,"ELEPHANT, BIRTHDAY CARD,",2011-11,2011-12,M2_gbm_poisson,186.078044,146.359611,product,18,1.645000,240.761560,427,0.786550,B,470,326.000000,1,24,Forecast,20260824T181001Z-27103c
21508,VINTAGE KID DOLLY CARD,2011-11,2011-12,M2_gbm_poisson,88.981073,98.248519,product,18,1.645000,161.618814,251,1.104151,B,203,166.333333,1,24,Forecast,20260824T181001Z-27103c
21509,COWBOYS AND INDIANS BIRTHDAY CARD,2011-11,2011-12,M2_gbm_poisson,165.478589,182.619789,product,18,1.645000,300.409552,466,1.103586,B,300,321.333333,1,24,Forecast,20260824T181001Z-27103c
21511,VINTAGE COLLAGE  GREETING  CARD,2011-11,2011-12,M2_gbm_poisson,,,,,,,,,C,0,,,,Inactive (no sales in last 6 months),20260824T181001Z-27103c
21518,BANK ACCOUNT  GREETING  CARD,2011-11,2011-12,M2_gbm_poisson,2.043465,24.946883,product,18,1.645000,41.037622,44,12.208128,C,0,0.000000,5,24,Forecast,20260824T181001Z-27103c
21519,GIN & TONIC DIET GREETING CARD,2011-11,2011-12,M2_gbm_poisson,118.567360,128.760495,product,18,1.645000,211.811015,331,1.085969,B,365,282.333333,1,24,Forecast,20260824T181001Z-27103c
21520,BOOZE & WOMEN GREETING CARD,2011-11,2011-12,M2_gbm_poisson,32.053728,23.061229,product,18,1.645000,37.935722,70,0.719455,C,14,25.000000,1,24,Forecast,20260824T181001Z-27103c
21523,DOORMAT FANCY FONT HOME SWEET HOME,2011-11,2011-12,M2_gbm_poisson,188.877950,197.653489,product,18,1.645000,325.139989,515,1.046461,A,226,276.333333,1,24,Forecast,20260824T181001Z-27103c
21524,DOORMAT SPOTTY HOME SWEET HOME,2011-11,2011-12,M2_gbm_poisson,97.132098,57.329410,product,18,1.645000,94.306880,192,0.590221,A,150,200.666667,1,24,Forecast,20260824T181001Z-27103c
21525,BEWARE OF THE CAT DOORMAT,2011-11,2011-12,M2_gbm_poisson,,,,,,,,,C,0,,,,Inactive (no sales in last 6 months),20260824T181001Z-27103c
21527,RED RETROSPOT TRADITIONAL TEAPOT,2011-11,2011-12,M2_gbm_poisson,,,,,,,,,A,0,,,,Inactive (no sales in last 6 months),20260824T181001Z-27103c
21528,DAIRY MAID TRADITIONAL TEAPOT,2011-11,2011-12,M2_gbm_poisson,21.126842,16.314802,product,18,1.645000,26.837849,48,0.772231,A,10,14.333333,1,24,Forecast,20260824T181001Z-27103c
21529,RETRO SPOT CERAMIC TOASTRACK,2011-11,2011-12,M2_gbm_poisson,,,,,,,,,B,0,,,,Inactive (no sales in last 6 months),20260824T181001Z-27103c
21530,DAIRY MAID TOASTRACK,2011-11,2011-12,M2_gbm_poisson,61.123482,49.745051,product,18,1.645000,81.830610,143,0.813845,C,81,84.666667,1,24,Forecast,20260824T181001Z-27103c
21531,RED RETROSPOT SUGAR JAM BOWL,2011-11,2011-12,M2_gbm_poisson,73.706014,66.304509,product,18,1.645000,109.070918,183,0.899581,A,106,149.000000,1,24,Forecast,20260824T181001Z-27103c
21532,DAIRY MAID SUGAR JAM BOWL,2011-11,2011-12,M2_gbm_poisson,,,,,,,,,B,0,,,,Inactive (no sales in last 6 months),20260824T181001Z-27103c
21533,RETRO SPOT LARGE MILK JUG,2011-11,2011-12,M2_gbm_poisson,64.917072,39.120751,product,18,1.645000,64.353635,130,0.602627,A,75,69.333333,1,24,Forecast,20260824T181001Z-27103c
21534,DAIRY MAID LARGE MILK JUG,2011-11,2011-12,M2_gbm_poisson,43.859716,15.601430,product,18,1.645000,25.664352,70,0.355712,A,24,25.666667,1,24,Forecast,20260824T181001Z-27103c
21535,RED RETROSPOT SMALL MILK JUG,2011-11,2011-12,M2_gbm_poisson,130.213145,129.601635,product,18,1.645000,213.194689,344,0.995304,A,132,215.000000,1,24,Forecast,20260824T181001Z-27103c
21536,DAIRY MAID  SMALL  MILK JUG,2011-11,2011-12,M2_gbm_poisson,,,,,,,,,C,0,,,,Inactive (no sales in last 6 months),20260824T181001Z-27103c
21537,RED RETROSPOT PUDDING BOWL,2011-11,2011-12,M2_gbm_poisson,43.047056,25.737629,product,18,1.645000,42.338400,86,0.597895,A,50,22.000000,1,24,Forecast,20260824T181001Z-27103c
21538,DAIRY MAID  PUDDING BOWL,2011-11,2011-12,M2_gbm_poisson,,,,,,,,,B,0,,,,Inactive (no sales in last 6 months),20260824T181001Z-27103c
21539,RED RETROSPOT BUTTER DISH,2011-11,2011-12,M2_gbm_poisson,22.653670,63.297462,product,18,1.645000,104.124325,127,2.794137,A,1,73.333333,1,24,Forecast,20260824T181001Z-27103c
21540,DAIRY MAID CERAMIC BUTTER DISH,2011-11,2011-12,M2_gbm_poisson,,,,,,,,,B,0,,,,Inactive (no sales in last 6 months),20260824T181001Z-27103c
21541,DINOSAURS WATER TRANSFER TATTOOS,2011-11,2011-12,M2_gbm_poisson,,,,,,,,,B,0,,,,Inactive (no sales in last 6 months),20260824T181001Z-27103c
21542,WOODLAND WATER TRANSFER TATTOOS,2011-11,2011-12,M2_gbm_poisson,,,,,,,,,B,0,,,,Inactive (no sales in last 6 months),20260824T181001Z-27103c
21543,BUTTERFLY WATER TRANSFER TATTOOS,2011-11,2011-12,M2_gbm_poisson,,,,,,,,,C,0,,,,Inactive (no sales in last 6 months),20260824T181001Z-27103c
21544,SKULLS  WATER TRANSFER TATTOOS,2011-11,2011-12,M2_gbm_poisson,119.975646,121.942404,product,18,1.645000,200.595255,321,1.016393,A,213,202.333333,1,24,Forecast,20260824T181001Z-27103c
21545,CERAMIC BIRDHOUSE BUTTERFLY SMALL,2011-11,2011-12,M2_gbm_poisson,,,,,,,,,B,0,,,,Inactive (no sales in last 6 months),20260824T181001Z-27103c
21547,CERAMIC BIRDHOUSE CRESTED TIT SMALL,2011-11,2011-12,M2_gbm_poisson,,,,,,,,,B,0,,,,Inactive (no sales in last 6 months),20260824T181001Z-27103c
21548,CERAMIC BIRDHOUSE FINCH BLUE ROOF,2011-11,2011-12,M2_gbm_poisson,,,,,,,,,B,0,,,,Inactive (no sales in last 6 months),20260824T181001Z-27103c
21549,CERAMIC BIRDHOUSE RED ROOF SMALL,2011-11,2011-12,M2_gbm_poisson,,,,,,,,,B,0,,,,Inactive (no sales in last 6 months),20260824T181001Z-27103c
21550,CERAMIC BIRDHOUSE CRESTED TIT LARGE,2011-11,2011-12,M2_gbm_poisson,,,,,,,,,B,0,,,,Inactive (no sales in last 6 months),20260824T181001Z-27103c
21551,CERAMIC BIRDHOUSE BUTTERFLY LARGE,2011-11,2011-12,M2_gbm_poisson,,,,,,,,,C,0,,,,Inactive (no sales in last 6 months),20260824T181001Z-27103c
21552,CERAMIC BIRDHOUSE BLACK ROSE  LARGE,2011-11,2011-12,M2_gbm_poisson,,,,,,,,,C,0,,,,Inactive (no sales in last 6 months),20260824T181001Z-27103c
21553,CERAMIC BIRDHOUSE FINCH BLUE  LARGE,2011-11,2011-12,M2_gbm_poisson,,,,,,,,,C,0,,,,Inactive (no sales in last 6 months),20260824T181001Z-27103c
21554,CERAMIC BIRDHOUSE RED ROOF LARGE,2011-11,2011-12,M2_gbm_poisson,,,,,,,,,C,0,,,,Inactive (no sales in last 6 months),20260824T181001Z-27103c
21555,CERAMIC STRAWBERRY TRINKET TRAY,2011-11,2011-12,M2_gbm_poisson,28.544399,18.989152,product,18,1.645000,31.237155,60,0.665250,B,17,12.666667,1,24,Forecast,20260824T181001Z-27103c
21556,CERAMIC STRAWBERRY MONEY BOX,2011-11,2011-12,M2_gbm_poisson,6.690194,46.052127,product,18,1.645000,75.755749,83,6.883527,A,4,1.666667,1,24,Forecast,20260824T181001Z-27103c
21557,SET OF 6 FUNKY BEAKERS,2011-11,2011-12,M2_gbm_poisson,41.787115,16.896374,product,18,1.645000,27.794536,70,0.404344,B,35,19.666667,1,24,Forecast,20260824T181001Z-27103c
21558,SKULL LUNCH BOX WITH CUTLERY,2011-11,2011-12,M2_gbm_poisson,120.140906,95.082530,product,18,1.645000,156.410762,277,0.791425,A,216,203.000000,1,24,Forecast,20260824T181001Z-27103c
21559,STRAWBERRY LUNCH BOX WITH CUTLERY,2011-11,2011-12,M2_gbm_poisson,180.871482,217.252295,product,18,1.645000,357.380025,539,1.201142,A,257,322.333333,1,24,Forecast,20260824T181001Z-27103c
21560,TOADSTOOL  LUNCHBOX WITH CUTLERY,2011-11,2011-12,M2_gbm_poisson,,,,,,,,,C,0,,,,Inactive (no sales in last 6 months),20260824T181001Z-27103c
21561,DINOSAUR LUNCH BOX WITH CUTLERY,2011-11,2011-12,M2_gbm_poisson,60.470381,108.365565,product,18,1.645000,178.261355,239,1.792044,A,39,99.333333,1,24,Forecast,20260824T181001Z-27103c
21562,HAWAIIAN GRASS SKIRT,2011-11,2011-12,M2_gbm_poisson,37.468067,36.965367,product,18,1.645000,60.808029,99,0.986583,C,25,40.666667,1,23,Forecast,20260824T181001Z-27103c
21563,RED HEART SHAPE LOVE BUCKET,2011-11,2011-12,M2_gbm_poisson,66.461846,44.853089,product,18,1.645000,73.783332,141,0.674870,A,127,66.333333,1,24,Forecast,20260824T181001Z-27103c
21564,PINK  HEART SHAPE LOVE BUCKET,2011-11,2011-12,M2_gbm_poisson,39.609067,35.968907,product,18,1.645000,59.168853,99,0.908098,A,23,18.333333,1,24,Forecast,20260824T181001Z-27103c
21576,LETS GO SHOPPING COTTON TOTE BAG,2011-11,2011-12,M2_gbm_poisson,33.846104,26.037138,product,18,1.645000,42.831091,77,0.769280,B,18,18.000000,1,24,Forecast,20260824T181001Z-27103c
21577,SAVE THE PLANET COTTON TOTE BAG,2011-11,2011-12,M2_gbm_poisson,52.494652,57.421438,product,18,1.645000,94.458266,147,1.093853,A,53,42.000000,1,24,Forecast,20260824T181001Z-27103c
21578,WOODLAND DESIGN  COTTON TOTE BAG,2011-11,2011-12,M2_gbm_poisson,18.316931,23.039157,product,18,1.645000,37.899414,57,1.257807,A,1,3.333333,1,24,Forecast,20260824T181001Z-27103c
21579,LOLITA  DESIGN  COTTON TOTE BAG,2011-11,2011-12,M2_gbm_poisson,17.409150,16.135387,product,18,1.645000,26.542712,44,0.926834,B,5,11.333333,1,24,Forecast,20260824T181001Z-27103c
21580,RABBIT  DESIGN  COTTON TOTE BAG,2011-11,2011-12,M2_gbm_poisson,27.297378,16.283377,product,18,1.645000,26.786155,55,0.596518,B,17,12.333333,1,24,Forecast,20260824T181001Z-27103c
21581,SKULLS  DESIGN  COTTON TOTE BAG,2011-11,2011-12,M2_gbm_poisson,33.461624,24.689053,product,18,1.645000,40.613493,75,0.737832,B,18,28.333333,1,24,Forecast,20260824T181001Z-27103c
21582,KINGS CHOICE SMALL TUBE MATCHES,2011-11,2011-12,M2_gbm_poisson,,,,,,,,,C,0,,,,Inactive (no sales in last 6 months),20260824T181001Z-27103c
21584,RETROSPOT SMALL TUBE MATCHES,2011-11,2011-12,M2_gbm_poisson,84.670168,63.057632,product,18,1.645000,103.729805,189,0.744744,A,159,107.333333,1,24,Forecast,20260824T181001Z-27103c
21585,SWALLOW SMALL TUBE MATCHES,2011-11,2011-12,M2_gbm_poisson,,,,,,,,,C,0,,,,Inactive (no sales in last 6 months),20260824T181001Z-27103c
21586,KINGS CHOICE GIANT TUBE MATCHES,2011-11,2011-12,M2_gbm_poisson,72.848914,51.261830,product,18,1.645000,84.325710,158,0.703673,A,288,102.000000,1,24,Forecast,20260824T181001Z-27103c
21587,COSY HOUR GIANT TUBE MATCHES,2011-11,2011-12,M2_gbm_poisson,13.205748,89.262097,product,14,1.645000,146.836150,161,6.759336,A,0,15.000000,2,24,Forecast,20260824T181001Z-27103c
21588,RETROSPOT GIANT TUBE MATCHES,2011-11,2011-12,M2_gbm_poisson,227.691104,53.717042,product,18,1.645000,88.364533,317,0.235921,A,561,308.000000,1,24,Forecast,20260824T181001Z-27103c
21589,SWALLOW GIANT TUBE MATCHES,2011-11,2011-12,M2_gbm_poisson,,,,,,,,,B,0,,,,Inactive (no sales in last 6 months),20260824T181001Z-27103c
21590,KINGS CHOICE CIGAR BOX MATCHES,2011-11,2011-12,M2_gbm_poisson,,,,,,,,,A,0,,,,Inactive (no sales in last 6 months),20260824T181001Z-27103c
21591,COSY HOUR CIGAR BOX MATCHES,2011-11,2011-12,M2_gbm_poisson,231.113255,58.033033,product,18,1.645000,95.464339,327,0.251102,A,475,351.333333,1,24,Forecast,20260824T181001Z-27103c
21592,RETROSPOT CIGAR BOX MATCHES,2011-11,2011-12,M2_gbm_poisson,206.059711,50.742999,product,18,1.645000,83.472234,290,0.246254,A,459,232.000000,1,24,Forecast,20260824T181001Z-27103c
21593,SWALLOW CIGAR BOX MATCHES,2011-11,2011-12,M2_gbm_poisson,,,,,,,,,B,0,,,,Inactive (no sales in last 6 months),20260824T181001Z-27103c
21594,Dr. Jam's Arouzer Stress Ball,2011-11,2011-12,M2_gbm_poisson,,,,,,,,,C,0,,,,Inactive (no sales in last 6 months),20260824T181001Z-27103c
21595,Dad's Cab Electronic Meter,2011-11,2011-12,M2_gbm_poisson,,,,,,,,,C,0,,,,Inactive (no sales in last 6 months),20260824T181001Z-27103c
21596,Hypochondriac Pill Stress Ball,2011-11,2011-12,M2_gbm_poisson,,,,,,,,,C,0,,,,Inactive (no sales in last 6 months),20260824T181001Z-27103c
21609,SET 12 LAVENDER  BOTANICAL T-LIGHTS,2011-11,2011-12,M2_gbm_poisson,4.281864,37.212159,product,18,1.645000,61.214002,66,8.690644,A,0,0.000000,4,24,Forecast,20260824T181001Z-27103c
21610,SET 12 PEAR BOTANICAL T-LIGHTS,2011-11,2011-12,M2_gbm_poisson,,,,,,,,,B,0,,,,Inactive (no sales in last 6 months),20260824T181001Z-27103c
21611,SET OF 12 LILY BOTANICAL T-LIGHTS,2011-11,2011-12,M2_gbm_poisson,,,,,,,,,B,0,,,,Inactive (no sales in last 6 months),20260824T181001Z-27103c
21612,SET 12 WILDFLOWER BOTANICAL T-LIGHT,2011-11,2011-12,M2_gbm_poisson,,,,,,,,,B,0,,,,Inactive (no sales in last 6 months),20260824T181001Z-27103c
21613,S/12 VANILLA  BOTANICAL T-LIGHTS,2011-11,2011-12,M2_gbm_poisson,21.911048,22.297536,product,18,1.645000,36.679446,59,1.017639,B,0,18.000000,2,24,Forecast,20260824T181001Z-27103c
21614,SET OF 12 ROSE BOTANICAL T-LIGHTS,2011-11,2011-12,M2_gbm_poisson,,,,,,,,,A,0,,,,Inactive (no sales in last 6 months),20260824T181001Z-27103c
21615,4 LAVENDER BOTANICAL DINNER CANDLES,2011-11,2011-12,M2_gbm_poisson,207.525013,19.673282,product,18,1.645000,32.362549,240,0.094800,B,472,202.666667,1,24,Forecast,20260824T181001Z-27103c
21616,4 PEAR BOTANICAL DINNER CANDLES,2011-11,2011-12,M2_gbm_poisson,207.525013,23.689083,product,18,1.645000,38.968542,247,0.114150,B,457,200.333333,1,24,Forecast,20260824T181001Z-27103c
21617,4 LILY  BOTANICAL DINNER CANDLES,2011-11,2011-12,M2_gbm_poisson,78.891441,17.897674,product,18,1.645000,29.441674,109,0.226865,B,165,99.000000,1,24,Forecast,20260824T181001Z-27103c
21618,4 WILDFLOWER BOTANICAL CANDLES,2011-11,2011-12,M2_gbm_poisson,62.271214,17.089555,product,18,1.645000,28.112317,91,0.274437,B,102,69.666667,1,24,Forecast,20260824T181001Z-27103c
21619,4 VANILLA BOTANICAL CANDLES,2011-11,2011-12,M2_gbm_poisson,231.225031,21.630797,product,18,1.645000,35.582661,267,0.093549,B,510,235.000000,1,24,Forecast,20260824T181001Z-27103c
21620,SET OF 4 ROSE BOTANICAL CANDLES,2011-11,2011-12,M2_gbm_poisson,183.638368,29.374601,product,18,1.645000,48.321219,232,0.159959,B,337,149.666667,1,24,Forecast,20260824T181001Z-27103c
21621,VINTAGE UNION JACK BUNTING,2011-11,2011-12,M2_gbm_poisson,96.712877,280.526252,product,18,1.645000,461.465684,559,2.900609,A,120,126.333333,1,24,Forecast,20260824T181001Z-27103c
21622,VINTAGE UNION JACK CUSHION COVER,2011-11,2011-12,M2_gbm_poisson,13.175430,47.107020,product,18,1.645000,77.491047,91,3.575369,A,3,9.000000,1,24,Forecast,20260824T181001Z-27103c
21623,VINTAGE UNION JACK MEMOBOARD,2011-11,2011-12,M2_gbm_poisson,76.485243,181.822219,product,18,1.645000,299.097550,376,2.377220,A,173,87.333333,1,22,Forecast,20260824T181001Z-27103c
21624,VINTAGE UNION JACK DOORSTOP,2011-11,2011-12,M2_gbm_poisson,37.222602,28.568068,product,18,1.645000,46.994472,85,0.767492,A,27,19.666667,1,24,Forecast,20260824T181001Z-27103c
21625,VINTAGE UNION JACK APRON,2011-11,2011-12,M2_gbm_poisson,43.164822,14.735288,product,18,1.645000,24.239549,68,0.341373,A,42,30.333333,1,24,Forecast,20260824T181001Z-27103c
21626,VINTAGE UNION JACK PENNANT,2011-11,2011-12,M2_gbm_poisson,23.670785,32.924719,product,18,1.645000,54.161163,78,1.390943,B,12,18.000000,1,24,Forecast,20260824T181001Z-27103c
21627,ELEPHANT CARNIVAL POUFFE,2011-11,2011-12,M2_gbm_poisson,5.278872,5.538675,product,18,1.645000,9.111120,15,1.049216,B,0,3.333333,2,24,Forecast,20260824T181001Z-27103c
21628,TRIANGULAR POUFFE VINTAGE,2011-11,2011-12,M2_gbm_poisson,9.735051,6.701900,product,18,1.645000,11.024625,21,0.688430,B,3,7.333333,1,24,Forecast,20260824T181001Z-27103c
21629,SQUARE FLOOR CUSHION VINTAGE RED,2011-11,2011-12,M2_gbm_poisson,27.145731,7.543539,product,18,1.645000,12.409122,40,0.277890,B,21,13.333333,1,24,Forecast,20260824T181001Z-27103c
21630,FLOOR CUSHION ELEPHANT CARNIVAL,2011-11,2011-12,M2_gbm_poisson,14.505785,8.764120,product,18,1.645000,14.416978,29,0.604181,B,5,12.000000,1,24,Forecast,20260824T181001Z-27103c
21631,HIPPY CHIC DECORATIVE PARASOL,2011-11,2011-12,M2_gbm_poisson,4.183783,5.620945,product,18,1.645000,9.246455,14,1.343508,B,1,0.333333,1,24,Forecast,20260824T181001Z-27103c
21632,VINTAGE PINK DECORATIVE PARASOL,2011-11,2011-12,M2_gbm_poisson,,,,,,,,,B,0,,,,Inactive (no sales in last 6 months),20260824T181001Z-27103c
21633,SUNFLOWER DECORATIVE PARASOL,2011-11,2011-12,M2_gbm_poisson,10.441761,10.476909,product,18,1.645000,17.234516,28,1.003366,B,6,2.333333,1,24,Forecast,20260824T181001Z-27103c
21634,ASSORTED MINI MADRAS NOTEBOOK,2011-11,2011-12,M2_gbm_poisson,30.894819,36.021855,product,18,1.645000,59.255952,91,1.165951,B,0,24.000000,2,24,Forecast,20260824T181001Z-27103c
21635,MADRAS NOTEBOOK LARGE,2011-11,2011-12,M2_gbm_poisson,2.006944,7.661927,product,18,1.645000,12.603869,15,3.817708,C,0,0.000000,5,24,Forecast,20260824T181001Z-27103c
21636,MADRAS NOTEBOOK MEDIUM,2011-11,2011-12,M2_gbm_poisson,86.923592,8.628231,product,18,1.645000,14.193441,102,0.099262,C,140,148.000000,1,24,Forecast,20260824T181001Z-27103c
21637,ASSORTED SANSKRIT MINI NOTEBOOK,2011-11,2011-12,M2_gbm_poisson,4.554971,49.618897,product,18,1.645000,81.623085,87,10.893350,B,0,0.333333,2,24,Forecast,20260824T181001Z-27103c
21638,ASSORTED TUTTI FRUTTI NOTEBOOK,2011-11,2011-12,M2_gbm_poisson,49.198714,36.588308,product,18,1.645000,60.187766,110,0.743684,B,59,43.000000,1,24,Forecast,20260824T181001Z-27103c
21639,ASSORTED TUTTI FRUTTI KEYRING,2011-11,2011-12,M2_gbm_poisson,,,,,,,,,C,0,,,,Inactive (no sales in last 6 months),20260824T181001Z-27103c
21640,ASSORTED TUTTI FRUTTI  FOB NOTEBOOK,2011-11,2011-12,M2_gbm_poisson,65.993872,40.094416,product,18,1.645000,65.955314,132,0.607548,B,121,97.666667,1,24,Forecast,20260824T181001Z-27103c
21641,ASSORTED TUTTI FRUTTI KEYRING BALL,2011-11,2011-12,M2_gbm_poisson,14.334037,41.664283,product,18,1.645000,68.537746,83,2.906668,C,0,208.666667,3,24,Forecast,20260824T181001Z-27103c
21642,ASSORTED TUTTI FRUTTI PEN,2011-11,2011-12,M2_gbm_poisson,212.871582,148.191246,product,18,1.645000,243.774599,457,0.696153,B,459,455.333333,1,24,Forecast,20260824T181001Z-27103c
21643,ASSORTED TUTTI FRUTTI MIRROR,2011-11,2011-12,M2_gbm_poisson,48.756639,42.829017,product,18,1.645000,70.453733,120,0.878424,B,106,56.333333,1,24,Forecast,20260824T181001Z-27103c
21644,ASSORTED TUTTI FRUTTI HEART BOX,2011-11,2011-12,M2_gbm_poisson,24.391194,23.710000,product,18,1.645000,39.002950,64,0.972072,B,18,9.333333,1,24,Forecast,20260824T181001Z-27103c
21645,ASSORTED TUTTI FRUTTI ROUND BOX,2011-11,2011-12,M2_gbm_poisson,,,,,,,,,B,0,,,,Inactive (no sales in last 6 months),20260824T181001Z-27103c
21647,ASSORTED TUTTI FRUTTI LARGE PURSE,2011-11,2011-12,M2_gbm_poisson,16.868649,25.054939,product,18,1.645000,41.215375,59,1.485296,B,8,9.000000,1,24,Forecast,20260824T181001Z-27103c
21648,ASSORTED TUTTI FRUTTI SMALL PURSE,2011-11,2011-12,M2_gbm_poisson,64.872840,57.593088,product,18,1.645000,94.740630,160,0.887784,A,93,117.000000,1,24,Forecast,20260824T181001Z-27103c
21649,ASSORTED TUTTI FRUTTI PHOTO FRAME,2011-11,2011-12,M2_gbm_poisson,,,,,,,,,B,0,,,,Inactive (no sales in last 6 months),20260824T181001Z-27103c
21650,ASSORTED TUTTI FRUTTI BRACELET,2011-11,2011-12,M2_gbm_poisson,165.376218,103.649110,product,18,1.645000,170.502785,336,0.626747,C,386,306.000000,1,24,Forecast,20260824T181001Z-27103c
21651,HANGING GLASS ETCHED TEALIGHT,2011-11,2011-12,M2_gbm_poisson,,,,,,,,,B,0,,,,Inactive (no sales in last 6 months),20260824T181001Z-27103c
21652,GLASS ETCHED T-LIGHT HOLDER MEDIUM,2011-11,2011-12,M2_gbm_poisson,,,,,,,,,B,0,,,,Inactive (no sales in last 6 months),20260824T181001Z-27103c
21653,GLASS ETCHED T-LIGHT HOLDER LARGE,2011-11,2011-12,M2_gbm_poisson,,,,,,,,,B,0,,,,Inactive (no sales in last 6 months),20260824T181001Z-27103c
21654,RIDGED GLASS FINGER BOWL,2011-11,2011-12,M2_gbm_poisson,3.986073,15.157114,product,18,1.645000,24.933453,29,3.802518,C,0,1.333333,3,24,Forecast,20260824T181001Z-27103c
21655,HANGING RIDGE GLASS T-LIGHT HOLDER,2011-11,2011-12,M2_gbm_poisson,,,,,,,,,B,0,,,,Inactive (no sales in last 6 months),20260824T181001Z-27103c
21656,RIDGED GLASS POSY VASE,2011-11,2011-12,M2_gbm_poisson,,,,,,,,,B,0,,,,Inactive (no sales in last 6 months),20260824T181001Z-27103c
21657,MILK BOTTLE WITH GLASS STOPPER,2011-11,2011-12,M2_gbm_poisson,,,,,,,,,B,0,,,,Inactive (no sales in last 6 months),20260824T181001Z-27103c
21658,GLASS  BEURRE DISH,2011-11,2011-12,M2_gbm_poisson,2.538184,43.002287,product,18,1.645000,70.738763,74,16.942146,A,0,0.000000,4,24,Forecast,20260824T181001Z-27103c
21659,GLASS CAKE STAND,2011-11,2011-12,M2_gbm_poisson,,,,,,,,,B,0,,,,Inactive (no sales in last 6 months),20260824T181001Z-27103c
21661,VINTAGE GLASS TEA CADDY,2011-11,2011-12,M2_gbm_poisson,,,,,,,,,B,0,,,,Inactive (no sales in last 6 months),20260824T181001Z-27103c
21662,VINTAGE GLASS COFFEE CADDY,2011-11,2011-12,M2_gbm_poisson,2.443777,9.466506,product,18,1.645000,15.572402,19,3.873720,B,0,0.000000,4,24,Forecast,20260824T181001Z-27103c
21663,VINTAGE GLASS SUGAR CADDY,2011-11,2011-12,M2_gbm_poisson,,,,,,,,,C,0,,,,Inactive (no sales in last 6 months),20260824T181001Z-27103c
21664,RIDGED GLASS STORAGE JAR CREAM LID,2011-11,2011-12,M2_gbm_poisson,3.891679,8.320995,product,18,1.645000,13.688037,18,2.138150,B,0,1.000000,2,24,Forecast,20260824T181001Z-27103c
21665,TRIANGULAR RIDGED GLASS POSY HOLDER,2011-11,2011-12,M2_gbm_poisson,,,,,,,,,C,0,,,,Inactive (no sales in last 6 months),20260824T181001Z-27103c
21666,RIDGED GLASS T-LIGHT HOLDER,2011-11,2011-12,M2_gbm_poisson,53.213333,47.416577,product,18,1.645000,78.000269,132,0.891066,B,83,41.000000,1,24,Forecast,20260824T181001Z-27103c
21667,GLASS CAKE COVER AND PLATE,2011-11,2011-12,M2_gbm_poisson,,,,,,,,,A,0,,,,Inactive (no sales in last 6 months),20260824T181001Z-27103c
21668,RED STRIPE CERAMIC DRAWER KNOB,2011-11,2011-12,M2_gbm_poisson,276.608097,218.017304,product,18,1.645000,358.638466,636,0.788181,A,438,462.333333,1,24,Forecast,20260824T181001Z-27103c
21669,BLUE STRIPE CERAMIC DRAWER KNOB,2011-11,2011-12,M2_gbm_poisson,272.025830,212.083188,product,18,1.645000,348.876845,621,0.779644,A,437,471.333333,1,24,Forecast,20260824T181001Z-27103c
21670,BLUE SPOT CERAMIC DRAWER KNOB,2011-11,2011-12,M2_gbm_poisson,238.303849,193.531138,product,18,1.645000,318.358722,557,0.812119,A,515,444.333333,1,24,Forecast,20260824T181001Z-27103c
21671,RED SPOT CERAMIC DRAWER KNOB,2011-11,2011-12,M2_gbm_poisson,199.676765,168.773333,product,18,1.645000,277.632133,478,0.845233,A,404,343.333333,1,24,Forecast,20260824T181001Z-27103c
21672,WHITE SPOT RED CERAMIC DRAWER KNOB,2011-11,2011-12,M2_gbm_poisson,161.194489,281.380326,product,18,1.645000,462.870636,625,1.745595,A,212,354.000000,1,24,Forecast,20260824T181001Z-27103c
21673,WHITE SPOT BLUE CERAMIC DRAWER KNOB,2011-11,2011-12,M2_gbm_poisson,198.104950,237.259060,product,18,1.645000,390.291153,589,1.197643,A,268,354.666667,1,24,Forecast,20260824T181001Z-27103c
21674,RIDGED GLASS PENDANT LAMPSHADE,2011-11,2011-12,M2_gbm_poisson,,,,,,,,,C,0,,,,Inactive (no sales in last 6 months),20260824T181001Z-27103c
21675,BUTTERFLIES STICKERS,2011-11,2011-12,M2_gbm_poisson,58.835406,33.709411,product,18,1.645000,55.451981,115,0.572944,B,88,62.333333,1,24,Forecast,20260824T181001Z-27103c
21676,FLOWERS  STICKERS,2011-11,2011-12,M2_gbm_poisson,40.856194,34.955381,product,18,1.645000,57.501601,99,0.855571,C,26,19.333333,1,24,Forecast,20260824T181001Z-27103c
21677,HEARTS  STICKERS,2011-11,2011-12,M2_gbm_poisson,66.031970,43.359517,product,18,1.645000,71.326406,138,0.656644,B,119,88.000000,1,24,Forecast,20260824T181001Z-27103c
21678,PAISLEY PATTERN  STICKERS,2011-11,2011-12,M2_gbm_poisson,36.576109,12.963441,product,18,1.645000,21.324860,58,0.354424,C,31,17.000000,1,24,Forecast,20260824T181001Z-27103c
21679,SKULLS  STICKERS,2011-11,2011-12,M2_gbm_poisson,78.310213,125.800417,product,18,1.645000,206.941685,286,1.606437,A,155,138.000000,1,24,Forecast,20260824T181001Z-27103c
21680,WOODLAND  STICKERS,2011-11,2011-12,M2_gbm_poisson,69.030371,45.258367,product,18,1.645000,74.450014,144,0.655630,B,103,136.333333,1,24,Forecast,20260824T181001Z-27103c
21681,GIANT MEDINA STAMPED METAL BOWL,2011-11,2011-12,M2_gbm_poisson,,,,,,,,,B,0,,,,Inactive (no sales in last 6 months),20260824T181001Z-27103c
21682,LARGE MEDINA STAMPED METAL BOWL,2011-11,2011-12,M2_gbm_poisson,33.163883,9.658993,product,18,1.645000,15.889044,50,0.291250,B,16,24.333333,1,24,Forecast,20260824T181001Z-27103c
21683,MEDIUM MEDINA STAMPED METAL BOWL,2011-11,2011-12,M2_gbm_poisson,29.225444,33.410848,product,18,1.645000,54.960846,85,1.143211,B,10,38.333333,1,24,Forecast,20260824T181001Z-27103c
21684,SMALL MEDINA STAMPED METAL BOWL,2011-11,2011-12,M2_gbm_poisson,55.858321,40.190020,product,18,1.645000,66.112582,122,0.719499,B,50,33.000000,1,24,Forecast,20260824T181001Z-27103c
21685,MEDINA STAMPED METAL TRAY,2011-11,2011-12,M2_gbm_poisson,,,,,,,,,C,0,,,,Inactive (no sales in last 6 months),20260824T181001Z-27103c
21686,MEDINA STAMPED METAL STOOL,2011-11,2011-12,M2_gbm_poisson,3.009280,5.270091,product,18,1.645000,8.669299,12,1.751280,B,0,1.000000,2,24,Forecast,20260824T181001Z-27103c
21687,SILVER PLATE CANDLE BOWL LARGE,2011-11,2011-12,M2_gbm_poisson,,,,,,,,,B,0,,,,Inactive (no sales in last 6 months),20260824T181001Z-27103c
21688,SILVER PLATE CANDLE BOWL SMALL,2011-11,2011-12,M2_gbm_poisson,39.686580,24.557920,product,18,1.645000,40.397779,81,0.618797,B,31,20.333333,1,24,Forecast,20260824T181001Z-27103c
21689,SILVER VANILLA  FLOWER CANDLE POT,2011-11,2011-12,M2_gbm_poisson,11.909201,14.566648,product,18,1.645000,23.962136,36,1.223142,B,3,7.666667,1,24,Forecast,20260824T181001Z-27103c
21690,SILVER  CANDLEPOT JARDIN,2011-11,2011-12,M2_gbm_poisson,,,,,,,,,B,0,,,,Inactive (no sales in last 6 months),20260824T181001Z-27103c
21691,SILVER VANILLA FLOWER CANDLE POT,2011-11,2011-12,M2_gbm_poisson,,,,,,,,,B,0,,,,Inactive (no sales in last 6 months),20260824T181001Z-27103c
21692,SILVER LATTICE VANILLA CANDLE POT,2011-11,2011-12,M2_gbm_poisson,,,,,,,,,B,0,,,,Inactive (no sales in last 6 months),20260824T181001Z-27103c
21693,SMALL HAMMERED SILVER CANDLEPOT,2011-11,2011-12,M2_gbm_poisson,49.491856,31.014516,product,18,1.645000,51.018879,101,0.626659,B,46,50.333333,1,24,Forecast,20260824T181001Z-27103c
21694,SMALL REGAL  SILVER CANDLEPOT,2011-11,2011-12,M2_gbm_poisson,31.917807,11.231496,product,18,1.645000,18.475811,51,0.351888,B,32,15.333333,1,24,Forecast,20260824T181001Z-27103c
21695,SMALL SILVER FLOWER CANDLE POT,2011-11,2011-12,M2_gbm_poisson,50.359816,8.824922,product,18,1.645000,14.516997,65,0.175237,B,49,42.666667,1,24,Forecast,20260824T181001Z-27103c
21696,SMALL SILVER TRELLIS CANDLEPOT,2011-11,2011-12,M2_gbm_poisson,19.961590,16.968236,product,18,1.645000,27.912748,48,0.850044,B,14,9.666667,1,24,Forecast,20260824T181001Z-27103c
21697,SET 5 MINI DOUGHNUT FRIDGE MAGNET,2011-11,2011-12,M2_gbm_poisson,,,,,,,,,C,0,,,,Inactive (no sales in last 6 months),20260824T181001Z-27103c
21698,MOCK LOBSTER FRIDGE MAGNET,2011-11,2011-12,M2_gbm_poisson,53.677970,23.048384,product,18,1.645000,37.914591,92,0.429383,C,56,53.000000,1,24,Forecast,20260824T181001Z-27103c
21699,SET 5 MINI CHOCOLATE FRIDGE MAGNETS,2011-11,2011-12,M2_gbm_poisson,,,,,,,,,C,0,,,,Inactive (no sales in last 6 months),20260824T181001Z-27103c
21700,BIG DOUGHNUT FRIDGE MAGNETS,2011-11,2011-12,M2_gbm_poisson,20.237805,84.371988,product,18,1.645000,138.791921,160,4.169029,A,2,11.666667,1,24,Forecast,20260824T181001Z-27103c
21702,SET 5 MINI GATEAUX  FRIDGE MAGNETS,2011-11,2011-12,M2_gbm_poisson,,,,,,,,,B,0,,,,Inactive (no sales in last 6 months),20260824T181001Z-27103c
21703,BAG 125g SWIRLY MARBLES,2011-11,2011-12,M2_gbm_poisson,717.273130,495.004712,product,18,1.645000,814.282752,1532,0.690120,A,1711,1267.000000,1,24,Forecast,20260824T181001Z-27103c
21704,BAG 250g SWIRLY MARBLES,2011-11,2011-12,M2_gbm_poisson,298.754454,404.254237,product,18,1.645000,664.998219,964,1.353132,A,744,573.666667,1,24,Forecast,20260824T181001Z-27103c
21705,BAG 500g SWIRLY MARBLES,2011-11,2011-12,M2_gbm_poisson,77.986104,44.635550,product,17,1.645000,73.425480,152,0.572353,B,142,96.000000,1,24,Forecast,20260824T181001Z-27103c
21706,FOLDING UMBRELLA RED/WHITE POLKADOT,2011-11,2011-12,M2_gbm_poisson,33.165230,26.341344,product,18,1.645000,43.331511,77,0.794246,A,18,26.333333,1,24,Forecast,20260824T181001Z-27103c
21707,FOLDING UMBRELLA BLACKBLUE POLKADOT,2011-11,2011-12,M2_gbm_poisson,32.292515,27.371993,product,18,1.645000,45.026928,78,0.847627,A,27,13.666667,1,24,Forecast,20260824T181001Z-27103c
21708,FOLDING UMBRELLA CREAM POLKADOT,2011-11,2011-12,M2_gbm_poisson,24.935780,16.177994,product,18,1.645000,26.612801,52,0.648786,B,12,24.000000,1,24,Forecast,20260824T181001Z-27103c
21709,FOLDING UMBRELLA CHOCOLATE POLKADOT,2011-11,2011-12,M2_gbm_poisson,20.079575,12.477574,product,18,1.645000,20.525609,41,0.621406,B,13,12.000000,1,24,Forecast,20260824T181001Z-27103c
21710,FOLDING UMBRELLA PINKWHITE POLKADOT,2011-11,2011-12,M2_gbm_poisson,20.086163,16.740292,product,18,1.645000,27.537780,48,0.833424,B,10,10.666667,1,24,Forecast,20260824T181001Z-27103c
21711,FOLDING UMBRELLA WHITE/RED POLKADOT,2011-11,2011-12,M2_gbm_poisson,20.479693,9.051403,product,18,1.645000,14.889558,36,0.441970,B,7,18.000000,1,24,Forecast,20260824T181001Z-27103c
21713,CITRONELLA CANDLE FLOWERPOT,2011-11,2011-12,M2_gbm_poisson,36.168582,49.516713,product,18,1.645000,81.454992,118,1.369053,A,21,18.666667,1,24,Forecast,20260824T181001Z-27103c
21714,CITRONELLA CANDLE GARDEN POT,2011-11,2011-12,M2_gbm_poisson,53.646286,123.187365,product,18,1.645000,202.643215,257,2.296289,A,54,47.666667,1,24,Forecast,20260824T181001Z-27103c
21715,GIRLS VINTAGE TIN SEASIDE BUCKET,2011-11,2011-12,M2_gbm_poisson,50.272213,68.966336,product,18,1.645000,113.449622,164,1.371858,A,56,40.666667,1,24,Forecast,20260824T181001Z-27103c
21716,BOYS VINTAGE TIN SEASIDE BUCKET,2011-11,2011-12,M2_gbm_poisson,60.558625,99.306914,product,18,1.645000,163.359873,224,1.639848,A,101,44.000000,1,24,Forecast,20260824T181001Z-27103c
21717,EASTER TIN BUCKET,2011-11,2011-12,M2_gbm_poisson,,,,,,,,,A,0,,,,Inactive (no sales in last 6 months),20260824T181001Z-27103c
21718,RED METAL BEACH SPADE,2011-11,2011-12,M2_gbm_poisson,48.617098,64.801109,product,18,1.645000,106.597824,156,1.332887,A,48,28.666667,1,24,Forecast,20260824T181001Z-27103c
21719,LOVELY BONBON STICKER SHEET,2011-11,2011-12,M2_gbm_poisson,39.337511,28.602912,product,18,1.645000,47.051790,87,0.727115,C,28,23.666667,1,24,Forecast,20260824T181001Z-27103c
21720,CAKE SHOP  STICKER SHEET,2011-11,2011-12,M2_gbm_poisson,2.006944,17.088183,product,18,1.645000,28.110062,31,8.514529,B,0,0.000000,5,24,Forecast,20260824T181001Z-27103c
21721,CANDY SHOP  STICKER SHEET,2011-11,2011-12,M2_gbm_poisson,5.191500,38.585339,product,18,1.645000,63.472883,69,7.432407,B,0,1.666667,2,24,Forecast,20260824T181001Z-27103c
21722,SWEET PUDDING STICKER SHEET,2011-11,2011-12,M2_gbm_poisson,14.086946,18.398621,product,18,1.645000,30.265731,45,1.306076,C,5,4.666667,1,24,Forecast,20260824T181001Z-27103c
21723,ALPHABET HEARTS STICKER SHEET,2011-11,2011-12,M2_gbm_poisson,32.410566,23.254618,product,18,1.645000,38.253847,71,0.717501,C,20,11.333333,1,24,Forecast,20260824T181001Z-27103c
21724,PANDA AND BUNNIES STICKER SHEET,2011-11,2011-12,M2_gbm_poisson,57.866626,28.892972,product,18,1.645000,47.528939,106,0.499303,C,93,41.666667,1,24,Forecast,20260824T181001Z-27103c
21725,SWEETIES  STICKERS,2011-11,2011-12,M2_gbm_poisson,20.469688,27.915653,product,18,1.645000,45.921250,67,1.363756,B,15,6.666667,1,24,Forecast,20260824T181001Z-27103c
21726,MULTI HEARTS  STICKERS,2011-11,2011-12,M2_gbm_poisson,26.847711,45.231401,product,18,1.645000,74.405654,102,1.684740,C,22,10.333333,1,24,Forecast,20260824T181001Z-27103c
21728,METAL MEDINA LANTERN,2011-11,2011-12,M2_gbm_poisson,,,,,,,,,B,0,,,,Inactive (no sales in last 6 months),20260824T181001Z-27103c
21729,SMALL MARAKESH METAL  LANTERN,2011-11,2011-12,M2_gbm_poisson,,,,,,,,,C,0,,,,Inactive (no sales in last 6 months),20260824T181001Z-27103c
21730,GLASS STAR FROSTED T-LIGHT HOLDER,2011-11,2011-12,M2_gbm_poisson,56.018749,25.000784,product,18,1.645000,41.126290,98,0.446293,A,84,43.666667,1,24,Forecast,20260824T181001Z-27103c
21731,RED TOADSTOOL LED NIGHT LIGHT,2011-11,2011-12,M2_gbm_poisson,863.358455,592.626652,product,18,1.645000,974.870843,1839,0.686420,A,1879,1399.333333,1,24,Forecast,20260824T181001Z-27103c
21732,RED HANGING METAL STAR TLIGHT HLDR,2011-11,2011-12,M2_gbm_poisson,,,,,,,,,B,0,,,,Inactive (no sales in last 6 months),20260824T181001Z-27103c
21733,RED HANGING HEART T-LIGHT HOLDER,2011-11,2011-12,M2_gbm_poisson,706.644629,462.342172,product,18,1.645000,760.552873,1468,0.654278,A,1546,882.000000,1,24,Forecast,20260824T181001Z-27103c
21734,SMALL MARAKESH LANTERN ON STICK,2011-11,2011-12,M2_gbm_poisson,,,,,,,,,C,0,,,,Inactive (no sales in last 6 months),20260824T181001Z-27103c
21735,TWO DOOR CURIO CABINET,2011-11,2011-12,M2_gbm_poisson,4.576644,12.793234,product,18,1.645000,21.044870,26,2.795331,A,0,3.333333,3,24,Forecast,20260824T181001Z-27103c
21736,GOLD SCROLL GLASS T-LIGHT HOLDER,2011-11,2011-12,M2_gbm_poisson,,,,,,,,,C,0,,,,Inactive (no sales in last 6 months),20260824T181001Z-27103c
21737,SET 3 WICKER LOG BASKETS,2011-11,2011-12,M2_gbm_poisson,,,,,,,,,A,0,,,,Inactive (no sales in last 6 months),20260824T181001Z-27103c
21738,COSY SLIPPER SHOES SMALL  RED,2011-11,2011-12,M2_gbm_poisson,4.010787,9.372898,product,18,1.645000,15.418417,20,2.336922,B,0,1.333333,2,24,Forecast,20260824T181001Z-27103c
21739,COSY SLIPPER SHOES SMALL GREEN,2011-11,2011-12,M2_gbm_poisson,61.135358,14.336880,product,18,1.645000,23.584167,85,0.234510,C,69,51.000000,1,24,Forecast,20260824T181001Z-27103c
21740,COSY SLIPPER SHOES LARGE RED,2011-11,2011-12,M2_gbm_poisson,,,,,,,,,C,0,,,,Inactive (no sales in last 6 months),20260824T181001Z-27103c
21741,COSY SLIPPER SHOES LARGE GREEN,2011-11,2011-12,M2_gbm_poisson,20.863918,14.098290,product,18,1.645000,23.191687,45,0.675726,B,9,13.666667,1,24,Forecast,20260824T181001Z-27103c
21742,LARGE ROUND WICKER PLATTER,2011-11,2011-12,M2_gbm_poisson,50.437463,10.253617,product,18,1.645000,16.867199,68,0.203294,B,68,36.333333,1,24,Forecast,20260824T181001Z-27103c
21743,STAR PORTABLE TABLE LIGHT,2011-11,2011-12,M2_gbm_poisson,5.149590,30.422734,product,18,1.645000,50.045398,56,5.907797,A,0,0.666667,3,24,Forecast,20260824T181001Z-27103c
21744,SNOWFLAKE PORTABLE TABLE LIGHT,2011-11,2011-12,M2_gbm_poisson,105.825889,18.066841,product,18,1.645000,29.719953,136,0.170722,B,252,153.000000,1,24,Forecast,20260824T181001Z-27103c
21745,GAOLERS KEYS DECORATIVE GARDEN,2011-11,2011-12,M2_gbm_poisson,66.392932,66.113492,product,18,1.645000,108.756694,176,0.995791,A,96,108.000000,1,24,Forecast,20260824T181001Z-27103c
21746,SMALL RED RETROSPOT WINDMILL,2011-11,2011-12,M2_gbm_poisson,54.184165,197.138926,product,18,1.645000,324.293533,379,3.638313,A,52,34.666667,1,24,Forecast,20260824T181001Z-27103c
21747,SMALL SKULL WINDMILL,2011-11,2011-12,M2_gbm_poisson,20.705291,60.112132,product,18,1.645000,98.884457,120,2.903226,B,14,8.333333,1,24,Forecast,20260824T181001Z-27103c
21749,LARGE RED RETROSPOT WINDMILL,2011-11,2011-12,M2_gbm_poisson,25.368857,79.285656,product,18,1.645000,130.424905,156,3.125314,A,18,8.666667,1,24,Forecast,20260824T181001Z-27103c
21750,LARGE SKULL WINDMILL,2011-11,2011-12,M2_gbm_poisson,6.027710,13.685849,product,18,1.645000,22.513222,29,2.270489,C,1,1.333333,1,24,Forecast,20260824T181001Z-27103c
21752,GLASS CAKE STAND MIRRORED BASE,2011-11,2011-12,M2_gbm_poisson,,,,,,,,,B,0,,,,Inactive (no sales in last 6 months),20260824T181001Z-27103c
21754,HOME BUILDING BLOCK WORD,2011-11,2011-12,M2_gbm_poisson,114.854913,85.296136,product,18,1.645000,140.312143,256,0.742642,A,236,195.666667,1,24,Forecast,20260824T181001Z-27103c
21755,LOVE BUILDING BLOCK WORD,2011-11,2011-12,M2_gbm_poisson,106.847971,98.671138,product,18,1.645000,162.314023,270,0.923472,A,180,154.333333,1,24,Forecast,20260824T181001Z-27103c
21756,BATH BUILDING BLOCK WORD,2011-11,2011-12,M2_gbm_poisson,54.433089,27.707783,product,18,1.645000,45.579303,101,0.509025,A,63,46.666667,1,24,Forecast,20260824T181001Z-27103c
21757,LIGHTHOUSE PRINTED METAL SIGN,2011-11,2011-12,M2_gbm_poisson,,,,,,,,,C,0,,,,Inactive (no sales in last 6 months),20260824T181001Z-27103c
21758,VINTAGE SHELLS PRINT,2011-11,2011-12,M2_gbm_poisson,13.537174,7.424795,product,18,1.645000,12.213788,26,0.548475,C,12,5.666667,1,24,Forecast,20260824T181001Z-27103c
21759,METAL WALL SHELF UNIT WITH HOOKS,2011-11,2011-12,M2_gbm_poisson,,,,,,,,,B,0,,,,Inactive (no sales in last 6 months),20260824T181001Z-27103c
21760,FRENCH STYLE WALL DRESSER,2011-11,2011-12,M2_gbm_poisson,,,,,,,,,B,0,,,,Inactive (no sales in last 6 months),20260824T181001Z-27103c
21761,WOOD AND GLASS MEDICINE CABINET,2011-11,2011-12,M2_gbm_poisson,3.124579,1.291527,product,18,1.645000,2.124562,6,0.413344,B,1,0.666667,1,24,Forecast,20260824T181001Z-27103c
21763,VINTAGE WOODEN BAR STOOL,2011-11,2011-12,M2_gbm_poisson,2.045191,1.443565,product,18,1.645000,2.374664,5,0.705834,B,0,0.000000,5,23,Forecast,20260824T181001Z-27103c
21764,VINTAGE WOODEN PLATE RACK,2011-11,2011-12,M2_gbm_poisson,,,,,,,,,C,0,,,,Inactive (no sales in last 6 months),20260824T181001Z-27103c
21765,HANGING METAL BIRD BATH,2011-11,2011-12,M2_gbm_poisson,,,,,,,,,B,0,,,,Inactive (no sales in last 6 months),20260824T181001Z-27103c
21767,FRENCH STYLE WIRE DOOR CABINET,2011-11,2011-12,M2_gbm_poisson,,,,,,,,,C,0,,,,Inactive (no sales in last 6 months),20260824T181001Z-27103c
21768,WALL MOUNTED VINTAGE ORGANISER,2011-11,2011-12,M2_gbm_poisson,,,,,,,,,A,0,,,,Inactive (no sales in last 6 months),20260824T181001Z-27103c
21769,VINTAGE POST OFFICE CABINET,2011-11,2011-12,M2_gbm_poisson,,,,,,,,,A,0,,,,Inactive (no sales in last 6 months),20260824T181001Z-27103c
21770,OPEN CLOSED METAL SIGN,2011-11,2011-12,M2_gbm_poisson,107.941948,98.517545,product,18,1.645000,162.061361,271,0.912690,A,146,167.333333,1,24,Forecast,20260824T181001Z-27103c
21772,VINTAGE METAL CAKE STAND CREAM,2011-11,2011-12,M2_gbm_poisson,,,,,,,,,C,0,,,,Inactive (no sales in last 6 months),20260824T181001Z-27103c
21773,DECORATIVE ROSE BATHROOM BOTTLE,2011-11,2011-12,M2_gbm_poisson,69.562511,36.381131,product,18,1.645000,59.846960,130,0.522999,B,142,73.000000,1,24,Forecast,20260824T181001Z-27103c
21774,DECORATIVE CATS BATHROOM BOTTLE,2011-11,2011-12,M2_gbm_poisson,60.332480,53.974505,product,18,1.645000,88.788060,150,0.894618,B,59,106.000000,1,24,Forecast,20260824T181001Z-27103c
21775,DECORATIVE FLORE BATHROOM BOTTLE,2011-11,2011-12,M2_gbm_poisson,51.519639,20.588028,product,18,1.645000,33.867306,86,0.399615,B,46,43.000000,1,24,Forecast,20260824T181001Z-27103c
21777,RECIPE BOX WITH METAL HEART,2011-11,2011-12,M2_gbm_poisson,,,,,,,,,A,0,,,,Inactive (no sales in last 6 months),20260824T181001Z-27103c
21779,MA CAMPAGNE MINI WOODEN CHEST,2011-11,2011-12,M2_gbm_poisson,,,,,,,,,B,0,,,,Inactive (no sales in last 6 months),20260824T181001Z-27103c
21780,MA CAMPAGNE 4 DRAWER WALL SHELF,2011-11,2011-12,M2_gbm_poisson,,,,,,,,,B,0,,,,Inactive (no sales in last 6 months),20260824T181001Z-27103c
21781,MA CAMPAGNE CUTLERY BOX,2011-11,2011-12,M2_gbm_poisson,2.019177,13.017694,product,18,1.645000,21.414107,24,6.447030,A,0,0.000000,5,24,Forecast,20260824T181001Z-27103c
21784,SHOE SHINE BOX,2011-11,2011-12,M2_gbm_poisson,2.383144,5.653623,product,18,1.645000,9.300210,12,2.372338,A,0,0.333333,3,24,Forecast,20260824T181001Z-27103c
21785,RAIN PONCHO,2011-11,2011-12,M2_gbm_poisson,,,,,,,,,B,0,,,,Inactive (no sales in last 6 months),20260824T181001Z-27103c
21786,POLKADOT RAIN HAT,2011-11,2011-12,M2_gbm_poisson,88.127805,163.950336,product,18,1.645000,269.698303,358,1.860370,B,159,175.000000,1,24,Forecast,20260824T181001Z-27103c
21787,RAIN PONCHO RETROSPOT,2011-11,2011-12,M2_gbm_poisson,617.853810,518.733520,product,18,1.645000,853.316640,1472,0.839573,A,1641,1671.000000,1,21,Forecast,20260824T181001Z-27103c
21788,KIDS RAIN MAC BLUE,2011-11,2011-12,M2_gbm_poisson,68.142587,97.876362,product,18,1.645000,161.006616,230,1.436346,B,45,120.333333,1,24,Forecast,20260824T181001Z-27103c
21789,KIDS RAIN MAC PINK,2011-11,2011-12,M2_gbm_poisson,62.854350,64.001936,product,18,1.645000,105.283184,169,1.018258,B,44,95.000000,1,24,Forecast,20260824T181001Z-27103c
21790,VINTAGE SNAP CARDS,2011-11,2011-12,M2_gbm_poisson,1056.665304,601.503371,product,18,1.645000,989.473045,2047,0.569247,A,2738,2250.000000,1,24,Forecast,20260824T181001Z-27103c
21791,VINTAGE HEADS AND TAILS CARD GAME,2011-11,2011-12,M2_gbm_poisson,648.232732,295.926139,product,18,1.645000,486.798498,1136,0.456512,A,1509,962.000000,1,24,Forecast,20260824T181001Z-27103c
21792,CLASSIC FRENCH STYLE BASKET GREEN,2011-11,2011-12,M2_gbm_poisson,2.937337,9.227824,product,18,1.645000,15.179771,19,3.141561,B,0,0.000000,4,23,Forecast,20260824T181001Z-27103c
21793,CLASSIC FRENCH STYLE BASKET BROWN,2011-11,2011-12,M2_gbm_poisson,50.798440,8.217383,product,18,1.645000,13.517595,65,0.161764,C,45,36.666667,1,23,Forecast,20260824T181001Z-27103c
21794,CLASSIC FRENCH STYLE BASKET NATURAL,2011-11,2011-12,M2_gbm_poisson,24.176348,20.532143,product,18,1.645000,33.775375,58,0.849266,B,0,37.000000,2,23,Forecast,20260824T181001Z-27103c
21795,SET OF 3 BLUE STRIPE BASKET,2011-11,2011-12,M2_gbm_poisson,,,,,,,,,A,0,,,,Inactive (no sales in last 6 months),20260824T181001Z-27103c
21796,SET OF 3 RED STRIPE BASKETS,2011-11,2011-12,M2_gbm_poisson,,,,,,,,,B,0,,,,Inactive (no sales in last 6 months),20260824T181001Z-27103c
21801,CHRISTMAS TREE DECORATION WITH BELL,2011-11,2011-12,M2_gbm_poisson,15.166138,162.199860,product,18,1.645000,266.818770,282,10.694869,B,0,110.666667,2,24,Forecast,20260824T181001Z-27103c
21802,CHRISTMAS TREE HEART DECORATION,2011-11,2011-12,M2_gbm_poisson,69.526656,153.691286,product,18,1.645000,252.822166,323,2.210538,B,71,320.000000,1,24,Forecast,20260824T181001Z-27103c
21803,CHRISTMAS TREE STAR DECORATION,2011-11,2011-12,M2_gbm_poisson,226.188018,139.297681,product,18,1.645000,229.144686,456,0.615849,B,566,468.000000,1,24,Forecast,20260824T181001Z-27103c
21804,WHITE CHRISTMAS GARLAND STARS TREES,2011-11,2011-12,M2_gbm_poisson,91.347250,11.515743,product,14,1.645000,18.943397,111,0.126066,B,139,68.333333,1,24,Forecast,20260824T181001Z-27103c
21805,WHITE CHRISTMAS TREE DECORATION,2011-11,2011-12,M2_gbm_poisson,,,,,,,,,B,0,,,,Inactive (no sales in last 6 months),20260824T181001Z-27103c
21806,WHITE CHRISTMAS HEART DECORATION,2011-11,2011-12,M2_gbm_poisson,,,,,,,,,B,0,,,,Inactive (no sales in last 6 months),20260824T181001Z-27103c
21807,WHITE CHRISTMAS STAR DECORATION,2011-11,2011-12,M2_gbm_poisson,42.732442,60.010069,product,18,1.645000,98.716563,142,1.404321,B,12,39.333333,1,24,Forecast,20260824T181001Z-27103c
21808,"CHRISTMAS GARLAND STARS,TREES",2011-11,2011-12,M2_gbm_poisson,51.298513,10.264922,product,18,1.645000,16.885797,69,0.200102,B,65,48.666667,1,24,Forecast,20260824T181001Z-27103c
21809,CHRISTMAS HANGING TREE WITH BELL,2011-11,2011-12,M2_gbm_poisson,105.550411,47.311786,product,18,1.645000,77.827889,184,0.448239,B,128,556.666667,1,24,Forecast,20260824T181001Z-27103c
21810,CHRISTMAS HANGING STAR WITH BELL,2011-11,2011-12,M2_gbm_poisson,1167.412439,66.301275,product,18,1.645000,109.065598,1277,0.056793,B,3177,1688.000000,1,24,Forecast,20260824T181001Z-27103c
21811,HANGING HEART WITH BELL,2011-11,2011-12,M2_gbm_poisson,673.444710,73.437097,product,18,1.645000,120.804025,795,0.109047,B,1416,1407.666667,1,24,Forecast,20260824T181001Z-27103c
21812,GARLAND WITH HEARTS AND BELLS,2011-11,2011-12,M2_gbm_poisson,78.153595,12.789033,product,18,1.645000,21.037959,100,0.163640,B,136,95.000000,1,24,Forecast,20260824T181001Z-27103c
21813,GARLAND WITH STARS AND BELLS,2011-11,2011-12,M2_gbm_poisson,101.731588,21.156478,product,18,1.645000,34.802407,137,0.207964,B,195,123.666667,1,24,Forecast,20260824T181001Z-27103c
21814,HEART T-LIGHT HOLDER,2011-11,2011-12,M2_gbm_poisson,36.347622,7.979575,product,18,1.645000,13.126401,50,0.219535,B,33,13.000000,1,24,Forecast,20260824T181001Z-27103c
21815,STAR  T-LIGHT HOLDER,2011-11,2011-12,M2_gbm_poisson,31.935878,13.245289,product,18,1.645000,21.788500,54,0.414746,B,19,16.666667,1,24,Forecast,20260824T181001Z-27103c
21816,CHRISTMAS TREE T-LIGHT HOLDER,2011-11,2011-12,M2_gbm_poisson,19.119919,12.576281,product,15,1.645000,20.687983,40,0.657758,C,6,10.333333,1,24,Forecast,20260824T181001Z-27103c
21817,GLITTER CHRISTMAS TREE,2011-11,2011-12,M2_gbm_poisson,72.727362,30.421616,product,15,1.645000,50.043558,123,0.418297,C,170,270.333333,1,24,Forecast,20260824T181001Z-27103c
21818,GLITTER CHRISTMAS HEART,2011-11,2011-12,M2_gbm_poisson,647.203379,97.722020,product,18,1.645000,160.752723,808,0.150991,B,1253,735.666667,1,24,Forecast,20260824T181001Z-27103c
21819,GLITTER CHRISTMAS STAR,2011-11,2011-12,M2_gbm_poisson,716.928809,91.754316,product,17,1.645000,150.935849,868,0.127982,B,1462,724.000000,1,24,Forecast,20260824T181001Z-27103c
21820,GLITTER HEART GARLAND WITH BELLS,2011-11,2011-12,M2_gbm_poisson,76.041166,19.764115,product,18,1.645000,32.511969,109,0.259913,B,146,68.000000,1,24,Forecast,20260824T181001Z-27103c
21821,GLITTER STAR GARLAND WITH BELLS,2011-11,2011-12,M2_gbm_poisson,66.943699,15.212727,product,17,1.645000,25.024936,92,0.227247,B,125,63.666667,1,24,Forecast,20260824T181001Z-27103c
21822,GLITTER CHRISTMAS TREE WITH BELLS,2011-11,2011-12,M2_gbm_poisson,251.866346,26.126462,product,13,1.645000,42.978029,295,0.103731,C,443,183.333333,1,24,Forecast,20260824T181001Z-27103c
21823,PAINTED METAL HEART WITH HOLLY BELL,2011-11,2011-12,M2_gbm_poisson,31.356377,134.842126,product,18,1.645000,221.815297,254,4.300310,B,3,413.666667,1,24,Forecast,20260824T181001Z-27103c
21824,PAINTED METAL STAR WITH HOLLY BELLS,2011-11,2011-12,M2_gbm_poisson,151.076546,96.519218,product,17,1.645000,158.774114,310,0.638876,B,363,602.000000,1,24,Forecast,20260824T181001Z-27103c
21825,PAINTED METAL TREE WITH HOLLY BELLS,2011-11,2011-12,M2_gbm_poisson,,,,,,,,,B,0,,,,Inactive (no sales in last 6 months),20260824T181001Z-27103c
21826,EIGHT PIECE DINOSAUR SET,2011-11,2011-12,M2_gbm_poisson,,,,,,,,,B,0,,,,Inactive (no sales in last 6 months),20260824T181001Z-27103c
21827,EIGHT PIECE CREEPY CRAWLIE SET,2011-11,2011-12,M2_gbm_poisson,,,,,,,,,B,0,,,,Inactive (no sales in last 6 months),20260824T181001Z-27103c
21828,EIGHT PIECE SNAKE  SET,2011-11,2011-12,M2_gbm_poisson,60.008870,17.870023,product,18,1.645000,29.396188,90,0.297790,B,85,48.333333,1,24,Forecast,20260824T181001Z-27103c
21829,DINOSAUR KEYRINGS ASSORTED,2011-11,2011-12,M2_gbm_poisson,128.723684,388.542403,product,18,1.645000,639.152253,768,3.018422,B,0,448.000000,2,24,Forecast,20260824T181001Z-27103c
21830,ASSORTED CREEPY CRAWLIES,2011-11,2011-12,M2_gbm_poisson,36.429508,153.763273,product,18,1.645000,252.940585,290,4.220844,B,1,98.000000,1,24,Forecast,20260824T181001Z-27103c
21832,CHOCOLATE CALCULATOR,2011-11,2011-12,M2_gbm_poisson,90.701074,37.531845,product,18,1.645000,61.739884,153,0.413797,A,172,108.666667,1,24,Forecast,20260824T181001Z-27103c
21833,CAMOUFLAGE LED TORCH,2011-11,2011-12,M2_gbm_poisson,203.515849,168.622242,product,18,1.645000,277.383588,481,0.828546,A,378,408.333333,1,24,Forecast,20260824T181001Z-27103c
21836,GINGHAM OVEN GLOVE RED HEART,2011-11,2011-12,M2_gbm_poisson,,,,,,,,,B,0,,,,Inactive (no sales in last 6 months),20260824T181001Z-27103c
21837,CROSS STITCH ALPHABET CUSHION COVER,2011-11,2011-12,M2_gbm_poisson,,,,,,,,,B,0,,,,Inactive (no sales in last 6 months),20260824T181001Z-27103c
21838,DADDY MOUSE RED GINGHAM BOW TIE,2011-11,2011-12,M2_gbm_poisson,,,,,,,,,C,0,,,,Inactive (no sales in last 6 months),20260824T181001Z-27103c
21839,MUMMY MOUSE RED GINGHAM RIBBON,2011-11,2011-12,M2_gbm_poisson,,,,,,,,,B,0,,,,Inactive (no sales in last 6 months),20260824T181001Z-27103c
21841,BABY MOUSE RED GINGHAM DRESS,2011-11,2011-12,M2_gbm_poisson,33.599779,11.013213,product,18,1.645000,18.116736,52,0.327776,B,16,22.333333,1,24,Forecast,20260824T181001Z-27103c
21842,PINK HEART CANDY BUTTON CALCULATOR,2011-11,2011-12,M2_gbm_poisson,,,,,,,,,B,0,,,,Inactive (no sales in last 6 months),20260824T181001Z-27103c
21843,RED RETROSPOT CAKE STAND,2011-11,2011-12,M2_gbm_poisson,187.506315,64.132686,product,18,1.645000,105.498268,294,0.342029,A,437,213.000000,1,24,Forecast,20260824T181001Z-27103c
21844,RED RETROSPOT MUG,2011-11,2011-12,M2_gbm_poisson,76.437897,90.596738,product,18,1.645000,149.031634,226,1.185233,A,112,171.000000,1,24,Forecast,20260824T181001Z-27103c
21845,DAIRY MAID STRIPE MUG,2011-11,2011-12,M2_gbm_poisson,79.020152,51.944654,product,18,1.645000,85.448956,165,0.657360,B,108,128.000000,1,24,Forecast,20260824T181001Z-27103c
21846,PINK DIAMANTE PEN IN GIFT BOX,2011-11,2011-12,M2_gbm_poisson,31.127877,33.614724,product,18,1.645000,55.296221,87,1.079891,A,26,12.333333,1,24,Forecast,20260824T181001Z-27103c
21847,GREEN  DIAMANTE PEN IN GIFT BOX,2011-11,2011-12,M2_gbm_poisson,6.636687,7.143009,product,18,1.645000,11.750250,19,1.076291,C,2,2.000000,1,24,Forecast,20260824T181001Z-27103c
21849,SILVER DIAMANTE PEN IN GIFT BOX,2011-11,2011-12,M2_gbm_poisson,20.739748,20.566001,product,18,1.645000,33.831072,55,0.991623,B,16,7.000000,1,24,Forecast,20260824T181001Z-27103c
21850,BLUE  DIAMANTE PEN IN GIFT BOX,2011-11,2011-12,M2_gbm_poisson,17.482569,11.155461,product,18,1.645000,18.350734,36,0.638090,C,11,5.333333,1,24,Forecast,20260824T181001Z-27103c
21851,LILAC DIAMANTE PEN IN GIFT BOX,2011-11,2011-12,M2_gbm_poisson,10.058464,10.582144,product,18,1.645000,17.407627,28,1.052064,B,5,5.000000,1,24,Forecast,20260824T181001Z-27103c
21852,EMPIRE TEDDY,2011-11,2011-12,M2_gbm_poisson,,,,,,,,,C,0,,,,Inactive (no sales in last 6 months),20260824T181001Z-27103c
21853,GUMBALL CUSTOM CARS TOP TRUMPS GAME,2011-11,2011-12,M2_gbm_poisson,,,,,,,,,C,0,,,,Inactive (no sales in last 6 months),20260824T181001Z-27103c
21854,EURO FOOTBALL STARS TOP TRUMPS GAME,2011-11,2011-12,M2_gbm_poisson,,,,,,,,,C,0,,,,Inactive (no sales in last 6 months),20260824T181001Z-27103c
21857,STAR WARS TOP TRUMPS GAME,2011-11,2011-12,M2_gbm_poisson,,,,,,,,,C,0,,,,Inactive (no sales in last 6 months),20260824T181001Z-27103c
21858,HIGH SCHOOL MUSICAL 3 TOP TRUMPS,2011-11,2011-12,M2_gbm_poisson,,,,,,,,,C,0,,,,Inactive (no sales in last 6 months),20260824T181001Z-27103c
21860,DR WHO TOP TRUMPS GAME,2011-11,2011-12,M2_gbm_poisson,,,,,,,,,C,0,,,,Inactive (no sales in last 6 months),20260824T181001Z-27103c
21864,UNION JACK FLAG PASSPORT COVER,2011-11,2011-12,M2_gbm_poisson,47.756408,37.651172,product,18,1.645000,61.936179,110,0.788400,A,26,41.666667,1,24,Forecast,20260824T181001Z-27103c
21865,PINK UNION JACK  PASSPORT COVER,2011-11,2011-12,M2_gbm_poisson,31.648183,25.925863,product,18,1.645000,42.648045,75,0.819190,B,22,10.666667,1,24,Forecast,20260824T181001Z-27103c
21866,UNION JACK FLAG LUGGAGE TAG,2011-11,2011-12,M2_gbm_poisson,53.131568,40.550433,product,18,1.645000,66.705462,120,0.763208,B,65,52.666667,1,24,Forecast,20260824T181001Z-27103c
21867,PINK UNION JACK  LUGGAGE TAG,2011-11,2011-12,M2_gbm_poisson,42.562157,36.460784,product,18,1.645000,59.977990,103,0.856648,B,33,18.666667,1,24,Forecast,20260824T181001Z-27103c
21868,POTTING SHED TEA MUG,2011-11,2011-12,M2_gbm_poisson,82.358900,167.714674,product,18,1.645000,275.890639,359,2.036388,A,137,49.333333,1,24,Forecast,20260824T181001Z-27103c
21869,POTTING SHED COFFEE MUG,2011-11,2011-12,M2_gbm_poisson,,,,,,,,,B,0,,,,Inactive (no sales in last 6 months),20260824T181001Z-27103c
21870,I CAN ONLY PLEASE ONE PERSON MUG,2011-11,2011-12,M2_gbm_poisson,2.666022,38.835399,product,18,1.645000,63.884231,67,14.566794,A,0,0.000000,4,24,Forecast,20260824T181001Z-27103c
21871,SAVE THE PLANET MUG,2011-11,2011-12,M2_gbm_poisson,349.241799,367.288554,product,18,1.645000,604.189671,954,1.051674,A,747,553.000000,1,24,Forecast,20260824T181001Z-27103c
21872,GLAMOROUS  MUG,2011-11,2011-12,M2_gbm_poisson,194.997294,126.143133,product,18,1.645000,207.505453,403,0.646897,A,495,269.333333,1,24,Forecast,20260824T181001Z-27103c
21873,IF YOU CAN'T STAND THE HEAT MUG,2011-11,2011-12,M2_gbm_poisson,92.769719,27.885001,product,18,1.645000,45.870827,139,0.300583,B,33,244.333333,1,24,Forecast,20260824T181001Z-27103c
21874,GIN AND TONIC MUG,2011-11,2011-12,M2_gbm_poisson,252.485681,83.329616,product,18,1.645000,137.077218,390,0.330037,A,661,548.333333,1,24,Forecast,20260824T181001Z-27103c
21875,KINGS CHOICE MUG,2011-11,2011-12,M2_gbm_poisson,77.867002,140.062127,product,18,1.645000,230.402200,309,1.798735,A,108,72.333333,1,24,Forecast,20260824T181001Z-27103c
21876,POTTERING MUG,2011-11,2011-12,M2_gbm_poisson,153.634490,109.794005,product,18,1.645000,180.611138,335,0.714644,A,245,387.333333,1,24,Forecast,20260824T181001Z-27103c
21877,HOME SWEET HOME MUG,2011-11,2011-12,M2_gbm_poisson,281.733256,337.272422,product,18,1.645000,554.813135,837,1.197134,A,378,646.666667,1,24,Forecast,20260824T181001Z-27103c
21878,PACK OF 6 SANDCASTLE FLAGS ASSORTED,2011-11,2011-12,M2_gbm_poisson,48.506443,176.315786,product,18,1.645000,290.039467,339,3.634894,A,40,23.000000,1,21,Forecast,20260824T181001Z-27103c
21879,HEARTS GIFT TAPE,2011-11,2011-12,M2_gbm_poisson,32.252939,32.503743,product,18,1.645000,53.468657,86,1.007776,C,7,23.000000,1,24,Forecast,20260824T181001Z-27103c
21880,RED RETROSPOT TAPE,2011-11,2011-12,M2_gbm_poisson,72.005104,28.932210,product,18,1.645000,47.593486,120,0.401808,C,124,177.000000,1,24,Forecast,20260824T181001Z-27103c
21881,CUTE CATS TAPE,2011-11,2011-12,M2_gbm_poisson,40.938230,20.511633,product,18,1.645000,33.741636,75,0.501039,C,32,28.000000,1,24,Forecast,20260824T181001Z-27103c
21882,SKULLS TAPE,2011-11,2011-12,M2_gbm_poisson,46.726182,28.752458,product,18,1.645000,47.297793,95,0.615339,C,50,32.000000,1,24,Forecast,20260824T181001Z-27103c
21883,STARS GIFT TAPE,2011-11,2011-12,M2_gbm_poisson,64.313135,37.117882,product,18,1.645000,61.058916,126,0.577143,B,97,103.000000,1,24,Forecast,20260824T181001Z-27103c
21884,CAKES AND BOWS GIFT  TAPE,2011-11,2011-12,M2_gbm_poisson,38.884093,42.575480,product,18,1.645000,70.036664,109,1.094933,C,28,27.666667,1,24,Forecast,20260824T181001Z-27103c
21888,BINGO SET,2011-11,2011-12,M2_gbm_poisson,163.489836,91.089536,product,18,1.645000,149.842287,314,0.557157,A,306,281.000000,1,24,Forecast,20260824T181001Z-27103c
21889,WOODEN BOX OF DOMINOES,2011-11,2011-12,M2_gbm_poisson,683.781162,397.622712,product,18,1.645000,654.089362,1338,0.581506,A,1463,1100.000000,1,24,Forecast,20260824T181001Z-27103c
21890,S/6 WOODEN SKITTLES IN COTTON BAG,2011-11,2011-12,M2_gbm_poisson,94.338973,94.822281,product,18,1.645000,155.982652,251,1.005123,A,152,116.333333,1,24,Forecast,20260824T181001Z-27103c
21891,TRADITIONAL WOODEN SKIPPING ROPE,2011-11,2011-12,M2_gbm_poisson,641.085331,256.387993,product,18,1.645000,421.758248,1063,0.399928,A,1422,990.333333,1,24,Forecast,20260824T181001Z-27103c
21892,TRADITIONAL WOODEN CATCH CUP GAME,2011-11,2011-12,M2_gbm_poisson,274.464278,177.754382,product,18,1.645000,292.405958,567,0.647641,A,614,419.000000,1,24,Forecast,20260824T181001Z-27103c
21893,POTTING SHED SEED TIN,2011-11,2011-12,M2_gbm_poisson,,,,,,,,,C,0,,,,Inactive (no sales in last 6 months),20260824T181001Z-27103c
21894,POTTING SHED SEED ENVELOPES,2011-11,2011-12,M2_gbm_poisson,57.609219,39.651543,product,18,1.645000,65.226788,123,0.688285,B,70,46.333333,1,24,Forecast,20260824T181001Z-27103c
21895,POTTING SHED SOW 'N' GROW SET,2011-11,2011-12,M2_gbm_poisson,,,,,,,,,B,0,,,,Inactive (no sales in last 6 months),20260824T181001Z-27103c
21896,POTTING SHED TWINE,2011-11,2011-12,M2_gbm_poisson,34.266289,49.016718,product,18,1.645000,80.632501,115,1.430465,A,25,12.333333,1,24,Forecast,20260824T181001Z-27103c
21897,POTTING SHED CANDLE CITRONELLA,2011-11,2011-12,M2_gbm_poisson,,,,,,,,,B,0,,,,Inactive (no sales in last 6 months),20260824T181001Z-27103c
21898,POTTING SHED ROSE CANDLE,2011-11,2011-12,M2_gbm_poisson,,,,,,,,,B,0,,,,Inactive (no sales in last 6 months),20260824T181001Z-27103c
21899,"KEY FOB , GARAGE DESIGN",2011-11,2011-12,M2_gbm_poisson,103.963670,146.165801,product,18,1.645000,240.442743,345,1.405932,A,127,139.666667,1,24,Forecast,20260824T181001Z-27103c
21900,"KEY FOB , SHED",2011-11,2011-12,M2_gbm_poisson,137.499273,196.547850,product,18,1.645000,323.321214,461,1.429446,A,173,185.666667,1,24,Forecast,20260824T181001Z-27103c
21901,"KEY FOB , BACK DOOR",2011-11,2011-12,M2_gbm_poisson,103.963670,127.910337,product,18,1.645000,210.412505,315,1.230337,A,130,138.666667,1,24,Forecast,20260824T181001Z-27103c
21902,"KEY FOB , FRONT  DOOR",2011-11,2011-12,M2_gbm_poisson,85.483732,93.830615,product,18,1.645000,154.351361,240,1.097643,B,156,134.000000,1,24,Forecast,20260824T181001Z-27103c
21903,MAN FLU METAL SIGN,2011-11,2011-12,M2_gbm_poisson,64.533374,53.549450,product,18,1.645000,88.088845,153,0.829795,A,103,78.000000,1,24,Forecast,20260824T181001Z-27103c
21904,HOUSE WRECKING METAL SIGN,2011-11,2011-12,M2_gbm_poisson,,,,,,,,,B,0,,,,Inactive (no sales in last 6 months),20260824T181001Z-27103c
21905,MORE BUTTER METAL SIGN,2011-11,2011-12,M2_gbm_poisson,66.019420,33.941769,product,18,1.645000,55.834211,122,0.514118,B,110,86.666667,1,24,Forecast,20260824T181001Z-27103c
21906,PHARMACIE FIRST AID TIN,2011-11,2011-12,M2_gbm_poisson,32.358257,45.125745,product,18,1.645000,74.231850,107,1.394567,A,18,53.333333,1,24,Forecast,20260824T181001Z-27103c
21907,I'M ON HOLIDAY METAL SIGN,2011-11,2011-12,M2_gbm_poisson,108.723006,124.603178,product,18,1.645000,204.972227,314,1.146061,A,94,126.666667,1,23,Forecast,20260824T181001Z-27103c
21908,CHOCOLATE THIS WAY METAL SIGN,2011-11,2011-12,M2_gbm_poisson,192.092293,158.985340,product,18,1.645000,261.530885,454,0.827651,A,248,409.666667,1,24,Forecast,20260824T181001Z-27103c
21910,WAY OUT METAL SIGN,2011-11,2011-12,M2_gbm_poisson,,,,,,,,,B,0,,,,Inactive (no sales in last 6 months),20260824T181001Z-27103c
21911,GARDEN METAL SIGN,2011-11,2011-12,M2_gbm_poisson,,,,,,,,,A,0,,,,Inactive (no sales in last 6 months),20260824T181001Z-27103c
21912,VINTAGE SNAKES & LADDERS,2011-11,2011-12,M2_gbm_poisson,113.990184,39.002454,product,18,1.645000,64.159036,179,0.342156,A,176,140.666667,1,24,Forecast,20260824T181001Z-27103c
21913,VINTAGE SEASIDE JIGSAW PUZZLES,2011-11,2011-12,M2_gbm_poisson,45.221423,40.168664,product,18,1.645000,66.077452,112,0.888266,A,25,31.333333,1,24,Forecast,20260824T181001Z-27103c
21914,BLUE HARMONICA IN BOX,2011-11,2011-12,M2_gbm_poisson,701.265787,383.778581,product,18,1.645000,631.315766,1333,0.547266,A,1662,1116.666667,1,24,Forecast,20260824T181001Z-27103c
21915,RED  HARMONICA IN BOX,2011-11,2011-12,M2_gbm_poisson,1658.820423,669.746469,product,18,1.645000,1101.732941,2761,0.403749,A,3644,3327.666667,1,24,Forecast,20260824T181001Z-27103c
21916,SET 12 RETRO WHITE CHALK STICKS,2011-11,2011-12,M2_gbm_poisson,183.335046,350.191782,product,18,1.645000,576.065481,760,1.910119,A,231,393.333333,1,24,Forecast,20260824T181001Z-27103c
21917,SET 12 KIDS  WHITE CHALK STICKS,2011-11,2011-12,M2_gbm_poisson,174.859387,222.223354,product,18,1.645000,365.557417,541,1.270869,B,215,473.333333,1,24,Forecast,20260824T181001Z-27103c
21918,SET 12 KIDS COLOUR  CHALK STICKS,2011-11,2011-12,M2_gbm_poisson,317.308926,459.075517,product,18,1.645000,755.179226,1073,1.446778,A,425,394.333333,1,24,Forecast,20260824T181001Z-27103c
21919,Electronic Talking Breath-A-Loser,2011-11,2011-12,M2_gbm_poisson,,,,,,,,,C,0,,,,Inactive (no sales in last 6 months),20260824T181001Z-27103c
21922,UNION STRIPE WITH FRINGE  HAMMOCK,2011-11,2011-12,M2_gbm_poisson,19.124577,51.367681,product,18,1.645000,84.499835,104,2.685951,A,6,11.333333,1,20,Forecast,20260824T181001Z-27103c
21923,RED/CREAM STRIPE FRINGE HAMMOCK,2011-11,2011-12,M2_gbm_poisson,,,,,,,,,B,0,,,,Inactive (no sales in last 6 months),20260824T181001Z-27103c
21924,BLUE/CREAM STRIPE FRINGE HAMMOCK,2011-11,2011-12,M2_gbm_poisson,,,,,,,,,B,0,,,,Inactive (no sales in last 6 months),20260824T181001Z-27103c
21925,UNION STRIPE CUSHION COVER,2011-11,2011-12,M2_gbm_poisson,17.158753,42.763760,product,18,1.645000,70.346386,88,2.492242,B,1,12.666667,1,20,Forecast,20260824T181001Z-27103c
21926,RED/CREAM STRIPE CUSHION COVER,2011-11,2011-12,M2_gbm_poisson,40.798842,37.676082,product,18,1.645000,61.977155,103,0.923460,B,25,32.000000,1,20,Forecast,20260824T181001Z-27103c
21927,BLUE/CREAM STRIPE CUSHION COVER,2011-11,2011-12,M2_gbm_poisson,44.379697,25.495671,product,18,1.645000,41.940379,87,0.574490,B,39,53.000000,1,20,Forecast,20260824T181001Z-27103c
21928,JUMBO BAG SCANDINAVIAN PAISLEY,2011-11,2011-12,M2_gbm_poisson,399.639777,487.698770,product,18,1.645000,802.264476,1202,1.220346,A,765,803.666667,1,24,Forecast,20260824T181001Z-27103c
21929,JUMBO BAG PINK VINTAGE PAISLEY,2011-11,2011-12,M2_gbm_poisson,397.562166,470.178664,product,18,1.645000,773.443902,1172,1.182654,A,716,759.666667,1,24,Forecast,20260824T181001Z-27103c
21930,JUMBO STORAGE BAG SKULLS,2011-11,2011-12,M2_gbm_poisson,318.992140,327.932493,product,18,1.645000,539.448951,859,1.028027,A,617,694.666667,1,24,Forecast,20260824T181001Z-27103c
21931,JUMBO STORAGE BAG SUKI,2011-11,2011-12,M2_gbm_poisson,841.764675,541.271940,product,18,1.645000,890.392341,1733,0.643020,A,1177,1249.000000,1,24,Forecast,20260824T181001Z-27103c
21932,SCANDINAVIAN PAISLEY PICNIC BAG,2011-11,2011-12,M2_gbm_poisson,144.542298,64.351683,product,18,1.645000,105.858518,251,0.445210,A,182,128.000000,1,24,Forecast,20260824T181001Z-27103c
21933,PINK VINTAGE PAISLEY PICNIC BAG,2011-11,2011-12,M2_gbm_poisson,126.533110,64.741326,product,18,1.645000,106.499481,234,0.511655,A,131,103.666667,1,24,Forecast,20260824T181001Z-27103c
21934,SKULL SHOULDER BAG,2011-11,2011-12,M2_gbm_poisson,232.657365,72.345863,product,18,1.645000,119.008945,352,0.310955,A,492,288.000000,1,24,Forecast,20260824T181001Z-27103c
21935,SUKI  SHOULDER BAG,2011-11,2011-12,M2_gbm_poisson,253.570190,111.836740,product,18,1.645000,183.971437,438,0.441048,A,546,372.666667,1,24,Forecast,20260824T181001Z-27103c
21936,RED RETROSPOT PICNIC BAG,2011-11,2011-12,M2_gbm_poisson,72.740069,172.510162,product,18,1.645000,283.779216,357,2.371597,A,45,92.000000,1,24,Forecast,20260824T181001Z-27103c
21937,STRAWBERRY   PICNIC BAG,2011-11,2011-12,M2_gbm_poisson,4.910536,132.895914,product,18,1.645000,218.613779,224,27.063423,A,1,0.333333,1,24,Forecast,20260824T181001Z-27103c
21942,SKULLS DESIGN FLANNEL,2011-11,2011-12,M2_gbm_poisson,54.737222,21.696437,product,18,1.645000,35.690639,91,0.396374,B,83,40.333333,1,24,Forecast,20260824T181001Z-27103c
21943,CAKES AND RABBITS DESIGN FLANNEL,2011-11,2011-12,M2_gbm_poisson,20.286025,21.458405,product,18,1.645000,35.299076,56,1.057793,C,6,9.000000,1,24,Forecast,20260824T181001Z-27103c
21944,KITTENS DESIGN FLANNEL,2011-11,2011-12,M2_gbm_poisson,54.151921,21.847417,product,18,1.645000,35.939002,91,0.403447,C,72,32.000000,1,24,Forecast,20260824T181001Z-27103c
21945,STRAWBERRIES  DESIGN FLANNEL,2011-11,2011-12,M2_gbm_poisson,58.486631,20.589522,product,18,1.645000,33.869764,93,0.352038,B,80,53.000000,1,24,Forecast,20260824T181001Z-27103c
21946,PARTY TIME DESIGN FLANNEL,2011-11,2011-12,M2_gbm_poisson,13.620487,18.762699,product,18,1.645000,30.864640,45,1.377535,C,3,5.666667,1,24,Forecast,20260824T181001Z-27103c
21947,SET OF 6 HEART CHOPSTICKS,2011-11,2011-12,M2_gbm_poisson,54.926346,37.974259,product,18,1.645000,62.467655,118,0.691367,B,60,49.666667,1,24,Forecast,20260824T181001Z-27103c
21948,SET OF 6 CAKE CHOPSTICKS,2011-11,2011-12,M2_gbm_poisson,50.355629,38.117393,product,18,1.645000,62.703111,114,0.756964,B,48,36.666667,1,24,Forecast,20260824T181001Z-27103c
21949,SET OF 6 STRAWBERRY CHOPSTICKS,2011-11,2011-12,M2_gbm_poisson,51.837731,67.643713,product,18,1.645000,111.273908,164,1.304913,B,52,42.333333,1,24,Forecast,20260824T181001Z-27103c
21950,SET OF 6 DOTS CHOPSTICKS,2011-11,2011-12,M2_gbm_poisson,,,,,,,,,C,0,,,,Inactive (no sales in last 6 months),20260824T181001Z-27103c
21955,DOORMAT UNION JACK GUNS AND ROSES,2011-11,2011-12,M2_gbm_poisson,41.405537,58.484497,product,18,1.645000,96.206997,138,1.412480,A,27,58.000000,1,24,Forecast,20260824T181001Z-27103c
21967,PACK OF 12 SKULL TISSUES,2011-11,2011-12,M2_gbm_poisson,148.592262,290.707913,product,18,1.645000,478.214516,627,1.956414,A,277,328.333333,1,24,Forecast,20260824T181001Z-27103c
21972,SET OF 36 DINOSAUR PAPER DOILIES,2011-11,2011-12,M2_gbm_poisson,48.688979,22.793725,product,18,1.645000,37.495678,87,0.468150,B,57,29.333333,1,24,Forecast,20260824T181001Z-27103c
21973,SET OF 36 MUSHROOM PAPER DOILIES,2011-11,2011-12,M2_gbm_poisson,17.045364,26.911632,product,18,1.645000,44.269634,62,1.578824,B,5,8.666667,1,24,Forecast,20260824T181001Z-27103c
21974,SET OF 36 PAISLEY FLOWER DOILIES,2011-11,2011-12,M2_gbm_poisson,157.485848,154.198223,product,18,1.645000,253.656078,412,0.979124,A,276,269.333333,1,24,Forecast,20260824T181001Z-27103c
21975,PACK OF 60 DINOSAUR CAKE CASES,2011-11,2011-12,M2_gbm_poisson,491.101403,455.276054,product,18,1.645000,748.929109,1241,0.927051,A,756,1040.333333,1,24,Forecast,20260824T181001Z-27103c
21976,PACK OF 60 MUSHROOM CAKE CASES,2011-11,2011-12,M2_gbm_poisson,256.617924,197.109960,product,18,1.645000,324.245884,581,0.768107,A,271,353.000000,1,24,Forecast,20260824T181001Z-27103c
21977,PACK OF 60 PINK PAISLEY CAKE CASES,2011-11,2011-12,M2_gbm_poisson,980.448116,1057.831039,product,18,1.645000,1740.132059,2721,1.078926,A,1426,1700.000000,1,24,Forecast,20260824T181001Z-27103c
21980,PACK OF 12 RED RETROSPOT TISSUES,2011-11,2011-12,M2_gbm_poisson,259.378768,581.938726,product,18,1.645000,957.289205,1217,2.243587,A,326,622.000000,1,24,Forecast,20260824T181001Z-27103c
21981,PACK OF 12 WOODLAND TISSUES,2011-11,2011-12,M2_gbm_poisson,152.337288,298.017746,product,18,1.645000,490.239192,643,1.956302,A,252,329.333333,1,24,Forecast,20260824T181001Z-27103c
21982,PACK OF 12 SUKI TISSUES,2011-11,2011-12,M2_gbm_poisson,309.105551,664.400446,product,18,1.645000,1092.938733,1403,2.149429,A,924,552.000000,1,24,Forecast,20260824T181001Z-27103c
21983,PACK OF 12 BLUE PAISLEY TISSUES,2011-11,2011-12,M2_gbm_poisson,100.430039,74.447516,product,18,1.645000,122.466164,223,0.741287,B,177,240.000000,1,24,Forecast,20260824T181001Z-27103c
21984,PACK OF 12 PINK PAISLEY TISSUES,2011-11,2011-12,M2_gbm_poisson,141.503103,257.283718,product,18,1.645000,423.231717,565,1.818220,A,142,301.333333,1,24,Forecast,20260824T181001Z-27103c
21985,PACK OF 12 HEARTS DESIGN TISSUES,2011-11,2011-12,M2_gbm_poisson,299.867017,431.731029,product,18,1.645000,710.197543,1011,1.439742,A,500,639.666667,1,24,Forecast,20260824T181001Z-27103c
21986,PACK OF 12 PINK POLKADOT TISSUES,2011-11,2011-12,M2_gbm_poisson,117.240046,223.504114,product,18,1.645000,367.664268,485,1.906380,A,144,233.666667,1,24,Forecast,20260824T181001Z-27103c
21987,PACK OF 6 SKULL PAPER CUPS,2011-11,2011-12,M2_gbm_poisson,110.393331,147.151082,product,18,1.645000,242.063529,353,1.332971,B,381,235.333333,1,24,Forecast,20260824T181001Z-27103c
21988,PACK OF 6 SKULL PAPER PLATES,2011-11,2011-12,M2_gbm_poisson,117.481259,295.642628,product,18,1.645000,486.332124,604,2.516509,A,337,209.666667,1,24,Forecast,20260824T181001Z-27103c
21989,PACK OF 20 SKULL PAPER NAPKINS,2011-11,2011-12,M2_gbm_poisson,113.513989,131.191724,product,18,1.645000,215.810385,330,1.155732,A,193,177.000000,1,24,Forecast,20260824T181001Z-27103c
21990,MODERN FLORAL STATIONERY SET,2011-11,2011-12,M2_gbm_poisson,179.968731,80.213935,product,18,1.645000,131.951924,312,0.445710,B,342,250.666667,1,24,Forecast,20260824T181001Z-27103c
21991,BOHEMIAN COLLAGE STATIONERY SET,2011-11,2011-12,M2_gbm_poisson,70.140422,34.987407,product,18,1.645000,57.554284,128,0.498819,B,126,75.333333,1,24,Forecast,20260824T181001Z-27103c
21992,VINTAGE PAISLEY STATIONERY SET,2011-11,2011-12,M2_gbm_poisson,141.573280,74.667488,product,18,1.645000,122.828017,265,0.527412,A,153,277.333333,1,24,Forecast,20260824T181001Z-27103c
21993,FLORAL FOLK STATIONERY SET,2011-11,2011-12,M2_gbm_poisson,198.448945,77.837332,product,18,1.645000,128.042411,327,0.392229,B,435,277.333333,1,24,Forecast,20260824T181001Z-27103c
22016,Dotcomgiftshop Gift Voucher £100.00,2011-11,2011-12,M2_gbm_poisson,4.323304,7.836625,abc_group,3,1.645000,12.891247,18,1.812647,C,0,0.000000,4,4,Forecast,20260824T181001Z-27103c
22021,BLUE FELT EASTER EGG BASKET,2011-11,2011-12,M2_gbm_poisson,,,,,,,,,B,0,,,,Inactive (no sales in last 6 months),20260824T181001Z-27103c
22023,EMPIRE BIRTHDAY CARD,2011-11,2011-12,M2_gbm_poisson,66.004122,88.458723,product,18,1.645000,145.514599,212,1.340200,B,129,91.000000,1,24,Forecast,20260824T181001Z-27103c
22024,RAINY LADIES BIRTHDAY CARD,2011-11,2011-12,M2_gbm_poisson,87.698010,64.217628,product,18,1.645000,105.637998,194,0.732259,B,203,201.333333,1,24,Forecast,20260824T181001Z-27103c
22025,RING OF ROSES BIRTHDAY CARD,2011-11,2011-12,M2_gbm_poisson,79.136712,66.976185,product,18,1.645000,110.175824,190,0.846335,B,109,145.000000,1,24,Forecast,20260824T181001Z-27103c
22026,BANQUET BIRTHDAY  CARD,2011-11,2011-12,M2_gbm_poisson,85.640996,97.124734,product,18,1.645000,159.770188,246,1.134092,B,143,135.666667,1,24,Forecast,20260824T181001Z-27103c
22027,TEA PARTY BIRTHDAY CARD,2011-11,2011-12,M2_gbm_poisson,213.405829,150.457498,product,18,1.645000,247.502584,461,0.705030,A,477,460.000000,1,24,Forecast,20260824T181001Z-27103c
22028,PENNY FARTHING BIRTHDAY CARD,2011-11,2011-12,M2_gbm_poisson,165.463256,175.390607,product,18,1.645000,288.517548,454,1.059997,B,406,303.000000,1,24,Forecast,20260824T181001Z-27103c
22029,SPACEBOY BIRTHDAY CARD,2011-11,2011-12,M2_gbm_poisson,312.744437,170.487755,product,18,1.645000,280.452357,594,0.545134,A,676,776.666667,1,24,Forecast,20260824T181001Z-27103c
22030,SWALLOWS GREETING CARD,2011-11,2011-12,M2_gbm_poisson,482.417388,394.961196,product,18,1.645000,649.711168,1133,0.818713,A,1010,421.666667,1,24,Forecast,20260824T181001Z-27103c
22031,BOTANICAL LAVENDER BIRTHDAY CARD,2011-11,2011-12,M2_gbm_poisson,47.259772,37.157347,product,18,1.645000,61.123836,109,0.786236,C,51,29.666667,1,24,Forecast,20260824T181001Z-27103c
22032,BOTANICAL LILY GREETING CARD,2011-11,2011-12,M2_gbm_poisson,50.962253,23.517073,product,18,1.645000,38.685585,90,0.461461,C,50,41.000000,1,24,Forecast,20260824T181001Z-27103c
22033,BOTANICAL ROSE GREETING CARD,2011-11,2011-12,M2_gbm_poisson,5.340326,31.007627,product,18,1.645000,51.007546,57,5.806317,C,1,0.333333,1,24,Forecast,20260824T181001Z-27103c
22034,ROBIN CHRISTMAS CARD,2011-11,2011-12,M2_gbm_poisson,6.596124,55.894651,product,13,1.645000,91.946702,99,8.473863,C,2,0.666667,1,24,Forecast,20260824T181001Z-27103c
22035,VINTAGE CARAVAN GREETING CARD,2011-11,2011-12,M2_gbm_poisson,13.593687,80.175633,product,18,1.645000,131.888916,146,5.898005,B,0,30.666667,2,24,Forecast,20260824T181001Z-27103c
22036,DINOSAUR BIRTHDAY CARD,2011-11,2011-12,M2_gbm_poisson,,,,,,,,,C,0,,,,Inactive (no sales in last 6 months),20260824T181001Z-27103c
22037,ROBOT BIRTHDAY CARD,2011-11,2011-12,M2_gbm_poisson,192.661578,188.493573,product,18,1.645000,310.071928,503,0.978366,B,310,350.666667,1,24,Forecast,20260824T181001Z-27103c
22038,BOTANICAL LAVENDER GIFT WRAP,2011-11,2011-12,M2_gbm_poisson,43.880783,47.285300,product,18,1.645000,77.784319,122,1.077586,C,50,41.666667,1,24,Forecast,20260824T181001Z-27103c
22039,BOTANICAL LILY GIFT WRAP,2011-11,2011-12,M2_gbm_poisson,14.604870,52.420831,product,18,1.645000,86.232268,101,3.589271,C,0,58.333333,2,24,Forecast,20260824T181001Z-27103c
22040,BOTANICAL ROSE GIFT WRAP,2011-11,2011-12,M2_gbm_poisson,52.232945,63.757629,product,18,1.645000,104.881300,158,1.220640,B,50,41.666667,1,24,Forecast,20260824T181001Z-27103c
22041,"RECORD FRAME 7"" SINGLE SIZE",2011-11,2011-12,M2_gbm_poisson,294.362795,157.093882,product,18,1.645000,258.419435,553,0.533674,A,644,493.333333,1,24,Forecast,20260824T181001Z-27103c
22042,CHRISTMAS CARD SINGING ANGEL,2011-11,2011-12,M2_gbm_poisson,53.466855,28.731572,product,18,1.645000,47.263437,101,0.537372,C,73,60.333333,1,24,Forecast,20260824T181001Z-27103c
22043,CHRISTMAS CARD SCREEN PRINT,2011-11,2011-12,M2_gbm_poisson,133.752328,42.964981,product,18,1.645000,70.677394,205,0.321228,C,434,348.000000,1,24,Forecast,20260824T181001Z-27103c
22044,CHRISTMAS CARD STACK OF PRESENTS,2011-11,2011-12,M2_gbm_poisson,57.700864,21.090713,product,17,1.645000,34.694224,93,0.365518,C,36,216.000000,1,24,Forecast,20260824T181001Z-27103c
22045,SPACEBOY GIFT WRAP,2011-11,2011-12,M2_gbm_poisson,258.734853,268.893388,product,18,1.645000,442.329624,702,1.039262,A,875,816.666667,1,24,Forecast,20260824T181001Z-27103c
22046,TEA PARTY  WRAPPING PAPER,2011-11,2011-12,M2_gbm_poisson,94.160832,79.223282,product,18,1.645000,130.322299,225,0.841361,B,275,216.666667,1,24,Forecast,20260824T181001Z-27103c
22047,EMPIRE GIFT WRAP,2011-11,2011-12,M2_gbm_poisson,148.743420,258.361927,product,18,1.645000,425.005370,574,1.736964,B,500,358.333333,1,24,Forecast,20260824T181001Z-27103c
22048,BIRTHDAY BANQUET GIFT WRAP,2011-11,2011-12,M2_gbm_poisson,54.918540,103.988159,product,18,1.645000,171.060521,226,1.893498,B,75,83.333333,1,24,Forecast,20260824T181001Z-27103c
22049,WRAP CHRISTMAS SCREEN PRINT,2011-11,2011-12,M2_gbm_poisson,25.355406,172.252596,product,16,1.645000,283.355521,309,6.793526,C,0,225.000000,2,24,Forecast,20260824T181001Z-27103c
22050,PINK PAISLEY ROSE GIFT WRAP,2011-11,2011-12,M2_gbm_poisson,64.999269,84.600691,product,18,1.645000,139.168137,205,1.301564,B,50,100.000000,1,24,Forecast,20260824T181001Z-27103c
22051,BLUE SCANDINAVIAN PAISLEY WRAP,2011-11,2011-12,M2_gbm_poisson,56.066977,63.684067,product,18,1.645000,104.760291,161,1.135857,B,125,75.000000,1,24,Forecast,20260824T181001Z-27103c
22052,VINTAGE CARAVAN GIFT WRAP,2011-11,2011-12,M2_gbm_poisson,2.027923,70.045313,product,18,1.645000,115.224540,118,34.540423,B,0,0.000000,5,24,Forecast,20260824T181001Z-27103c
22053,EMPIRE DESIGN ROSETTE,2011-11,2011-12,M2_gbm_poisson,21.448798,17.312625,product,18,1.645000,28.479268,50,0.807161,A,11,10.333333,1,24,Forecast,20260824T181001Z-27103c
22054,MINI CAKE STAND HANGING HEARTS,2011-11,2011-12,M2_gbm_poisson,,,,,,,,,C,0,,,,Inactive (no sales in last 6 months),20260824T181001Z-27103c
22055,MINI CAKE STAND  HANGING STRAWBERY,2011-11,2011-12,M2_gbm_poisson,56.944416,90.920664,product,18,1.645000,149.564493,207,1.596656,A,82,81.333333,1,24,Forecast,20260824T181001Z-27103c
22056,CERAMIC PLATE LOVE HEART DESIGN,2011-11,2011-12,M2_gbm_poisson,,,,,,,,,C,0,,,,Inactive (no sales in last 6 months),20260824T181001Z-27103c
22057,CERAMIC PLATE STRAWBERRY DESIGN,2011-11,2011-12,M2_gbm_poisson,56.590310,50.546955,product,18,1.645000,83.149741,140,0.893209,A,67,37.000000,1,24,Forecast,20260824T181001Z-27103c
22058,CERAMIC LOVE HEARTS DESIGN MUG,2011-11,2011-12,M2_gbm_poisson,,,,,,,,,C,0,,,,Inactive (no sales in last 6 months),20260824T181001Z-27103c
22059,CERAMIC STRAWBERRY DESIGN MUG,2011-11,2011-12,M2_gbm_poisson,68.718897,47.423875,product,18,1.645000,78.012275,147,0.690114,A,135,65.666667,1,24,Forecast,20260824T181001Z-27103c
22060,LARGE CAKE STAND HANGING HEARTS,2011-11,2011-12,M2_gbm_poisson,,,,,,,,,A,0,,,,Inactive (no sales in last 6 months),20260824T181001Z-27103c
22061,LARGE CAKE STAND  HANGING STRAWBERY,2011-11,2011-12,M2_gbm_poisson,41.827200,42.125789,product,18,1.645000,69.296923,112,1.007139,A,45,24.333333,1,24,Forecast,20260824T181001Z-27103c
22062,CERAMIC BOWL WITH LOVE HEART DESIGN,2011-11,2011-12,M2_gbm_poisson,16.432073,63.532239,product,18,1.645000,104.510534,121,3.866356,B,0,34.666667,2,24,Forecast,20260824T181001Z-27103c
22063,CERAMIC BOWL WITH STRAWBERRY DESIGN,2011-11,2011-12,M2_gbm_poisson,35.791575,33.515994,product,18,1.645000,55.133810,91,0.936421,A,26,14.666667,1,24,Forecast,20260824T181001Z-27103c
22064,PINK DOUGHNUT TRINKET POT,2011-11,2011-12,M2_gbm_poisson,96.390379,73.744431,product,18,1.645000,121.309589,218,0.765060,A,232,122.000000,1,24,Forecast,20260824T181001Z-27103c
22065,CHRISTMAS PUDDING TRINKET POT,2011-11,2011-12,M2_gbm_poisson,796.731173,188.102047,product,18,1.645000,309.427868,1107,0.236092,B,1804,1984.333333,1,24,Forecast,20260824T181001Z-27103c
22066,LOVE HEART TRINKET POT,2011-11,2011-12,M2_gbm_poisson,122.078138,73.137390,product,18,1.645000,120.311007,243,0.599103,B,401,273.666667,1,24,Forecast,20260824T181001Z-27103c
22067,CHOC TRUFFLE GOLD TRINKET POT,2011-11,2011-12,M2_gbm_poisson,46.292997,35.864384,product,18,1.645000,58.996911,106,0.774726,B,52,30.000000,1,24,Forecast,20260824T181001Z-27103c
22068,BLACK PIRATE TREASURE CHEST,2011-11,2011-12,M2_gbm_poisson,54.802773,39.664566,product,18,1.645000,65.248211,121,0.723769,B,56,54.000000,1,24,Forecast,20260824T181001Z-27103c
22069,BROWN  PIRATE TREASURE CHEST,2011-11,2011-12,M2_gbm_poisson,60.588110,27.589027,product,18,1.645000,45.383949,106,0.455354,B,75,46.000000,1,24,Forecast,20260824T181001Z-27103c
22070,SMALL RED RETROSPOT MUG IN BOX,2011-11,2011-12,M2_gbm_poisson,221.490727,31.454208,product,18,1.645000,51.742173,274,0.142011,A,529,213.666667,1,24,Forecast,20260824T181001Z-27103c
22071,SMALL WHITE RETROSPOT MUG IN BOX,2011-11,2011-12,M2_gbm_poisson,187.211968,16.066357,product,18,1.645000,26.429158,214,0.085819,A,507,200.333333,1,24,Forecast,20260824T181001Z-27103c
22072,RED RETROSPOT TEA CUP AND SAUCER,2011-11,2011-12,M2_gbm_poisson,46.278985,36.752496,product,18,1.645000,60.457855,107,0.794151,A,40,31.333333,1,24,Forecast,20260824T181001Z-27103c
22073,RED RETROSPOT STORAGE JAR,2011-11,2011-12,M2_gbm_poisson,,,,,,,,,A,0,,,,Inactive (no sales in last 6 months),20260824T181001Z-27103c
22074,6 RIBBONS SHIMMERING PINKS,2011-11,2011-12,M2_gbm_poisson,65.760123,36.680307,product,18,1.645000,60.339105,127,0.557790,B,79,75.000000,1,24,Forecast,20260824T181001Z-27103c
22075,6 RIBBONS ELEGANT CHRISTMAS,2011-11,2011-12,M2_gbm_poisson,159.825959,78.635709,product,18,1.645000,129.355741,290,0.492008,B,343,229.000000,1,24,Forecast,20260824T181001Z-27103c
22076,6 RIBBONS EMPIRE,2011-11,2011-12,M2_gbm_poisson,88.841610,37.641977,product,18,1.645000,61.921051,151,0.423698,B,152,135.000000,1,24,Forecast,20260824T181001Z-27103c
22077,6 RIBBONS RUSTIC CHARM,2011-11,2011-12,M2_gbm_poisson,675.377014,418.968536,product,18,1.645000,689.203242,1365,0.620348,A,1177,1166.333333,1,24,Forecast,20260824T181001Z-27103c
22078,RIBBON REEL LACE DESIGN,2011-11,2011-12,M2_gbm_poisson,101.956960,138.157287,product,18,1.645000,227.268737,330,1.355055,A,213,161.666667,1,24,Forecast,20260824T181001Z-27103c
22079,RIBBON REEL HEARTS DESIGN,2011-11,2011-12,M2_gbm_poisson,110.090944,107.169953,product,18,1.645000,176.294572,287,0.973467,A,172,195.333333,1,24,Forecast,20260824T181001Z-27103c
22080,RIBBON REEL SPOTS DESIGN,2011-11,2011-12,M2_gbm_poisson,117.773449,34.093954,product,18,1.645000,56.084554,174,0.289488,A,215,203.666667,1,24,Forecast,20260824T181001Z-27103c
22081,RIBBON REEL FLORA + FAUNA,2011-11,2011-12,M2_gbm_poisson,60.177386,38.658512,product,18,1.645000,63.593252,124,0.642409,B,69,77.000000,1,24,Forecast,20260824T181001Z-27103c
22082,RIBBON REEL STRIPES DESIGN,2011-11,2011-12,M2_gbm_poisson,184.848953,110.415242,product,18,1.645000,181.633073,367,0.597327,A,394,324.000000,1,24,Forecast,20260824T181001Z-27103c
22083,PAPER CHAIN KIT RETROSPOT,2011-11,2011-12,M2_gbm_poisson,294.936358,105.471877,product,18,1.645000,173.501237,469,0.357609,A,653,462.000000,1,24,Forecast,20260824T181001Z-27103c
22084,PAPER CHAIN KIT EMPIRE,2011-11,2011-12,M2_gbm_poisson,9.835420,248.019655,product,18,1.645000,407.992333,418,25.216986,A,0,3.666667,3,24,Forecast,20260824T181001Z-27103c
22085,PAPER CHAIN KIT SKULLS,2011-11,2011-12,M2_gbm_poisson,39.833386,48.333190,product,18,1.645000,79.508098,120,1.213384,A,28,32.333333,1,24,Forecast,20260824T181001Z-27103c
22086,PAPER CHAIN KIT 50'S CHRISTMAS,2011-11,2011-12,M2_gbm_poisson,2000.727483,550.412371,product,18,1.645000,905.428351,2907,0.275106,A,7898,4475.666667,1,24,Forecast,20260824T181001Z-27103c
22087,PAPER BUNTING WHITE LACE,2011-11,2011-12,M2_gbm_poisson,360.376591,542.564512,product,18,1.645000,892.518622,1253,1.505549,A,580,193.333333,1,24,Forecast,20260824T181001Z-27103c
22088,PAPER BUNTING COLOURED LACE,2011-11,2011-12,M2_gbm_poisson,2.946980,143.458542,product,18,1.645000,235.989301,239,48.679845,A,0,0.000000,5,24,Forecast,20260824T181001Z-27103c
22089,PAPER BUNTING VINTAGE PAISLEY,2011-11,2011-12,M2_gbm_poisson,66.034633,98.399596,product,18,1.645000,161.867335,228,1.490121,A,111,76.666667,1,24,Forecast,20260824T181001Z-27103c
22090,PAPER BUNTING RETROSPOT,2011-11,2011-12,M2_gbm_poisson,329.967507,332.671024,product,18,1.645000,547.243835,878,1.008193,A,327,313.666667,1,24,Forecast,20260824T181001Z-27103c
22091,EMPIRE TISSUE BOX,2011-11,2011-12,M2_gbm_poisson,194.578442,104.688099,product,18,1.645000,172.211922,367,0.538025,B,338,377.333333,1,24,Forecast,20260824T181001Z-27103c
22092,BLUE PAISLEY TISSUE BOX,2011-11,2011-12,M2_gbm_poisson,69.812956,55.378385,product,18,1.645000,91.097443,161,0.793239,C,155,130.000000,1,24,Forecast,20260824T181001Z-27103c
22093,MOTORING TISSUE BOX,2011-11,2011-12,M2_gbm_poisson,174.712098,42.465610,product,18,1.645000,69.855928,245,0.243060,C,287,349.333333,1,24,Forecast,20260824T181001Z-27103c
22094,RED RETROSPOT TISSUE BOX,2011-11,2011-12,M2_gbm_poisson,221.648535,103.369012,product,18,1.645000,170.042025,392,0.466365,B,525,422.000000,1,24,Forecast,20260824T181001Z-27103c
22095,LADS ONLY TISSUE BOX,2011-11,2011-12,M2_gbm_poisson,176.854098,98.604096,product,18,1.645000,162.203737,340,0.557545,B,409,258.666667,1,24,Forecast,20260824T181001Z-27103c
22096,PINK PAISLEY SQUARE TISSUE BOX,2011-11,2011-12,M2_gbm_poisson,85.822886,12.802528,product,18,1.645000,21.060158,107,0.149174,C,168,306.666667,1,24,Forecast,20260824T181001Z-27103c
22097,SWALLOW SQUARE TISSUE BOX,2011-11,2011-12,M2_gbm_poisson,137.400341,53.839933,product,18,1.645000,88.566690,226,0.391847,C,147,256.666667,1,24,Forecast,20260824T181001Z-27103c
22098,BOUDOIR SQUARE TISSUE BOX,2011-11,2011-12,M2_gbm_poisson,149.076488,61.585163,product,18,1.645000,101.307593,251,0.413111,B,226,435.333333,1,24,Forecast,20260824T181001Z-27103c
22099,CARAVAN SQUARE TISSUE BOX,2011-11,2011-12,M2_gbm_poisson,116.093262,61.966888,product,18,1.645000,101.935531,219,0.533768,B,124,245.666667,1,24,Forecast,20260824T181001Z-27103c
22100,SKULLS SQUARE TISSUE BOX,2011-11,2011-12,M2_gbm_poisson,69.183624,32.853520,product,18,1.645000,54.044040,124,0.474874,C,195,117.000000,1,24,Forecast,20260824T181001Z-27103c
22101,MIRROR MOSAIC VOTIVE HOLDER,2011-11,2011-12,M2_gbm_poisson,75.539489,32.990242,product,18,1.645000,54.268948,130,0.436728,B,102,287.666667,1,24,Forecast,20260824T181001Z-27103c
22102,MIRROR MOSAIC T-LIGHT HOLDER,2011-11,2011-12,M2_gbm_poisson,42.546602,16.156693,product,18,1.645000,26.577760,70,0.379741,C,22,510.000000,1,24,Forecast,20260824T181001Z-27103c
22103,MIRROR MOSAIC T-LIGHT HOLDER ROUND,2011-11,2011-12,M2_gbm_poisson,26.771621,50.375094,product,18,1.645000,82.867029,110,1.881660,B,0,330.666667,2,24,Forecast,20260824T181001Z-27103c
22104,MIRROR MOSAIC CANDLE PLATE,2011-11,2011-12,M2_gbm_poisson,40.399336,26.339376,product,18,1.645000,43.328273,84,0.651975,C,22,29.333333,1,24,Forecast,20260824T181001Z-27103c
22105,MIRROR MOSAIC GOBLET CANDLE HOLDER,2011-11,2011-12,M2_gbm_poisson,36.153219,13.970693,product,18,1.645000,22.981789,60,0.386430,C,4,166.333333,1,24,Forecast,20260824T181001Z-27103c
22106,MIRROR MOSAIC HURRICANE LAMP,2011-11,2011-12,M2_gbm_poisson,28.701794,5.113704,product,18,1.645000,8.412043,38,0.178167,B,14,91.000000,1,23,Forecast,20260824T181001Z-27103c
22107,PIZZA PLATE IN BOX,2011-11,2011-12,M2_gbm_poisson,90.976238,14.072905,product,18,1.645000,23.149928,115,0.154688,A,162,96.333333,1,24,Forecast,20260824T181001Z-27103c
22108,PING! MICROWAVE PLATE,2011-11,2011-12,M2_gbm_poisson,34.180296,21.334053,product,18,1.645000,35.094517,70,0.624162,C,27,16.000000,1,24,Forecast,20260824T181001Z-27103c
22109,FULL ENGLISH BREAKFAST PLATE,2011-11,2011-12,M2_gbm_poisson,108.883805,73.059471,product,18,1.645000,120.182830,230,0.670986,A,248,176.666667,1,24,Forecast,20260824T181001Z-27103c
22110,BIRD HOUSE HOT WATER BOTTLE,2011-11,2011-12,M2_gbm_poisson,123.706631,53.056709,product,18,1.645000,87.278287,211,0.428891,A,277,162.666667,1,24,Forecast,20260824T181001Z-27103c
22111,SCOTTIE DOG HOT WATER BOTTLE,2011-11,2011-12,M2_gbm_poisson,637.590825,233.296343,product,18,1.645000,383.772484,1022,0.365903,A,982,837.000000,1,24,Forecast,20260824T181001Z-27103c
22112,CHOCOLATE HOT WATER BOTTLE,2011-11,2011-12,M2_gbm_poisson,817.691406,228.889619,product,18,1.645000,376.523423,1195,0.279922,A,1600,1063.666667,1,24,Forecast,20260824T181001Z-27103c
22113,GREY HEART HOT WATER BOTTLE,2011-11,2011-12,M2_gbm_poisson,349.406724,89.279953,product,15,1.645000,146.865523,497,0.255519,A,681,563.000000,1,24,Forecast,20260824T181001Z-27103c
22114,HOT WATER BOTTLE TEA AND SYMPATHY,2011-11,2011-12,M2_gbm_poisson,870.503277,351.446746,product,18,1.645000,578.129896,1449,0.403728,A,1815,1276.333333,1,24,Forecast,20260824T181001Z-27103c
22115,METAL SIGN EMPIRE TEA,2011-11,2011-12,M2_gbm_poisson,133.706357,35.270337,product,18,1.645000,58.019705,192,0.263790,A,204,233.333333,1,24,Forecast,20260824T181001Z-27103c
22116,METAL SIGN HIS DINNER IS SERVED,2011-11,2011-12,M2_gbm_poisson,68.442253,10.123812,product,18,1.645000,16.653671,86,0.147918,C,93,75.000000,1,24,Forecast,20260824T181001Z-27103c
22117,METAL SIGN HER DINNER IS SERVED,2011-11,2011-12,M2_gbm_poisson,26.898096,35.334135,product,18,1.645000,58.124652,86,1.313630,B,12,270.666667,1,24,Forecast,20260824T181001Z-27103c
22118,JOY WOODEN BLOCK LETTERS,2011-11,2011-12,M2_gbm_poisson,39.444911,19.203950,product,18,1.645000,31.590498,72,0.486855,B,31,29.000000,1,24,Forecast,20260824T181001Z-27103c
22119,PEACE WOODEN BLOCK LETTERS,2011-11,2011-12,M2_gbm_poisson,42.322305,17.850431,product,18,1.645000,29.363960,72,0.421774,A,30,31.000000,1,24,Forecast,20260824T181001Z-27103c
22120,WELCOME  WOODEN BLOCK LETTERS,2011-11,2011-12,M2_gbm_poisson,50.625872,31.056147,product,18,1.645000,51.087361,102,0.613444,A,80,44.666667,1,24,Forecast,20260824T181001Z-27103c
22121,NOEL WOODEN BLOCK LETTERS,2011-11,2011-12,M2_gbm_poisson,62.746012,26.793399,product,18,1.645000,44.075141,107,0.427014,A,87,57.333333,1,24,Forecast,20260824T181001Z-27103c
22122,SET OF 2 FANCY FONT TEA TOWELS,2011-11,2011-12,M2_gbm_poisson,,,,,,,,,A,0,,,,Inactive (no sales in last 6 months),20260824T181001Z-27103c
22123,PING MICROWAVE APRON,2011-11,2011-12,M2_gbm_poisson,51.735915,21.094163,product,18,1.645000,34.699898,87,0.407728,B,54,50.666667,1,24,Forecast,20260824T181001Z-27103c
22124,SET OF 2 TEA TOWELS PING MICROWAVE,2011-11,2011-12,M2_gbm_poisson,21.969301,8.068026,product,18,1.645000,13.271903,36,0.367241,C,14,13.000000,1,24,Forecast,20260824T181001Z-27103c
22125,UNION JACK HOT WATER BOTTLE,2011-11,2011-12,M2_gbm_poisson,14.525985,1.021989,product,10,1.645000,1.681171,17,0.070356,A,12,4.000000,1,24,Forecast,20260824T181001Z-27103c
22127,PARTY CONES CARNIVAL ASSORTED,2011-11,2011-12,M2_gbm_poisson,,,,,,,,,A,0,,,,Inactive (no sales in last 6 months),20260824T181001Z-27103c
22128,PARTY CONES CANDY ASSORTED,2011-11,2011-12,M2_gbm_poisson,59.373519,88.931918,product,18,1.645000,146.293006,206,1.497838,A,133,202.333333,1,24,Forecast,20260824T181001Z-27103c
22129,PARTY CONES CANDY TREE DECORATION,2011-11,2011-12,M2_gbm_poisson,140.844647,89.769096,product,18,1.645000,147.670164,289,0.637363,B,295,140.666667,1,24,Forecast,20260824T181001Z-27103c
22130,PARTY CONE CHRISTMAS DECORATION,2011-11,2011-12,M2_gbm_poisson,308.982753,174.246685,product,18,1.645000,286.635798,596,0.563937,A,960,526.000000,1,24,Forecast,20260824T181001Z-27103c
22131,FOOD CONTAINER SET 3 LOVE HEART,2011-11,2011-12,M2_gbm_poisson,102.930986,151.979922,product,18,1.645000,250.006972,353,1.476523,A,201,197.000000,1,24,Forecast,20260824T181001Z-27103c
22132,RED LOVE HEART SHAPE CUP,2011-11,2011-12,M2_gbm_poisson,68.152828,99.925872,product,18,1.645000,164.378060,233,1.466203,B,153,107.666667,1,24,Forecast,20260824T181001Z-27103c
22133,PINK LOVE HEART SHAPE CUP,2011-11,2011-12,M2_gbm_poisson,54.649808,84.904428,product,18,1.645000,139.667785,195,1.553609,B,37,80.333333,1,24,Forecast,20260824T181001Z-27103c
22134,MINI LADLE LOVE HEART RED,2011-11,2011-12,M2_gbm_poisson,57.788081,33.833243,product,18,1.645000,55.655685,114,0.585471,C,59,38.000000,1,24,Forecast,20260824T181001Z-27103c
22135,MINI LADLE LOVE HEART PINK,2011-11,2011-12,M2_gbm_poisson,54.143378,26.550267,product,18,1.645000,43.675189,98,0.490370,C,65,53.333333,1,24,Forecast,20260824T181001Z-27103c
22136,LOVE HEART SOCK HANGER,2011-11,2011-12,M2_gbm_poisson,8.257459,32.007946,product,18,1.645000,52.653071,61,3.876247,B,0,6.666667,2,24,Forecast,20260824T181001Z-27103c
22137,BATHROOM SET LOVE HEART DESIGN,2011-11,2011-12,M2_gbm_poisson,2.666022,4.410590,product,18,1.645000,7.255420,10,1.654371,B,0,0.000000,4,24,Forecast,20260824T181001Z-27103c
22138,BAKING SET 9 PIECE RETROSPOT,2011-11,2011-12,M2_gbm_poisson,686.770749,106.633336,product,18,1.645000,175.411838,863,0.155268,A,1145,854.666667,1,24,Forecast,20260824T181001Z-27103c
22139,RETROSPOT TEA SET CERAMIC 11 PC,2011-11,2011-12,M2_gbm_poisson,513.370389,155.127997,product,18,1.645000,255.185555,769,0.302176,A,830,589.333333,1,24,Forecast,20260824T181001Z-27103c
22141,CHRISTMAS CRAFT TREE TOP ANGEL,2011-11,2011-12,M2_gbm_poisson,485.068458,34.132570,product,13,1.645000,56.148078,542,0.070367,B,969,712.333333,1,24,Forecast,20260824T181001Z-27103c
22142,CHRISTMAS CRAFT WHITE FAIRY,2011-11,2011-12,M2_gbm_poisson,449.548819,98.742564,product,14,1.645000,162.431518,612,0.219648,B,888,916.333333,1,24,Forecast,20260824T181001Z-27103c
22143,CHRISTMAS CRAFT HEART DECORATIONS,2011-11,2011-12,M2_gbm_poisson,,,,,,,,,B,0,,,,Inactive (no sales in last 6 months),20260824T181001Z-27103c
22144,CHRISTMAS CRAFT LITTLE FRIENDS,2011-11,2011-12,M2_gbm_poisson,722.040307,26.199893,product,18,1.645000,43.098824,766,0.036286,A,1428,1027.000000,1,24,Forecast,20260824T181001Z-27103c
22145,CHRISTMAS CRAFT HEART STOCKING,2011-11,2011-12,M2_gbm_poisson,,,,,,,,,B,0,,,,Inactive (no sales in last 6 months),20260824T181001Z-27103c
22146,EASTER CRAFT IVY WREATH WITH CHICK,2011-11,2011-12,M2_gbm_poisson,,,,,,,,,B,0,,,,Inactive (no sales in last 6 months),20260824T181001Z-27103c
22147,FELTCRAFT BUTTERFLY HEARTS,2011-11,2011-12,M2_gbm_poisson,156.638262,246.007691,product,18,1.645000,404.682651,562,1.570547,A,72,981.000000,1,24,Forecast,20260824T181001Z-27103c
22148,EASTER CRAFT 4 CHICKS,2011-11,2011-12,M2_gbm_poisson,23.819926,19.204273,product,18,1.645000,31.591029,56,0.806227,A,15,10.333333,1,24,Forecast,20260824T181001Z-27103c
22149,FELTCRAFT 6 FLOWER FRIENDS,2011-11,2011-12,M2_gbm_poisson,214.795773,260.697068,product,18,1.645000,428.846677,644,1.213697,A,40,788.000000,1,24,Forecast,20260824T181001Z-27103c
22150,3 STRIPEY MICE FELTCRAFT,2011-11,2011-12,M2_gbm_poisson,202.746587,156.436387,product,18,1.645000,257.337857,461,0.771586,A,419,331.333333,1,24,Forecast,20260824T181001Z-27103c
22151,PLACE SETTING WHITE HEART,2011-11,2011-12,M2_gbm_poisson,409.459134,752.819233,product,18,1.645000,1238.387638,1648,1.838570,A,687,785.000000,1,24,Forecast,20260824T181001Z-27103c
22152,PLACE SETTING WHITE STAR,2011-11,2011-12,M2_gbm_poisson,243.386491,173.079697,product,18,1.645000,284.716102,529,0.711131,B,931,487.333333,1,24,Forecast,20260824T181001Z-27103c
22153,ANGEL DECORATION STARS ON DRESS,2011-11,2011-12,M2_gbm_poisson,295.533990,101.914385,product,18,1.645000,167.649163,464,0.344848,B,814,595.333333,1,24,Forecast,20260824T181001Z-27103c
22154,ANGEL DECORATION 3 BUTTONS,2011-11,2011-12,M2_gbm_poisson,389.749979,159.736868,product,18,1.645000,262.767148,653,0.409844,B,1083,674.666667,1,24,Forecast,20260824T181001Z-27103c
22155,STAR DECORATION RUSTIC,2011-11,2011-12,M2_gbm_poisson,325.723773,258.745468,product,18,1.645000,425.636296,752,0.794371,B,846,566.666667,1,24,Forecast,20260824T181001Z-27103c
22156,HEART DECORATION WITH PEARLS,2011-11,2011-12,M2_gbm_poisson,140.458457,197.435134,product,18,1.645000,324.780795,466,1.405648,A,263,198.333333,1,24,Forecast,20260824T181001Z-27103c
22157,ANGEL DECORATION WITH LACE PADDED,2011-11,2011-12,M2_gbm_poisson,3.156296,18.395426,product,16,1.645000,30.260475,34,5.828169,B,0,0.000000,4,24,Forecast,20260824T181001Z-27103c
22158,3 HEARTS HANGING DECORATION RUSTIC,2011-11,2011-12,M2_gbm_poisson,636.746251,255.166561,product,18,1.645000,419.748993,1057,0.400735,A,1295,762.000000,1,24,Forecast,20260824T181001Z-27103c
22161,HEART DECORATION RUSTIC HANGING,2011-11,2011-12,M2_gbm_poisson,326.500136,197.468631,product,18,1.645000,324.835898,652,0.604804,B,626,821.000000,1,24,Forecast,20260824T181001Z-27103c
22162,HEART GARLAND RUSTIC PADDED,2011-11,2011-12,M2_gbm_poisson,35.499914,28.036653,product,18,1.645000,46.120294,82,0.789767,A,34,12.666667,1,24,Forecast,20260824T181001Z-27103c
22163,HEART STRING MEMO HOLDER HANGING,2011-11,2011-12,M2_gbm_poisson,169.633483,37.978914,product,18,1.645000,62.475313,233,0.223888,B,393,253.666667,1,24,Forecast,20260824T181001Z-27103c
22164,STRING OF STARS CARD HOLDER,2011-11,2011-12,M2_gbm_poisson,36.564550,13.891464,product,18,1.645000,22.851458,60,0.379916,C,37,16.333333,1,24,Forecast,20260824T181001Z-27103c
22165,"DIAMANTE HEART SHAPED WALL MIRROR,",2011-11,2011-12,M2_gbm_poisson,33.111307,28.412630,product,18,1.645000,46.738776,80,0.858094,A,22,18.000000,1,24,Forecast,20260824T181001Z-27103c
22166,WALL MIRROR RECTANGLE DIAMANTE PINK,2011-11,2011-12,M2_gbm_poisson,15.880117,6.994680,product,18,1.645000,11.506248,28,0.440468,B,11,9.000000,1,24,Forecast,20260824T181001Z-27103c
22167,OVAL WALL MIRROR DIAMANTE,2011-11,2011-12,M2_gbm_poisson,27.625856,21.367349,product,18,1.645000,35.149289,63,0.773455,A,20,12.000000,1,24,Forecast,20260824T181001Z-27103c
22168,ORGANISER WOOD ANTIQUE WHITE,2011-11,2011-12,M2_gbm_poisson,,,,,,,,,A,0,,,,Inactive (no sales in last 6 months),20260824T181001Z-27103c
22169,FAMILY ALBUM WHITE PICTURE FRAME,2011-11,2011-12,M2_gbm_poisson,77.836570,36.567065,product,18,1.645000,60.152822,138,0.469793,A,123,152.666667,1,24,Forecast,20260824T181001Z-27103c
22170,PICTURE FRAME WOOD TRIPLE PORTRAIT,2011-11,2011-12,M2_gbm_poisson,74.262271,45.819357,product,18,1.645000,75.372843,150,0.616994,A,110,117.333333,1,24,Forecast,20260824T181001Z-27103c
22171,3 HOOK PHOTO SHELF ANTIQUE WHITE,2011-11,2011-12,M2_gbm_poisson,67.014264,83.461643,product,18,1.645000,137.294403,205,1.245431,A,101,46.666667,1,24,Forecast,20260824T181001Z-27103c
22172,METAL SHELF WITH RAIL,2011-11,2011-12,M2_gbm_poisson,,,,,,,,,A,0,,,,Inactive (no sales in last 6 months),20260824T181001Z-27103c
22173,METAL 4 HOOK HANGER FRENCH CHATEAU,2011-11,2011-12,M2_gbm_poisson,175.085986,135.766657,product,18,1.645000,223.336151,399,0.775428,A,319,221.333333,1,24,Forecast,20260824T181001Z-27103c
22174,PHOTO CUBE,2011-11,2011-12,M2_gbm_poisson,187.304084,164.204258,product,18,1.645000,270.116005,458,0.876672,A,417,275.333333,1,24,Forecast,20260824T181001Z-27103c
22175,PINK OWL SOFT TOY,2011-11,2011-12,M2_gbm_poisson,135.006559,30.846105,product,18,1.645000,50.741842,186,0.228479,A,292,161.666667,1,24,Forecast,20260824T181001Z-27103c
22176,BLUE OWL SOFT TOY,2011-11,2011-12,M2_gbm_poisson,33.323429,26.376647,product,18,1.645000,43.389585,77,0.791535,B,0,64.000000,2,24,Forecast,20260824T181001Z-27103c
22177,5 HOOK BLACKBOARD ORGANISER,2011-11,2011-12,M2_gbm_poisson,,,,,,,,,B,0,,,,Inactive (no sales in last 6 months),20260824T181001Z-27103c
22178,VICTORIAN GLASS HANGING T-LIGHT,2011-11,2011-12,M2_gbm_poisson,1011.916893,994.161603,product,18,1.645000,1635.395837,2648,0.982454,A,1806,2125.333333,1,24,Forecast,20260824T181001Z-27103c
22179,SET 10 LIGHTS NIGHT OWL,2011-11,2011-12,M2_gbm_poisson,75.727432,43.940629,product,18,1.645000,72.282334,149,0.580247,A,138,104.666667,1,24,Forecast,20260824T181001Z-27103c
22180,RETROSPOT LAMP,2011-11,2011-12,M2_gbm_poisson,13.934898,12.140311,product,18,1.645000,19.970811,34,0.871216,A,1,26.000000,1,24,Forecast,20260824T181001Z-27103c
22181,SNOWSTORM PHOTO FRAME FRIDGE MAGNET,2011-11,2011-12,M2_gbm_poisson,76.765904,57.499291,product,18,1.645000,94.586334,172,0.749021,B,137,76.000000,1,24,Forecast,20260824T181001Z-27103c
22182,CAKE STAND VICTORIAN FILIGREE SMALL,2011-11,2011-12,M2_gbm_poisson,31.132158,13.482736,product,18,1.645000,22.179101,54,0.433081,B,18,23.000000,1,24,Forecast,20260824T181001Z-27103c
22183,CAKE STAND VICTORIAN FILIGREE MED,2011-11,2011-12,M2_gbm_poisson,4.343365,11.975442,product,18,1.645000,19.699602,25,2.757181,A,1,0.333333,1,24,Forecast,20260824T181001Z-27103c
22184,CAKE STAND VICTORIAN FILIGREE LARGE,2011-11,2011-12,M2_gbm_poisson,,,,,,,,,B,0,,,,Inactive (no sales in last 6 months),20260824T181001Z-27103c
22185,SLATE TILE NATURAL HANGING,2011-11,2011-12,M2_gbm_poisson,87.043654,69.983479,product,18,1.645000,115.122824,203,0.804004,A,197,134.000000,1,24,Forecast,20260824T181001Z-27103c
22186,RED STAR CARD HOLDER,2011-11,2011-12,M2_gbm_poisson,142.911586,46.470528,product,18,1.645000,76.444018,220,0.325170,A,288,252.333333,1,24,Forecast,20260824T181001Z-27103c
22187,GREEN CHRISTMAS TREE CARD HOLDER,2011-11,2011-12,M2_gbm_poisson,260.597719,37.275014,product,18,1.645000,61.317398,322,0.143037,A,565,382.000000,1,24,Forecast,20260824T181001Z-27103c
22188,BLACK HEART CARD HOLDER,2011-11,2011-12,M2_gbm_poisson,134.569545,303.898030,product,18,1.645000,499.912259,635,2.258297,A,232,251.000000,1,24,Forecast,20260824T181001Z-27103c
22189,CREAM HEART CARD HOLDER,2011-11,2011-12,M2_gbm_poisson,284.323047,272.911054,product,18,1.645000,448.938683,734,0.959863,A,458,523.666667,1,24,Forecast,20260824T181001Z-27103c
22190,LOCAL CAFE MUG,2011-11,2011-12,M2_gbm_poisson,49.723383,57.076027,product,18,1.645000,93.890064,144,1.147871,B,55,40.333333,1,24,Forecast,20260824T181001Z-27103c
22191,IVORY DINER WALL CLOCK,2011-11,2011-12,M2_gbm_poisson,77.092480,45.056730,product,18,1.645000,74.118321,152,0.584450,A,98,114.000000,1,24,Forecast,20260824T181001Z-27103c
22192,BLUE DINER WALL CLOCK,2011-11,2011-12,M2_gbm_poisson,70.405628,23.667206,product,18,1.645000,38.932555,110,0.336155,A,71,92.333333,1,24,Forecast,20260824T181001Z-27103c
22193,RED DINER WALL CLOCK,2011-11,2011-12,M2_gbm_poisson,78.040066,39.821546,product,18,1.645000,65.506443,144,0.510271,A,116,201.666667,1,24,Forecast,20260824T181001Z-27103c
22194,BLACK DINER WALL CLOCK,2011-11,2011-12,M2_gbm_poisson,2.346098,10.815241,product,18,1.645000,17.791072,21,4.609885,B,0,0.000000,4,24,Forecast,20260824T181001Z-27103c
22195,LARGE HEART MEASURING SPOONS,2011-11,2011-12,M2_gbm_poisson,152.442831,91.163521,product,18,1.645000,149.963991,303,0.598018,A,294,216.000000,1,24,Forecast,20260824T181001Z-27103c
22196,SMALL HEART MEASURING SPOONS,2011-11,2011-12,M2_gbm_poisson,197.922335,91.127601,product,18,1.645000,149.904904,348,0.460421,A,423,337.666667,1,24,Forecast,20260824T181001Z-27103c
22197,SMALL POPCORN HOLDER,2011-11,2011-12,M2_gbm_poisson,2295.965380,2070.846485,product,18,1.645000,3406.542468,5703,0.901950,A,12452,7517.000000,1,24,Forecast,20260824T181001Z-27103c
22198,LARGE POPCORN HOLDER,2011-11,2011-12,M2_gbm_poisson,,,,,,,,,A,0,,,,Inactive (no sales in last 6 months),20260824T181001Z-27103c
22199,FRYING PAN RED RETROSPOT,2011-11,2011-12,M2_gbm_poisson,41.199042,32.587359,product,18,1.645000,53.606205,95,0.790974,A,35,33.000000,1,24,Forecast,20260824T181001Z-27103c
22200,FRYING PAN PINK POLKADOT,2011-11,2011-12,M2_gbm_poisson,40.043511,40.228874,product,18,1.645000,66.176498,107,1.004629,A,34,37.333333,1,24,Forecast,20260824T181001Z-27103c
22201,FRYING PAN BLUE POLKADOT,2011-11,2011-12,M2_gbm_poisson,20.037825,19.822742,product,18,1.645000,32.608410,53,0.989266,B,9,13.000000,1,24,Forecast,20260824T181001Z-27103c
22202,MILK PAN PINK RETROSPOT,2011-11,2011-12,M2_gbm_poisson,,,,,,,,,A,0,,,,Inactive (no sales in last 6 months),20260824T181001Z-27103c
22203,MILK PAN RED RETROSPOT,2011-11,2011-12,M2_gbm_poisson,41.787115,25.248403,product,18,1.645000,41.533623,84,0.604215,A,33,24.000000,1,24,Forecast,20260824T181001Z-27103c
22204,MILK PAN BLUE POLKADOT,2011-11,2011-12,M2_gbm_poisson,14.189800,29.207964,product,18,1.645000,48.047101,63,2.058377,B,4,6.333333,1,24,Forecast,20260824T181001Z-27103c
22206,"MUG , DOTCOMGIFTSHOP.COM",2011-11,2011-12,M2_gbm_poisson,4.737313,1.452054,product,17,1.645000,2.388628,8,0.306514,C,1,0.333333,1,18,Forecast,20260824T181001Z-27103c
22207,FRYING PAN UNION FLAG,2011-11,2011-12,M2_gbm_poisson,94.824423,92.038642,product,18,1.645000,151.403565,247,0.970622,A,188,158.666667,1,24,Forecast,20260824T181001Z-27103c
22208,WOOD STAMP SET THANK YOU,2011-11,2011-12,M2_gbm_poisson,169.624664,84.558833,product,18,1.645000,139.099280,309,0.498506,B,367,209.333333,1,24,Forecast,20260824T181001Z-27103c
22209,WOOD STAMP SET HAPPY BIRTHDAY,2011-11,2011-12,M2_gbm_poisson,72.700321,31.380948,product,18,1.645000,51.621659,125,0.431648,B,88,84.000000,1,24,Forecast,20260824T181001Z-27103c
22210,WOOD STAMP SET BEST WISHES,2011-11,2011-12,M2_gbm_poisson,91.808611,56.327912,product,18,1.645000,92.659415,185,0.613536,B,155,183.666667,1,24,Forecast,20260824T181001Z-27103c
22211,WOOD STAMP SET FLOWERS,2011-11,2011-12,M2_gbm_poisson,96.158425,61.005243,product,18,1.645000,100.353625,197,0.634424,B,202,131.333333,1,24,Forecast,20260824T181001Z-27103c
22212,FOUR HOOK  WHITE LOVEBIRDS,2011-11,2011-12,M2_gbm_poisson,84.745003,86.327817,product,18,1.645000,142.009259,227,1.018677,A,130,109.000000,1,24,Forecast,20260824T181001Z-27103c
22214,CANDLE PLATE LACE WHITE,2011-11,2011-12,M2_gbm_poisson,8.621067,11.585473,product,18,1.645000,19.058103,28,1.343856,B,2,2.666667,1,24,Forecast,20260824T181001Z-27103c
22215,CAKE STAND WHITE TWO TIER LACE,2011-11,2011-12,M2_gbm_poisson,21.743998,17.421202,product,18,1.645000,28.657878,51,0.801196,A,11,24.000000,1,24,Forecast,20260824T181001Z-27103c
22216,T-LIGHT HOLDER WHITE LACE,2011-11,2011-12,M2_gbm_poisson,29.747333,33.209588,product,18,1.645000,54.629772,85,1.116389,B,16,16.000000,1,24,Forecast,20260824T181001Z-27103c
22217,T-LIGHT HOLDER HANGING LACE,2011-11,2011-12,M2_gbm_poisson,55.974514,39.883486,product,18,1.645000,65.608334,122,0.712529,B,93,45.333333,1,24,Forecast,20260824T181001Z-27103c
22218,CAKE STAND LACE WHITE,2011-11,2011-12,M2_gbm_poisson,,,,,,,,,A,0,,,,Inactive (no sales in last 6 months),20260824T181001Z-27103c
22219,LOVEBIRD HANGING DECORATION WHITE,2011-11,2011-12,M2_gbm_poisson,267.315697,169.363869,product,18,1.645000,278.603564,546,0.633572,A,683,395.000000,1,24,Forecast,20260824T181001Z-27103c
22220,CAKE STAND LOVEBIRD 2 TIER WHITE,2011-11,2011-12,M2_gbm_poisson,31.969460,13.054933,product,18,1.645000,21.475365,54,0.408356,A,27,16.000000,1,24,Forecast,20260824T181001Z-27103c
22221,CAKE STAND LOVEBIRD 2 TIER PINK,2011-11,2011-12,M2_gbm_poisson,13.473666,7.819179,product,18,1.645000,12.862549,27,0.580330,A,6,6.333333,1,24,Forecast,20260824T181001Z-27103c
22222,CAKE PLATE LOVEBIRD WHITE,2011-11,2011-12,M2_gbm_poisson,50.875098,32.376094,product,18,1.645000,53.258674,105,0.636384,A,41,38.333333,1,24,Forecast,20260824T181001Z-27103c
22223,CAKE PLATE LOVEBIRD PINK,2011-11,2011-12,M2_gbm_poisson,16.777798,22.038495,product,18,1.645000,36.253324,54,1.313551,B,9,7.666667,1,24,Forecast,20260824T181001Z-27103c
22224,WHITE LOVEBIRD LANTERN,2011-11,2011-12,M2_gbm_poisson,56.107380,55.994523,product,18,1.645000,92.110991,149,0.997989,A,77,54.666667,1,24,Forecast,20260824T181001Z-27103c
22227,HANGING HEART MIRROR DECORATION,2011-11,2011-12,M2_gbm_poisson,98.276501,91.216141,product,18,1.645000,150.050552,249,0.928158,A,233,178.666667,1,24,Forecast,20260824T181001Z-27103c
22228,BUNNY WOODEN PAINTED WITH BIRD,2011-11,2011-12,M2_gbm_poisson,56.628187,63.940367,product,18,1.645000,105.181904,162,1.129126,B,33,54.666667,1,24,Forecast,20260824T181001Z-27103c
22229,BUNNY WOODEN PAINTED WITH FLOWER,2011-11,2011-12,M2_gbm_poisson,42.665797,37.930926,product,18,1.645000,62.396373,106,0.889024,C,8,35.333333,1,24,Forecast,20260824T181001Z-27103c
22230,JIGSAW TREE WITH WATERING CAN,2011-11,2011-12,M2_gbm_poisson,100.438874,60.153711,product,18,1.645000,98.952855,200,0.598909,C,71,146.333333,1,24,Forecast,20260824T181001Z-27103c
22231,JIGSAW TREE WITH BIRDHOUSE,2011-11,2011-12,M2_gbm_poisson,57.912627,39.417525,product,18,1.645000,64.841829,123,0.680638,B,59,57.333333,1,24,Forecast,20260824T181001Z-27103c
22232,JIGSAW TOADSTOOLS 3 PIECE,2011-11,2011-12,M2_gbm_poisson,54.852975,49.307538,product,18,1.645000,81.110901,136,0.898904,B,58,68.000000,1,24,Forecast,20260824T181001Z-27103c
22233,JIGSAW RABBIT AND BIRDHOUSE,2011-11,2011-12,M2_gbm_poisson,49.945900,56.754580,product,18,1.645000,93.361284,144,1.136321,B,19,52.000000,1,24,Forecast,20260824T181001Z-27103c
22236,CAKE STAND 3 TIER MAGIC GARDEN,2011-11,2011-12,M2_gbm_poisson,40.731205,25.478267,product,18,1.645000,41.911748,83,0.625522,A,46,21.666667,1,24,Forecast,20260824T181001Z-27103c
22241,GARLAND WOODEN HAPPY EASTER,2011-11,2011-12,M2_gbm_poisson,22.308104,64.524006,product,18,1.645000,106.141990,129,2.892402,A,15,8.666667,1,24,Forecast,20260824T181001Z-27103c
22242,"HOOK, 5 HANGER , MAGIC TOADSTOOL",2011-11,2011-12,M2_gbm_poisson,,,,,,,,,A,0,,,,Inactive (no sales in last 6 months),20260824T181001Z-27103c
22243,5 HOOK HANGER RED MAGIC TOADSTOOL,2011-11,2011-12,M2_gbm_poisson,34.843691,166.719290,product,18,1.645000,274.253232,310,4.784777,A,27,16.333333,1,24,Forecast,20260824T181001Z-27103c
22244,3 HOOK HANGER MAGIC GARDEN,2011-11,2011-12,M2_gbm_poisson,10.490882,121.724983,product,18,1.645000,200.237597,211,11.602931,A,0,46.333333,3,24,Forecast,20260824T181001Z-27103c
22245,"HOOK, 1 HANGER ,MAGIC GARDEN",2011-11,2011-12,M2_gbm_poisson,3.135932,120.553700,product,18,1.645000,198.310837,202,38.442702,A,0,0.333333,3,24,Forecast,20260824T181001Z-27103c
22246,"GARLAND, MAGIC GARDEN 1.8M",2011-11,2011-12,M2_gbm_poisson,53.977469,36.408046,product,18,1.645000,59.891236,114,0.674505,B,53,29.000000,1,24,Forecast,20260824T181001Z-27103c
22247,BUNNY DECORATION MAGIC GARDEN,2011-11,2011-12,M2_gbm_poisson,7.586596,15.714710,product,18,1.645000,25.850698,34,2.071378,B,4,1.666667,1,24,Forecast,20260824T181001Z-27103c
22248,DECORATION  PINK CHICK MAGIC GARDEN,2011-11,2011-12,M2_gbm_poisson,29.034016,30.251115,product,18,1.645000,49.763085,79,1.041920,C,17,11.666667,1,24,Forecast,20260824T181001Z-27103c
22249,DECORATION WHITE CHICK MAGIC GARDEN,2011-11,2011-12,M2_gbm_poisson,14.087358,38.996166,product,18,1.645000,64.148693,79,2.768167,B,6,2.333333,1,24,Forecast,20260824T181001Z-27103c
22250,DECORATION  BUTTERFLY  MAGIC GARDEN,2011-11,2011-12,M2_gbm_poisson,14.163855,74.054681,product,18,1.645000,121.819950,136,5.228427,B,7,4.000000,1,24,Forecast,20260824T181001Z-27103c
22251,BIRDHOUSE DECORATION MAGIC GARDEN,2011-11,2011-12,M2_gbm_poisson,32.744696,49.408380,product,18,1.645000,81.276786,115,1.508897,B,23,9.666667,1,24,Forecast,20260824T181001Z-27103c
22252,BIRDCAGE DECORATION TEALIGHT HOLDER,2011-11,2011-12,M2_gbm_poisson,55.064886,19.359624,product,18,1.645000,31.846582,87,0.351578,C,82,59.666667,1,24,Forecast,20260824T181001Z-27103c
22253,6 CROCHET STRAWBERRIES,2011-11,2011-12,M2_gbm_poisson,,,,,,,,,B,0,,,,Inactive (no sales in last 6 months),20260824T181001Z-27103c
22254,FELT TOADSTOOL LARGE,2011-11,2011-12,M2_gbm_poisson,35.758773,12.523718,product,18,1.645000,20.601516,57,0.350228,B,30,16.333333,1,24,Forecast,20260824T181001Z-27103c
22255,FELT TOADSTOOL  SMALL,2011-11,2011-12,M2_gbm_poisson,57.866626,22.916595,product,18,1.645000,37.697799,96,0.396024,B,100,52.666667,1,24,Forecast,20260824T181001Z-27103c
22256,FELT FARM ANIMAL CHICKEN,2011-11,2011-12,M2_gbm_poisson,4.354799,12.779580,product,18,1.645000,21.022409,26,2.934597,B,0,0.333333,3,24,Forecast,20260824T181001Z-27103c
22257,FELT FARM ANIMAL SHEEP,2011-11,2011-12,M2_gbm_poisson,5.015571,7.306062,product,17,1.645000,12.018472,18,1.456676,C,0,2.000000,2,23,Forecast,20260824T181001Z-27103c
22258,FELT FARM ANIMAL RABBIT,2011-11,2011-12,M2_gbm_poisson,17.887340,20.034259,product,17,1.645000,32.956357,51,1.120024,B,13,4.333333,1,24,Forecast,20260824T181001Z-27103c
22259,FELT FARM ANIMAL HEN,2011-11,2011-12,M2_gbm_poisson,,,,,,,,,C,0,,,,Inactive (no sales in last 6 months),20260824T181001Z-27103c
22260,FELT EGG COSY BLUE RABBIT,2011-11,2011-12,M2_gbm_poisson,40.771187,17.238021,product,18,1.645000,28.356544,70,0.422799,B,35,17.333333,1,24,Forecast,20260824T181001Z-27103c
22261,FELT EGG COSY WHITE RABBIT,2011-11,2011-12,M2_gbm_poisson,32.299048,40.204993,product,18,1.645000,66.137213,99,1.244773,B,26,13.000000,1,24,Forecast,20260824T181001Z-27103c
22262,FELT EGG COSY CHICKEN,2011-11,2011-12,M2_gbm_poisson,53.762218,44.550793,product,18,1.645000,73.286054,128,0.828664,B,45,42.333333,1,24,Forecast,20260824T181001Z-27103c
22263,FELT EGG COSY LADYBIRD,2011-11,2011-12,M2_gbm_poisson,22.577340,20.617492,product,18,1.645000,33.915774,57,0.913194,C,16,7.333333,1,24,Forecast,20260824T181001Z-27103c
22264,FELT FARM ANIMAL WHITE BUNNY,2011-11,2011-12,M2_gbm_poisson,3.544358,36.302660,product,18,1.645000,59.717875,64,10.242381,B,0,0.333333,2,24,Forecast,20260824T181001Z-27103c
22265,EASTER DECORATION NATURAL CHICK,2011-11,2011-12,M2_gbm_poisson,17.853610,31.642772,product,18,1.645000,52.052360,70,1.772346,B,14,8.000000,1,24,Forecast,20260824T181001Z-27103c
22266,EASTER DECORATION HANGING BUNNY,2011-11,2011-12,M2_gbm_poisson,98.310535,50.065102,product,17,1.645000,82.357093,181,0.509255,C,137,339.333333,1,24,Forecast,20260824T181001Z-27103c
22267,EASTER DECORATION EGG BUNNY,2011-11,2011-12,M2_gbm_poisson,59.614303,39.814817,product,14,1.645000,65.495374,126,0.667874,B,70,90.666667,1,24,Forecast,20260824T181001Z-27103c
22268,EASTER DECORATION SITTING BUNNY,2011-11,2011-12,M2_gbm_poisson,145.602624,85.723094,product,18,1.645000,141.014490,287,0.588747,B,98,127.000000,1,24,Forecast,20260824T181001Z-27103c
22269,EGG CUP NATURAL CHICKEN,2011-11,2011-12,M2_gbm_poisson,69.229782,42.670248,product,18,1.645000,70.192558,140,0.616357,B,94,154.666667,1,24,Forecast,20260824T181001Z-27103c
22270,HAPPY EASTER HANGING DECORATION,2011-11,2011-12,M2_gbm_poisson,15.045351,15.475527,product,18,1.645000,25.457241,41,1.028592,B,6,9.666667,1,24,Forecast,20260824T181001Z-27103c
22271,FELTCRAFT DOLL ROSIE,2011-11,2011-12,M2_gbm_poisson,144.412494,72.563187,product,18,1.645000,119.366442,264,0.502472,A,269,222.333333,1,24,Forecast,20260824T181001Z-27103c
22272,FELTCRAFT DOLL MARIA,2011-11,2011-12,M2_gbm_poisson,,,,,,,,,A,0,,,,Inactive (no sales in last 6 months),20260824T181001Z-27103c
22273,FELTCRAFT DOLL MOLLY,2011-11,2011-12,M2_gbm_poisson,331.489479,157.451420,product,18,1.645000,259.007586,591,0.474982,A,302,979.666667,1,24,Forecast,20260824T181001Z-27103c
22274,FELTCRAFT DOLL EMILY,2011-11,2011-12,M2_gbm_poisson,109.556418,66.298222,product,18,1.645000,109.060575,219,0.605151,A,252,188.000000,1,24,Forecast,20260824T181001Z-27103c
22275,WEEKEND BAG VINTAGE ROSE PAISLEY,2011-11,2011-12,M2_gbm_poisson,,,,,,,,,A,0,,,,Inactive (no sales in last 6 months),20260824T181001Z-27103c
22276,WASH BAG VINTAGE ROSE PAISLEY,2011-11,2011-12,M2_gbm_poisson,15.610968,22.481489,product,18,1.645000,36.982049,53,1.440109,A,3,11.666667,1,24,Forecast,20260824T181001Z-27103c
22277,COSMETIC BAG VINTAGE ROSE PAISLEY,2011-11,2011-12,M2_gbm_poisson,47.556471,35.381769,product,18,1.645000,58.203011,106,0.743995,B,25,59.333333,1,24,Forecast,20260824T181001Z-27103c
22278,OVERNIGHT BAG VINTAGE ROSE PAISLEY,2011-11,2011-12,M2_gbm_poisson,58.068971,14.346353,product,18,1.645000,23.599751,82,0.247057,A,71,49.666667,1,24,Forecast,20260824T181001Z-27103c
22279,POCKET BAG BLUE PAISLEY RED SPOT,2011-11,2011-12,M2_gbm_poisson,72.104629,64.094912,product,18,1.645000,105.436129,178,0.888915,B,146,57.666667,1,24,Forecast,20260824T181001Z-27103c
22280,POCKET BAG PINK PAISELY BROWN SPOT,2011-11,2011-12,M2_gbm_poisson,46.968369,37.190715,product,18,1.645000,61.178727,109,0.791825,B,47,22.333333,1,24,Forecast,20260824T181001Z-27103c
22281,EASTER TREE YELLOW BIRDS,2011-11,2011-12,M2_gbm_poisson,4.366355,4.924908,product,18,1.645000,8.101473,13,1.127922,A,2,0.666667,1,24,Forecast,20260824T181001Z-27103c
22282,12 EGG HOUSE PAINTED WOOD,2011-11,2011-12,M2_gbm_poisson,32.133066,7.275776,product,18,1.645000,11.968652,45,0.226426,A,22,17.000000,1,24,Forecast,20260824T181001Z-27103c
22283,6 EGG HOUSE PAINTED WOOD,2011-11,2011-12,M2_gbm_poisson,33.292258,18.511451,product,18,1.645000,30.451337,64,0.556029,A,22,20.666667,1,24,Forecast,20260824T181001Z-27103c
22284,HEN HOUSE DECORATION,2011-11,2011-12,M2_gbm_poisson,48.573635,53.079789,product,18,1.645000,87.316252,136,1.092770,A,43,53.666667,1,24,Forecast,20260824T181001Z-27103c
22285,"DECORATION HEN ON NEST, HANGING",2011-11,2011-12,M2_gbm_poisson,33.255765,38.428470,product,18,1.645000,63.214834,97,1.155543,A,21,35.666667,1,24,Forecast,20260824T181001Z-27103c
22286,"DECORATION , WOBBLY RABBIT , METAL",2011-11,2011-12,M2_gbm_poisson,69.459599,53.596025,product,18,1.645000,88.165461,158,0.771614,B,61,94.000000,1,24,Forecast,20260824T181001Z-27103c
22287,"DECORATION , WOBBLY CHICKEN, METAL",2011-11,2011-12,M2_gbm_poisson,59.021510,40.834164,product,18,1.645000,67.172199,127,0.691852,B,66,75.333333,1,24,Forecast,20260824T181001Z-27103c
22288,HANGING METAL RABBIT DECORATION,2011-11,2011-12,M2_gbm_poisson,7.586596,22.995677,product,18,1.645000,37.827889,46,3.031093,B,3,1.333333,1,24,Forecast,20260824T181001Z-27103c
22289,"DECORATION , HANGING METAL CHICKEN",2011-11,2011-12,M2_gbm_poisson,5.155920,25.014564,product,18,1.645000,41.148957,47,4.851620,C,1,0.333333,1,24,Forecast,20260824T181001Z-27103c
22290,STANDING METAL RABBIT WITH EGG,2011-11,2011-12,M2_gbm_poisson,,,,,,,,,B,0,,,,Inactive (no sales in last 6 months),20260824T181001Z-27103c
22291,"SPRING DEC , HANGING CHICK CREAM",2011-11,2011-12,M2_gbm_poisson,18.720918,67.054530,product,18,1.645000,110.304702,130,3.581797,A,2,18.666667,1,24,Forecast,20260824T181001Z-27103c
22292,HANGING CHICK  YELLOW DECORATION,2011-11,2011-12,M2_gbm_poisson,20.091654,23.230008,product,18,1.645000,38.213362,59,1.156202,A,9,13.333333,1,24,Forecast,20260824T181001Z-27103c
22293,HANGING CHICK GREEN DECORATION,2011-11,2011-12,M2_gbm_poisson,23.321926,48.948372,product,18,1.645000,80.520072,104,2.098813,B,8,16.666667,1,24,Forecast,20260824T181001Z-27103c
22294,HEART FILIGREE DOVE  SMALL,2011-11,2011-12,M2_gbm_poisson,255.178112,310.213353,product,18,1.645000,510.300965,766,1.215674,A,428,577.333333,1,24,Forecast,20260824T181001Z-27103c
22295,HEART FILIGREE DOVE LARGE,2011-11,2011-12,M2_gbm_poisson,136.336061,170.514051,product,18,1.645000,280.495614,417,1.250689,A,337,261.666667,1,24,Forecast,20260824T181001Z-27103c
22296,HEART IVORY TRELLIS LARGE,2011-11,2011-12,M2_gbm_poisson,124.634317,239.660035,product,18,1.645000,394.240758,519,1.922906,A,202,188.333333,1,24,Forecast,20260824T181001Z-27103c
22297,HEART IVORY TRELLIS SMALL,2011-11,2011-12,M2_gbm_poisson,186.326800,271.143961,product,18,1.645000,446.031816,633,1.455206,A,314,299.666667,1,24,Forecast,20260824T181001Z-27103c
22299,PIG KEYRING WITH LIGHT & SOUND,2011-11,2011-12,M2_gbm_poisson,108.206725,83.434268,product,18,1.645000,137.249370,246,0.771064,A,260,135.666667,1,24,Forecast,20260824T181001Z-27103c
22300,COFFEE MUG DOG + BALL DESIGN,2011-11,2011-12,M2_gbm_poisson,202.342592,41.768854,product,18,1.645000,68.709764,272,0.206426,A,524,228.666667,1,24,Forecast,20260824T181001Z-27103c
22301,COFFEE MUG CAT + BIRD DESIGN,2011-11,2011-12,M2_gbm_poisson,203.410495,143.596569,product,18,1.645000,236.216356,440,0.705945,A,527,271.000000,1,24,Forecast,20260824T181001Z-27103c
22302,COFFEE MUG PEARS  DESIGN,2011-11,2011-12,M2_gbm_poisson,188.914191,125.481816,product,18,1.645000,206.417587,396,0.664227,A,588,291.333333,1,24,Forecast,20260824T181001Z-27103c
22303,COFFEE MUG APPLES DESIGN,2011-11,2011-12,M2_gbm_poisson,220.103258,105.417883,product,18,1.645000,173.412417,394,0.478947,A,629,311.333333,1,24,Forecast,20260824T181001Z-27103c
22304,COFFEE MUG BLUE PAISLEY DESIGN,2011-11,2011-12,M2_gbm_poisson,175.412202,44.839412,product,18,1.645000,73.760832,250,0.255623,A,466,162.333333,1,24,Forecast,20260824T181001Z-27103c
22305,COFFEE MUG PINK PAISLEY DESIGN,2011-11,2011-12,M2_gbm_poisson,32.782614,31.716183,product,18,1.645000,52.173121,85,0.967470,A,23,14.666667,1,24,Forecast,20260824T181001Z-27103c
22306,SILVER MUG BONE CHINA TREE OF LIFE,2011-11,2011-12,M2_gbm_poisson,176.826522,16.831848,product,17,1.645000,27.688390,205,0.095188,B,406,327.666667,1,24,Forecast,20260824T181001Z-27103c
22307,GOLD MUG BONE CHINA TREE OF LIFE,2011-11,2011-12,M2_gbm_poisson,140.370491,28.284032,product,17,1.645000,46.527232,187,0.201496,B,302,213.333333,1,24,Forecast,20260824T181001Z-27103c
22308,TEA COSY BLUE STRIPE,2011-11,2011-12,M2_gbm_poisson,45.925078,32.251036,product,18,1.645000,53.052954,99,0.702253,B,42,25.333333,1,24,Forecast,20260824T181001Z-27103c
22309,TEA COSY RED  STRIPE,2011-11,2011-12,M2_gbm_poisson,53.269840,33.678044,product,18,1.645000,55.400383,109,0.632216,B,47,71.000000,1,24,Forecast,20260824T181001Z-27103c
22310,IVORY KNITTED MUG COSY,2011-11,2011-12,M2_gbm_poisson,86.012854,58.355722,product,18,1.645000,95.995162,183,0.678454,B,234,112.333333,1,24,Forecast,20260824T181001Z-27103c
22311,OFFICE MUG WARMER BLACK+SILVER,2011-11,2011-12,M2_gbm_poisson,147.664094,88.784416,product,18,1.645000,146.050364,294,0.601259,A,410,212.000000,1,24,Forecast,20260824T181001Z-27103c
22312,OFFICE MUG WARMER POLKADOT,2011-11,2011-12,M2_gbm_poisson,82.304614,17.789974,product,18,1.645000,29.264508,112,0.216148,A,161,75.000000,1,24,Forecast,20260824T181001Z-27103c
22313,OFFICE MUG WARMER PINK,2011-11,2011-12,M2_gbm_poisson,56.247420,11.431819,product,18,1.645000,18.805343,76,0.203242,B,42,110.333333,1,24,Forecast,20260824T181001Z-27103c
22314,OFFICE MUG WARMER CHOC+BLUE,2011-11,2011-12,M2_gbm_poisson,50.627740,24.717598,product,18,1.645000,40.660448,92,0.488222,B,42,43.000000,1,24,Forecast,20260824T181001Z-27103c
22315,200 RED + WHITE BENDY STRAWS,2011-11,2011-12,M2_gbm_poisson,58.866997,63.058593,product,18,1.645000,103.731386,163,1.071205,B,70,79.000000,1,24,Forecast,20260824T181001Z-27103c
22316,200 BENDY SKULL STRAWS,2011-11,2011-12,M2_gbm_poisson,32.158491,47.225360,product,18,1.645000,77.685718,110,1.468519,B,28,10.666667,1,24,Forecast,20260824T181001Z-27103c
22317,FIVE CATS HANGING DECORATION,2011-11,2011-12,M2_gbm_poisson,20.773657,10.636999,product,18,1.645000,17.497863,39,0.512043,B,11,14.000000,1,24,Forecast,20260824T181001Z-27103c
22318,FIVE HEART HANGING DECORATION,2011-11,2011-12,M2_gbm_poisson,26.864185,23.612780,product,18,1.645000,38.843023,66,0.878969,A,11,22.666667,1,24,Forecast,20260824T181001Z-27103c
22319,HAIRCLIPS FORTIES FABRIC ASSORTED,2011-11,2011-12,M2_gbm_poisson,53.654424,51.590613,product,18,1.645000,84.866558,139,0.961535,B,60,72.333333,1,24,Forecast,20260824T181001Z-27103c
22320,BIRDS MOBILE VINTAGE DESIGN,2011-11,2011-12,M2_gbm_poisson,42.803752,11.601474,product,18,1.645000,19.084425,62,0.271039,B,23,24.666667,1,24,Forecast,20260824T181001Z-27103c
22321,BIRD DECORATION RED RETROSPOT,2011-11,2011-12,M2_gbm_poisson,54.109669,61.580787,product,18,1.645000,101.300395,156,1.138074,B,81,68.333333,1,24,Forecast,20260824T181001Z-27103c
22322,BIRD DECORATION GREEN POLKADOT,2011-11,2011-12,M2_gbm_poisson,22.731087,35.434902,product,18,1.645000,58.290413,82,1.558874,B,6,11.333333,1,24,Forecast,20260824T181001Z-27103c
22323,PINK POLKADOT KIDS BAG,2011-11,2011-12,M2_gbm_poisson,,,,,,,,,B,0,,,,Inactive (no sales in last 6 months),20260824T181001Z-27103c
22324,BLUE POLKADOT KIDS BAG,2011-11,2011-12,M2_gbm_poisson,26.055169,27.769483,product,18,1.645000,45.680799,72,1.065796,B,12,42.666667,1,24,Forecast,20260824T181001Z-27103c
22325,MOBILE VINTAGE HEARTS,2011-11,2011-12,M2_gbm_poisson,39.776674,18.524696,product,18,1.645000,30.473124,71,0.465718,B,31,18.333333,1,24,Forecast,20260824T181001Z-27103c
22326,ROUND SNACK BOXES SET OF4 WOODLAND,2011-11,2011-12,M2_gbm_poisson,488.736215,395.871055,product,18,1.645000,651.207885,1140,0.809989,A,952,818.000000,1,23,Forecast,20260824T181001Z-27103c
22327,ROUND SNACK BOXES SET OF 4 SKULLS,2011-11,2011-12,M2_gbm_poisson,92.223295,54.079785,product,18,1.645000,88.961246,182,0.586400,A,155,137.666667,1,23,Forecast,20260824T181001Z-27103c
22328,ROUND SNACK BOXES SET OF 4 FRUITS,2011-11,2011-12,M2_gbm_poisson,292.347181,266.713492,product,18,1.645000,438.743694,732,0.912318,A,546,458.666667,1,23,Forecast,20260824T181001Z-27103c
22329,ROUND CONTAINER SET OF 5 RETROSPOT,2011-11,2011-12,M2_gbm_poisson,67.729853,136.477339,product,18,1.645000,224.505223,293,2.015025,A,89,108.333333,1,23,Forecast,20260824T181001Z-27103c
22330,72 ROUND PINK DOILIES,2011-11,2011-12,M2_gbm_poisson,,,,,,,,,C,0,,,,Inactive (no sales in last 6 months),20260824T181001Z-27103c
22331,WOODLAND PARTY BAG + STICKER SET,2011-11,2011-12,M2_gbm_poisson,97.206486,94.088133,product,18,1.645000,154.774979,252,0.967920,A,146,189.333333,1,24,Forecast,20260824T181001Z-27103c
22332,SKULLS PARTY BAG + STICKER SET,2011-11,2011-12,M2_gbm_poisson,65.641768,173.636400,product,18,1.645000,285.631878,352,2.645212,A,90,90.000000,1,24,Forecast,20260824T181001Z-27103c
22333,RETROSPOT PARTY BAG + STICKER SET,2011-11,2011-12,M2_gbm_poisson,220.693817,304.864288,product,18,1.645000,501.501754,723,1.381390,A,400,387.000000,1,24,Forecast,20260824T181001Z-27103c
22334,DINOSAUR PARTY BAG + STICKER SET,2011-11,2011-12,M2_gbm_poisson,52.683991,49.504701,product,18,1.645000,81.435234,135,0.939654,B,57,46.000000,1,24,Forecast,20260824T181001Z-27103c
22335,HEART DECORATION PAINTED ZINC,2011-11,2011-12,M2_gbm_poisson,123.130683,235.724955,product,18,1.645000,387.767551,511,1.914429,A,152,157.333333,1,24,Forecast,20260824T181001Z-27103c
22336,DOVE DECORATION PAINTED ZINC,2011-11,2011-12,M2_gbm_poisson,28.235286,93.044510,product,18,1.645000,153.058219,182,3.295327,B,0,610.666667,2,24,Forecast,20260824T181001Z-27103c
22337,ANGEL DECORATION PAINTED ZINC,2011-11,2011-12,M2_gbm_poisson,130.042685,72.658944,product,17,1.645000,119.523962,250,0.558731,B,255,171.666667,1,24,Forecast,20260824T181001Z-27103c
22338,STAR DECORATION PAINTED ZINC,2011-11,2011-12,M2_gbm_poisson,902.938763,73.810176,product,18,1.645000,121.417740,1025,0.081744,B,2000,1322.666667,1,24,Forecast,20260824T181001Z-27103c
22339,CHRISTMAS TREE PAINTED ZINC,2011-11,2011-12,M2_gbm_poisson,195.156947,122.776477,product,18,1.645000,201.967305,398,0.629117,C,546,706.000000,1,24,Forecast,20260824T181001Z-27103c
22340,NOEL GARLAND PAINTED ZINC,2011-11,2011-12,M2_gbm_poisson,284.899685,21.560356,product,17,1.645000,35.466786,321,0.075677,C,722,408.333333,1,24,Forecast,20260824T181001Z-27103c
22341,LOVE GARLAND PAINTED ZINC,2011-11,2011-12,M2_gbm_poisson,25.555498,31.512470,product,18,1.645000,51.838012,78,1.233099,A,11,26.000000,1,24,Forecast,20260824T181001Z-27103c
22342,HOME GARLAND PAINTED ZINC,2011-11,2011-12,M2_gbm_poisson,61.323954,57.283223,product,18,1.645000,94.230902,156,0.934108,B,62,106.333333,1,24,Forecast,20260824T181001Z-27103c
22343,PARTY PIZZA DISH RED RETROSPOT,2011-11,2011-12,M2_gbm_poisson,50.879941,34.876251,product,18,1.645000,57.371432,109,0.685462,B,56,58.666667,1,24,Forecast,20260824T181001Z-27103c
22344,PARTY PIZZA DISH PINK POLKADOT,2011-11,2011-12,M2_gbm_poisson,28.880428,25.980454,product,18,1.645000,42.737848,72,0.899587,C,19,14.666667,1,24,Forecast,20260824T181001Z-27103c
22345,PARTY PIZZA DISH BLUE POLKADOT,2011-11,2011-12,M2_gbm_poisson,26.918303,25.711887,product,18,1.645000,42.296053,70,0.955182,C,18,10.666667,1,24,Forecast,20260824T181001Z-27103c
22346,PARTY PIZZA DISH GREEN POLKADOT,2011-11,2011-12,M2_gbm_poisson,21.850994,29.804259,product,18,1.645000,49.028005,71,1.363977,C,21,7.000000,1,24,Forecast,20260824T181001Z-27103c
22347,PIZZA SLICE DISH,2011-11,2011-12,M2_gbm_poisson,,,,,,,,,B,0,,,,Inactive (no sales in last 6 months),20260824T181001Z-27103c
22348,TEA BAG PLATE RED RETROSPOT,2011-11,2011-12,M2_gbm_poisson,214.482810,189.796870,product,18,1.645000,312.215851,527,0.884905,A,462,332.000000,1,24,Forecast,20260824T181001Z-27103c
22349,DOG BOWL CHASING BALL DESIGN,2011-11,2011-12,M2_gbm_poisson,51.846879,37.445929,product,18,1.645000,61.598553,114,0.722241,A,37,78.000000,1,24,Forecast,20260824T181001Z-27103c
22350,ILLUSTRATED CAT BOWL,2011-11,2011-12,M2_gbm_poisson,48.806937,45.473365,product,18,1.645000,74.803685,124,0.931699,A,33,57.666667,1,24,Forecast,20260824T181001Z-27103c
22351,DOTCOMGIFTSHOP TEA TOWEL,2011-11,2011-12,M2_gbm_poisson,2.064227,2.512592,product,15,1.645000,4.133214,7,1.217207,C,0,0.000000,6,16,Forecast,20260824T181001Z-27103c
22352,LUNCH BOX WITH CUTLERY RETROSPOT,2011-11,2011-12,M2_gbm_poisson,140.287624,184.866267,product,18,1.645000,304.105010,445,1.317766,A,181,295.000000,1,24,Forecast,20260824T181001Z-27103c
22353,LUNCH BOX WITH CUTLERY FAIRY CAKES,2011-11,2011-12,M2_gbm_poisson,,,,,,,,,A,0,,,,Inactive (no sales in last 6 months),20260824T181001Z-27103c
22354,RETROSPOT PADDED SEAT CUSHION,2011-11,2011-12,M2_gbm_poisson,34.572820,45.358877,product,18,1.645000,74.615353,110,1.311981,A,16,33.666667,1,24,Forecast,20260824T181001Z-27103c
22355,CHARLOTTE BAG SUKI DESIGN,2011-11,2011-12,M2_gbm_poisson,811.603918,510.995834,product,18,1.645000,840.588148,1653,0.629612,A,2088,1615.333333,1,24,Forecast,20260824T181001Z-27103c
22356,CHARLOTTE BAG PINK POLKADOT,2011-11,2011-12,M2_gbm_poisson,643.805958,392.300838,product,18,1.645000,645.334879,1290,0.609346,A,1384,965.666667,1,24,Forecast,20260824T181001Z-27103c
22357,KINGS CHOICE BISCUIT TIN,2011-11,2011-12,M2_gbm_poisson,57.958063,36.930833,product,18,1.645000,60.751221,119,0.637199,A,79,39.000000,1,23,Forecast,20260824T181001Z-27103c
22358,KINGS CHOICE TEA CADDY,2011-11,2011-12,M2_gbm_poisson,51.483008,49.491381,product,18,1.645000,81.413321,133,0.961315,A,63,41.666667,1,23,Forecast,20260824T181001Z-27103c
22359,GLASS JAR KINGS CHOICE,2011-11,2011-12,M2_gbm_poisson,29.527688,26.645992,product,18,1.645000,43.832657,74,0.902407,A,15,16.000000,1,21,Forecast,20260824T181001Z-27103c
22360,GLASS JAR ENGLISH CONFECTIONERY,2011-11,2011-12,M2_gbm_poisson,62.729821,84.243786,product,18,1.645000,138.581028,202,1.342962,A,50,71.666667,1,24,Forecast,20260824T181001Z-27103c
22361,GLASS JAR DAISY FRESH COTTON WOOL,2011-11,2011-12,M2_gbm_poisson,62.077004,49.815366,product,18,1.645000,81.946277,145,0.802477,A,75,65.000000,1,21,Forecast,20260824T181001Z-27103c
22362,GLASS JAR PEACOCK BATH SALTS,2011-11,2011-12,M2_gbm_poisson,44.390076,19.532932,product,18,1.645000,32.131672,77,0.440029,B,31,31.333333,1,21,Forecast,20260824T181001Z-27103c
22363,GLASS JAR MARMALADE,2011-11,2011-12,M2_gbm_poisson,21.981983,20.688345,product,18,1.645000,34.032328,57,0.941150,B,8,14.333333,1,21,Forecast,20260824T181001Z-27103c
22364,GLASS JAR DIGESTIVE BISCUITS,2011-11,2011-12,M2_gbm_poisson,47.939531,60.637839,product,18,1.645000,99.749246,148,1.264882,A,40,58.666667,1,21,Forecast,20260824T181001Z-27103c
22365,DOORMAT RESPECTABLE HOUSE,2011-11,2011-12,M2_gbm_poisson,70.849092,90.181576,product,18,1.645000,148.348692,220,1.272868,A,135,150.666667,1,23,Forecast,20260824T181001Z-27103c
22366,DOORMAT AIRMAIL,2011-11,2011-12,M2_gbm_poisson,70.079414,35.409676,product,18,1.645000,58.248917,129,0.505279,A,82,132.000000,1,23,Forecast,20260824T181001Z-27103c
22367,CHILDRENS APRON SPACEBOY DESIGN,2011-11,2011-12,M2_gbm_poisson,304.893095,139.189448,product,18,1.645000,228.966643,534,0.456519,A,675,457.333333,1,23,Forecast,20260824T181001Z-27103c
22371,AIRLINE BAG VINTAGE TOKYO 78,2011-11,2011-12,M2_gbm_poisson,98.145866,38.761752,product,18,1.645000,63.763081,162,0.394940,A,175,130.666667,1,22,Forecast,20260824T181001Z-27103c
22372,AIRLINE BAG VINTAGE WORLD CHAMPION,2011-11,2011-12,M2_gbm_poisson,47.001681,22.408912,product,18,1.645000,36.862660,84,0.476768,B,49,37.666667,1,22,Forecast,20260824T181001Z-27103c
22374,AIRLINE BAG VINTAGE JET SET RED,2011-11,2011-12,M2_gbm_poisson,65.139197,27.665477,product,18,1.645000,45.509709,111,0.424713,A,75,72.666667,1,22,Forecast,20260824T181001Z-27103c
22375,AIRLINE BAG VINTAGE JET SET BROWN,2011-11,2011-12,M2_gbm_poisson,46.653891,18.635518,product,18,1.645000,30.655427,78,0.399442,B,36,42.666667,1,22,Forecast,20260824T181001Z-27103c
22376,AIRLINE BAG VINTAGE JET SET WHITE,2011-11,2011-12,M2_gbm_poisson,43.954100,18.411666,product,18,1.645000,30.287190,75,0.418884,B,28,31.333333,1,22,Forecast,20260824T181001Z-27103c
22377,BOTTLE BAG RETROSPOT,2011-11,2011-12,M2_gbm_poisson,38.730597,72.578867,product,18,1.645000,119.392237,159,1.873941,A,19,45.000000,1,23,Forecast,20260824T181001Z-27103c
22378,WALL TIDY RETROSPOT,2011-11,2011-12,M2_gbm_poisson,59.895300,67.600523,product,18,1.645000,111.202860,172,1.128645,A,89,49.666667,1,23,Forecast,20260824T181001Z-27103c
22379,RECYCLING BAG RETROSPOT,2011-11,2011-12,M2_gbm_poisson,326.228517,282.937368,product,18,1.645000,465.431970,792,0.867298,A,396,687.333333,1,23,Forecast,20260824T181001Z-27103c
22380,TOY TIDY SPACEBOY,2011-11,2011-12,M2_gbm_poisson,71.150335,32.680991,product,18,1.645000,53.760229,125,0.459323,A,107,95.666667,1,23,Forecast,20260824T181001Z-27103c
22381,TOY TIDY PINK POLKADOT,2011-11,2011-12,M2_gbm_poisson,165.499112,259.020549,product,18,1.645000,426.088803,592,1.565087,A,161,369.666667,1,23,Forecast,20260824T181001Z-27103c
22382,LUNCH BAG SPACEBOY DESIGN,2011-11,2011-12,M2_gbm_poisson,707.629285,320.949506,product,18,1.645000,527.961937,1236,0.453556,A,1529,1090.333333,1,23,Forecast,20260824T181001Z-27103c
22383,LUNCH BAG SUKI  DESIGN,2011-11,2011-12,M2_gbm_poisson,532.250325,391.548318,product,18,1.645000,644.096984,1177,0.735647,A,947,885.000000,1,23,Forecast,20260824T181001Z-27103c
22384,LUNCH BAG PINK POLKADOT,2011-11,2011-12,M2_gbm_poisson,523.406808,594.544416,product,18,1.645000,978.025564,1502,1.135913,A,912,719.666667,1,23,Forecast,20260824T181001Z-27103c
22385,JUMBO BAG SPACEBOY DESIGN,2011-11,2011-12,M2_gbm_poisson,422.729669,313.229402,product,18,1.645000,515.262366,938,0.740969,A,773,748.333333,1,23,Forecast,20260824T181001Z-27103c
22386,JUMBO BAG PINK POLKADOT,2011-11,2011-12,M2_gbm_poisson,1577.936987,520.443985,product,18,1.645000,856.130356,2435,0.329826,A,1641,2519.333333,1,23,Forecast,20260824T181001Z-27103c
22389,PAPERWEIGHT SAVE THE PLANET,2011-11,2011-12,M2_gbm_poisson,35.427308,17.533708,product,18,1.645000,28.842950,65,0.494921,C,17,50.666667,1,21,Forecast,20260824T181001Z-27103c
22390,PAPERWEIGHT CHILDHOOD MEMORIES,2011-11,2011-12,M2_gbm_poisson,33.690014,16.432720,product,18,1.645000,27.031825,61,0.487762,B,25,15.666667,1,21,Forecast,20260824T181001Z-27103c
22391,PAPERWEIGHT HOME SWEET HOME,2011-11,2011-12,M2_gbm_poisson,14.911176,6.661875,product,18,1.645000,10.958785,26,0.446771,C,11,7.333333,1,21,Forecast,20260824T181001Z-27103c
22393,PAPERWEIGHT VINTAGE COLLAGE,2011-11,2011-12,M2_gbm_poisson,43.082621,22.699790,product,18,1.645000,37.341155,81,0.526890,B,31,24.333333,1,21,Forecast,20260824T181001Z-27103c
22394,PAPERWEIGHT KINGS CHOICE,2011-11,2011-12,M2_gbm_poisson,14.312359,9.571573,product,18,1.645000,15.745237,31,0.668763,C,11,7.000000,1,20,Forecast,20260824T181001Z-27103c
22395,PAPERWEIGHT VINTAGE PAISLEY,2011-11,2011-12,M2_gbm_poisson,14.911176,7.663329,product,18,1.645000,12.606176,28,0.513932,C,11,6.333333,1,20,Forecast,20260824T181001Z-27103c
22396,MAGNETS PACK OF 4 RETRO PHOTO,2011-11,2011-12,M2_gbm_poisson,75.158018,34.362479,product,18,1.645000,56.526278,132,0.457203,B,132,127.333333,1,21,Forecast,20260824T181001Z-27103c
22398,MAGNETS PACK OF 4 SWALLOWS,2011-11,2011-12,M2_gbm_poisson,183.295162,84.285976,product,18,1.645000,138.650431,322,0.459837,B,376,382.000000,1,21,Forecast,20260824T181001Z-27103c
22399,MAGNETS PACK OF 4 CHILDHOOD MEMORY,2011-11,2011-12,M2_gbm_poisson,28.193684,142.330878,product,18,1.645000,234.134294,263,5.048325,A,5,24.000000,1,21,Forecast,20260824T181001Z-27103c
22400,MAGNETS PACK OF 4 HOME SWEET HOME,2011-11,2011-12,M2_gbm_poisson,113.667712,65.953234,product,18,1.645000,108.493070,223,0.580228,B,248,196.000000,1,21,Forecast,20260824T181001Z-27103c
22402,MAGNETS PACK OF 4 VINTAGE COLLAGE,2011-11,2011-12,M2_gbm_poisson,107.734504,62.338678,product,18,1.645000,102.547125,211,0.578632,B,245,225.333333,1,21,Forecast,20260824T181001Z-27103c
22403,MAGNETS PACK OF 4 VINTAGE LABELS,2011-11,2011-12,M2_gbm_poisson,69.904836,52.127714,product,18,1.645000,85.750090,156,0.745695,C,117,113.666667,1,21,Forecast,20260824T181001Z-27103c
22405,MONEY BOX POCKET MONEY DESIGN,2011-11,2011-12,M2_gbm_poisson,35.141714,36.877545,product,18,1.645000,60.663561,96,1.049395,B,22,17.333333,1,21,Forecast,20260824T181001Z-27103c
22406,MONEY BOX KINGS CHOICE DESIGN,2011-11,2011-12,M2_gbm_poisson,44.665574,39.834673,product,18,1.645000,65.528037,111,0.891843,B,43,26.333333,1,21,Forecast,20260824T181001Z-27103c
22407,MONEY BOX FIRST ADE DESIGN,2011-11,2011-12,M2_gbm_poisson,15.115869,10.477128,product,18,1.645000,17.234875,33,0.693121,C,8,3.666667,1,21,Forecast,20260824T181001Z-27103c
22408,MONEY BOX CONFECTIONERY DESIGN,2011-11,2011-12,M2_gbm_poisson,36.221419,13.177487,product,18,1.645000,21.676965,58,0.363804,C,26,18.333333,1,21,Forecast,20260824T181001Z-27103c
22409,MONEY BOX BISCUITS DESIGN,2011-11,2011-12,M2_gbm_poisson,22.991144,27.984954,product,18,1.645000,46.035249,70,1.217206,B,4,19.000000,1,21,Forecast,20260824T181001Z-27103c
22410,MONEY BOX HOUSEKEEPING DESIGN,2011-11,2011-12,M2_gbm_poisson,24.646806,22.856544,product,18,1.645000,37.599015,63,0.927363,B,8,23.000000,1,21,Forecast,20260824T181001Z-27103c
22411,JUMBO SHOPPER VINTAGE RED PAISLEY,2011-11,2011-12,M2_gbm_poisson,837.573360,533.596173,product,18,1.645000,877.765705,1716,0.637074,A,1475,1324.333333,1,23,Forecast,20260824T181001Z-27103c
22412,METAL SIGN NEIGHBOURHOOD WITCH,2011-11,2011-12,M2_gbm_poisson,39.326615,52.575268,product,18,1.645000,86.486316,126,1.336888,A,20,57.000000,1,23,Forecast,20260824T181001Z-27103c
22413,METAL SIGN TAKE IT OR LEAVE IT,2011-11,2011-12,M2_gbm_poisson,147.062506,99.443517,product,18,1.645000,163.584585,311,0.676199,A,126,213.666667,1,23,Forecast,20260824T181001Z-27103c
22414,DOORMAT NEIGHBOURHOOD WITCH,2011-11,2011-12,M2_gbm_poisson,30.411552,19.250898,product,18,1.645000,31.667727,63,0.633013,A,17,51.666667,1,23,Forecast,20260824T181001Z-27103c
22415,WHITE TISSUE REAM,2011-11,2011-12,M2_gbm_poisson,,,,,,,,,B,0,,,,Inactive (no sales in last 6 months),20260824T181001Z-27103c
22416,SET OF 36 DOILIES SPACEBOY DESIGN,2011-11,2011-12,M2_gbm_poisson,38.528498,44.027153,product,18,1.645000,72.424666,111,1.142717,B,30,42.000000,1,22,Forecast,20260824T181001Z-27103c
22417,PACK OF 60 SPACEBOY CAKE CASES,2011-11,2011-12,M2_gbm_poisson,338.029560,289.056032,product,18,1.645000,475.497173,814,0.855121,A,673,665.333333,1,23,Forecast,20260824T181001Z-27103c
22418,10 COLOUR SPACEBOY PEN,2011-11,2011-12,M2_gbm_poisson,360.138065,283.241447,product,18,1.645000,465.932180,827,0.786480,A,805,740.666667,1,19,Forecast,20260824T181001Z-27103c
22419,LIPSTICK PEN RED,2011-11,2011-12,M2_gbm_poisson,259.691272,280.465375,product,18,1.645000,461.365541,722,1.079995,B,637,377.333333,1,19,Forecast,20260824T181001Z-27103c
22420,LIPSTICK PEN BABY PINK,2011-11,2011-12,M2_gbm_poisson,154.362963,95.644876,product,18,1.645000,157.335821,312,0.619610,C,329,176.000000,1,19,Forecast,20260824T181001Z-27103c
22421,LIPSTICK PEN FUSCHIA,2011-11,2011-12,M2_gbm_poisson,255.242710,223.008855,product,18,1.645000,366.849566,623,0.873713,B,517,433.333333,1,19,Forecast,20260824T181001Z-27103c
22422,TOOTHPASTE TUBE PEN,2011-11,2011-12,M2_gbm_poisson,102.562748,78.445155,product,18,1.645000,129.042280,232,0.764850,B,210,117.333333,1,19,Forecast,20260824T181001Z-27103c
22423,REGENCY CAKESTAND 3 TIER,2011-11,2011-12,M2_gbm_poisson,553.789323,389.641880,product,18,1.645000,640.960892,1195,0.703592,A,1052,969.000000,1,21,Forecast,20260824T181001Z-27103c
22424,ENAMEL BREAD BIN CREAM,2011-11,2011-12,M2_gbm_poisson,66.110048,27.702996,product,18,1.645000,45.571428,112,0.419044,A,73,84.333333,1,19,Forecast,20260824T181001Z-27103c
22425,ENAMEL COLANDER CREAM,2011-11,2011-12,M2_gbm_poisson,48.016919,14.776468,product,18,1.645000,24.307290,73,0.307735,B,44,38.666667,1,19,Forecast,20260824T181001Z-27103c
22426,ENAMEL WASH BOWL CREAM,2011-11,2011-12,M2_gbm_poisson,49.804301,29.009852,product,18,1.645000,47.721207,98,0.582477,A,47,58.666667,1,20,Forecast,20260824T181001Z-27103c
22427,ENAMEL FLOWER JUG CREAM,2011-11,2011-12,M2_gbm_poisson,29.876402,89.781502,product,18,1.645000,147.690571,178,3.005098,A,12,115.000000,1,19,Forecast,20260824T181001Z-27103c
22428,ENAMEL FIRE BUCKET CREAM,2011-11,2011-12,M2_gbm_poisson,33.336281,18.601985,product,18,1.645000,30.600266,64,0.558010,B,20,19.000000,1,20,Forecast,20260824T181001Z-27103c
22429,ENAMEL MEASURING JUG CREAM,2011-11,2011-12,M2_gbm_poisson,72.646314,63.683621,product,18,1.645000,104.759557,178,0.876626,A,73,104.000000,1,21,Forecast,20260824T181001Z-27103c
22430,ENAMEL WATERING CAN CREAM,2011-11,2011-12,M2_gbm_poisson,43.906073,41.370469,product,18,1.645000,68.054421,112,0.942249,A,40,32.333333,1,19,Forecast,20260824T181001Z-27103c
22431,WATERING CAN BLUE ELEPHANT,2011-11,2011-12,M2_gbm_poisson,89.008723,85.236662,product,18,1.645000,140.214309,230,0.957621,A,130,67.666667,1,22,Forecast,20260824T181001Z-27103c
22432,WATERING CAN PINK BUNNY,2011-11,2011-12,M2_gbm_poisson,45.371767,84.642598,product,18,1.645000,139.237074,185,1.865535,A,61,38.666667,1,22,Forecast,20260824T181001Z-27103c
22433,WATERING CAN GREEN DINOSAUR,2011-11,2011-12,M2_gbm_poisson,59.318212,65.632682,product,18,1.645000,107.965763,168,1.106451,A,115,53.666667,1,22,Forecast,20260824T181001Z-27103c
22434,BALLOON PUMP WITH 10 BALLOONS,2011-11,2011-12,M2_gbm_poisson,53.045339,64.083248,product,18,1.645000,105.416943,159,1.208084,A,61,63.666667,1,20,Forecast,20260824T181001Z-27103c
22435,SET OF 9 HEART SHAPED BALLOONS,2011-11,2011-12,M2_gbm_poisson,107.482357,140.986823,product,18,1.645000,231.923324,340,1.311721,A,252,138.333333,1,20,Forecast,20260824T181001Z-27103c
22436,12 COLOURED PARTY BALLOONS,2011-11,2011-12,M2_gbm_poisson,125.475211,77.684242,product,18,1.645000,127.790579,254,0.619120,B,330,215.333333,1,20,Forecast,20260824T181001Z-27103c
22437,SET OF 9 BLACK SKULL BALLOONS,2011-11,2011-12,M2_gbm_poisson,128.031249,137.239699,product,18,1.645000,225.759305,354,1.071923,A,256,228.333333,1,20,Forecast,20260824T181001Z-27103c
22438,BALLOON ART MAKE YOUR OWN FLOWERS,2011-11,2011-12,M2_gbm_poisson,44.760387,35.283960,product,18,1.645000,58.042115,103,0.788285,B,44,20.333333,1,20,Forecast,20260824T181001Z-27103c
22439,6 ROCKET BALLOONS,2011-11,2011-12,M2_gbm_poisson,100.933019,118.760464,product,18,1.645000,195.360964,297,1.176626,B,182,191.666667,1,20,Forecast,20260824T181001Z-27103c
22440,BALLOON WATER BOMB PACK OF 35,2011-11,2011-12,M2_gbm_poisson,132.330847,226.709992,product,18,1.645000,372.937937,506,1.713206,B,298,169.666667,1,20,Forecast,20260824T181001Z-27103c
22441,GROW YOUR OWN BASIL IN ENAMEL MUG,2011-11,2011-12,M2_gbm_poisson,90.185794,59.402671,product,18,1.645000,97.717394,188,0.658670,A,165,129.333333,1,21,Forecast,20260824T181001Z-27103c
22442,GROW YOUR OWN FLOWERS SET OF 3,2011-11,2011-12,M2_gbm_poisson,17.247777,15.428621,product,18,1.645000,25.380081,43,0.894528,A,13,8.000000,1,21,Forecast,20260824T181001Z-27103c
22443,GROW YOUR OWN HERBS SET OF 3,2011-11,2011-12,M2_gbm_poisson,2.687294,17.993678,product,18,1.645000,29.599600,33,6.695834,A,0,0.000000,4,21,Forecast,20260824T181001Z-27103c
22444,GROW YOUR OWN PLANT IN A CAN,2011-11,2011-12,M2_gbm_poisson,,,,,,,,,A,0,,,,Inactive (no sales in last 6 months),20260824T181001Z-27103c
22445,PENCIL CASE LIFE IS BEAUTIFUL,2011-11,2011-12,M2_gbm_poisson,54.072352,27.673582,product,18,1.645000,45.523043,100,0.511788,A,60,42.333333,1,21,Forecast,20260824T181001Z-27103c
22446,PIN CUSHION BABUSHKA PINK,2011-11,2011-12,M2_gbm_poisson,61.271691,24.947267,product,18,1.645000,41.038255,103,0.407158,B,82,60.333333,1,21,Forecast,20260824T181001Z-27103c
22447,PIN CUSHION BABUSHKA BLUE,2011-11,2011-12,M2_gbm_poisson,6.708172,10.453863,product,18,1.645000,17.196604,24,1.558377,C,3,2.000000,1,21,Forecast,20260824T181001Z-27103c
22448,PIN CUSHION BABUSHKA RED,2011-11,2011-12,M2_gbm_poisson,22.382687,20.883769,product,18,1.645000,34.353801,57,0.933032,B,14,14.333333,1,21,Forecast,20260824T181001Z-27103c
22449,SILK PURSE BABUSHKA PINK,2011-11,2011-12,M2_gbm_poisson,47.294212,47.087965,product,18,1.645000,77.459703,125,0.995639,A,28,54.000000,1,21,Forecast,20260824T181001Z-27103c
22450,SILK PURSE BABUSHKA BLUE,2011-11,2011-12,M2_gbm_poisson,30.258976,25.031072,product,18,1.645000,41.176114,72,0.827228,B,20,10.333333,1,21,Forecast,20260824T181001Z-27103c
22451,SILK PURSE BABUSHKA RED,2011-11,2011-12,M2_gbm_poisson,,,,,,,,,A,0,,,,Inactive (no sales in last 6 months),20260824T181001Z-27103c
22452,MEASURING TAPE BABUSHKA PINK,2011-11,2011-12,M2_gbm_poisson,47.878931,49.023582,product,18,1.645000,80.643793,129,1.023907,B,24,82.666667,1,21,Forecast,20260824T181001Z-27103c
22453,MEASURING TAPE BABUSHKA BLUE,2011-11,2011-12,M2_gbm_poisson,40.132751,14.493842,product,18,1.645000,23.842371,64,0.361147,B,31,19.000000,1,21,Forecast,20260824T181001Z-27103c
22454,MEASURING TAPE BABUSHKA RED,2011-11,2011-12,M2_gbm_poisson,25.963355,24.028209,product,18,1.645000,39.526404,66,0.925466,A,16,11.000000,1,21,Forecast,20260824T181001Z-27103c
22456,NATURAL SLATE CHALKBOARD LARGE,2011-11,2011-12,M2_gbm_poisson,107.589333,114.504003,product,18,1.645000,188.359086,296,1.064269,A,145,169.333333,1,21,Forecast,20260824T181001Z-27103c
22457,NATURAL SLATE HEART CHALKBOARD,2011-11,2011-12,M2_gbm_poisson,500.690921,238.567725,product,18,1.645000,392.443908,894,0.476477,A,804,738.666667,1,21,Forecast,20260824T181001Z-27103c
22458,CAST IRON HOOK GARDEN FORK,2011-11,2011-12,M2_gbm_poisson,,,,,,,,,A,0,,,,Inactive (no sales in last 6 months),20260824T181001Z-27103c
22459,CAST IRON HOOK GARDEN TROWEL,2011-11,2011-12,M2_gbm_poisson,,,,,,,,,A,0,,,,Inactive (no sales in last 6 months),20260824T181001Z-27103c
22460,EMBOSSED GLASS TEALIGHT HOLDER,2011-11,2011-12,M2_gbm_poisson,156.576403,171.299706,product,18,1.645000,281.788017,439,1.094033,A,377,255.666667,1,21,Forecast,20260824T181001Z-27103c
22461,SAVOY ART DECO CLOCK,2011-11,2011-12,M2_gbm_poisson,3.049283,6.922746,product,18,1.645000,11.387917,15,2.270286,B,0,0.000000,4,21,Forecast,20260824T181001Z-27103c
22464,HANGING METAL HEART LANTERN,2011-11,2011-12,M2_gbm_poisson,169.262704,85.508782,product,18,1.645000,140.661946,310,0.505184,A,347,280.666667,1,21,Forecast,20260824T181001Z-27103c
22465,HANGING METAL STAR LANTERN,2011-11,2011-12,M2_gbm_poisson,145.118638,65.168995,product,18,1.645000,107.202996,253,0.449074,A,310,269.000000,1,21,Forecast,20260824T181001Z-27103c
22466,FAIRY TALE COTTAGE NIGHTLIGHT,2011-11,2011-12,M2_gbm_poisson,215.842889,125.174599,product,18,1.645000,205.912216,422,0.579934,A,442,298.333333,1,21,Forecast,20260824T181001Z-27103c
22467,GUMBALL COAT RACK,2011-11,2011-12,M2_gbm_poisson,461.512552,267.393722,product,18,1.645000,439.862673,902,0.579386,A,1007,882.666667,1,21,Forecast,20260824T181001Z-27103c
22468,BABUSHKA LIGHTS STRING OF 10,2011-11,2011-12,M2_gbm_poisson,57.157269,47.465978,product,18,1.645000,78.081533,136,0.830445,A,90,63.000000,1,21,Forecast,20260824T181001Z-27103c
22469,HEART OF WICKER SMALL,2011-11,2011-12,M2_gbm_poisson,899.201016,681.378394,product,18,1.645000,1120.867458,2021,0.757760,A,2625,1894.333333,1,20,Forecast,20260824T181001Z-27103c
22470,HEART OF WICKER LARGE,2011-11,2011-12,M2_gbm_poisson,710.918131,618.679368,product,18,1.645000,1017.727560,1729,0.870254,A,1716,1158.000000,1,20,Forecast,20260824T181001Z-27103c
22471,TV DINNER TRAY AIR HOSTESS,2011-11,2011-12,M2_gbm_poisson,41.330780,17.050843,product,18,1.645000,28.048637,70,0.412546,B,23,28.666667,1,21,Forecast,20260824T181001Z-27103c
22472,TV DINNER TRAY DOLLY GIRL,2011-11,2011-12,M2_gbm_poisson,36.949222,16.654832,product,18,1.645000,27.397199,65,0.450749,A,32,16.333333,1,21,Forecast,20260824T181001Z-27103c
22473,TV DINNER TRAY VINTAGE PAISLEY,2011-11,2011-12,M2_gbm_poisson,38.855013,13.007799,product,18,1.645000,21.397830,61,0.334778,B,35,23.000000,1,21,Forecast,20260824T181001Z-27103c
22474,SPACEBOY TV DINNER TRAY,2011-11,2011-12,M2_gbm_poisson,43.781391,22.599407,product,18,1.645000,37.176024,81,0.516187,A,44,24.333333,1,21,Forecast,20260824T181001Z-27103c
22475,SKULL DESIGN TV DINNER TRAY,2011-11,2011-12,M2_gbm_poisson,56.105417,10.439137,product,18,1.645000,17.172381,74,0.186063,B,71,46.666667,1,21,Forecast,20260824T181001Z-27103c
22476,EMPIRE UNION JACK TV DINNER TRAY,2011-11,2011-12,M2_gbm_poisson,45.479485,19.212773,product,18,1.645000,31.605012,78,0.422449,A,45,31.000000,1,21,Forecast,20260824T181001Z-27103c
22477,WATERING CAN GARDEN MARKER,2011-11,2011-12,M2_gbm_poisson,63.482022,55.852362,product,18,1.645000,91.877136,156,0.879814,B,110,48.666667,1,21,Forecast,20260824T181001Z-27103c
22478,BIRDHOUSE GARDEN MARKER,2011-11,2011-12,M2_gbm_poisson,53.530661,49.605102,product,18,1.645000,81.600392,136,0.926667,A,61,68.000000,1,21,Forecast,20260824T181001Z-27103c
22479,DAISY GARDEN MARKER,2011-11,2011-12,M2_gbm_poisson,30.843540,58.348052,product,18,1.645000,95.982546,127,1.891743,B,19,15.333333,1,21,Forecast,20260824T181001Z-27103c
22480,RED TEA TOWEL CLASSIC DESIGN,2011-11,2011-12,M2_gbm_poisson,3.135932,54.474231,product,18,1.645000,89.610111,93,17.370986,B,0,0.000000,4,21,Forecast,20260824T181001Z-27103c
22481,BLACK TEA TOWEL CLASSIC DESIGN,2011-11,2011-12,M2_gbm_poisson,51.837731,29.311510,product,18,1.645000,48.217434,101,0.565447,C,52,51.333333,1,21,Forecast,20260824T181001Z-27103c
22482,BLUE TEA TOWEL CLASSIC DESIGN,2011-11,2011-12,M2_gbm_poisson,2.006944,57.801899,product,18,1.645000,95.084124,98,28.800952,B,0,0.000000,5,21,Forecast,20260824T181001Z-27103c
22483,RED GINGHAM TEDDY BEAR,2011-11,2011-12,M2_gbm_poisson,69.628165,40.187963,product,18,1.645000,66.109199,136,0.577180,A,109,76.666667,1,21,Forecast,20260824T181001Z-27103c
22485,SET OF 2 WOODEN MARKET CRATES,2011-11,2011-12,M2_gbm_poisson,46.803010,34.904635,product,18,1.645000,57.418125,105,0.745778,A,58,43.333333,1,21,Forecast,20260824T181001Z-27103c
22486,PLASMATRONIC LAMP,2011-11,2011-12,M2_gbm_poisson,10.156275,4.717995,product,18,1.645000,7.761102,18,0.464540,C,5,4.666667,1,21,Forecast,20260824T181001Z-27103c
22487,WHITE WOOD GARDEN PLANT LADDER,2011-11,2011-12,M2_gbm_poisson,54.270600,27.972563,product,18,1.645000,46.014866,101,0.515428,A,65,62.000000,1,21,Forecast,20260824T181001Z-27103c
22488,NATURAL SLATE RECTANGLE CHALKBOARD,2011-11,2011-12,M2_gbm_poisson,192.245881,97.178684,product,18,1.645000,159.858935,353,0.505492,A,323,298.333333,1,21,Forecast,20260824T181001Z-27103c
22489,PACK OF 12 TRADITIONAL CRAYONS,2011-11,2011-12,M2_gbm_poisson,401.187204,330.009427,product,18,1.645000,542.865508,945,0.822582,A,999,979.000000,1,21,Forecast,20260824T181001Z-27103c
22491,PACK OF 12 COLOURED PENCILS,2011-11,2011-12,M2_gbm_poisson,206.554463,192.472673,product,18,1.645000,316.617546,524,0.931825,A,477,298.333333,1,19,Forecast,20260824T181001Z-27103c
22492,MINI PAINT SET VINTAGE,2011-11,2011-12,M2_gbm_poisson,1586.181061,846.204721,product,18,1.645000,1392.006766,2979,0.533486,A,3188,3258.666667,1,19,Forecast,20260824T181001Z-27103c
22493,PAINT YOUR OWN CANVAS SET,2011-11,2011-12,M2_gbm_poisson,159.330992,100.362342,product,18,1.645000,165.096052,325,0.629898,A,204,164.000000,1,19,Forecast,20260824T181001Z-27103c
22494,EMERGENCY FIRST AID TIN,2011-11,2011-12,M2_gbm_poisson,69.074402,100.337001,product,18,1.645000,165.054366,235,1.452593,B,94,76.666667,1,23,Forecast,20260824T181001Z-27103c
22495,SET OF 2 ROUND TINS CAMEMBERT,2011-11,2011-12,M2_gbm_poisson,40.344444,20.074268,product,18,1.645000,33.022170,74,0.497572,B,25,23.000000,1,23,Forecast,20260824T181001Z-27103c
22496,SET OF 2 ROUND TINS DUTCH CHEESE,2011-11,2011-12,M2_gbm_poisson,39.179984,11.785819,product,18,1.645000,19.387672,59,0.300812,B,25,23.000000,1,23,Forecast,20260824T181001Z-27103c
22497,SET OF 2 TINS VINTAGE BATHROOM,2011-11,2011-12,M2_gbm_poisson,15.564727,17.345757,product,18,1.645000,28.533770,45,1.114427,A,5,10.666667,1,23,Forecast,20260824T181001Z-27103c
22498,WOODEN REGATTA BUNTING,2011-11,2011-12,M2_gbm_poisson,28.412152,24.024692,product,18,1.645000,39.520618,68,0.845578,A,17,13.333333,1,22,Forecast,20260824T181001Z-27103c
22499,WOODEN UNION JACK BUNTING,2011-11,2011-12,M2_gbm_poisson,46.350971,109.124379,product,18,1.645000,179.509603,226,2.354306,A,46,31.666667,1,22,Forecast,20260824T181001Z-27103c
22500,SET OF 2 TINS JARDIN DE PROVENCE,2011-11,2011-12,M2_gbm_poisson,16.107874,11.162982,product,18,1.645000,18.363106,35,0.693014,B,11,11.333333,1,23,Forecast,20260824T181001Z-27103c
22501,PICNIC BASKET WICKER LARGE,2011-11,2011-12,M2_gbm_poisson,29.410741,85.449857,product,18,1.645000,140.565014,170,2.905396,A,16,23.000000,1,19,Forecast,20260824T181001Z-27103c
22502,PICNIC BASKET WICKER SMALL,2011-11,2011-12,M2_gbm_poisson,6.383773,110.175945,product,18,1.645000,181.239429,188,17.258749,A,0,2.333333,3,19,Forecast,20260824T181001Z-27103c
22503,CABIN BAG VINTAGE PAISLEY,2011-11,2011-12,M2_gbm_poisson,9.454354,8.490194,product,18,1.645000,13.966369,24,0.898019,B,3,6.333333,1,20,Forecast,20260824T181001Z-27103c
22504,CABIN BAG VINTAGE RETROSPOT,2011-11,2011-12,M2_gbm_poisson,19.892541,15.904241,product,18,1.645000,26.162476,47,0.799508,A,25,10.333333,1,19,Forecast,20260824T181001Z-27103c
22505,MEMO BOARD COTTAGE DESIGN,2011-11,2011-12,M2_gbm_poisson,89.541581,88.787087,product,18,1.645000,146.054758,236,0.991574,A,152,118.666667,1,21,Forecast,20260824T181001Z-27103c
22507,MEMO BOARD RETROSPOT  DESIGN,2011-11,2011-12,M2_gbm_poisson,137.952637,211.234465,product,18,1.645000,347.480695,486,1.531210,A,186,279.000000,1,21,Forecast,20260824T181001Z-27103c
22508,DOORSTOP RETROSPOT HEART,2011-11,2011-12,M2_gbm_poisson,106.893368,24.314585,product,18,1.645000,39.997493,147,0.227466,A,138,346.000000,1,21,Forecast,20260824T181001Z-27103c
22509,SEWING BOX RETROSPOT DESIGN,2011-11,2011-12,M2_gbm_poisson,14.365037,7.806602,product,18,1.645000,12.841861,28,0.543445,A,13,8.333333,1,21,Forecast,20260824T181001Z-27103c
22510,GINGHAM BABUSHKA DOORSTOP,2011-11,2011-12,M2_gbm_poisson,23.987054,15.294629,product,18,1.645000,25.159664,50,0.637620,C,16,10.666667,1,21,Forecast,20260824T181001Z-27103c
22511,RETROSPOT BABUSHKA DOORSTOP,2011-11,2011-12,M2_gbm_poisson,21.397346,20.510556,product,18,1.645000,33.739864,56,0.958556,C,22,7.666667,1,21,Forecast,20260824T181001Z-27103c
22512,DOORSTOP RACING CAR DESIGN,2011-11,2011-12,M2_gbm_poisson,15.407796,7.254787,product,18,1.645000,11.934125,28,0.470852,C,12,9.000000,1,21,Forecast,20260824T181001Z-27103c
22513,DOORSTOP FOOTBALL DESIGN,2011-11,2011-12,M2_gbm_poisson,17.354496,9.651244,product,18,1.645000,15.876297,34,0.556124,B,10,12.000000,1,21,Forecast,20260824T181001Z-27103c
22514,CHILDS GARDEN SPADE BLUE,2011-11,2011-12,M2_gbm_poisson,33.371606,25.602657,product,18,1.645000,42.116371,76,0.767199,B,23,10.000000,1,21,Forecast,20260824T181001Z-27103c
22515,CHILDS GARDEN SPADE PINK,2011-11,2011-12,M2_gbm_poisson,27.204425,30.879385,product,18,1.645000,50.796588,79,1.135087,B,18,9.333333,1,21,Forecast,20260824T181001Z-27103c
22516,CHILDS GARDEN RAKE BLUE,2011-11,2011-12,M2_gbm_poisson,20.001260,21.086130,product,18,1.645000,34.686683,55,1.054240,B,15,5.000000,1,21,Forecast,20260824T181001Z-27103c
22517,CHILDS GARDEN RAKE PINK,2011-11,2011-12,M2_gbm_poisson,18.383425,14.530293,product,18,1.645000,23.902332,43,0.790402,B,13,6.666667,1,21,Forecast,20260824T181001Z-27103c
22518,CHILDS GARDEN BRUSH BLUE,2011-11,2011-12,M2_gbm_poisson,,,,,,,,,B,0,,,,Inactive (no sales in last 6 months),20260824T181001Z-27103c
22519,CHILDS GARDEN BRUSH PINK,2011-11,2011-12,M2_gbm_poisson,2.123744,24.344021,product,18,1.645000,40.045914,43,11.462784,B,0,0.000000,6,21,Forecast,20260824T181001Z-27103c
22520,CHILDS GARDEN TROWEL BLUE,2011-11,2011-12,M2_gbm_poisson,,,,,,,,,B,0,,,,Inactive (no sales in last 6 months),20260824T181001Z-27103c
22521,CHILDS GARDEN TROWEL PINK,2011-11,2011-12,M2_gbm_poisson,,,,,,,,,B,0,,,,Inactive (no sales in last 6 months),20260824T181001Z-27103c
22522,CHILDS GARDEN FORK BLUE,2011-11,2011-12,M2_gbm_poisson,37.767875,62.913049,product,18,1.645000,103.491966,142,1.665782,B,18,19.000000,1,21,Forecast,20260824T181001Z-27103c
22523,CHILDS GARDEN FORK PINK,2011-11,2011-12,M2_gbm_poisson,45.640568,68.683427,product,18,1.645000,112.984238,159,1.504877,B,27,23.000000,1,21,Forecast,20260824T181001Z-27103c
22524,CHILDRENS GARDEN GLOVES BLUE,2011-11,2011-12,M2_gbm_poisson,,,,,,,,,B,0,,,,Inactive (no sales in last 6 months),20260824T181001Z-27103c
22525,CHILDRENS GARDEN GLOVES PINK,2011-11,2011-12,M2_gbm_poisson,,,,,,,,,B,0,,,,Inactive (no sales in last 6 months),20260824T181001Z-27103c
22526,WHEELBARROW FOR CHILDREN,2011-11,2011-12,M2_gbm_poisson,14.295888,16.476546,product,18,1.645000,27.103919,42,1.152537,A,7,7.666667,1,21,Forecast,20260824T181001Z-27103c
22528,GARDENERS KNEELING PAD,2011-11,2011-12,M2_gbm_poisson,,,,,,,,,A,0,,,,Inactive (no sales in last 6 months),20260824T181001Z-27103c
22529,MAGIC DRAWING SLATE GO TO THE FAIR,2011-11,2011-12,M2_gbm_poisson,71.493163,44.142161,product,18,1.645000,72.613854,145,0.617432,C,160,148.000000,1,21,Forecast,20260824T181001Z-27103c
22530,MAGIC DRAWING SLATE DOLLY GIRL,2011-11,2011-12,M2_gbm_poisson,265.602581,208.097934,product,18,1.645000,342.321101,608,0.783494,A,744,584.666667,1,21,Forecast,20260824T181001Z-27103c
22531,MAGIC DRAWING SLATE CIRCUS PARADE,2011-11,2011-12,M2_gbm_poisson,186.078044,282.737751,product,18,1.645000,465.103600,652,1.519458,B,448,332.666667,1,21,Forecast,20260824T181001Z-27103c
22532,MAGIC DRAWING SLATE LEAP FROG,2011-11,2011-12,M2_gbm_poisson,80.865116,156.990856,product,18,1.645000,258.249957,340,1.941392,C,69,150.666667,1,21,Forecast,20260824T181001Z-27103c
22533,MAGIC DRAWING SLATE BAKE A CAKE,2011-11,2011-12,M2_gbm_poisson,78.850353,241.536736,product,18,1.645000,397.327931,477,3.063230,B,72,122.000000,1,21,Forecast,20260824T181001Z-27103c
22534,MAGIC DRAWING SLATE SPACEBOY,2011-11,2011-12,M2_gbm_poisson,253.991531,255.874677,product,18,1.645000,420.913844,675,1.007414,A,507,559.333333,1,21,Forecast,20260824T181001Z-27103c
22535,MAGIC DRAWING SLATE BUNNIES,2011-11,2011-12,M2_gbm_poisson,97.463253,86.271059,product,18,1.645000,141.915892,240,0.885165,B,181,247.000000,1,21,Forecast,20260824T181001Z-27103c
22536,MAGIC DRAWING SLATE PURDEY,2011-11,2011-12,M2_gbm_poisson,129.970309,232.961075,product,18,1.645000,383.220969,514,1.792418,B,116,286.666667,1,21,Forecast,20260824T181001Z-27103c
22537,MAGIC DRAWING SLATE DINOSAUR,2011-11,2011-12,M2_gbm_poisson,140.099180,130.155223,product,18,1.645000,214.105341,355,0.929022,B,338,266.000000,1,21,Forecast,20260824T181001Z-27103c
22538,MINI JIGSAW GO TO THE FAIR,2011-11,2011-12,M2_gbm_poisson,23.023923,49.534972,product,18,1.645000,81.485030,105,2.151457,C,12,13.333333,1,21,Forecast,20260824T181001Z-27103c
22539,MINI JIGSAW DOLLY GIRL,2011-11,2011-12,M2_gbm_poisson,113.123117,182.595002,product,18,1.645000,300.368778,414,1.614126,B,359,370.000000,1,21,Forecast,20260824T181001Z-27103c
22540,MINI JIGSAW CIRCUS PARADE,2011-11,2011-12,M2_gbm_poisson,64.878155,208.315180,product,18,1.645000,342.678471,408,3.210868,B,128,82.333333,1,21,Forecast,20260824T181001Z-27103c
22541,MINI JIGSAW LEAP FROG,2011-11,2011-12,M2_gbm_poisson,48.843086,44.735031,product,18,1.645000,73.589125,123,0.915893,C,31,30.666667,1,21,Forecast,20260824T181001Z-27103c
22543,MINI JIGSAW BAKE A CAKE,2011-11,2011-12,M2_gbm_poisson,64.204163,81.716277,product,18,1.645000,134.423275,199,1.272757,B,10,109.666667,1,21,Forecast,20260824T181001Z-27103c
22544,MINI JIGSAW SPACEBOY,2011-11,2011-12,M2_gbm_poisson,218.855275,254.209614,product,18,1.645000,418.174815,638,1.161542,B,484,420.000000,1,21,Forecast,20260824T181001Z-27103c
22545,MINI JIGSAW BUNNIES,2011-11,2011-12,M2_gbm_poisson,64.301729,73.909576,product,18,1.645000,121.581252,186,1.149418,B,48,123.666667,1,21,Forecast,20260824T181001Z-27103c
22546,MINI JIGSAW PURDEY,2011-11,2011-12,M2_gbm_poisson,113.390421,193.270122,product,18,1.645000,317.929350,432,1.704466,B,323,246.666667,1,21,Forecast,20260824T181001Z-27103c
22547,MINI JIGSAW DINOSAUR,2011-11,2011-12,M2_gbm_poisson,50.338366,38.107936,product,18,1.645000,62.687554,114,0.757036,C,56,32.666667,1,21,Forecast,20260824T181001Z-27103c
22548,HEADS AND TAILS SPORTING FUN,2011-11,2011-12,M2_gbm_poisson,119.780806,162.815987,product,18,1.645000,267.832298,388,1.359283,B,75,264.333333,1,21,Forecast,20260824T181001Z-27103c
22549,PICTURE DOMINOES,2011-11,2011-12,M2_gbm_poisson,308.965361,203.989530,product,18,1.645000,335.562777,645,0.660234,A,757,459.000000,1,21,Forecast,20260824T181001Z-27103c
22550,HOLIDAY FUN LUDO,2011-11,2011-12,M2_gbm_poisson,71.909138,74.862515,product,18,1.645000,123.148837,196,1.041071,A,80,110.666667,1,21,Forecast,20260824T181001Z-27103c
22551,PLASTERS IN TIN SPACEBOY,2011-11,2011-12,M2_gbm_poisson,554.111572,359.481882,product,18,1.645000,591.347697,1146,0.648754,A,1249,874.666667,1,21,Forecast,20260824T181001Z-27103c
22553,PLASTERS IN TIN SKULLS,2011-11,2011-12,M2_gbm_poisson,278.306778,149.101869,product,18,1.645000,245.272575,524,0.535746,A,622,586.333333,1,21,Forecast,20260824T181001Z-27103c
22554,PLASTERS IN TIN WOODLAND ANIMALS,2011-11,2011-12,M2_gbm_poisson,572.407517,346.893308,product,18,1.645000,570.639492,1144,0.606025,A,1173,948.666667,1,21,Forecast,20260824T181001Z-27103c
22555,PLASTERS IN TIN STRONGMAN,2011-11,2011-12,M2_gbm_poisson,295.786289,236.575638,product,18,1.645000,389.166924,685,0.799819,A,643,638.666667,1,21,Forecast,20260824T181001Z-27103c
22556,PLASTERS IN TIN CIRCUS PARADE,2011-11,2011-12,M2_gbm_poisson,331.387075,284.595959,product,18,1.645000,468.160352,800,0.858802,A,735,645.333333,1,21,Forecast,20260824T181001Z-27103c
22557,PLASTERS IN TIN VINTAGE PAISLEY,2011-11,2011-12,M2_gbm_poisson,274.202600,169.816204,product,18,1.645000,279.347656,554,0.619309,A,599,502.333333,1,21,Forecast,20260824T181001Z-27103c
22558,CLOTHES PEGS RETROSPOT PACK 24,2011-11,2011-12,M2_gbm_poisson,323.535963,339.008255,product,18,1.645000,557.668580,882,1.047822,A,634,724.666667,1,20,Forecast,20260824T181001Z-27103c
22559,SEASIDE FLYING DISC,2011-11,2011-12,M2_gbm_poisson,36.249678,32.473812,product,18,1.645000,53.419420,90,0.895837,B,28,15.666667,1,21,Forecast,20260824T181001Z-27103c
22560,TRADITIONAL MODELLING CLAY,2011-11,2011-12,M2_gbm_poisson,591.788477,329.577601,product,18,1.645000,542.155154,1134,0.556918,A,1307,972.666667,1,21,Forecast,20260824T181001Z-27103c
22561,WOODEN SCHOOL COLOURING SET,2011-11,2011-12,M2_gbm_poisson,410.800291,123.732932,product,18,1.645000,203.540674,615,0.301200,A,847,703.666667,1,21,Forecast,20260824T181001Z-27103c
22562,MONSTERS STENCIL CRAFT,2011-11,2011-12,M2_gbm_poisson,108.217686,99.435104,product,18,1.645000,163.570746,272,0.918843,A,223,206.333333,1,21,Forecast,20260824T181001Z-27103c
22563,HAPPY STENCIL CRAFT,2011-11,2011-12,M2_gbm_poisson,169.446561,206.961300,product,18,1.645000,340.451338,510,1.221396,A,306,281.666667,1,21,Forecast,20260824T181001Z-27103c
22564,ALPHABET STENCIL CRAFT,2011-11,2011-12,M2_gbm_poisson,272.296140,226.793513,product,18,1.645000,373.075330,646,0.832893,B,556,256.000000,1,21,Forecast,20260824T181001Z-27103c
22565,FELTCRAFT HAIRBANDS PINK AND WHITE,2011-11,2011-12,M2_gbm_poisson,90.116021,51.037817,product,18,1.645000,83.957210,175,0.566357,B,179,104.000000,1,21,Forecast,20260824T181001Z-27103c
22566,FELTCRAFT HAIRBAND PINK AND PURPLE,2011-11,2011-12,M2_gbm_poisson,96.312633,56.777838,product,18,1.645000,93.399543,190,0.589516,B,243,122.333333,1,21,Forecast,20260824T181001Z-27103c
22567,20 DOLLY PEGS RETROSPOT,2011-11,2011-12,M2_gbm_poisson,84.000288,147.240619,product,18,1.645000,242.210819,327,1.752858,A,120,149.333333,1,21,Forecast,20260824T181001Z-27103c
22568,FELTCRAFT CUSHION OWL,2011-11,2011-12,M2_gbm_poisson,276.904355,167.235603,product,18,1.645000,275.102568,553,0.603947,A,468,519.333333,1,21,Forecast,20260824T181001Z-27103c
22569,FELTCRAFT CUSHION BUTTERFLY,2011-11,2011-12,M2_gbm_poisson,45.691557,132.951443,product,18,1.645000,218.705124,265,2.909759,A,0,264.333333,2,21,Forecast,20260824T181001Z-27103c
22570,FELTCRAFT CUSHION RABBIT,2011-11,2011-12,M2_gbm_poisson,73.684219,157.080567,product,18,1.645000,258.397532,333,2.131807,A,41,320.333333,1,21,Forecast,20260824T181001Z-27103c
22571,ROCKING HORSE RED CHRISTMAS,2011-11,2011-12,M2_gbm_poisson,304.868478,168.800923,product,16,1.645000,277.677519,583,0.553684,A,757,510.666667,1,17,Forecast,20260824T181001Z-27103c
22572,ROCKING HORSE GREEN CHRISTMAS,2011-11,2011-12,M2_gbm_poisson,226.928986,107.834300,product,16,1.645000,177.387424,405,0.475190,B,486,344.000000,1,17,Forecast,20260824T181001Z-27103c
22573,STAR WOODEN CHRISTMAS DECORATION,2011-11,2011-12,M2_gbm_poisson,294.820291,208.258346,product,16,1.645000,342.584980,638,0.706391,B,731,672.666667,1,17,Forecast,20260824T181001Z-27103c
22574,HEART WOODEN CHRISTMAS DECORATION,2011-11,2011-12,M2_gbm_poisson,372.135295,218.149008,product,16,1.645000,358.855119,731,0.586209,B,918,490.333333,1,17,Forecast,20260824T181001Z-27103c
22575,METAL MERRY CHRISTMAS WREATH,2011-11,2011-12,M2_gbm_poisson,76.896051,173.443971,product,16,1.645000,285.315332,363,2.255564,A,146,158.333333,1,17,Forecast,20260824T181001Z-27103c
22576,SWALLOW WOODEN CHRISTMAS DECORATION,2011-11,2011-12,M2_gbm_poisson,242.392170,149.121807,product,16,1.645000,245.305373,488,0.615209,B,542,317.333333,1,17,Forecast,20260824T181001Z-27103c
22577,WOODEN HEART CHRISTMAS SCANDINAVIAN,2011-11,2011-12,M2_gbm_poisson,1977.514272,271.943548,product,16,1.645000,447.347137,2425,0.137518,A,5001,3109.666667,1,17,Forecast,20260824T181001Z-27103c
22578,WOODEN STAR CHRISTMAS SCANDINAVIAN,2011-11,2011-12,M2_gbm_poisson,1924.634885,310.767713,product,16,1.645000,511.212888,2436,0.161468,B,5365,2982.666667,1,17,Forecast,20260824T181001Z-27103c
22579,WOODEN TREE CHRISTMAS SCANDINAVIAN,2011-11,2011-12,M2_gbm_poisson,822.031063,177.860761,product,16,1.645000,292.580952,1115,0.216367,B,2503,1643.333333,1,17,Forecast,20260824T181001Z-27103c
22580,ADVENT CALENDAR GINGHAM SACK,2011-11,2011-12,M2_gbm_poisson,263.376409,38.013175,product,16,1.645000,62.531672,326,0.144330,A,559,372.333333,1,17,Forecast,20260824T181001Z-27103c
22581,WOOD STOCKING CHRISTMAS SCANDISPOT,2011-11,2011-12,M2_gbm_poisson,234.104847,176.547224,product,16,1.645000,290.420184,525,0.754137,B,521,342.000000,1,17,Forecast,20260824T181001Z-27103c
22582,PACK OF 6 SWEETIE GIFT BOXES,2011-11,2011-12,M2_gbm_poisson,58.165577,62.895548,product,18,1.645000,103.463177,162,1.081319,A,37,119.000000,1,21,Forecast,20260824T181001Z-27103c
22583,PACK OF 6 HANDBAG GIFT BOXES,2011-11,2011-12,M2_gbm_poisson,42.277980,20.898946,product,18,1.645000,34.378766,77,0.494322,A,29,30.333333,1,21,Forecast,20260824T181001Z-27103c
22584,PACK OF 6 PANNETONE GIFT BOXES,2011-11,2011-12,M2_gbm_poisson,137.681061,147.830573,product,18,1.645000,243.181293,381,1.073718,A,270,271.333333,1,21,Forecast,20260824T181001Z-27103c
22585,PACK OF 6 BIRDY GIFT TAGS,2011-11,2011-12,M2_gbm_poisson,387.443637,521.491377,product,18,1.645000,857.853315,1246,1.345980,A,790,792.000000,1,21,Forecast,20260824T181001Z-27103c
22586,FELTCRAFT HAIRBAND PINK AND BLUE,2011-11,2011-12,M2_gbm_poisson,73.955002,63.606445,product,18,1.645000,104.632603,179,0.860070,B,101,92.666667,1,21,Forecast,20260824T181001Z-27103c
22587,FELTCRAFT HAIRBAND RED AND BLUE,2011-11,2011-12,M2_gbm_poisson,101.636180,44.106928,product,18,1.645000,72.555897,175,0.433969,B,248,152.333333,1,21,Forecast,20260824T181001Z-27103c
22588,CARD HOLDER GINGHAM HEART,2011-11,2011-12,M2_gbm_poisson,77.845178,77.682237,product,16,1.645000,127.787280,206,0.997907,A,131,124.000000,1,17,Forecast,20260824T181001Z-27103c
22589,CARDHOLDER GINGHAM STAR,2011-11,2011-12,M2_gbm_poisson,66.811487,45.880177,product,16,1.645000,75.472892,143,0.686711,B,126,90.666667,1,17,Forecast,20260824T181001Z-27103c
22591,CARDHOLDER GINGHAM CHRISTMAS TREE,2011-11,2011-12,M2_gbm_poisson,88.642692,32.288054,product,16,1.645000,53.113848,142,0.364249,B,175,121.666667,1,17,Forecast,20260824T181001Z-27103c
22592,CARDHOLDER HOLLY WREATH METAL,2011-11,2011-12,M2_gbm_poisson,120.683026,69.569232,product,16,1.645000,114.441387,236,0.576462,A,271,174.333333,1,17,Forecast,20260824T181001Z-27103c
22593,CHRISTMAS GINGHAM STAR,2011-11,2011-12,M2_gbm_poisson,290.263993,264.698854,product,16,1.645000,435.429615,726,0.911925,B,694,513.666667,1,17,Forecast,20260824T181001Z-27103c
22594,CHRISTMAS GINGHAM TREE,2011-11,2011-12,M2_gbm_poisson,360.635180,139.584219,product,16,1.645000,229.616040,591,0.387051,B,773,453.333333,1,17,Forecast,20260824T181001Z-27103c
22595,GINGHAM HEART DECORATION,2011-11,2011-12,M2_gbm_poisson,565.534642,561.702583,product,16,1.645000,924.000749,1490,0.993224,A,953,1429.333333,1,17,Forecast,20260824T181001Z-27103c
22596,CHRISTMAS STAR WISH LIST CHALKBOARD,2011-11,2011-12,M2_gbm_poisson,356.860829,245.417758,product,15,1.645000,403.712213,761,0.687713,B,890,787.333333,1,17,Forecast,20260824T181001Z-27103c
22597,MUSICAL ZINC HEART DECORATION,2011-11,2011-12,M2_gbm_poisson,622.540201,157.358666,product,16,1.645000,258.855006,882,0.252769,B,1275,748.666667,1,17,Forecast,20260824T181001Z-27103c
22598,CHRISTMAS MUSICAL ZINC TREE,2011-11,2011-12,M2_gbm_poisson,155.198343,44.115216,product,16,1.645000,72.569531,228,0.284251,C,392,288.333333,1,17,Forecast,20260824T181001Z-27103c
22599,CHRISTMAS MUSICAL ZINC STAR,2011-11,2011-12,M2_gbm_poisson,326.627358,70.428104,product,16,1.645000,115.854231,443,0.215622,B,836,562.333333,1,17,Forecast,20260824T181001Z-27103c
22600,CHRISTMAS RETROSPOT STAR WOOD,2011-11,2011-12,M2_gbm_poisson,226.023763,249.921944,product,16,1.645000,411.121597,638,1.105733,B,455,379.666667,1,17,Forecast,20260824T181001Z-27103c
22601,CHRISTMAS RETROSPOT ANGEL WOOD,2011-11,2011-12,M2_gbm_poisson,245.856934,254.594234,product,16,1.645000,418.807514,665,1.035538,B,455,621.000000,1,17,Forecast,20260824T181001Z-27103c
22602,CHRISTMAS RETROSPOT HEART WOOD,2011-11,2011-12,M2_gbm_poisson,196.270820,174.008512,product,16,1.645000,286.244002,483,0.886574,A,399,370.666667,1,17,Forecast,20260824T181001Z-27103c
22603,CHRISTMAS RETROSPOT TREE WOOD,2011-11,2011-12,M2_gbm_poisson,191.266568,117.584204,product,16,1.645000,193.426015,385,0.614766,B,426,320.333333,1,17,Forecast,20260824T181001Z-27103c
22604,SET OF 4 NAPKIN CHARMS CUTLERY,2011-11,2011-12,M2_gbm_poisson,58.175511,70.632227,product,16,1.645000,116.190014,175,1.214123,A,91,60.666667,1,17,Forecast,20260824T181001Z-27103c
22605,WOODEN CROQUET GARDEN SET,2011-11,2011-12,M2_gbm_poisson,49.262707,47.343429,product,18,1.645000,77.879941,128,0.961040,A,54,36.333333,1,20,Forecast,20260824T181001Z-27103c
22606,WOODEN SKITTLES GARDEN SET,2011-11,2011-12,M2_gbm_poisson,9.609310,26.148270,product,18,1.645000,43.013904,53,2.721139,A,1,6.333333,1,20,Forecast,20260824T181001Z-27103c
22607,WOODEN ROUNDERS GARDEN SET,2011-11,2011-12,M2_gbm_poisson,56.004736,89.681775,product,18,1.645000,147.526520,204,1.601325,A,67,37.333333,1,20,Forecast,20260824T181001Z-27103c
22608,PENS ASSORTED FUNKY JEWELED,2011-11,2011-12,M2_gbm_poisson,256.342253,106.777164,product,18,1.645000,175.648434,432,0.416541,C,681,541.000000,1,22,Forecast,20260824T181001Z-27103c
22609,PENS ASSORTED SPACEBALL,2011-11,2011-12,M2_gbm_poisson,469.079152,239.852868,product,18,1.645000,394.557968,864,0.511327,B,1228,752.333333,1,22,Forecast,20260824T181001Z-27103c
22610,PENS ASSORTED FUNNY FACE,2011-11,2011-12,M2_gbm_poisson,877.839155,567.124065,product,18,1.645000,932.919088,1811,0.646046,A,1658,1345.000000,1,22,Forecast,20260824T181001Z-27103c
22611,VINTAGE UNION JACK SHOPPING BAG,2011-11,2011-12,M2_gbm_poisson,20.574512,30.184200,product,18,1.645000,49.653010,71,1.467068,A,5,19.333333,1,21,Forecast,20260824T181001Z-27103c
22612,TEA COSY VINTAGE UNION JACK,2011-11,2011-12,M2_gbm_poisson,,,,,,,,,A,0,,,,Inactive (no sales in last 6 months),20260824T181001Z-27103c
22613,PACK OF 20 SPACEBOY NAPKINS,2011-11,2011-12,M2_gbm_poisson,59.318729,133.838248,product,18,1.645000,220.163919,280,2.256256,B,54,85.000000,1,19,Forecast,20260824T181001Z-27103c
22614,PACK OF 12 SPACEBOY TISSUES,2011-11,2011-12,M2_gbm_poisson,177.961344,121.181237,product,18,1.645000,199.343134,378,0.680941,B,298,396.666667,1,19,Forecast,20260824T181001Z-27103c
22615,PACK OF 12 CIRCUS PARADE TISSUES,2011-11,2011-12,M2_gbm_poisson,86.520363,130.326113,product,18,1.645000,214.386456,301,1.506306,C,80,195.666667,1,19,Forecast,20260824T181001Z-27103c
22616,PACK OF 12 LONDON TISSUES,2011-11,2011-12,M2_gbm_poisson,1013.895663,942.653405,product,18,1.645000,1550.664852,2565,0.929734,A,2979,2044.000000,1,19,Forecast,20260824T181001Z-27103c
22617,BAKING SET SPACEBOY DESIGN,2011-11,2011-12,M2_gbm_poisson,343.606357,124.481747,product,18,1.645000,204.772474,549,0.362280,A,679,337.000000,1,21,Forecast,20260824T181001Z-27103c
22618,COOKING SET RETROSPOT,2011-11,2011-12,M2_gbm_poisson,,,,,,,,,A,0,,,,Inactive (no sales in last 6 months),20260824T181001Z-27103c
22619,SET OF 6 SOLDIER SKITTLES,2011-11,2011-12,M2_gbm_poisson,195.460086,84.365812,product,18,1.645000,138.781762,335,0.431627,A,419,297.000000,1,19,Forecast,20260824T181001Z-27103c
22620,4 TRADITIONAL SPINNING TOPS,2011-11,2011-12,M2_gbm_poisson,284.153123,170.641657,product,18,1.645000,280.705526,565,0.600527,A,674,468.333333,1,19,Forecast,20260824T181001Z-27103c
22621,TRADITIONAL KNITTING NANCY,2011-11,2011-12,M2_gbm_poisson,690.049190,149.062424,product,18,1.645000,245.207687,936,0.216017,A,1425,907.666667,1,19,Forecast,20260824T181001Z-27103c
22622,BOX OF VINTAGE ALPHABET BLOCKS,2011-11,2011-12,M2_gbm_poisson,89.121420,62.457930,product,18,1.645000,102.743296,192,0.700818,A,194,152.666667,1,19,Forecast,20260824T181001Z-27103c
22623,BOX OF VINTAGE JIGSAW BLOCKS,2011-11,2011-12,M2_gbm_poisson,85.304429,53.195303,product,18,1.645000,87.506273,173,0.623594,A,126,137.333333,1,19,Forecast,20260824T181001Z-27103c
22624,IVORY KITCHEN SCALES,2011-11,2011-12,M2_gbm_poisson,130.548006,106.025485,product,18,1.645000,174.411923,305,0.812157,A,154,197.000000,1,19,Forecast,20260824T181001Z-27103c
22625,RED KITCHEN SCALES,2011-11,2011-12,M2_gbm_poisson,102.082461,92.182517,product,18,1.645000,151.640240,254,0.903020,A,147,162.333333,1,19,Forecast,20260824T181001Z-27103c
22626,BLACK KITCHEN SCALES,2011-11,2011-12,M2_gbm_poisson,42.467796,17.555379,product,18,1.645000,28.878599,72,0.413381,A,26,36.000000,1,20,Forecast,20260824T181001Z-27103c
22627,MINT KITCHEN SCALES,2011-11,2011-12,M2_gbm_poisson,72.615785,48.635302,product,18,1.645000,80.005071,153,0.669762,A,104,109.000000,1,19,Forecast,20260824T181001Z-27103c
22628,PICNIC BOXES SET OF 3 RETROSPOT,2011-11,2011-12,M2_gbm_poisson,45.358758,45.640090,product,16,1.645000,75.077947,121,1.006202,A,51,46.333333,1,17,Forecast,20260824T181001Z-27103c
22629,SPACEBOY LUNCH BOX,2011-11,2011-12,M2_gbm_poisson,663.492725,638.545018,product,16,1.645000,1050.406554,1714,0.962399,A,1460,1140.000000,1,17,Forecast,20260824T181001Z-27103c
22630,DOLLY GIRL LUNCH BOX,2011-11,2011-12,M2_gbm_poisson,516.122331,542.538530,product,16,1.645000,892.475881,1409,1.051182,A,884,929.000000,1,17,Forecast,20260824T181001Z-27103c
22631,CIRCUS PARADE LUNCH BOX,2011-11,2011-12,M2_gbm_poisson,236.843118,231.709889,product,18,1.645000,381.162767,619,0.978326,A,410,385.666667,1,21,Forecast,20260824T181001Z-27103c
22632,HAND WARMER RED RETROSPOT,2011-11,2011-12,M2_gbm_poisson,639.365506,477.537263,product,14,1.645000,785.548797,1425,0.746892,A,1352,1035.000000,1,15,Forecast,20260824T181001Z-27103c
22633,HAND WARMER UNION JACK,2011-11,2011-12,M2_gbm_poisson,688.690037,229.407904,product,13,1.645000,377.376002,1067,0.333108,A,1129,1086.666667,1,14,Forecast,20260824T181001Z-27103c
22634,CHILDS BREAKFAST SET SPACEBOY,2011-11,2011-12,M2_gbm_poisson,66.540614,25.395698,product,18,1.645000,41.775924,109,0.381657,A,107,69.000000,1,19,Forecast,20260824T181001Z-27103c
22635,CHILDS BREAKFAST SET DOLLY GIRL,2011-11,2011-12,M2_gbm_poisson,56.754117,31.224133,product,18,1.645000,51.363699,109,0.550165,A,86,55.333333,1,19,Forecast,20260824T181001Z-27103c
22636,CHILDS BREAKFAST SET CIRCUS PARADE,2011-11,2011-12,M2_gbm_poisson,57.807301,19.438657,product,18,1.645000,31.976590,90,0.336266,A,89,52.333333,1,19,Forecast,20260824T181001Z-27103c
22637,PIGGY BANK RETROSPOT,2011-11,2011-12,M2_gbm_poisson,148.375235,105.483970,product,18,1.645000,173.521130,322,0.710927,A,124,470.666667,1,19,Forecast,20260824T181001Z-27103c
22638,SET OF 4 NAPKIN CHARMS CROWNS,2011-11,2011-12,M2_gbm_poisson,32.825902,12.683943,product,16,1.645000,20.865086,54,0.386400,C,20,16.666667,1,17,Forecast,20260824T181001Z-27103c
22639,SET OF 4 NAPKIN CHARMS HEARTS,2011-11,2011-12,M2_gbm_poisson,63.484267,58.537932,product,16,1.645000,96.294898,160,0.922086,B,85,81.666667,1,17,Forecast,20260824T181001Z-27103c
22640,SET OF 4 NAPKIN CHARMS 3 KEYS,2011-11,2011-12,M2_gbm_poisson,27.311196,12.722973,product,17,1.645000,20.929290,49,0.465852,C,17,13.666667,1,18,Forecast,20260824T181001Z-27103c
22641,SET OF 4 NAPKIN CHARMS INSTRUMENT,2011-11,2011-12,M2_gbm_poisson,21.121715,18.257510,product,16,1.645000,30.033604,52,0.864395,C,11,13.333333,1,17,Forecast,20260824T181001Z-27103c
22642,SET OF 4 NAPKIN CHARMS STARS,2011-11,2011-12,M2_gbm_poisson,46.194959,24.334810,product,16,1.645000,40.030762,87,0.526785,B,37,40.666667,1,17,Forecast,20260824T181001Z-27103c
22643,SET OF 4 NAPKIN CHARMS LEAVES,2011-11,2011-12,M2_gbm_poisson,31.774264,18.199859,product,16,1.645000,29.938768,62,0.572786,C,32,14.333333,1,17,Forecast,20260824T181001Z-27103c
22644,CERAMIC CHERRY CAKE MONEY BANK,2011-11,2011-12,M2_gbm_poisson,99.210098,97.815085,product,18,1.645000,160.905815,261,0.985939,A,214,145.333333,1,19,Forecast,20260824T181001Z-27103c
22645,CERAMIC HEART FAIRY CAKE MONEY BANK,2011-11,2011-12,M2_gbm_poisson,114.921169,121.684370,product,18,1.645000,200.170789,316,1.058851,A,257,193.333333,1,19,Forecast,20260824T181001Z-27103c
22646,CERAMIC STRAWBERRY CAKE MONEY BANK,2011-11,2011-12,M2_gbm_poisson,261.075148,122.021704,product,18,1.645000,200.725704,462,0.467382,A,581,409.666667,1,19,Forecast,20260824T181001Z-27103c
22647,CERAMIC LOVE HEART MONEY BANK,2011-11,2011-12,M2_gbm_poisson,23.884016,25.910235,product,18,1.645000,42.622337,67,1.084836,C,15,12.666667,1,19,Forecast,20260824T181001Z-27103c
22649,STRAWBERRY FAIRY CAKE TEAPOT,2011-11,2011-12,M2_gbm_poisson,52.015955,33.208112,product,18,1.645000,54.627344,107,0.638422,A,55,45.333333,1,19,Forecast,20260824T181001Z-27103c
22650,CERAMIC PIRATE CHEST MONEY BANK,2011-11,2011-12,M2_gbm_poisson,84.670168,31.432239,product,18,1.645000,51.706033,137,0.371232,B,153,102.000000,1,19,Forecast,20260824T181001Z-27103c
22651,GENTLEMAN SHIRT REPAIR KIT,2011-11,2011-12,M2_gbm_poisson,90.289208,190.151425,product,16,1.645000,312.799094,404,2.106026,B,136,175.333333,1,17,Forecast,20260824T181001Z-27103c
22652,TRAVEL SEWING KIT,2011-11,2011-12,M2_gbm_poisson,77.781843,497.076721,product,16,1.645000,817.691205,896,6.390652,A,40,419.666667,1,17,Forecast,20260824T181001Z-27103c
22653,BUTTON BOX,2011-11,2011-12,M2_gbm_poisson,161.663649,133.321098,product,16,1.645000,219.313207,381,0.824682,A,325,257.333333,1,17,Forecast,20260824T181001Z-27103c
22654,DELUXE SEWING KIT,2011-11,2011-12,M2_gbm_poisson,90.163971,72.848222,product,16,1.645000,119.835326,210,0.807953,A,177,120.333333,1,17,Forecast,20260824T181001Z-27103c
22655,VINTAGE RED KITCHEN CABINET,2011-11,2011-12,M2_gbm_poisson,5.629861,4.706265,product,16,1.645000,7.741805,14,0.835947,A,1,2.333333,1,17,Forecast,20260824T181001Z-27103c
22656,VINTAGE BLUE KITCHEN CABINET,2011-11,2011-12,M2_gbm_poisson,2.547010,3.586617,product,16,1.645000,5.899984,9,1.408167,A,0,0.333333,2,17,Forecast,20260824T181001Z-27103c
22657,HEN & 2 CHICKS IN BASKET,2011-11,2011-12,M2_gbm_poisson,,,,,,,,,C,0,,,,Inactive (no sales in last 6 months),20260824T181001Z-27103c
22659,LUNCH BOX I LOVE LONDON,2011-11,2011-12,M2_gbm_poisson,401.938298,556.658659,product,18,1.645000,915.703494,1318,1.384936,A,965,899.333333,1,21,Forecast,20260824T181001Z-27103c
22660,DOORMAT I LOVE LONDON,2011-11,2011-12,M2_gbm_poisson,52.162306,24.151926,product,17,1.645000,39.729918,92,0.463015,A,66,69.000000,1,18,Forecast,20260824T181001Z-27103c
22661,CHARLOTTE BAG DOLLY GIRL DESIGN,2011-11,2011-12,M2_gbm_poisson,296.209238,284.225189,product,16,1.645000,467.550435,764,0.959542,A,424,416.333333,1,17,Forecast,20260824T181001Z-27103c
22662,LUNCH BAG DOLLY GIRL DESIGN,2011-11,2011-12,M2_gbm_poisson,340.803538,443.171143,product,16,1.645000,729.016530,1070,1.300371,A,551,507.000000,1,17,Forecast,20260824T181001Z-27103c
22663,JUMBO BAG DOLLY GIRL DESIGN,2011-11,2011-12,M2_gbm_poisson,199.519083,270.087392,product,16,1.645000,444.293759,644,1.353692,A,290,283.666667,1,17,Forecast,20260824T181001Z-27103c
22664,TOY TIDY DOLLY GIRL DESIGN,2011-11,2011-12,M2_gbm_poisson,53.734260,45.127122,product,16,1.645000,74.234116,128,0.839820,B,65,46.333333,1,17,Forecast,20260824T181001Z-27103c
22665,RECIPE BOX BLUE SKETCHBOOK DESIGN,2011-11,2011-12,M2_gbm_poisson,61.312008,85.898640,product,16,1.645000,141.303262,203,1.401008,A,57,105.666667,1,17,Forecast,20260824T181001Z-27103c
22666,RECIPE BOX PANTRY YELLOW DESIGN,2011-11,2011-12,M2_gbm_poisson,748.034847,346.407852,product,16,1.645000,569.840916,1318,0.463091,A,1219,1011.333333,1,17,Forecast,20260824T181001Z-27103c
22667,RECIPE BOX RETROSPOT,2011-11,2011-12,M2_gbm_poisson,202.625570,136.127442,product,16,1.645000,223.929642,427,0.671818,A,328,296.333333,1,17,Forecast,20260824T181001Z-27103c
22668,PINK BABY BUNTING,2011-11,2011-12,M2_gbm_poisson,87.364977,134.684087,product,16,1.645000,221.555323,309,1.541626,A,76,166.666667,1,17,Forecast,20260824T181001Z-27103c
22669,RED BABY BUNTING,2011-11,2011-12,M2_gbm_poisson,66.445290,47.234971,product,16,1.645000,77.701527,145,0.710885,A,86,111.000000,1,17,Forecast,20260824T181001Z-27103c
22670,FRENCH WC SIGN BLUE METAL,2011-11,2011-12,M2_gbm_poisson,101.458855,63.010396,product,15,1.645000,103.652101,206,0.621044,A,154,149.333333,1,16,Forecast,20260824T181001Z-27103c
22671,FRENCH LAUNDRY SIGN BLUE METAL,2011-11,2011-12,M2_gbm_poisson,51.820547,61.076721,product,15,1.645000,100.471206,153,1.178620,B,39,43.000000,1,16,Forecast,20260824T181001Z-27103c
22672,FRENCH BATHROOM SIGN BLUE METAL,2011-11,2011-12,M2_gbm_poisson,64.122315,122.073077,product,15,1.645000,200.810212,265,1.903753,A,80,70.000000,1,16,Forecast,20260824T181001Z-27103c
22673,FRENCH GARDEN SIGN BLUE METAL,2011-11,2011-12,M2_gbm_poisson,42.607984,22.283967,product,15,1.645000,36.657126,80,0.523000,B,33,45.666667,1,16,Forecast,20260824T181001Z-27103c
22674,FRENCH TOILET SIGN BLUE METAL,2011-11,2011-12,M2_gbm_poisson,61.349379,117.191444,product,15,1.645000,192.779926,255,1.910230,B,66,52.333333,1,16,Forecast,20260824T181001Z-27103c
22675,FRENCH KITCHEN SIGN BLUE METAL,2011-11,2011-12,M2_gbm_poisson,55.106993,99.612916,product,15,1.645000,163.863247,219,1.807627,B,43,42.666667,1,16,Forecast,20260824T181001Z-27103c
22676,FRENCH BLUE METAL DOOR SIGN 1,2011-11,2011-12,M2_gbm_poisson,72.003699,50.616962,product,15,1.645000,83.264902,156,0.702977,B,141,116.333333,1,16,Forecast,20260824T181001Z-27103c
22677,FRENCH BLUE METAL DOOR SIGN 2,2011-11,2011-12,M2_gbm_poisson,64.812523,53.365838,product,15,1.645000,87.786804,153,0.823388,B,82,94.666667,1,16,Forecast,20260824T181001Z-27103c
22678,FRENCH BLUE METAL DOOR SIGN 3,2011-11,2011-12,M2_gbm_poisson,58.350974,53.068477,product,15,1.645000,87.297645,146,0.909470,B,57,73.666667,1,16,Forecast,20260824T181001Z-27103c
22679,FRENCH BLUE METAL DOOR SIGN 4,2011-11,2011-12,M2_gbm_poisson,54.327106,57.521881,product,15,1.645000,94.623495,149,1.058806,B,61,61.666667,1,16,Forecast,20260824T181001Z-27103c
22680,FRENCH BLUE METAL DOOR SIGN 5,2011-11,2011-12,M2_gbm_poisson,63.331356,50.132742,product,15,1.645000,82.468361,146,0.791594,B,101,78.333333,1,16,Forecast,20260824T181001Z-27103c
22681,FRENCH BLUE METAL DOOR SIGN 6,2011-11,2011-12,M2_gbm_poisson,60.168153,41.325693,product,15,1.645000,67.980765,129,0.686837,B,95,61.333333,1,16,Forecast,20260824T181001Z-27103c
22682,FRENCH BLUE METAL DOOR SIGN 7,2011-11,2011-12,M2_gbm_poisson,55.446289,42.483405,product,15,1.645000,69.885202,126,0.766208,B,68,54.333333,1,16,Forecast,20260824T181001Z-27103c
22683,FRENCH BLUE METAL DOOR SIGN 8,2011-11,2011-12,M2_gbm_poisson,51.734332,48.109157,product,15,1.645000,79.139564,131,0.929927,B,47,51.666667,1,16,Forecast,20260824T181001Z-27103c
22684,FRENCH BLUE METAL DOOR SIGN 9,2011-11,2011-12,M2_gbm_poisson,49.212288,35.811991,product,15,1.645000,58.910725,109,0.727704,B,44,35.333333,1,16,Forecast,20260824T181001Z-27103c
22685,FRENCH BLUE METAL DOOR SIGN 0,2011-11,2011-12,M2_gbm_poisson,45.830336,40.100067,product,15,1.645000,65.964610,112,0.874968,B,54,35.666667,1,16,Forecast,20260824T181001Z-27103c
22686,FRENCH BLUE METAL DOOR SIGN No,2011-11,2011-12,M2_gbm_poisson,60.752134,72.396318,product,15,1.645000,119.091943,180,1.191667,B,52,97.666667,1,16,Forecast,20260824T181001Z-27103c
22687,DOORMAT CHRISTMAS VILLAGE,2011-11,2011-12,M2_gbm_poisson,120.438490,16.470440,product,17,1.645000,27.093875,148,0.136754,B,22,178.666667,1,18,Forecast,20260824T181001Z-27103c
22688,DOORMAT PEACE ON EARTH BLUE,2011-11,2011-12,M2_gbm_poisson,53.413386,17.526896,product,16,1.645000,28.831744,83,0.328137,B,12,217.333333,1,18,Forecast,20260824T181001Z-27103c
22689,DOORMAT MERRY CHRISTMAS RED,2011-11,2011-12,M2_gbm_poisson,81.718150,54.556627,product,17,1.645000,89.745651,172,0.667619,A,72,185.666667,1,18,Forecast,20260824T181001Z-27103c
22690,DOORMAT HOME SWEET HOME BLUE,2011-11,2011-12,M2_gbm_poisson,79.023528,193.545473,product,17,1.645000,318.382304,398,2.449213,A,74,140.000000,1,18,Forecast,20260824T181001Z-27103c
22691,DOORMAT WELCOME SUNRISE,2011-11,2011-12,M2_gbm_poisson,38.199023,21.145651,product,17,1.645000,34.784595,73,0.553565,A,35,62.333333,1,18,Forecast,20260824T181001Z-27103c
22692,DOORMAT WELCOME TO OUR HOME,2011-11,2011-12,M2_gbm_poisson,72.090876,97.490246,product,17,1.645000,160.371455,233,1.352324,A,76,186.333333,1,18,Forecast,20260824T181001Z-27103c
22693,GROW A FLYTRAP OR SUNFLOWER IN TIN,2011-11,2011-12,M2_gbm_poisson,542.802869,361.721698,product,15,1.645000,595.032194,1138,0.666396,A,1133,818.000000,1,16,Forecast,20260824T181001Z-27103c
22694,WICKER STAR,2011-11,2011-12,M2_gbm_poisson,255.005659,151.055481,product,16,1.645000,248.486266,504,0.592361,A,594,358.333333,1,17,Forecast,20260824T181001Z-27103c
22695,WICKER WREATH SMALL,2011-11,2011-12,M2_gbm_poisson,72.520127,31.047401,product,16,1.645000,51.072975,124,0.428121,B,104,129.333333,1,17,Forecast,20260824T181001Z-27103c
22696,WICKER WREATH LARGE,2011-11,2011-12,M2_gbm_poisson,81.991297,60.366349,product,16,1.645000,99.302645,182,0.736253,B,140,145.000000,1,17,Forecast,20260824T181001Z-27103c
22697,GREEN REGENCY TEACUP AND SAUCER,2011-11,2011-12,M2_gbm_poisson,350.305290,205.139304,product,15,1.645000,337.454155,688,0.585602,A,523,658.666667,1,16,Forecast,20260824T181001Z-27103c
22698,PINK REGENCY TEACUP AND SAUCER,2011-11,2011-12,M2_gbm_poisson,310.080062,356.867049,product,15,1.645000,587.046295,898,1.150887,A,453,603.666667,1,16,Forecast,20260824T181001Z-27103c
22699,ROSES REGENCY TEACUP AND SAUCER,2011-11,2011-12,M2_gbm_poisson,451.225475,369.239814,product,15,1.645000,607.399494,1059,0.818304,A,614,832.000000,1,16,Forecast,20260824T181001Z-27103c
22700,BLACK AND WHITE DOG BOWL,2011-11,2011-12,M2_gbm_poisson,3.859888,29.113237,product,16,1.645000,47.891275,52,7.542509,B,0,1.000000,2,17,Forecast,20260824T181001Z-27103c
22701,PINK DOG BOWL,2011-11,2011-12,M2_gbm_poisson,43.289667,27.299817,product,17,1.645000,44.908199,89,0.630631,B,35,22.000000,1,18,Forecast,20260824T181001Z-27103c
22702,BLACK AND WHITE CAT BOWL,2011-11,2011-12,M2_gbm_poisson,10.351331,17.128870,product,17,1.645000,28.176990,39,1.654750,B,6,6.333333,1,18,Forecast,20260824T181001Z-27103c
22703,PINK CAT BOWL,2011-11,2011-12,M2_gbm_poisson,53.747585,16.262025,product,17,1.645000,26.751030,81,0.302563,C,58,42.000000,1,18,Forecast,20260824T181001Z-27103c
22704,WRAP RED APPLES,2011-11,2011-12,M2_gbm_poisson,200.502745,260.953442,product,18,1.645000,429.268411,630,1.301496,B,350,441.666667,1,19,Forecast,20260824T181001Z-27103c
22705,WRAP GREEN PEARS,2011-11,2011-12,M2_gbm_poisson,91.702011,180.150350,product,18,1.645000,296.347325,389,1.964519,B,100,166.666667,1,19,Forecast,20260824T181001Z-27103c
22706,WRAP COWBOYS,2011-11,2011-12,M2_gbm_poisson,69.892652,247.311079,product,17,1.645000,406.826725,477,3.538442,B,25,125.000000,1,18,Forecast,20260824T181001Z-27103c
22707,WRAP MONSTER FUN,2011-11,2011-12,M2_gbm_poisson,69.750611,66.969389,product,18,1.645000,110.164644,180,0.960126,C,200,125.000000,1,19,Forecast,20260824T181001Z-27103c
22708,WRAP DOLLY GIRL,2011-11,2011-12,M2_gbm_poisson,114.485517,166.792299,product,17,1.645000,274.373332,389,1.456886,B,375,308.333333,1,18,Forecast,20260824T181001Z-27103c
22709,WRAP WEDDING DAY,2011-11,2011-12,M2_gbm_poisson,28.791730,102.862042,product,17,1.645000,169.208059,198,3.572625,C,0,125.000000,2,18,Forecast,20260824T181001Z-27103c
22710,WRAP I LOVE LONDON,2011-11,2011-12,M2_gbm_poisson,136.024417,249.055431,product,18,1.645000,409.696183,546,1.830961,B,275,500.000000,1,19,Forecast,20260824T181001Z-27103c
22711,WRAP CIRCUS PARADE,2011-11,2011-12,M2_gbm_poisson,99.593249,219.978902,product,18,1.645000,361.865294,462,2.208773,B,150,241.666667,1,19,Forecast,20260824T181001Z-27103c
22712,CARD DOLLY GIRL,2011-11,2011-12,M2_gbm_poisson,261.774818,201.741178,product,18,1.645000,331.864238,594,0.770667,B,399,439.333333,1,19,Forecast,20260824T181001Z-27103c
22713,CARD I LOVE LONDON,2011-11,2011-12,M2_gbm_poisson,115.116249,220.743388,product,18,1.645000,363.122873,479,1.917569,B,133,322.333333,1,19,Forecast,20260824T181001Z-27103c
22714,CARD BIRTHDAY COWBOY,2011-11,2011-12,M2_gbm_poisson,187.414384,159.167229,product,18,1.645000,261.830092,450,0.849280,B,659,372.000000,1,19,Forecast,20260824T181001Z-27103c
22715,CARD WEDDING DAY,2011-11,2011-12,M2_gbm_poisson,48.376667,90.814705,product,17,1.645000,149.390190,198,1.877242,C,6,87.000000,1,18,Forecast,20260824T181001Z-27103c
22716,CARD CIRCUS PARADE,2011-11,2011-12,M2_gbm_poisson,113.447856,123.143411,product,17,1.645000,202.570910,317,1.085463,B,110,244.666667,1,18,Forecast,20260824T181001Z-27103c
22717,CARD DOG AND BALL,2011-11,2011-12,M2_gbm_poisson,66.104826,103.975746,product,17,1.645000,171.040102,238,1.572892,C,88,94.333333,1,18,Forecast,20260824T181001Z-27103c
22718,CARD CAT AND TREE,2011-11,2011-12,M2_gbm_poisson,67.932003,95.114325,product,17,1.645000,156.463065,225,1.400140,C,109,140.333333,1,18,Forecast,20260824T181001Z-27103c
22719,GUMBALL MONOCHROME COAT RACK,2011-11,2011-12,M2_gbm_poisson,,,,,,,,,B,0,,,,Inactive (no sales in last 6 months),20260824T181001Z-27103c
22720,SET OF 3 CAKE TINS PANTRY DESIGN,2011-11,2011-12,M2_gbm_poisson,386.664063,256.492086,product,11,1.645000,421.929482,809,0.663346,A,574,806.666667,1,12,Forecast,20260824T181001Z-27103c
22721,SET OF 3 CAKE TINS SKETCHBOOK,2011-11,2011-12,M2_gbm_poisson,50.708668,19.470914,product,11,1.645000,32.029653,83,0.383976,B,51,44.000000,1,12,Forecast,20260824T181001Z-27103c
22722,SET OF 6 SPICE TINS PANTRY DESIGN,2011-11,2011-12,M2_gbm_poisson,334.055645,325.531724,product,12,1.645000,535.499686,870,0.974484,A,529,821.333333,1,13,Forecast,20260824T181001Z-27103c
22723,SET OF 6 HERB TINS SKETCHBOOK,2011-11,2011-12,M2_gbm_poisson,46.765405,31.152512,product,11,1.645000,51.245883,99,0.666144,B,44,27.000000,1,12,Forecast,20260824T181001Z-27103c
22725,ALARM CLOCK BAKELIKE CHOCOLATE,2011-11,2011-12,M2_gbm_poisson,154.790691,63.461713,product,14,1.645000,104.394518,260,0.409984,A,259,273.000000,1,15,Forecast,20260824T181001Z-27103c
22726,ALARM CLOCK BAKELIKE GREEN,2011-11,2011-12,M2_gbm_poisson,554.283170,98.624976,product,14,1.645000,162.238085,717,0.177932,A,1002,915.000000,1,15,Forecast,20260824T181001Z-27103c
22727,ALARM CLOCK BAKELIKE RED,2011-11,2011-12,M2_gbm_poisson,528.034211,268.313686,product,14,1.645000,441.376013,970,0.508137,A,958,936.333333,1,15,Forecast,20260824T181001Z-27103c
22728,ALARM CLOCK BAKELIKE PINK,2011-11,2011-12,M2_gbm_poisson,407.755791,237.116405,product,14,1.645000,390.056486,798,0.581516,A,545,696.666667,1,15,Forecast,20260824T181001Z-27103c
22729,ALARM CLOCK BAKELIKE ORANGE,2011-11,2011-12,M2_gbm_poisson,52.121232,88.591030,product,14,1.645000,145.732244,198,1.699711,A,24,146.333333,1,15,Forecast,20260824T181001Z-27103c
22730,ALARM CLOCK BAKELIKE IVORY,2011-11,2011-12,M2_gbm_poisson,232.662608,100.650092,product,14,1.645000,165.569402,399,0.432601,A,438,418.000000,1,15,Forecast,20260824T181001Z-27103c
22731,3D CHRISTMAS STAMPS STICKERS,2011-11,2011-12,M2_gbm_poisson,117.504483,142.073869,product,14,1.645000,233.711514,352,1.209093,B,217,302.000000,1,15,Forecast,20260824T181001Z-27103c
22732,3D VINTAGE CHRISTMAS STICKERS,2011-11,2011-12,M2_gbm_poisson,255.891981,97.049587,product,14,1.645000,159.646570,416,0.379260,B,519,432.333333,1,15,Forecast,20260824T181001Z-27103c
22733,3D TRADITIONAL CHRISTMAS STICKERS,2011-11,2011-12,M2_gbm_poisson,229.184832,99.129128,product,14,1.645000,163.067415,393,0.432529,B,478,423.000000,1,15,Forecast,20260824T181001Z-27103c
22734,SET OF 6 RIBBONS VINTAGE CHRISTMAS,2011-11,2011-12,M2_gbm_poisson,648.766391,172.449429,product,14,1.645000,283.679310,933,0.265811,A,1214,915.000000,1,15,Forecast,20260824T181001Z-27103c
22735,RIBBON REEL SOCKS AND MITTENS,2011-11,2011-12,M2_gbm_poisson,105.135512,38.180295,product,14,1.645000,62.806585,168,0.363153,B,200,166.333333,1,15,Forecast,20260824T181001Z-27103c
22736,RIBBON REEL MAKING SNOWMEN,2011-11,2011-12,M2_gbm_poisson,173.530355,67.253318,product,14,1.645000,110.631708,285,0.387559,B,353,276.000000,1,15,Forecast,20260824T181001Z-27103c
22737,RIBBON REEL CHRISTMAS PRESENT,2011-11,2011-12,M2_gbm_poisson,194.009732,75.154038,product,14,1.645000,123.628392,318,0.387373,A,434,347.333333,1,15,Forecast,20260824T181001Z-27103c
22738,RIBBON REEL SNOWY VILLAGE,2011-11,2011-12,M2_gbm_poisson,233.525441,181.824720,product,14,1.645000,299.101664,533,0.778608,A,420,533.000000,1,15,Forecast,20260824T181001Z-27103c
22739,RIBBON REEL CHRISTMAS SOCK BAUBLE,2011-11,2011-12,M2_gbm_poisson,238.660868,182.084133,product,14,1.645000,299.528398,539,0.762941,A,449,399.666667,1,15,Forecast,20260824T181001Z-27103c
22740,POLKADOT PEN,2011-11,2011-12,M2_gbm_poisson,24.558898,650.610557,product,14,1.645000,1070.254366,1095,26.491846,A,0,29.666667,3,15,Forecast,20260824T181001Z-27103c
22741,FUNKY DIVA PEN,2011-11,2011-12,M2_gbm_poisson,406.435057,332.199580,product,14,1.645000,546.468309,953,0.817350,A,692,873.666667,1,15,Forecast,20260824T181001Z-27103c
22742,MAKE YOUR OWN PLAYTIME CARD KIT,2011-11,2011-12,M2_gbm_poisson,47.677155,18.295714,product,15,1.645000,30.096450,78,0.383742,B,38,38.333333,1,16,Forecast,20260824T181001Z-27103c
22743,MAKE YOUR OWN FLOWERPOWER CARD KIT,2011-11,2011-12,M2_gbm_poisson,54.173720,46.729160,product,15,1.645000,76.869469,132,0.862580,A,57,59.333333,1,16,Forecast,20260824T181001Z-27103c
22744,MAKE YOUR OWN MONSOON CARD KIT,2011-11,2011-12,M2_gbm_poisson,57.870784,25.604301,product,15,1.645000,42.119075,100,0.442439,A,78,55.333333,1,16,Forecast,20260824T181001Z-27103c
22745,POPPY'S PLAYHOUSE BEDROOM,2011-11,2011-12,M2_gbm_poisson,124.136577,84.336338,product,14,1.645000,138.733276,263,0.679383,A,247,194.333333,1,15,Forecast,20260824T181001Z-27103c
22746,POPPY'S PLAYHOUSE LIVINGROOM,2011-11,2011-12,M2_gbm_poisson,82.804221,112.056658,product,14,1.645000,184.333202,268,1.353272,A,147,127.333333,1,15,Forecast,20260824T181001Z-27103c
22747,POPPY'S PLAYHOUSE BATHROOM,2011-11,2011-12,M2_gbm_poisson,65.361620,91.469720,product,14,1.645000,150.467689,216,1.399441,A,73,79.000000,1,15,Forecast,20260824T181001Z-27103c
22748,POPPY'S PLAYHOUSE KITCHEN,2011-11,2011-12,M2_gbm_poisson,141.713738,97.044697,product,14,1.645000,159.638526,302,0.684794,A,282,213.666667,1,15,Forecast,20260824T181001Z-27103c
22749,FELTCRAFT PRINCESS CHARLOTTE DOLL,2011-11,2011-12,M2_gbm_poisson,196.364460,81.507288,product,14,1.645000,134.079489,331,0.415082,A,361,327.000000,1,15,Forecast,20260824T181001Z-27103c
22750,FELTCRAFT PRINCESS LOLA DOLL,2011-11,2011-12,M2_gbm_poisson,175.921045,104.506171,product,14,1.645000,171.912651,348,0.594052,A,291,279.666667,1,15,Forecast,20260824T181001Z-27103c
22751,FELTCRAFT PRINCESS OLIVIA DOLL,2011-11,2011-12,M2_gbm_poisson,110.479630,87.234427,product,14,1.645000,143.500632,254,0.789597,A,161,263.000000,1,15,Forecast,20260824T181001Z-27103c
22752,SET 7 BABUSHKA NESTING BOXES,2011-11,2011-12,M2_gbm_poisson,99.332388,131.651865,product,15,1.645000,216.567317,316,1.325367,A,253,158.666667,1,16,Forecast,20260824T181001Z-27103c
22753,SMALL YELLOW BABUSHKA NOTEBOOK,2011-11,2011-12,M2_gbm_poisson,95.146922,53.594015,product,15,1.645000,88.162155,184,0.563276,B,181,79.000000,1,16,Forecast,20260824T181001Z-27103c
22754,SMALL RED BABUSHKA NOTEBOOK,2011-11,2011-12,M2_gbm_poisson,102.562748,153.191207,product,15,1.645000,251.999536,355,1.493634,B,220,129.000000,1,16,Forecast,20260824T181001Z-27103c
22755,SMALL PURPLE BABUSHKA NOTEBOOK,2011-11,2011-12,M2_gbm_poisson,94.870859,77.565647,product,15,1.645000,127.595489,223,0.817592,B,203,97.666667,1,16,Forecast,20260824T181001Z-27103c
22756,LARGE YELLOW BABUSHKA NOTEBOOK,2011-11,2011-12,M2_gbm_poisson,53.046891,59.876792,product,15,1.645000,98.497323,152,1.128752,B,71,32.666667,1,16,Forecast,20260824T181001Z-27103c
22757,LARGE RED BABUSHKA NOTEBOOK,2011-11,2011-12,M2_gbm_poisson,55.908505,105.815783,product,15,1.645000,174.066963,230,1.892660,B,87,53.000000,1,16,Forecast,20260824T181001Z-27103c
22758,LARGE PURPLE BABUSHKA NOTEBOOK,2011-11,2011-12,M2_gbm_poisson,65.672628,50.831425,product,15,1.645000,83.617695,150,0.774012,B,111,62.666667,1,16,Forecast,20260824T181001Z-27103c
22759,SET OF 3 NOTEBOOKS IN PARCEL,2011-11,2011-12,M2_gbm_poisson,486.760338,347.224793,product,15,1.645000,571.184784,1058,0.713338,A,911,926.000000,1,16,Forecast,20260824T181001Z-27103c
22760,"TRAY, BREAKFAST IN BED",2011-11,2011-12,M2_gbm_poisson,7.286232,22.345997,product,13,1.645000,36.759165,45,3.066880,B,0,18.000000,3,14,Forecast,20260824T181001Z-27103c
22761,CHEST 7 DRAWER MA CAMPAGNE,2011-11,2011-12,M2_gbm_poisson,6.524696,4.419960,product,13,1.645000,7.270834,14,0.677420,C,3,3.333333,1,14,Forecast,20260824T181001Z-27103c
22762,CUPBOARD 3 DRAWER MA CAMPAGNE,2011-11,2011-12,M2_gbm_poisson,19.282523,4.071317,product,13,1.645000,6.697317,26,0.211140,B,13,11.666667,1,14,Forecast,20260824T181001Z-27103c
22763,KEY CABINET MA CAMPAGNE,2011-11,2011-12,M2_gbm_poisson,32.496997,11.565989,product,13,1.645000,19.026051,52,0.355909,A,22,18.666667,1,14,Forecast,20260824T181001Z-27103c
22764,"RUSTIC WOODEN CABINET, GLASS DOORS",2011-11,2011-12,M2_gbm_poisson,,,,,,,,,A,0,,,,Inactive (no sales in last 6 months),20260824T181001Z-27103c
22765,NEWSPAPER STAND,2011-11,2011-12,M2_gbm_poisson,,,,,,,,,A,0,,,,Inactive (no sales in last 6 months),20260824T181001Z-27103c
22766,PHOTO FRAME CORNICE,2011-11,2011-12,M2_gbm_poisson,195.914624,116.705399,product,13,1.645000,191.980381,388,0.595695,A,264,412.333333,1,14,Forecast,20260824T181001Z-27103c
22767,TRIPLE PHOTO FRAME CORNICE,2011-11,2011-12,M2_gbm_poisson,61.203901,31.499180,product,13,1.645000,51.816151,114,0.514660,A,75,106.333333,1,14,Forecast,20260824T181001Z-27103c
22768,FAMILY PHOTO FRAME CORNICE,2011-11,2011-12,M2_gbm_poisson,71.932552,15.012161,product,13,1.645000,24.695005,97,0.208698,A,94,126.000000,1,14,Forecast,20260824T181001Z-27103c
22769,CHALKBOARD KITCHEN ORGANISER,2011-11,2011-12,M2_gbm_poisson,,,,,,,,,A,0,,,,Inactive (no sales in last 6 months),20260824T181001Z-27103c
22770,MIRROR CORNICE,2011-11,2011-12,M2_gbm_poisson,14.584317,5.946236,product,13,1.645000,9.781558,25,0.407714,B,7,9.666667,1,14,Forecast,20260824T181001Z-27103c
22771,CLEAR DRAWER KNOB ACRYLIC EDWARDIAN,2011-11,2011-12,M2_gbm_poisson,297.557299,153.570448,product,13,1.645000,252.623387,551,0.516104,A,585,541.333333,1,14,Forecast,20260824T181001Z-27103c
22772,PINK DRAWER KNOB ACRYLIC EDWARDIAN,2011-11,2011-12,M2_gbm_poisson,135.048178,61.173715,product,13,1.645000,100.630761,236,0.452977,A,248,244.333333,1,14,Forecast,20260824T181001Z-27103c
22773,GREEN DRAWER KNOB ACRYLIC EDWARDIAN,2011-11,2011-12,M2_gbm_poisson,75.667583,63.539013,product,13,1.645000,104.521676,181,0.839712,B,116,144.333333,1,14,Forecast,20260824T181001Z-27103c
22774,RED DRAWER KNOB ACRYLIC EDWARDIAN,2011-11,2011-12,M2_gbm_poisson,98.473719,141.330604,product,13,1.645000,232.488843,331,1.435211,B,189,173.666667,1,14,Forecast,20260824T181001Z-27103c
22775,PURPLE DRAWERKNOB ACRYLIC EDWARDIAN,2011-11,2011-12,M2_gbm_poisson,171.901272,191.087018,product,13,1.645000,314.338145,487,1.111609,B,375,284.333333,1,14,Forecast,20260824T181001Z-27103c
22776,SWEETHEART CAKESTAND 3 TIER,2011-11,2011-12,M2_gbm_poisson,70.399728,35.380368,product,13,1.645000,58.200705,129,0.502564,A,84,88.333333,1,14,Forecast,20260824T181001Z-27103c
22777,GLASS CLOCHE LARGE,2011-11,2011-12,M2_gbm_poisson,2.104160,20.328369,product,13,1.645000,33.440166,36,9.661039,B,0,0.000000,5,14,Forecast,20260824T181001Z-27103c
22778,GLASS CLOCHE SMALL,2011-11,2011-12,M2_gbm_poisson,56.306810,56.061552,product,13,1.645000,92.221253,149,0.995644,B,83,63.666667,1,14,Forecast,20260824T181001Z-27103c
22779,WOODEN OWLS LIGHT GARLAND,2011-11,2011-12,M2_gbm_poisson,66.974988,51.007874,product,13,1.645000,83.907952,151,0.761596,A,99,108.333333,1,14,Forecast,20260824T181001Z-27103c
22780,LIGHT GARLAND BUTTERFILES PINK,2011-11,2011-12,M2_gbm_poisson,61.418125,76.852408,product,13,1.645000,126.422212,188,1.251299,A,84,80.000000,1,14,Forecast,20260824T181001Z-27103c
22781,GUMBALL MAGAZINE RACK,2011-11,2011-12,M2_gbm_poisson,52.556386,22.326946,product,13,1.645000,36.727826,90,0.424819,A,62,53.000000,1,14,Forecast,20260824T181001Z-27103c
22782,SET 3 WICKER STORAGE BASKETS,2011-11,2011-12,M2_gbm_poisson,11.159222,9.300246,product,13,1.645000,15.298904,27,0.833413,B,8,5.333333,1,14,Forecast,20260824T181001Z-27103c
22783,SET 3 WICKER OVAL BASKETS W LIDS,2011-11,2011-12,M2_gbm_poisson,2.096131,10.478808,product,13,1.645000,17.237640,20,4.999120,B,0,0.000000,6,14,Forecast,20260824T181001Z-27103c
22784,LANTERN CREAM GAZEBO,2011-11,2011-12,M2_gbm_poisson,82.340678,66.419349,product,13,1.645000,109.259829,192,0.806641,A,130,96.333333,1,14,Forecast,20260824T181001Z-27103c
22785,SQUARECUSHION COVER PINK UNION FLAG,2011-11,2011-12,M2_gbm_poisson,13.870127,17.553369,product,13,1.645000,28.875292,43,1.265552,B,8,7.333333,1,14,Forecast,20260824T181001Z-27103c
22786,CUSHION COVER PINK UNION JACK,2011-11,2011-12,M2_gbm_poisson,10.178609,12.876519,product,13,1.645000,21.181874,32,1.265057,B,7,7.333333,1,14,Forecast,20260824T181001Z-27103c
22788,BROCANTE COAT RACK,2011-11,2011-12,M2_gbm_poisson,2.045191,14.314724,product,13,1.645000,23.547721,26,6.999210,A,0,0.000000,6,14,Forecast,20260824T181001Z-27103c
22789,T-LIGHT HOLDER SWEETHEART HANGING,2011-11,2011-12,M2_gbm_poisson,28.667643,24.578924,product,13,1.645000,40.432330,70,0.857375,B,12,34.000000,1,14,Forecast,20260824T181001Z-27103c
22790,"MIRROR, ARCHED GEORGIAN",2011-11,2011-12,M2_gbm_poisson,,,,,,,,,A,0,,,,Inactive (no sales in last 6 months),20260824T181001Z-27103c
22791,T-LIGHT GLASS FLUTED ANTIQUE,2011-11,2011-12,M2_gbm_poisson,582.772441,500.444707,product,13,1.645000,823.231544,1407,0.858731,A,1325,942.666667,1,14,Forecast,20260824T181001Z-27103c
22792,FLUTED ANTIQUE CANDLE HOLDER,2011-11,2011-12,M2_gbm_poisson,335.408423,268.233385,product,13,1.645000,441.243919,777,0.799722,B,819,442.666667,1,14,Forecast,20260824T181001Z-27103c
22794,SWEETHEART WIRE MAGAZINE RACK,2011-11,2011-12,M2_gbm_poisson,30.883900,7.573095,product,13,1.645000,12.457742,44,0.245212,B,18,18.333333,1,14,Forecast,20260824T181001Z-27103c
22795,SWEETHEART RECIPE BOOK STAND,2011-11,2011-12,M2_gbm_poisson,85.573084,62.196080,product,13,1.645000,102.312551,188,0.726818,A,155,141.000000,1,14,Forecast,20260824T181001Z-27103c
22796,PHOTO FRAME 3 CLASSIC HANGING,2011-11,2011-12,M2_gbm_poisson,52.896471,15.496331,product,13,1.645000,25.491465,79,0.292956,A,67,52.666667,1,14,Forecast,20260824T181001Z-27103c
22797,CHEST OF DRAWERS GINGHAM HEART,2011-11,2011-12,M2_gbm_poisson,23.458768,13.615927,product,13,1.645000,22.398200,46,0.580420,B,16,11.333333,1,14,Forecast,20260824T181001Z-27103c
22798,ANTIQUE GLASS DRESSING TABLE POT,2011-11,2011-12,M2_gbm_poisson,107.040533,97.943136,product,13,1.645000,161.116459,269,0.915010,A,156,188.666667,1,14,Forecast,20260824T181001Z-27103c
22799,SWEETHEART WIRE FRUIT BOWL,2011-11,2011-12,M2_gbm_poisson,18.749728,10.648233,product,13,1.645000,17.516344,37,0.567914,B,12,9.666667,1,14,Forecast,20260824T181001Z-27103c
22800,ANTIQUE TALL SWIRLGLASS TRINKET POT,2011-11,2011-12,M2_gbm_poisson,67.562684,34.558047,product,13,1.645000,56.847987,125,0.511496,B,89,70.333333,1,14,Forecast,20260824T181001Z-27103c
22801,ANTIQUE GLASS PEDESTAL BOWL,2011-11,2011-12,M2_gbm_poisson,77.851563,40.792142,product,13,1.645000,67.103074,145,0.523973,B,137,107.000000,1,14,Forecast,20260824T181001Z-27103c
22802,FAUX FUR CHOCOLATE THROW,2011-11,2011-12,M2_gbm_poisson,12.820253,7.368205,product,13,1.645000,12.120697,25,0.574732,B,9,5.666667,1,14,Forecast,20260824T181001Z-27103c
22803,IVORY EMBROIDERED QUILT,2011-11,2011-12,M2_gbm_poisson,3.582739,5.267580,product,13,1.645000,8.665169,13,1.470266,B,1,0.666667,1,14,Forecast,20260824T181001Z-27103c
22804,CANDLEHOLDER PINK HANGING HEART,2011-11,2011-12,M2_gbm_poisson,350.659408,153.248475,product,14,1.645000,252.093741,603,0.437029,A,787,358.333333,1,15,Forecast,20260824T181001Z-27103c
22805,BLUE DRAWER KNOB ACRYLIC EDWARDIAN,2011-11,2011-12,M2_gbm_poisson,95.939889,65.359717,product,13,1.645000,107.516734,204,0.681257,B,147,159.333333,1,14,Forecast,20260824T181001Z-27103c
22806,SET OF 6 T-LIGHTS WEDDING CAKE,2011-11,2011-12,M2_gbm_poisson,27.870678,29.087323,product,14,1.645000,47.848646,76,1.043653,C,19,19.000000,1,15,Forecast,20260824T181001Z-27103c
22807,SET OF 6 T-LIGHTS TOADSTOOLS,2011-11,2011-12,M2_gbm_poisson,61.243376,56.409197,product,14,1.645000,92.793129,155,0.921066,B,78,51.000000,1,15,Forecast,20260824T181001Z-27103c
22808,SET OF 6 T-LIGHTS EASTER CHICKS,2011-11,2011-12,M2_gbm_poisson,5.224297,15.106946,product,14,1.645000,24.850925,31,2.891671,B,4,1.666667,1,15,Forecast,20260824T181001Z-27103c
22809,SET OF 6 T-LIGHTS SANTA,2011-11,2011-12,M2_gbm_poisson,229.659488,99.640609,product,14,1.645000,163.908802,394,0.433862,A,468,308.666667,1,15,Forecast,20260824T181001Z-27103c
22810,SET OF 6 T-LIGHTS SNOWMEN,2011-11,2011-12,M2_gbm_poisson,172.685195,91.189857,product,14,1.645000,150.007316,323,0.528070,A,360,217.666667,1,15,Forecast,20260824T181001Z-27103c
22811,SET OF 6 T-LIGHTS CACTI,2011-11,2011-12,M2_gbm_poisson,84.437175,56.493746,product,14,1.645000,92.932213,178,0.669062,C,195,152.333333,1,15,Forecast,20260824T181001Z-27103c
22812,PACK 3 BOXES CHRISTMAS PANNETONE,2011-11,2011-12,M2_gbm_poisson,121.610813,191.292286,product,14,1.645000,314.675810,437,1.572987,A,136,435.666667,1,15,Forecast,20260824T181001Z-27103c
22813,PACK 3 BOXES BIRD PANNETONE,2011-11,2011-12,M2_gbm_poisson,142.750120,192.468107,product,14,1.645000,316.610036,460,1.348287,A,244,343.000000,1,15,Forecast,20260824T181001Z-27103c
22814,CARD PARTY GAMES,2011-11,2011-12,M2_gbm_poisson,95.042453,92.143446,product,14,1.645000,151.575969,247,0.969498,C,190,164.666667,1,15,Forecast,20260824T181001Z-27103c
22815,CARD PSYCHEDELIC APPLES,2011-11,2011-12,M2_gbm_poisson,144.083944,149.348546,product,14,1.645000,245.678357,390,1.036538,C,290,282.000000,1,15,Forecast,20260824T181001Z-27103c
22816,CARD MOTORBIKE SANTA,2011-11,2011-12,M2_gbm_poisson,626.005755,329.322575,product,14,1.645000,541.735636,1168,0.526070,B,1482,987.000000,1,15,Forecast,20260824T181001Z-27103c
22817,CARD SUKI BIRTHDAY,2011-11,2011-12,M2_gbm_poisson,157.221350,103.374357,product,14,1.645000,170.050817,328,0.657508,C,380,227.333333,1,15,Forecast,20260824T181001Z-27103c
22818,CARD CHRISTMAS VILLAGE,2011-11,2011-12,M2_gbm_poisson,626.005755,414.433208,product,14,1.645000,681.742626,1308,0.662028,B,1376,947.666667,1,15,Forecast,20260824T181001Z-27103c
22819,"BIRTHDAY CARD, RETRO SPOT",2011-11,2011-12,M2_gbm_poisson,148.139579,118.914841,product,14,1.645000,195.614914,344,0.802722,C,337,294.333333,1,15,Forecast,20260824T181001Z-27103c
22820,GIFT BAG BIRTHDAY,2011-11,2011-12,M2_gbm_poisson,39.640430,28.023918,product,14,1.645000,46.099344,86,0.706953,C,16,38.000000,1,15,Forecast,20260824T181001Z-27103c
22821,GIFT BAG PSYCHEDELIC APPLES,2011-11,2011-12,M2_gbm_poisson,65.045420,65.884194,product,14,1.645000,108.379499,174,1.012895,C,106,91.000000,1,15,Forecast,20260824T181001Z-27103c
22822,CREAM WALL PLANTER HEART SHAPED,2011-11,2011-12,M2_gbm_poisson,23.160331,25.272456,product,12,1.645000,41.573190,65,1.091196,B,11,9.333333,1,13,Forecast,20260824T181001Z-27103c
22823,CHEST NATURAL WOOD 20 DRAWERS,2011-11,2011-12,M2_gbm_poisson,5.335741,4.721846,product,13,1.645000,7.767436,14,0.884947,B,4,2.333333,1,14,Forecast,20260824T181001Z-27103c
22824,3 TIER SWEETHEART GARDEN SHELF,2011-11,2011-12,M2_gbm_poisson,5.639740,3.148647,product,12,1.645000,5.179525,11,0.558297,B,1,2.333333,1,13,Forecast,20260824T181001Z-27103c
22825,DECORATIVE PLANT POT WITH FRIEZE,2011-11,2011-12,M2_gbm_poisson,11.552789,9.017941,product,13,1.645000,14.834512,27,0.780586,C,2,4.333333,1,14,Forecast,20260824T181001Z-27103c
22826,LOVE SEAT ANTIQUE WHITE METAL,2011-11,2011-12,M2_gbm_poisson,19.129253,3.543285,product,11,1.645000,5.828704,25,0.185229,B,16,10.666667,1,12,Forecast,20260824T181001Z-27103c
22827,RUSTIC  SEVENTEEN DRAWER SIDEBOARD,2011-11,2011-12,M2_gbm_poisson,5.816505,2.889438,product,13,1.645000,4.753125,11,0.496765,A,2,3.333333,1,14,Forecast,20260824T181001Z-27103c
22828,REGENCY MIRROR WITH SHUTTERS,2011-11,2011-12,M2_gbm_poisson,3.644177,1.567174,product,13,1.645000,2.578002,7,0.430049,B,2,1.000000,1,14,Forecast,20260824T181001Z-27103c
22829,SWEETHEART WIRE WALL TIDY,2011-11,2011-12,M2_gbm_poisson,12.228805,10.921925,product,12,1.645000,17.966567,31,0.893131,B,1,8.333333,1,13,Forecast,20260824T181001Z-27103c
22830,UTILTY CABINET WITH HOOKS,2011-11,2011-12,M2_gbm_poisson,,,,,,,,,A,0,,,,Inactive (no sales in last 6 months),20260824T181001Z-27103c
22831,WHITE BROCANTE SOAP DISH,2011-11,2011-12,M2_gbm_poisson,41.616832,40.913147,product,12,1.645000,67.302127,109,0.983091,B,29,34.000000,1,13,Forecast,20260824T181001Z-27103c
22832,BROCANTE SHELF WITH HOOKS,2011-11,2011-12,M2_gbm_poisson,25.975976,4.899075,product,12,1.645000,8.058978,35,0.188600,B,21,11.333333,1,13,Forecast,20260824T181001Z-27103c
22833,HALL CABINET WITH 3 DRAWERS,2011-11,2011-12,M2_gbm_poisson,,,,,,,,,A,0,,,,Inactive (no sales in last 6 months),20260824T181001Z-27103c
22834,HAND WARMER BABUSHKA DESIGN,2011-11,2011-12,M2_gbm_poisson,106.007189,103.283987,product,14,1.645000,169.902159,276,0.974311,A,252,177.000000,1,15,Forecast,20260824T181001Z-27103c
22835,HOT WATER BOTTLE I AM SO POORLY,2011-11,2011-12,M2_gbm_poisson,544.007987,154.379903,product,14,1.645000,253.954941,798,0.283782,A,996,599.666667,1,15,Forecast,20260824T181001Z-27103c
22837,HOT WATER BOTTLE BABUSHKA,2011-11,2011-12,M2_gbm_poisson,4.896730,22.430636,product,13,1.645000,36.898396,42,4.580738,A,0,3.000000,3,14,Forecast,20260824T181001Z-27103c
22838,3 TIER CAKE TIN RED AND CREAM,2011-11,2011-12,M2_gbm_poisson,48.558032,78.117754,product,13,1.645000,128.503706,178,1.608750,A,95,64.666667,1,14,Forecast,20260824T181001Z-27103c
22839,3 TIER CAKE TIN GREEN AND CREAM,2011-11,2011-12,M2_gbm_poisson,37.651939,29.045231,product,13,1.645000,47.779406,86,0.771414,A,40,43.666667,1,14,Forecast,20260824T181001Z-27103c
22840,ROUND CAKE TIN VINTAGE RED,2011-11,2011-12,M2_gbm_poisson,65.179713,59.298621,product,13,1.645000,97.546231,163,0.909771,A,76,77.333333,1,14,Forecast,20260824T181001Z-27103c
22841,ROUND CAKE TIN VINTAGE GREEN,2011-11,2011-12,M2_gbm_poisson,39.268562,31.817107,product,13,1.645000,52.339141,92,0.810244,A,38,47.333333,1,14,Forecast,20260824T181001Z-27103c
22842,BISCUIT TIN VINTAGE RED,2011-11,2011-12,M2_gbm_poisson,43.518177,34.778212,product,13,1.645000,57.210159,101,0.799165,A,42,47.333333,1,14,Forecast,20260824T181001Z-27103c
22843,BISCUIT TIN VINTAGE GREEN,2011-11,2011-12,M2_gbm_poisson,32.144271,27.899333,product,13,1.645000,45.894402,79,0.867941,B,17,30.333333,1,14,Forecast,20260824T181001Z-27103c
22844,VINTAGE CREAM DOG FOOD CONTAINER,2011-11,2011-12,M2_gbm_poisson,66.911456,40.417707,product,13,1.645000,66.487128,134,0.604048,A,98,69.666667,1,14,Forecast,20260824T181001Z-27103c
22845,VINTAGE CREAM CAT FOOD CONTAINER,2011-11,2011-12,M2_gbm_poisson,56.101816,37.639481,product,13,1.645000,61.916946,119,0.670914,A,64,53.333333,1,14,Forecast,20260824T181001Z-27103c
22846,BREAD BIN DINER STYLE RED,2011-11,2011-12,M2_gbm_poisson,51.545529,41.726529,product,13,1.645000,68.640141,121,0.809508,A,69,66.000000,1,14,Forecast,20260824T181001Z-27103c
22847,BREAD BIN DINER STYLE IVORY,2011-11,2011-12,M2_gbm_poisson,65.586476,38.002035,product,13,1.645000,62.513348,129,0.579419,A,91,108.333333,1,14,Forecast,20260824T181001Z-27103c
22848,BREAD BIN DINER STYLE PINK,2011-11,2011-12,M2_gbm_poisson,8.542317,18.346312,product,13,1.645000,30.179683,39,2.147697,A,0,13.666667,2,14,Forecast,20260824T181001Z-27103c
22849,BREAD BIN DINER STYLE MINT,2011-11,2011-12,M2_gbm_poisson,3.059523,25.003026,product,13,1.645000,41.129977,45,8.172198,A,0,0.333333,2,14,Forecast,20260824T181001Z-27103c
22850,BREAD BIN DINER STYLE BLACK,2011-11,2011-12,M2_gbm_poisson,,,,,,,,,C,0,,,,Inactive (no sales in last 6 months),20260824T181001Z-27103c
22851,SET 20 NAPKINS FAIRY CAKES DESIGN,2011-11,2011-12,M2_gbm_poisson,121.310255,129.735253,product,15,1.645000,213.414492,335,1.069450,B,214,176.000000,1,16,Forecast,20260824T181001Z-27103c
22852,DOG BOWL VINTAGE CREAM,2011-11,2011-12,M2_gbm_poisson,45.634011,24.721957,product,13,1.645000,40.667619,87,0.541744,B,33,33.666667,1,14,Forecast,20260824T181001Z-27103c
22853,CAT BOWL VINTAGE CREAM,2011-11,2011-12,M2_gbm_poisson,46.182459,25.392943,product,13,1.645000,41.771391,88,0.549840,B,44,35.000000,1,14,Forecast,20260824T181001Z-27103c
22854,CREAM SWEETHEART EGG HOLDER,2011-11,2011-12,M2_gbm_poisson,3.430904,78.561737,product,14,1.645000,129.234058,133,22.898262,A,0,0.666667,3,15,Forecast,20260824T181001Z-27103c
22855,FINE WICKER HEART,2011-11,2011-12,M2_gbm_poisson,3.231829,166.512974,product,14,1.645000,273.913842,278,51.522826,A,0,0.000000,4,15,Forecast,20260824T181001Z-27103c
22856,ASSORTED EASTER DECORATIONS  BELLS,2011-11,2011-12,M2_gbm_poisson,29.319613,27.009353,product,13,1.645000,44.430386,74,0.921204,B,26,16.000000,1,14,Forecast,20260824T181001Z-27103c
22857,ASSORTED EASTER GIFT TAGS,2011-11,2011-12,M2_gbm_poisson,8.595807,111.375026,product,13,1.645000,183.211917,192,12.956902,B,0,4.000000,2,14,Forecast,20260824T181001Z-27103c
22858,EASTER TIN KEEPSAKE,2011-11,2011-12,M2_gbm_poisson,4.989641,54.159394,product,12,1.645000,89.092203,95,10.854367,B,0,1.000000,2,13,Forecast,20260824T181001Z-27103c
22859,EASTER TIN BUNNY BOUQUET,2011-11,2011-12,M2_gbm_poisson,40.063309,84.870557,product,13,1.645000,139.612067,180,2.118411,B,31,52.333333,1,14,Forecast,20260824T181001Z-27103c
22860,EASTER TIN CHICKS PINK DAISY,2011-11,2011-12,M2_gbm_poisson,9.579525,26.891199,product,13,1.645000,44.236022,54,2.807154,B,6,3.000000,1,14,Forecast,20260824T181001Z-27103c
22861,EASTER TIN CHICKS IN GARDEN,2011-11,2011-12,M2_gbm_poisson,,,,,,,,,C,0,,,,Inactive (no sales in last 6 months),20260824T181001Z-27103c
22862,LOVE HEART NAPKIN BOX,2011-11,2011-12,M2_gbm_poisson,,,,,,,,,A,0,,,,Inactive (no sales in last 6 months),20260824T181001Z-27103c
22863,SOAP DISH BROCANTE,2011-11,2011-12,M2_gbm_poisson,47.512901,73.019508,product,14,1.645000,120.117091,168,1.536835,B,43,24.333333,1,15,Forecast,20260824T181001Z-27103c
22864,MUG AND COASTER SET RED CIRCLES,2011-11,2011-12,M2_gbm_poisson,,,,,,,,,C,0,,,,Inactive (no sales in last 6 months),20260824T181001Z-27103c
22865,HAND WARMER OWL DESIGN,2011-11,2011-12,M2_gbm_poisson,923.383134,394.577824,product,14,1.645000,649.080520,1573,0.427318,A,2523,2092.000000,1,15,Forecast,20260824T181001Z-27103c
22866,HAND WARMER SCOTTY DOG DESIGN,2011-11,2011-12,M2_gbm_poisson,838.067287,509.547550,product,14,1.645000,838.205719,1677,0.608003,A,2360,1647.000000,1,15,Forecast,20260824T181001Z-27103c
22867,HAND WARMER BIRD DESIGN,2011-11,2011-12,M2_gbm_poisson,808.506899,358.496348,product,14,1.645000,589.726492,1399,0.443405,A,1655,1326.333333,1,15,Forecast,20260824T181001Z-27103c
22868,NUMBER TILE COTTAGE GARDEN 0,2011-11,2011-12,M2_gbm_poisson,6.911924,13.565775,product,13,1.645000,22.315700,30,1.962663,C,3,2.000000,1,14,Forecast,20260824T181001Z-27103c
22869,NUMBER TILE COTTAGE GARDEN 1,2011-11,2011-12,M2_gbm_poisson,7.285876,8.900061,product,13,1.645000,14.640601,22,1.221550,C,3,3.333333,1,14,Forecast,20260824T181001Z-27103c
22870,NUMBER TILE COTTAGE GARDEN 2,2011-11,2011-12,M2_gbm_poisson,8.632645,13.346774,product,13,1.645000,21.955444,31,1.546082,C,3,3.333333,1,14,Forecast,20260824T181001Z-27103c
22871,NUMBER TILE COTTAGE GARDEN 3,2011-11,2011-12,M2_gbm_poisson,5.256151,11.951008,product,13,1.645000,19.659408,25,2.273719,C,1,1.000000,1,14,Forecast,20260824T181001Z-27103c
22872,NUMBER TILE COTTAGE GARDEN 4,2011-11,2011-12,M2_gbm_poisson,4.716900,11.582290,product,13,1.645000,19.052867,24,2.455488,C,1,1.000000,1,14,Forecast,20260824T181001Z-27103c
22873,NUMBER TILE COTTAGE GARDEN 5,2011-11,2011-12,M2_gbm_poisson,3.996024,14.410052,product,13,1.645000,23.704535,28,3.606098,C,1,0.666667,1,14,Forecast,20260824T181001Z-27103c
22874,NUMBER TILE COTTAGE GARDEN 6,2011-11,2011-12,M2_gbm_poisson,5.497853,10.280108,product,13,1.645000,16.910777,23,1.869840,C,1,1.333333,1,14,Forecast,20260824T181001Z-27103c
22875,NUMBER TILE COTTAGE GARDEN 7,2011-11,2011-12,M2_gbm_poisson,2.851032,11.282642,product,13,1.645000,18.559945,22,3.957389,C,0,0.333333,3,14,Forecast,20260824T181001Z-27103c
22876,NUMBER TILE COTTAGE GARDEN 8,2011-11,2011-12,M2_gbm_poisson,5.550114,13.775677,product,13,1.645000,22.660989,29,2.482053,C,0,0.666667,3,14,Forecast,20260824T181001Z-27103c
22877,NUMBER TILE COTTAGE GARDEN 9,2011-11,2011-12,M2_gbm_poisson,3.859888,12.548411,product,13,1.645000,20.642135,25,3.250978,C,0,1.000000,2,14,Forecast,20260824T181001Z-27103c
22878,NUMBER TILE COTTAGE GARDEN No,2011-11,2011-12,M2_gbm_poisson,4.969783,12.931277,product,13,1.645000,21.271951,27,2.601980,C,2,1.666667,1,14,Forecast,20260824T181001Z-27103c
22879,NUMBER TILE VINTAGE FONT 0,2011-11,2011-12,M2_gbm_poisson,3.932092,6.610275,product,13,1.645000,10.873903,15,1.681109,C,0,1.666667,2,14,Forecast,20260824T181001Z-27103c
22880,NUMBER TILE VINTAGE FONT 1,2011-11,2011-12,M2_gbm_poisson,9.512180,3.902477,product,13,1.645000,6.419575,16,0.410261,C,2,3.666667,1,14,Forecast,20260824T181001Z-27103c
22881,NUMBER TILE VINTAGE FONT 2,2011-11,2011-12,M2_gbm_poisson,10.545002,8.602960,product,13,1.645000,14.151869,25,0.815833,C,2,4.000000,1,14,Forecast,20260824T181001Z-27103c
22882,NUMBER TILE VINTAGE FONT 3,2011-11,2011-12,M2_gbm_poisson,8.810921,6.962772,product,13,1.645000,11.453760,21,0.790243,C,3,2.333333,1,14,Forecast,20260824T181001Z-27103c
22883,NUMBER TILE VINTAGE FONT 4,2011-11,2011-12,M2_gbm_poisson,7.072212,6.731823,product,13,1.645000,11.073849,19,0.951870,C,2,2.333333,1,14,Forecast,20260824T181001Z-27103c
22884,NUMBER TILE VINTAGE FONT 5,2011-11,2011-12,M2_gbm_poisson,9.676296,9.895740,product,13,1.645000,16.278492,26,1.022679,C,5,3.000000,1,14,Forecast,20260824T181001Z-27103c
22885,NUMBER TILE VINTAGE FONT 6,2011-11,2011-12,M2_gbm_poisson,6.947015,8.064418,product,13,1.645000,13.265967,21,1.160846,C,3,2.000000,1,14,Forecast,20260824T181001Z-27103c
22886,NUMBER TILE VINTAGE FONT 7,2011-11,2011-12,M2_gbm_poisson,6.264205,9.457688,product,13,1.645000,15.557897,22,1.509799,C,1,2.000000,1,14,Forecast,20260824T181001Z-27103c
22887,NUMBER TILE VINTAGE FONT 8,2011-11,2011-12,M2_gbm_poisson,4.412604,9.408293,product,13,1.645000,15.476642,20,2.132141,C,0,1.666667,2,14,Forecast,20260824T181001Z-27103c
22888,NUMBER TILE VINTAGE FONT 9,2011-11,2011-12,M2_gbm_poisson,6.949809,8.198715,product,12,1.645000,13.486886,21,1.179704,C,2,2.000000,1,13,Forecast,20260824T181001Z-27103c
22889,NUMBER TILE VINTAGE FONT No,2011-11,2011-12,M2_gbm_poisson,11.766107,8.602426,product,13,1.645000,14.150990,26,0.731119,C,4,4.000000,1,14,Forecast,20260824T181001Z-27103c
22890,NOVELTY BISCUITS CAKE STAND 3 TIER,2011-11,2011-12,M2_gbm_poisson,47.274352,31.383468,product,13,1.645000,51.625805,99,0.663858,A,60,35.666667,1,14,Forecast,20260824T181001Z-27103c
22891,TEA FOR ONE POLKADOT,2011-11,2011-12,M2_gbm_poisson,44.702710,19.394302,product,13,1.645000,31.903627,77,0.433851,B,50,37.000000,1,14,Forecast,20260824T181001Z-27103c
22892,SET OF SALT AND PEPPER TOADSTOOLS,2011-11,2011-12,M2_gbm_poisson,91.105516,128.055584,product,13,1.645000,210.651435,302,1.405574,B,78,178.666667,1,14,Forecast,20260824T181001Z-27103c
22893,MINI CAKE STAND T-LIGHT HOLDER,2011-11,2011-12,M2_gbm_poisson,61.188066,192.931080,product,13,1.645000,317.371627,379,3.153083,C,62,135.666667,1,14,Forecast,20260824T181001Z-27103c
22894,TABLECLOTH RED APPLES DESIGN,2011-11,2011-12,M2_gbm_poisson,19.364630,18.709372,product,14,1.645000,30.776918,51,0.966162,A,11,13.000000,1,15,Forecast,20260824T181001Z-27103c
22895,SET OF 2 TEA TOWELS APPLE AND PEARS,2011-11,2011-12,M2_gbm_poisson,106.991577,99.527247,product,14,1.645000,163.722321,271,0.930234,A,163,165.333333,1,15,Forecast,20260824T181001Z-27103c
22896,PEG BAG APPLES DESIGN,2011-11,2011-12,M2_gbm_poisson,65.700926,89.654396,product,14,1.645000,147.481482,214,1.364583,A,106,88.666667,1,15,Forecast,20260824T181001Z-27103c
22897,OVEN MITT APPLES DESIGN,2011-11,2011-12,M2_gbm_poisson,94.555764,54.332890,product,14,1.645000,89.377604,184,0.574612,B,187,146.333333,1,15,Forecast,20260824T181001Z-27103c
22898,CHILDRENS APRON APPLES DESIGN,2011-11,2011-12,M2_gbm_poisson,190.721356,129.361792,product,14,1.645000,212.800148,404,0.678276,A,422,255.666667,1,15,Forecast,20260824T181001Z-27103c
22899,CHILDREN'S APRON DOLLY GIRL,2011-11,2011-12,M2_gbm_poisson,161.902115,71.522639,product,14,1.645000,117.654741,280,0.441765,A,335,236.333333,1,15,Forecast,20260824T181001Z-27103c
22900,SET 2 TEA TOWELS I LOVE LONDON,2011-11,2011-12,M2_gbm_poisson,223.368296,219.281374,product,14,1.645000,360.717860,585,0.981703,A,407,353.666667,1,15,Forecast,20260824T181001Z-27103c
22902,TOTE BAG I LOVE LONDON,2011-11,2011-12,M2_gbm_poisson,69.367478,96.520340,product,14,1.645000,158.775960,229,1.391435,B,116,124.333333,1,15,Forecast,20260824T181001Z-27103c
22903,CALENDAR FAMILY FAVOURITES,2011-11,2011-12,M2_gbm_poisson,44.973128,24.705592,product,14,1.645000,40.640700,86,0.549341,B,50,24.000000,1,15,Forecast,20260824T181001Z-27103c
22904,CALENDAR PAPER CUT DESIGN,2011-11,2011-12,M2_gbm_poisson,102.178826,101.512038,product,14,1.645000,166.987303,270,0.993474,A,125,183.666667,1,15,Forecast,20260824T181001Z-27103c
22905,CALENDAR IN SEASON DESIGN,2011-11,2011-12,M2_gbm_poisson,82.854161,40.714318,product,14,1.645000,66.975053,150,0.491397,B,151,95.000000,1,15,Forecast,20260824T181001Z-27103c
22906,12 MESSAGE CARDS WITH ENVELOPES,2011-11,2011-12,M2_gbm_poisson,98.132488,57.297332,product,14,1.645000,94.254112,193,0.583877,A,235,161.333333,1,15,Forecast,20260824T181001Z-27103c
22907,PACK OF 20 NAPKINS PANTRY DESIGN,2011-11,2011-12,M2_gbm_poisson,290.001964,312.553779,product,14,1.645000,514.150967,805,1.077764,A,288,467.000000,1,15,Forecast,20260824T181001Z-27103c
22908,PACK OF 20 NAPKINS RED APPLES,2011-11,2011-12,M2_gbm_poisson,154.287664,197.350739,product,14,1.645000,324.641965,479,1.279109,B,148,215.000000,1,15,Forecast,20260824T181001Z-27103c
22909,SET OF 20 VINTAGE CHRISTMAS NAPKINS,2011-11,2011-12,M2_gbm_poisson,919.936388,282.394070,product,14,1.645000,464.538245,1385,0.306971,A,2395,2070.333333,1,15,Forecast,20260824T181001Z-27103c
22910,PAPER CHAIN KIT VINTAGE CHRISTMAS,2011-11,2011-12,M2_gbm_poisson,1954.887779,401.355947,product,14,1.645000,660.230533,2616,0.205309,A,3822,2384.666667,1,15,Forecast,20260824T181001Z-27103c
22911,PAPER CHAIN KIT LONDON,2011-11,2011-12,M2_gbm_poisson,63.056488,65.743277,product,14,1.645000,108.147691,172,1.042609,B,112,52.333333,1,15,Forecast,20260824T181001Z-27103c
22912,YELLOW COAT RACK PARIS FASHION,2011-11,2011-12,M2_gbm_poisson,21.419950,17.862733,product,12,1.645000,29.384196,51,0.833930,B,13,13.333333,1,13,Forecast,20260824T181001Z-27103c
22913,RED COAT RACK PARIS FASHION,2011-11,2011-12,M2_gbm_poisson,18.784331,8.639416,product,12,1.645000,14.211839,33,0.459927,B,8,9.000000,1,13,Forecast,20260824T181001Z-27103c
22914,BLUE COAT RACK PARIS FASHION,2011-11,2011-12,M2_gbm_poisson,23.436801,20.339781,product,12,1.645000,33.458940,57,0.867857,B,11,13.000000,1,13,Forecast,20260824T181001Z-27103c
22915,ASSORTED BOTTLE TOP  MAGNETS,2011-11,2011-12,M2_gbm_poisson,115.015902,197.579265,product,12,1.645000,325.017891,441,1.717843,C,285,190.666667,1,13,Forecast,20260824T181001Z-27103c
22916,HERB MARKER THYME,2011-11,2011-12,M2_gbm_poisson,58.659018,121.999732,product,12,1.645000,200.689558,260,2.079812,C,75,66.666667,1,13,Forecast,20260824T181001Z-27103c
22917,HERB MARKER ROSEMARY,2011-11,2011-12,M2_gbm_poisson,62.326052,126.911322,product,12,1.645000,208.769125,272,2.036248,C,90,71.000000,1,13,Forecast,20260824T181001Z-27103c
22918,HERB MARKER PARSLEY,2011-11,2011-12,M2_gbm_poisson,59.596369,121.893654,product,12,1.645000,200.515061,261,2.045320,C,89,68.333333,1,13,Forecast,20260824T181001Z-27103c
22919,HERB MARKER MINT,2011-11,2011-12,M2_gbm_poisson,56.039244,130.878697,product,12,1.645000,215.295456,272,2.335483,C,72,61.000000,1,13,Forecast,20260824T181001Z-27103c
22920,HERB MARKER BASIL,2011-11,2011-12,M2_gbm_poisson,76.302065,126.737449,product,12,1.645000,208.483103,285,1.660996,C,81,59.333333,1,13,Forecast,20260824T181001Z-27103c
22921,HERB MARKER CHIVES,2011-11,2011-12,M2_gbm_poisson,60.168499,93.763012,product,12,1.645000,154.240154,215,1.558341,C,72,72.333333,1,13,Forecast,20260824T181001Z-27103c
22922,FRIDGE MAGNETS US DINER ASSORTED,2011-11,2011-12,M2_gbm_poisson,66.638502,89.095145,product,12,1.645000,146.561514,214,1.336992,B,88,115.000000,1,13,Forecast,20260824T181001Z-27103c
22923,FRIDGE MAGNETS LES ENFANTS ASSORTED,2011-11,2011-12,M2_gbm_poisson,61.615507,62.943291,product,12,1.645000,103.541713,166,1.021550,C,87,83.000000,1,13,Forecast,20260824T181001Z-27103c
22924,FRIDGE MAGNETS LA VIE EN ROSE,2011-11,2011-12,M2_gbm_poisson,65.413868,94.293227,product,12,1.645000,155.112359,221,1.441487,C,90,114.000000,1,13,Forecast,20260824T181001Z-27103c
22925,BLUE GIANT GARDEN THERMOMETER,2011-11,2011-12,M2_gbm_poisson,12.183760,35.939177,product,12,1.645000,59.119946,72,2.949761,B,0,22.333333,2,13,Forecast,20260824T181001Z-27103c
22926,IVORY GIANT GARDEN THERMOMETER,2011-11,2011-12,M2_gbm_poisson,,,,,,,,,A,0,,,,Inactive (no sales in last 6 months),20260824T181001Z-27103c
22927,GREEN GIANT GARDEN THERMOMETER,2011-11,2011-12,M2_gbm_poisson,6.530087,19.523608,product,12,1.645000,32.116335,39,2.989793,B,0,8.666667,3,13,Forecast,20260824T181001Z-27103c
22928,YELLOW GIANT GARDEN THERMOMETER,2011-11,2011-12,M2_gbm_poisson,47.926823,23.632186,product,12,1.645000,38.874947,87,0.493089,C,53,34.333333,1,13,Forecast,20260824T181001Z-27103c
22929,SCHOOL DESK AND CHAIR,2011-11,2011-12,M2_gbm_poisson,3.481676,5.361901,product,12,1.645000,8.820327,13,1.540034,C,0,2.000000,2,13,Forecast,20260824T181001Z-27103c
22930,BAKING MOULD HEART MILK CHOCOLATE,2011-11,2011-12,M2_gbm_poisson,59.071199,36.016524,product,11,1.645000,59.247181,119,0.609714,B,92,66.000000,1,12,Forecast,20260824T181001Z-27103c
22931,BAKING MOULD HEART WHITE CHOCOLATE,2011-11,2011-12,M2_gbm_poisson,34.112648,24.312344,product,11,1.645000,39.993806,75,0.712708,B,18,18.000000,1,12,Forecast,20260824T181001Z-27103c
22932,BAKING MOULD TOFFEE CUP CHOCOLATE,2011-11,2011-12,M2_gbm_poisson,20.934557,22.697703,product,11,1.645000,37.337722,59,1.084222,B,7,13.000000,1,12,Forecast,20260824T181001Z-27103c
22933,BAKING MOULD EASTER EGG MILK CHOC,2011-11,2011-12,M2_gbm_poisson,5.018863,19.078692,product,11,1.645000,31.384449,37,3.801397,B,1,1.333333,1,12,Forecast,20260824T181001Z-27103c
22934,BAKING MOULD EASTER EGG WHITE CHOC,2011-11,2011-12,M2_gbm_poisson,7.769519,52.710073,product,11,1.645000,86.708070,95,6.784213,B,1,3.000000,1,12,Forecast,20260824T181001Z-27103c
22935,BAKING MOULD ROSE MILK CHOCOLATE,2011-11,2011-12,M2_gbm_poisson,27.052574,28.733190,product,11,1.645000,47.266098,75,1.062124,B,15,9.333333,1,12,Forecast,20260824T181001Z-27103c
22936,BAKING MOULD ROSE WHITE CHOCOLATE,2011-11,2011-12,M2_gbm_poisson,15.995607,18.475443,product,11,1.645000,30.392104,47,1.155032,C,7,8.000000,1,12,Forecast,20260824T181001Z-27103c
22937,BAKING MOULD CHOCOLATE CUPCAKES,2011-11,2011-12,M2_gbm_poisson,29.930923,40.810177,product,11,1.645000,67.132742,98,1.363479,B,12,38.000000,1,12,Forecast,20260824T181001Z-27103c
22938,CUPCAKE LACE PAPER SET 6,2011-11,2011-12,M2_gbm_poisson,147.604582,104.228325,product,14,1.645000,171.455595,320,0.706132,A,398,222.000000,1,15,Forecast,20260824T181001Z-27103c
22939,APRON APPLE DELIGHT,2011-11,2011-12,M2_gbm_poisson,50.415599,34.640118,product,14,1.645000,56.982994,108,0.687091,B,57,37.000000,1,15,Forecast,20260824T181001Z-27103c
22940,FELTCRAFT CHRISTMAS FAIRY,2011-11,2011-12,M2_gbm_poisson,214.967118,121.078758,product,14,1.645000,199.174557,415,0.563243,A,395,366.000000,1,15,Forecast,20260824T181001Z-27103c
22941,CHRISTMAS LIGHTS 10 REINDEER,2011-11,2011-12,M2_gbm_poisson,219.270012,22.798220,product,13,1.645000,37.503071,257,0.103973,A,432,441.000000,1,14,Forecast,20260824T181001Z-27103c
22942,CHRISTMAS LIGHTS 10 SANTAS,2011-11,2011-12,M2_gbm_poisson,76.848021,47.120285,product,11,1.645000,77.512869,155,0.613162,A,134,134.666667,1,14,Forecast,20260824T181001Z-27103c
22943,CHRISTMAS LIGHTS 10 VINTAGE BAUBLES,2011-11,2011-12,M2_gbm_poisson,97.047528,156.362503,product,13,1.645000,257.216318,355,1.611195,A,162,314.000000,1,14,Forecast,20260824T181001Z-27103c
22944,CHRISTMAS METAL POSTCARD WITH BELLS,2011-11,2011-12,M2_gbm_poisson,563.105750,119.389282,product,14,1.645000,196.395368,760,0.212019,B,1464,1063.666667,1,15,Forecast,20260824T181001Z-27103c
22945,CHRISTMAS METAL TAGS ASSORTED,2011-11,2011-12,M2_gbm_poisson,337.912903,258.940386,product,14,1.645000,425.956935,764,0.766293,A,772,647.000000,1,15,Forecast,20260824T181001Z-27103c
22946,WOODEN ADVENT CALENDAR CREAM,2011-11,2011-12,M2_gbm_poisson,70.244174,27.636981,product,14,1.645000,45.462833,116,0.393442,A,109,95.000000,1,15,Forecast,20260824T181001Z-27103c
22947,WOODEN ADVENT CALENDAR RED,2011-11,2011-12,M2_gbm_poisson,211.227518,13.268451,product,14,1.645000,21.826602,234,0.062816,A,511,236.000000,1,15,Forecast,20260824T181001Z-27103c
22948,METAL DECORATION NAUGHTY CHILDREN,2011-11,2011-12,M2_gbm_poisson,97.490800,81.020968,product,14,1.645000,133.279493,231,0.831063,B,207,150.333333,1,15,Forecast,20260824T181001Z-27103c
22949,36 DOILIES DOLLY GIRL,2011-11,2011-12,M2_gbm_poisson,57.320355,72.794384,product,14,1.645000,119.746762,178,1.269957,B,65,80.666667,1,15,Forecast,20260824T181001Z-27103c
22950,36 DOILIES VINTAGE CHRISTMAS,2011-11,2011-12,M2_gbm_poisson,308.228830,400.998090,product,13,1.645000,659.641859,968,1.300975,A,17,1113.666667,1,15,Forecast,20260824T181001Z-27103c
22951,60 CAKE CASES DOLLY GIRL DESIGN,2011-11,2011-12,M2_gbm_poisson,338.341581,260.619517,product,14,1.645000,428.719105,768,0.770285,A,735,812.000000,1,15,Forecast,20260824T181001Z-27103c
22952,60 CAKE CASES VINTAGE CHRISTMAS,2011-11,2011-12,M2_gbm_poisson,1990.199409,1148.247472,product,14,1.645000,1888.867092,3880,0.576951,A,4347,3952.000000,1,15,Forecast,20260824T181001Z-27103c
22953,BIRTHDAY PARTY CORDON BARRIER TAPE,2011-11,2011-12,M2_gbm_poisson,42.737856,23.152952,product,12,1.645000,38.086606,81,0.541743,C,39,31.333333,1,13,Forecast,20260824T181001Z-27103c
22954,HEN PARTY CORDON BARRIER TAPE,2011-11,2011-12,M2_gbm_poisson,21.184196,26.028544,product,12,1.645000,42.816955,65,1.228677,C,7,12.333333,1,13,Forecast,20260824T181001Z-27103c
22955,36 FOIL STAR CAKE CASES,2011-11,2011-12,M2_gbm_poisson,99.929912,73.226194,product,12,1.645000,120.457089,221,0.732776,B,271,149.000000,1,13,Forecast,20260824T181001Z-27103c
22956,36 FOIL HEART CAKE CASES,2011-11,2011-12,M2_gbm_poisson,66.170435,52.048809,product,12,1.645000,85.620290,152,0.786587,B,73,101.666667,1,13,Forecast,20260824T181001Z-27103c
22957,SET 3 PAPER VINTAGE CHICK PAPER EGG,2011-11,2011-12,M2_gbm_poisson,4.576549,56.650368,product,10,1.645000,93.189855,98,12.378404,A,0,2.000000,3,11,Forecast,20260824T181001Z-27103c
22959,WRAP CHRISTMAS VILLAGE,2011-11,2011-12,M2_gbm_poisson,684.162820,357.766922,product,13,1.645000,588.526586,1273,0.522927,B,1950,1316.666667,1,15,Forecast,20260824T181001Z-27103c
22960,JAM MAKING SET WITH JARS,2011-11,2011-12,M2_gbm_poisson,491.393741,351.843139,product,12,1.645000,578.781963,1071,0.716011,A,1036,858.333333,1,13,Forecast,20260824T181001Z-27103c
22961,JAM MAKING SET PRINTED,2011-11,2011-12,M2_gbm_poisson,936.212830,448.465730,product,16,1.645000,737.726126,1674,0.479021,A,1574,1607.333333,1,17,Forecast,20260824T181001Z-27103c
22962,JAM JAR WITH PINK LID,2011-11,2011-12,M2_gbm_poisson,151.868136,129.423597,product,12,1.645000,212.901816,365,0.852210,B,311,255.666667,1,13,Forecast,20260824T181001Z-27103c
22963,JAM JAR WITH GREEN LID,2011-11,2011-12,M2_gbm_poisson,107.537126,105.826666,product,16,1.645000,174.084866,282,0.984094,B,175,221.666667,1,17,Forecast,20260824T181001Z-27103c
22964,3 PIECE SPACEBOY COOKIE CUTTER SET,2011-11,2011-12,M2_gbm_poisson,130.637451,139.287302,product,12,1.645000,229.127611,360,1.066213,A,276,230.666667,1,13,Forecast,20260824T181001Z-27103c
22965,3 TRADITIONAl BISCUIT CUTTERS  SET,2011-11,2011-12,M2_gbm_poisson,87.546494,65.589240,product,12,1.645000,107.894300,196,0.749193,B,178,132.666667,1,13,Forecast,20260824T181001Z-27103c
22966,GINGERBREAD MAN COOKIE CUTTER,2011-11,2011-12,M2_gbm_poisson,554.503171,116.871721,product,12,1.645000,192.253982,747,0.210768,A,1146,922.666667,1,13,Forecast,20260824T181001Z-27103c
22967,SET 3 SONG BIRD PAPER EGGS ASSORTED,2011-11,2011-12,M2_gbm_poisson,2.164536,34.437617,product,10,1.645000,56.649879,59,15.909932,A,0,0.000000,6,11,Forecast,20260824T181001Z-27103c
22968,ROSE COTTAGE KEEPSAKE BOX,2011-11,2011-12,M2_gbm_poisson,39.367891,27.178798,product,13,1.645000,44.709122,85,0.690380,A,40,18.666667,1,14,Forecast,20260824T181001Z-27103c
22969,HOMEMADE JAM SCENTED CANDLES,2011-11,2011-12,M2_gbm_poisson,435.326527,299.356616,product,12,1.645000,492.441634,928,0.687660,A,608,1132.000000,1,13,Forecast,20260824T181001Z-27103c
22970,LONDON BUS COFFEE MUG,2011-11,2011-12,M2_gbm_poisson,177.584617,166.305010,product,11,1.645000,273.571741,452,0.936483,A,302,332.666667,1,12,Forecast,20260824T181001Z-27103c
22971,QUEENS GUARD COFFEE MUG,2011-11,2011-12,M2_gbm_poisson,105.687712,108.268297,product,11,1.645000,178.101349,284,1.024417,A,231,162.000000,1,12,Forecast,20260824T181001Z-27103c
22972,CHILDREN'S SPACEBOY MUG,2011-11,2011-12,M2_gbm_poisson,78.207328,107.661171,product,12,1.645000,177.102627,256,1.376612,B,122,146.666667,1,13,Forecast,20260824T181001Z-27103c
22973,CHILDREN'S CIRCUS PARADE MUG,2011-11,2011-12,M2_gbm_poisson,67.983832,39.475652,product,12,1.645000,64.937447,133,0.580662,B,130,92.000000,1,13,Forecast,20260824T181001Z-27103c
22974,CHILDRENS DOLLY GIRL MUG,2011-11,2011-12,M2_gbm_poisson,71.389663,47.949655,product,12,1.645000,78.877183,151,0.671661,B,121,101.000000,1,13,Forecast,20260824T181001Z-27103c
22975,SPACEBOY CHILDRENS EGG CUP,2011-11,2011-12,M2_gbm_poisson,64.222342,43.963597,product,12,1.645000,72.320117,137,0.684553,B,96,69.000000,1,13,Forecast,20260824T181001Z-27103c
22976,CIRCUS PARADE CHILDRENS EGG CUP,2011-11,2011-12,M2_gbm_poisson,58.923071,56.461117,product,12,1.645000,92.878537,152,0.958217,B,86,51.000000,1,13,Forecast,20260824T181001Z-27103c
22977,DOLLY GIRL CHILDRENS EGG CUP,2011-11,2011-12,M2_gbm_poisson,49.231640,35.341379,product,12,1.645000,58.136569,108,0.717859,B,40,36.000000,1,13,Forecast,20260824T181001Z-27103c
22978,PANTRY ROLLING PIN,2011-11,2011-12,M2_gbm_poisson,138.436571,146.372701,product,9,1.645000,240.783093,380,1.057327,B,88,359.333333,1,10,Forecast,20260824T181001Z-27103c
22979,PANTRY WASHING UP BRUSH,2011-11,2011-12,M2_gbm_poisson,290.885122,229.652927,product,8,1.645000,377.779064,669,0.789497,B,379,488.000000,1,9,Forecast,20260824T181001Z-27103c
22980,PANTRY SCRUBBING BRUSH,2011-11,2011-12,M2_gbm_poisson,94.550834,113.682842,product,9,1.645000,187.008275,282,1.202346,B,120,139.666667,1,10,Forecast,20260824T181001Z-27103c
22981,PANTRY APPLE CORER,2011-11,2011-12,M2_gbm_poisson,48.024901,36.825482,product,8,1.645000,60.577918,109,0.766800,C,43,30.666667,1,9,Forecast,20260824T181001Z-27103c
22982,PANTRY PASTRY BRUSH,2011-11,2011-12,M2_gbm_poisson,68.652354,51.996822,product,8,1.645000,85.534773,155,0.757393,C,103,82.666667,1,9,Forecast,20260824T181001Z-27103c
22983,CARD BILLBOARD FONT,2011-11,2011-12,M2_gbm_poisson,263.983510,140.106515,product,14,1.645000,230.475217,495,0.530740,B,405,488.666667,1,15,Forecast,20260824T181001Z-27103c
22984,CARD GINGHAM ROSE,2011-11,2011-12,M2_gbm_poisson,102.469405,127.678698,product,14,1.645000,210.031459,313,1.246018,C,113,226.333333,1,15,Forecast,20260824T181001Z-27103c
22985,"WRAP, BILLBOARD FONTS DESIGN",2011-11,2011-12,M2_gbm_poisson,90.418016,148.448095,product,14,1.645000,244.197116,335,1.641798,B,175,183.333333,1,15,Forecast,20260824T181001Z-27103c
22986,GINGHAM ROSE WRAP,2011-11,2011-12,M2_gbm_poisson,115.926541,96.384737,product,14,1.645000,158.552892,275,0.831429,B,400,341.666667,1,15,Forecast,20260824T181001Z-27103c
22987,"WRAP , SUMMER ROSE DESIGN",2011-11,2011-12,M2_gbm_poisson,9.407218,26.468016,product,14,1.645000,43.539886,53,2.813586,C,0,9.000000,2,15,Forecast,20260824T181001Z-27103c
22988,SOLDIERS EGG CUP,2011-11,2011-12,M2_gbm_poisson,419.520910,344.273824,product,12,1.645000,566.330441,986,0.820636,A,908,788.000000,1,13,Forecast,20260824T181001Z-27103c
22989,SET 2 PANTRY DESIGN TEA TOWELS,2011-11,2011-12,M2_gbm_poisson,110.331621,152.676310,product,9,1.645000,251.152530,362,1.383795,A,104,181.666667,1,10,Forecast,20260824T181001Z-27103c
22990,COTTON APRON PANTRY DESIGN,2011-11,2011-12,M2_gbm_poisson,44.818465,17.836299,product,9,1.645000,29.340712,75,0.397968,B,36,34.000000,1,10,Forecast,20260824T181001Z-27103c
22991,GIRAFFE WOODEN RULER,2011-11,2011-12,M2_gbm_poisson,313.230788,159.110266,product,9,1.645000,261.736387,575,0.507965,B,430,510.000000,1,10,Forecast,20260824T181001Z-27103c
22992,REVOLVER WOODEN RULER,2011-11,2011-12,M2_gbm_poisson,428.747704,102.045547,product,9,1.645000,167.864925,597,0.238008,B,901,751.333333,1,10,Forecast,20260824T181001Z-27103c
22993,SET OF 4 PANTRY JELLY MOULDS,2011-11,2011-12,M2_gbm_poisson,863.978631,416.918932,product,9,1.645000,685.831643,1550,0.482557,A,1687,1397.333333,1,10,Forecast,20260824T181001Z-27103c
22994,TRAVEL CARD WALLET RETROSPOT,2011-11,2011-12,M2_gbm_poisson,135.111592,144.589212,product,9,1.645000,237.849254,373,1.070147,C,289,263.333333,1,10,Forecast,20260824T181001Z-27103c
22995,TRAVEL CARD WALLET SUKI,2011-11,2011-12,M2_gbm_poisson,137.419499,109.744515,product,9,1.645000,180.529727,318,0.798609,C,192,203.000000,1,10,Forecast,20260824T181001Z-27103c
22996,TRAVEL CARD WALLET VINTAGE TICKET,2011-11,2011-12,M2_gbm_poisson,271.901832,155.839783,product,9,1.645000,256.356444,529,0.573147,C,586,530.666667,1,10,Forecast,20260824T181001Z-27103c
22997,TRAVEL CARD WALLET UNION JACK,2011-11,2011-12,M2_gbm_poisson,157.312635,80.088782,product,9,1.645000,131.746046,290,0.509106,C,373,302.000000,1,10,Forecast,20260824T181001Z-27103c
22998,TRAVEL CARD WALLET KEEP CALM,2011-11,2011-12,M2_gbm_poisson,974.110770,602.269063,product,9,1.645000,990.732608,1965,0.618276,B,1656,1519.000000,1,10,Forecast,20260824T181001Z-27103c
22999,TRAVEL CARD WALLET VINTAGE LEAF,2011-11,2011-12,M2_gbm_poisson,97.846294,61.384844,product,9,1.645000,100.978068,199,0.627360,C,237,269.666667,1,10,Forecast,20260824T181001Z-27103c
23000,TRAVEL CARD WALLET TRANSPORT,2011-11,2011-12,M2_gbm_poisson,181.628052,83.025037,product,9,1.645000,136.576186,319,0.457116,C,330,371.000000,1,10,Forecast,20260824T181001Z-27103c
23002,TRAVEL CARD WALLET SKULLS,2011-11,2011-12,M2_gbm_poisson,135.276402,133.572904,product,9,1.645000,219.727427,356,0.987407,C,319,289.000000,1,10,Forecast,20260824T181001Z-27103c
23003,TRAVEL CARD WALLET VINTAGE ROSE,2011-11,2011-12,M2_gbm_poisson,2.211038,107.373257,product,9,1.645000,176.629008,179,48.562383,C,0,0.000000,6,10,Forecast,20260824T181001Z-27103c
23004,TRAVEL CARD WALLET PANTRY,2011-11,2011-12,M2_gbm_poisson,137.548105,88.868120,product,9,1.645000,146.188057,284,0.646088,C,270,231.333333,1,10,Forecast,20260824T181001Z-27103c
23005,TRAVEL CARD WALLET I LOVE LONDON,2011-11,2011-12,M2_gbm_poisson,542.559478,364.231227,product,9,1.645000,599.160368,1142,0.671320,C,1276,924.000000,1,10,Forecast,20260824T181001Z-27103c
23006,TRAVEL CARD WALLET FLOWER MEADOW,2011-11,2011-12,M2_gbm_poisson,84.317278,13.527075,product,9,1.645000,22.252038,107,0.160431,C,156,179.333333,1,10,Forecast,20260824T181001Z-27103c
23007,SPACEBOY BABY GIFT SET,2011-11,2011-12,M2_gbm_poisson,52.549863,23.942215,product,8,1.645000,39.384943,92,0.455609,A,61,58.666667,1,9,Forecast,20260824T181001Z-27103c
23008,DOLLY GIRL BABY GIFT SET,2011-11,2011-12,M2_gbm_poisson,37.964525,13.280313,product,8,1.645000,21.846114,60,0.349808,A,37,37.333333,1,9,Forecast,20260824T181001Z-27103c
23009,I LOVE LONDON BABY GIFT SET,2011-11,2011-12,M2_gbm_poisson,46.880396,20.718789,product,8,1.645000,34.082409,81,0.441950,B,54,42.333333,1,9,Forecast,20260824T181001Z-27103c
23010,CIRCUS PARADE BABY GIFT SET,2011-11,2011-12,M2_gbm_poisson,41.877344,12.376965,product,8,1.645000,20.360108,63,0.295553,B,46,25.666667,1,9,Forecast,20260824T181001Z-27103c
23012,GLASS APOTHECARY BOTTLE PERFUME,2011-11,2011-12,M2_gbm_poisson,116.832549,7.836625,abc_group,5,1.645000,12.891247,130,0.067076,C,213,227.333333,1,6,Forecast,20260824T181001Z-27103c
23013,GLASS APOTHECARY BOTTLE TONIC,2011-11,2011-12,M2_gbm_poisson,118.359651,7.836625,abc_group,5,1.645000,12.891247,132,0.066210,C,180,196.000000,1,6,Forecast,20260824T181001Z-27103c
23014,GLASS APOTHECARY BOTTLE ELIXIR,2011-11,2011-12,M2_gbm_poisson,79.926548,7.836625,abc_group,5,1.645000,12.891247,93,0.098048,C,108,171.666667,1,6,Forecast,20260824T181001Z-27103c
23015,CORDIAL GLASS JUG,2011-11,2011-12,M2_gbm_poisson,11.806274,7.836625,abc_group,5,1.645000,12.891247,25,0.663768,C,4,3.666667,1,6,Forecast,20260824T181001Z-27103c
23016,GLASS TWIST BON BON JAR,2011-11,2011-12,M2_gbm_poisson,22.041428,7.836625,abc_group,5,1.645000,12.891247,35,0.355541,C,9,15.666667,1,6,Forecast,20260824T181001Z-27103c
23017,APOTHECARY MEASURING JAR,2011-11,2011-12,M2_gbm_poisson,19.508958,7.836625,abc_group,5,1.645000,12.891247,33,0.401694,C,11,12.333333,1,6,Forecast,20260824T181001Z-27103c
23018,LARGE APOTHECARY MEASURING JAR,2011-11,2011-12,M2_gbm_poisson,13.134036,7.836625,abc_group,5,1.645000,12.891247,27,0.596665,C,3,6.333333,1,6,Forecast,20260824T181001Z-27103c
23019,SMALL APOTHECARY MEASURING JAR,2011-11,2011-12,M2_gbm_poisson,16.628582,7.836625,abc_group,5,1.645000,12.891247,30,0.471274,C,5,10.666667,1,6,Forecast,20260824T181001Z-27103c
23020,GLASS  SONGBIRD STORAGE JAR,2011-11,2011-12,M2_gbm_poisson,35.892285,7.836625,abc_group,5,1.645000,12.891247,49,0.218337,C,20,28.333333,1,6,Forecast,20260824T181001Z-27103c
23021,GLASS BONNE JAM JAR,2011-11,2011-12,M2_gbm_poisson,24.895418,7.836625,abc_group,5,1.645000,12.891247,38,0.314782,C,8,23.333333,1,6,Forecast,20260824T181001Z-27103c
23022,SMALL BONNE JAM JAR  T-LIGHT HOLDER,2011-11,2011-12,M2_gbm_poisson,51.705743,7.836625,abc_group,5,1.645000,12.891247,65,0.151562,C,79,55.666667,1,6,Forecast,20260824T181001Z-27103c
23023,RIDGED BONNE JAM JAR T-LIGHT HOLDER,2011-11,2011-12,M2_gbm_poisson,46.573602,7.836625,abc_group,5,1.645000,12.891247,60,0.168263,C,55,47.000000,1,6,Forecast,20260824T181001Z-27103c
23024,LARGE BONNE JAM JAR  T-LIGHT HOLDER,2011-11,2011-12,M2_gbm_poisson,37.351182,7.836625,abc_group,5,1.645000,12.891247,51,0.209809,C,36,37.333333,1,6,Forecast,20260824T181001Z-27103c
23025,DRAWER KNOB VINTAGE GLASS BALL,2011-11,2011-12,M2_gbm_poisson,52.584041,7.836625,abc_group,5,1.645000,12.891247,66,0.149030,C,47,77.000000,1,6,Forecast,20260824T181001Z-27103c
23026,DRAWER KNOB VINTAGE GLASS STAR,2011-11,2011-12,M2_gbm_poisson,59.606281,7.836625,abc_group,5,1.645000,12.891247,73,0.131473,C,63,83.666667,1,6,Forecast,20260824T181001Z-27103c
23027,DRAWER KNOB VINTAGE GLASS HEXAGON,2011-11,2011-12,M2_gbm_poisson,49.274809,7.836625,abc_group,5,1.645000,12.891247,63,0.159039,C,66,61.333333,1,6,Forecast,20260824T181001Z-27103c
23028,DRAWER KNOB CRACKLE GLAZE BLUE,2011-11,2011-12,M2_gbm_poisson,32.276835,7.836625,abc_group,5,1.645000,12.891247,46,0.242794,C,2,139.000000,1,6,Forecast,20260824T181001Z-27103c
23029,DRAWER KNOB CRACKLE GLAZE GREEN,2011-11,2011-12,M2_gbm_poisson,117.583381,7.836625,abc_group,5,1.645000,12.891247,131,0.066647,C,171,219.000000,1,6,Forecast,20260824T181001Z-27103c
23031,DRAWER KNOB CRACKLE GLAZE PINK,2011-11,2011-12,M2_gbm_poisson,115.738695,7.836625,abc_group,5,1.645000,12.891247,129,0.067710,C,158,230.333333,1,6,Forecast,20260824T181001Z-27103c
23032,DRAWER KNOB CRACKLE GLAZE IVORY,2011-11,2011-12,M2_gbm_poisson,153.780914,7.836625,abc_group,5,1.645000,12.891247,167,0.050960,C,137,418.666667,1,6,Forecast,20260824T181001Z-27103c
23033,DRAWER KNOB CERAMIC RED,2011-11,2011-12,M2_gbm_poisson,79.781237,7.836625,abc_group,5,1.645000,12.891247,93,0.098226,C,152,154.000000,1,6,Forecast,20260824T181001Z-27103c
23034,DRAWER KNOB CERAMIC BLACK,2011-11,2011-12,M2_gbm_poisson,91.433003,7.836625,abc_group,5,1.645000,12.891247,105,0.085709,C,130,178.333333,1,6,Forecast,20260824T181001Z-27103c
23035,DRAWER KNOB CERAMIC IVORY,2011-11,2011-12,M2_gbm_poisson,223.739331,7.836625,abc_group,5,1.645000,12.891247,237,0.035026,C,464,359.333333,1,6,Forecast,20260824T181001Z-27103c
23036,T-LIGHT HOLDER SILVER PETIT FOUR,2011-11,2011-12,M2_gbm_poisson,48.476092,7.836625,abc_group,5,1.645000,12.891247,62,0.161660,C,51,41.333333,1,6,Forecast,20260824T181001Z-27103c
23037,CANDLE HOLDER SILVER MADELINE,2011-11,2011-12,M2_gbm_poisson,43.168415,7.836625,abc_group,5,1.645000,12.891247,57,0.181536,C,28,33.000000,1,6,Forecast,20260824T181001Z-27103c
23038,T-LIGHT HOLDER SILVER SAUCER,2011-11,2011-12,M2_gbm_poisson,15.040981,7.836625,abc_group,4,1.645000,12.891247,28,0.521018,C,3,5.666667,1,5,Forecast,20260824T181001Z-27103c
23039,T-LIGHT HOLDER SILVER HEART HANDLE,2011-11,2011-12,M2_gbm_poisson,53.385578,7.836625,abc_group,5,1.645000,12.891247,67,0.146793,C,57,37.666667,1,6,Forecast,20260824T181001Z-27103c
23040,PAPER LANTERN 9 POINT SNOW STAR,2011-11,2011-12,M2_gbm_poisson,45.003375,8.686945,product,7,1.645000,14.290024,60,0.193029,C,27,65.666667,1,8,Forecast,20260824T181001Z-27103c
23041,PAPER LANTERN 9 POINT SNOW STAR,2011-11,2011-12,M2_gbm_poisson,49.406736,14.784303,product,7,1.645000,24.320179,74,0.299237,C,51,65.333333,1,8,Forecast,20260824T181001Z-27103c
23042,PAPER LANTERN 7 POINT SNOW STAR,2011-11,2011-12,M2_gbm_poisson,35.988284,12.798529,product,7,1.645000,21.053580,58,0.355630,C,35,24.000000,1,8,Forecast,20260824T181001Z-27103c
23043,PAPER LANTERN 9 POINT HOLLY STAR L,2011-11,2011-12,M2_gbm_poisson,34.972777,16.180733,product,6,1.645000,26.617305,62,0.462667,C,33,20.666667,1,7,Forecast,20260824T181001Z-27103c
23044,PAPER LANTERN 9 POINT HOLLY STAR S,2011-11,2011-12,M2_gbm_poisson,26.607138,19.190611,product,6,1.645000,31.568556,59,0.721258,C,15,19.666667,1,7,Forecast,20260824T181001Z-27103c
23045,PAPER LANTERN 5 POINT STAR MOON,2011-11,2011-12,M2_gbm_poisson,41.055234,17.515708,product,6,1.645000,28.813340,70,0.426638,C,43,32.000000,1,7,Forecast,20260824T181001Z-27103c
23046,PAPER LANTERN 9 POINT DELUXE STAR,2011-11,2011-12,M2_gbm_poisson,46.362097,55.039780,product,6,1.645000,90.540438,137,1.187172,C,23,104.666667,1,7,Forecast,20260824T181001Z-27103c
23047,PAPER LANTERN 5 POINT SEQUIN STAR,2011-11,2011-12,M2_gbm_poisson,16.219295,9.150349,product,6,1.645000,15.052324,32,0.564164,C,6,9.333333,1,7,Forecast,20260824T181001Z-27103c
23048,SET OF 10 LANTERNS FAIRY LIGHT STAR,2011-11,2011-12,M2_gbm_poisson,65.198565,46.000056,product,7,1.645000,75.670092,141,0.705538,C,79,152.666667,1,8,Forecast,20260824T181001Z-27103c
23049,RECYCLED ACAPULCO MAT RED,2011-11,2011-12,M2_gbm_poisson,31.806934,31.894639,product,8,1.645000,52.466682,85,1.002757,B,22,18.333333,1,9,Forecast,20260824T181001Z-27103c
23050,RECYCLED ACAPULCO MAT GREEN,2011-11,2011-12,M2_gbm_poisson,21.658458,26.542903,product,8,1.645000,43.663076,66,1.225521,B,8,21.333333,1,9,Forecast,20260824T181001Z-27103c
23051,RECYCLED ACAPULCO MAT BLUE,2011-11,2011-12,M2_gbm_poisson,17.454365,12.674675,product,8,1.645000,20.849840,39,0.726161,B,8,13.000000,1,9,Forecast,20260824T181001Z-27103c
23052,RECYCLED ACAPULCO MAT TURQUOISE,2011-11,2011-12,M2_gbm_poisson,31.893869,24.282617,product,8,1.645000,39.944904,72,0.761357,B,18,21.333333,1,9,Forecast,20260824T181001Z-27103c
23053,RECYCLED ACAPULCO MAT PINK,2011-11,2011-12,M2_gbm_poisson,12.996252,16.336555,product,8,1.645000,26.873632,40,1.257020,B,2,11.000000,1,9,Forecast,20260824T181001Z-27103c
23054,RECYCLED ACAPULCO MAT LAVENDER,2011-11,2011-12,M2_gbm_poisson,11.636156,20.238213,product,8,1.645000,33.291860,45,1.739252,B,2,11.000000,1,9,Forecast,20260824T181001Z-27103c
23055,IVORY CHANDELIER T-LIGHT HOLDER,2011-11,2011-12,M2_gbm_poisson,57.607501,24.720163,product,7,1.645000,40.664669,99,0.429114,C,242,201.000000,1,8,Forecast,20260824T181001Z-27103c
23056,FLOWERS CHANDELIER T-LIGHT HOLDER,2011-11,2011-12,M2_gbm_poisson,56.091953,30.648886,product,7,1.645000,50.417417,107,0.546404,C,242,294.333333,1,8,Forecast,20260824T181001Z-27103c
23057,BEADED CHANDELIER T-LIGHT HOLDER,2011-11,2011-12,M2_gbm_poisson,59.842233,29.651302,product,7,1.645000,48.776391,109,0.495491,C,241,207.666667,1,8,Forecast,20260824T181001Z-27103c
23058,CHRISTMAS HANGING SNOWFLAKE,2011-11,2011-12,M2_gbm_poisson,170.422501,7.836625,abc_group,2,1.645000,12.891247,184,0.045984,C,313,142.000000,1,3,Forecast,20260824T181001Z-27103c
23060,HEART BEADED TRELLIS DECORATION,2011-11,2011-12,M2_gbm_poisson,45.746143,29.849071,product,7,1.645000,49.101722,95,0.652494,C,41,39.666667,1,8,Forecast,20260824T181001Z-27103c
23061,VINTAGE EMBOSSED HEART,2011-11,2011-12,M2_gbm_poisson,83.964693,29.291494,product,7,1.645000,48.184508,133,0.348855,C,86,101.000000,1,8,Forecast,20260824T181001Z-27103c
23064,CINDERELLA CHANDELIER,2011-11,2011-12,M2_gbm_poisson,41.127808,10.296062,product,7,1.645000,16.937023,59,0.250343,C,100,66.333333,1,8,Forecast,20260824T181001Z-27103c
23065,LARGE DECO JEWELLERY STAND,2011-11,2011-12,M2_gbm_poisson,10.126146,36.450392,product,7,1.645000,59.960896,71,3.599631,B,0,21.000000,2,8,Forecast,20260824T181001Z-27103c
23066,SMALL DECO JEWELLERY STAND,2011-11,2011-12,M2_gbm_poisson,9.681711,52.966163,product,7,1.645000,87.129339,97,5.470744,C,0,20.000000,2,8,Forecast,20260824T181001Z-27103c
23067,HANGING ENGRAVED METAL HEART,2011-11,2011-12,M2_gbm_poisson,49.923931,13.981629,product,7,1.645000,22.999779,73,0.280059,C,44,41.000000,1,8,Forecast,20260824T181001Z-27103c
23068,ALUMINIUM STAMPED HEART,2011-11,2011-12,M2_gbm_poisson,66.104510,30.781155,product,7,1.645000,50.635000,117,0.465644,C,106,115.666667,1,8,Forecast,20260824T181001Z-27103c
23069,EDWARDIAN PHOTO FRAME,2011-11,2011-12,M2_gbm_poisson,21.541599,4.172677,product,7,1.645000,6.864054,29,0.193703,C,14,13.333333,1,8,Forecast,20260824T181001Z-27103c
23070,EDWARDIAN HEART PHOTO FRAME,2011-11,2011-12,M2_gbm_poisson,33.070231,18.751176,product,6,1.645000,30.845685,64,0.567011,C,20,24.000000,1,7,Forecast,20260824T181001Z-27103c
23071,MARIE ANTOINETTE TRINKET BOX GOLD,2011-11,2011-12,M2_gbm_poisson,16.125978,42.440769,product,7,1.645000,69.815064,86,2.631826,C,0,93.000000,2,8,Forecast,20260824T181001Z-27103c
23072,MARIE ANTOINETTE TRINKET BOX SILVER,2011-11,2011-12,M2_gbm_poisson,15.723198,28.249212,product,6,1.645000,46.469954,63,1.796658,C,0,105.000000,2,7,Forecast,20260824T181001Z-27103c
23073,GEORGIAN TRINKET BOX,2011-11,2011-12,M2_gbm_poisson,39.796404,12.511391,product,7,1.645000,20.581238,61,0.314385,C,26,26.333333,1,8,Forecast,20260824T181001Z-27103c
23074,EMBOSSED HEART TRINKET BOX,2011-11,2011-12,M2_gbm_poisson,63.506861,7.836625,abc_group,2,1.645000,12.891247,77,0.123398,C,67,76.000000,1,3,Forecast,20260824T181001Z-27103c
23075,PARLOUR CERAMIC WALL HOOK,2011-11,2011-12,M2_gbm_poisson,52.076855,61.366999,product,7,1.645000,100.948714,154,1.178393,C,72,58.000000,1,8,Forecast,20260824T181001Z-27103c
23076,ICE CREAM SUNDAE LIP GLOSS,2011-11,2011-12,M2_gbm_poisson,544.396707,315.424655,product,8,1.645000,518.873558,1064,0.579402,B,1212,1054.666667,1,9,Forecast,20260824T181001Z-27103c
23077,DOUGHNUT LIP GLOSS,2011-11,2011-12,M2_gbm_poisson,879.239796,458.313384,product,8,1.645000,753.925516,1634,0.521261,B,2522,1803.000000,1,9,Forecast,20260824T181001Z-27103c
23078,ICE CREAM PEN LIP GLOSS,2011-11,2011-12,M2_gbm_poisson,568.527297,245.519860,product,8,1.645000,403.880169,973,0.431852,B,1130,858.666667,1,9,Forecast,20260824T181001Z-27103c
23079,TOADSTOOL BEDSIDE LIGHT,2011-11,2011-12,M2_gbm_poisson,43.896327,11.541306,product,6,1.645000,18.985449,63,0.262922,C,55,40.000000,1,7,Forecast,20260824T181001Z-27103c
23080,RED METAL BOX TOP SECRET,2011-11,2011-12,M2_gbm_poisson,135.146375,55.120766,product,6,1.645000,90.673660,226,0.407860,C,308,178.666667,1,7,Forecast,20260824T181001Z-27103c
23081,GREEN METAL BOX ARMY SUPPLIES,2011-11,2011-12,M2_gbm_poisson,65.889521,23.069979,product,6,1.645000,37.950115,104,0.350131,C,106,102.000000,1,7,Forecast,20260824T181001Z-27103c
23082,SET 6 PAPER TABLE LANTERN HEARTS,2011-11,2011-12,M2_gbm_poisson,251.512572,95.509092,product,6,1.645000,157.112456,409,0.379739,B,533,386.666667,1,7,Forecast,20260824T181001Z-27103c
23083,SET 6 PAPER TABLE LANTERN STARS,2011-11,2011-12,M2_gbm_poisson,354.400603,136.067212,product,6,1.645000,223.830564,579,0.383936,C,718,469.666667,1,7,Forecast,20260824T181001Z-27103c
23084,RABBIT NIGHT LIGHT,2011-11,2011-12,M2_gbm_poisson,2375.595148,2917.196689,product,6,1.645000,4798.788553,7175,1.227986,B,14913,7150.333333,1,7,Forecast,20260824T181001Z-27103c
23085,ANTIQUE SILVER BAUBLE LAMP,2011-11,2011-12,M2_gbm_poisson,65.916305,50.069023,product,6,1.645000,82.363542,149,0.759585,C,119,104.333333,1,7,Forecast,20260824T181001Z-27103c
23086,ZINC  STAR T-LIGHT HOLDER,2011-11,2011-12,M2_gbm_poisson,101.039987,138.181938,product,6,1.645000,227.309288,329,1.367597,C,261,191.333333,1,7,Forecast,20260824T181001Z-27103c
23087,ZINC  HEART T-LIGHT HOLDER,2011-11,2011-12,M2_gbm_poisson,65.107237,136.774487,product,6,1.645000,224.994031,291,2.100757,C,82,149.000000,1,7,Forecast,20260824T181001Z-27103c
23088,ZINC HEART FLOWER T-LIGHT HOLDER,2011-11,2011-12,M2_gbm_poisson,59.200679,74.860284,product,6,1.645000,123.145168,183,1.264517,C,58,106.000000,1,7,Forecast,20260824T181001Z-27103c
23089,GLASS BON BON JAR,2011-11,2011-12,M2_gbm_poisson,204.232093,118.704302,product,6,1.645000,195.268576,400,0.581223,C,350,387.333333,1,7,Forecast,20260824T181001Z-27103c
23090,VINTAGE GLASS T-LIGHT HOLDER,2011-11,2011-12,M2_gbm_poisson,244.226527,148.504621,product,6,1.645000,244.290102,489,0.608061,C,555,386.000000,1,7,Forecast,20260824T181001Z-27103c
23091,ZINC HERB GARDEN CONTAINER,2011-11,2011-12,M2_gbm_poisson,19.868552,15.073512,product,6,1.645000,24.795927,45,0.758662,B,3,40.333333,1,7,Forecast,20260824T181001Z-27103c
23092,LARGE ANTIQUE WHITE PHOTO FRAME,2011-11,2011-12,M2_gbm_poisson,57.043492,59.344382,product,6,1.645000,97.621508,155,1.040336,C,61,97.666667,1,7,Forecast,20260824T181001Z-27103c
23093,SMALL PARISIENNE HEART PHOTO FRAME,2011-11,2011-12,M2_gbm_poisson,63.180599,74.205135,product,6,1.645000,122.067447,186,1.174492,C,55,124.666667,1,7,Forecast,20260824T181001Z-27103c
23094,LE GRAND TRAY CHIC SET,2011-11,2011-12,M2_gbm_poisson,23.591226,9.968600,product,6,1.645000,16.398346,40,0.422555,C,12,14.666667,1,7,Forecast,20260824T181001Z-27103c
23096,PETIT TRAY CHIC,2011-11,2011-12,M2_gbm_poisson,135.094986,67.828896,product,6,1.645000,111.578533,247,0.502083,C,270,215.666667,1,7,Forecast,20260824T181001Z-27103c
23099,FRENCH CARRIAGE LANTERN,2011-11,2011-12,M2_gbm_poisson,24.316589,5.646404,product,6,1.645000,9.288334,34,0.232204,C,14,17.333333,1,7,Forecast,20260824T181001Z-27103c
23100,SILVER BELLS TABLE DECORATION,2011-11,2011-12,M2_gbm_poisson,289.365640,193.333517,product,6,1.645000,318.033636,608,0.668129,C,645,506.333333,1,7,Forecast,20260824T181001Z-27103c
23101,SILVER STARS TABLE DECORATION,2011-11,2011-12,M2_gbm_poisson,253.997949,302.897130,product,6,1.645000,498.265778,753,1.192518,C,539,497.000000,1,7,Forecast,20260824T181001Z-27103c
23102,SILVER HEARTS TABLE DECORATION,2011-11,2011-12,M2_gbm_poisson,106.460011,133.930013,product,6,1.645000,220.314872,327,1.258031,C,149,210.666667,1,7,Forecast,20260824T181001Z-27103c
23103,JINGLE BELL HEART DECORATION,2011-11,2011-12,M2_gbm_poisson,474.098607,211.314538,product,6,1.645000,347.612415,822,0.445719,C,1095,864.666667,1,7,Forecast,20260824T181001Z-27103c
23104,IVORY CAFE HANGING LAMP,2011-11,2011-12,M2_gbm_poisson,39.318592,16.535330,product,6,1.645000,27.200617,67,0.420547,C,47,20.333333,1,7,Forecast,20260824T181001Z-27103c
23106,ZINC HEARTS PLANT POT HOLDER,2011-11,2011-12,M2_gbm_poisson,40.709692,18.090459,product,6,1.645000,29.758804,71,0.444377,C,30,28.000000,1,7,Forecast,20260824T181001Z-27103c
23107,WHITE HEARTS WIRE PLANT POT HOLDER,2011-11,2011-12,M2_gbm_poisson,32.325448,17.320441,product,6,1.645000,28.492126,61,0.535814,C,13,43.000000,1,7,Forecast,20260824T181001Z-27103c
23108,SET OF 10 LED DOLLY LIGHTS,2011-11,2011-12,M2_gbm_poisson,195.175115,60.609755,product,6,1.645000,99.703047,295,0.310540,B,288,401.000000,1,7,Forecast,20260824T181001Z-27103c
23109,PACK OF SIX LED TEA LIGHTS,2011-11,2011-12,M2_gbm_poisson,286.142219,137.509238,product,6,1.645000,226.202697,513,0.480563,C,674,433.000000,1,7,Forecast,20260824T181001Z-27103c
23110,PARISIENNE KEY CABINET,2011-11,2011-12,M2_gbm_poisson,72.036207,20.388928,product,6,1.645000,33.539787,106,0.283037,C,97,92.000000,1,7,Forecast,20260824T181001Z-27103c
23111,PARISIENNE SEWING BOX,2011-11,2011-12,M2_gbm_poisson,42.905063,18.112204,product,6,1.645000,29.794575,73,0.422146,B,32,44.333333,1,7,Forecast,20260824T181001Z-27103c
23112,PARISIENNE CURIO CABINET,2011-11,2011-12,M2_gbm_poisson,52.023059,20.506692,product,6,1.645000,33.733508,86,0.394185,C,46,59.666667,1,7,Forecast,20260824T181001Z-27103c
23113,PANTRY CHOPPING BOARD,2011-11,2011-12,M2_gbm_poisson,93.639604,7.836625,abc_group,2,1.645000,12.891247,107,0.083689,C,45,381.666667,1,3,Forecast,20260824T181001Z-27103c
23114,VINTAGE LEAF CHOPPING BOARD,2011-11,2011-12,M2_gbm_poisson,46.485083,7.836625,abc_group,2,1.645000,12.891247,60,0.168584,C,49,46.000000,1,3,Forecast,20260824T181001Z-27103c
23115,RED APPLES CHOPPING BOARD,2011-11,2011-12,M2_gbm_poisson,52.386545,7.836625,abc_group,2,1.645000,12.891247,66,0.149592,C,61,46.666667,1,3,Forecast,20260824T181001Z-27103c
23116,VEGETABLE GARDEN CHOPPING BOARD,2011-11,2011-12,M2_gbm_poisson,36.492883,7.836625,abc_group,2,1.645000,12.891247,50,0.214744,C,21,24.666667,1,3,Forecast,20260824T181001Z-27103c
23117,POPPY FIELDS CHOPPING BOARD,2011-11,2011-12,M2_gbm_poisson,45.849128,7.836625,abc_group,2,1.645000,12.891247,59,0.170922,C,41,29.000000,1,3,Forecast,20260824T181001Z-27103c
23118,PARISIENNE JEWELLERY DRAWER,2011-11,2011-12,M2_gbm_poisson,69.515189,43.924425,product,6,1.645000,72.255679,142,0.631868,B,73,109.333333,1,7,Forecast,20260824T181001Z-27103c
23119,PACK OF 6 LARGE FRUIT STRAWS,2011-11,2011-12,M2_gbm_poisson,136.224637,7.836625,abc_group,5,1.645000,12.891247,150,0.057527,C,141,203.000000,1,6,Forecast,20260824T181001Z-27103c
23120,PACK OF 6 SMALL FRUIT STRAWS,2011-11,2011-12,M2_gbm_poisson,124.447212,7.836625,abc_group,5,1.645000,12.891247,138,0.062971,C,155,178.666667,1,6,Forecast,20260824T181001Z-27103c
23121,PACK OF 6 COCKTAIL PARASOL STRAWS,2011-11,2011-12,M2_gbm_poisson,177.585976,7.836625,abc_group,5,1.645000,12.891247,191,0.044129,C,257,190.333333,1,6,Forecast,20260824T181001Z-27103c
23122,PARTY CHARMS 50 PIECES,2011-11,2011-12,M2_gbm_poisson,145.369516,7.836625,abc_group,5,1.645000,12.891247,159,0.053908,C,196,148.333333,1,6,Forecast,20260824T181001Z-27103c
23123,COCKTAIL SWORDS 50 PIECES,2011-11,2011-12,M2_gbm_poisson,68.625169,7.836625,abc_group,5,1.645000,12.891247,82,0.114195,C,111,111.000000,1,6,Forecast,20260824T181001Z-27103c
23124,18PC WOODEN CUTLERY SET DISPOSABLE,2011-11,2011-12,M2_gbm_poisson,20.892000,7.836625,abc_group,5,1.645000,12.891247,34,0.375102,C,1,9.000000,1,6,Forecast,20260824T181001Z-27103c
23125,6PC WOOD PLATE SET DISPOSABLE,2011-11,2011-12,M2_gbm_poisson,19.683432,7.836625,abc_group,5,1.645000,12.891247,33,0.398133,C,5,9.666667,1,6,Forecast,20260824T181001Z-27103c
23126,FELTCRAFT GIRL AMELIE KIT,2011-11,2011-12,M2_gbm_poisson,103.898238,37.748092,product,8,1.645000,62.095611,166,0.363318,B,213,177.666667,1,9,Forecast,20260824T181001Z-27103c
23127,FELTCRAFT GIRL NICOLE KIT,2011-11,2011-12,M2_gbm_poisson,79.811012,42.162372,product,8,1.645000,69.357102,150,0.528278,B,146,101.333333,1,9,Forecast,20260824T181001Z-27103c
23128,FELTCRAFT BOY JEAN-PAUL KIT,2011-11,2011-12,M2_gbm_poisson,52.983475,27.059359,product,8,1.645000,44.512646,98,0.510713,B,57,46.333333,1,9,Forecast,20260824T181001Z-27103c
23129,HEART SHAPED HOLLY WREATH,2011-11,2011-12,M2_gbm_poisson,123.719399,8.785326,product,6,1.645000,14.451862,139,0.071010,C,249,286.333333,1,7,Forecast,20260824T181001Z-27103c
23130,MISTLETOE HEART WREATH GREEN,2011-11,2011-12,M2_gbm_poisson,128.655371,104.723223,product,6,1.645000,172.269702,301,0.813983,C,268,240.666667,1,7,Forecast,20260824T181001Z-27103c
23131,MISTLETOE HEART WREATH CREAM,2011-11,2011-12,M2_gbm_poisson,72.814003,102.300148,product,7,1.645000,168.283743,242,1.404952,C,107,133.666667,1,8,Forecast,20260824T181001Z-27103c
23132,SMALL IVORY HEART WALL ORGANISER,2011-11,2011-12,M2_gbm_poisson,90.872604,40.388930,product,7,1.645000,66.439789,158,0.444457,C,217,240.000000,1,8,Forecast,20260824T181001Z-27103c
23133,LARGE IVORY HEART WALL ORGANISER,2011-11,2011-12,M2_gbm_poisson,84.037597,38.034412,product,7,1.645000,62.566608,147,0.452588,C,164,178.000000,1,8,Forecast,20260824T181001Z-27103c
23134,LARGE ZINC HEART WALL ORGANISER,2011-11,2011-12,M2_gbm_poisson,4.788924,231.310267,product,7,1.645000,380.505389,386,48.301091,B,0,0.666667,3,8,Forecast,20260824T181001Z-27103c
23135,SMALL ZINC HEART WALL ORGANISER,2011-11,2011-12,M2_gbm_poisson,29.851495,255.379358,product,7,1.645000,420.099044,450,8.554994,C,1,148.333333,1,8,Forecast,20260824T181001Z-27103c
23136,IVORY WIRE SWEETHEART LETTER TRAY,2011-11,2011-12,M2_gbm_poisson,24.008044,19.641782,product,7,1.645000,32.310732,57,0.818133,C,7,10.000000,1,8,Forecast,20260824T181001Z-27103c
23137,ZINC WIRE SWEETHEART LETTER TRAY,2011-11,2011-12,M2_gbm_poisson,34.559741,4.322611,product,7,1.645000,7.110694,42,0.125076,C,10,6.666667,1,8,Forecast,20260824T181001Z-27103c
23138,SINGLE WIRE HOOK IVORY HEART,2011-11,2011-12,M2_gbm_poisson,50.592484,30.829349,product,7,1.645000,50.714280,102,0.609366,C,38,46.000000,1,8,Forecast,20260824T181001Z-27103c
23139,SINGLE WIRE HOOK PINK HEART,2011-11,2011-12,M2_gbm_poisson,44.137438,18.754625,product,7,1.645000,30.851358,75,0.424914,C,26,12.666667,1,8,Forecast,20260824T181001Z-27103c
23140,TRIPLE WIRE HOOK IVORY HEART,2011-11,2011-12,M2_gbm_poisson,81.783443,37.523270,product,7,1.645000,61.725778,144,0.458813,C,1,10.666667,1,8,Forecast,20260824T181001Z-27103c
23141,TRIPLE WIRE HOOK PINK HEART,2011-11,2011-12,M2_gbm_poisson,5.548611,10.929524,product,7,1.645000,17.979067,24,1.969777,C,1,1.333333,1,8,Forecast,20260824T181001Z-27103c
23142,IVORY WIRE KITCHEN ORGANISER,2011-11,2011-12,M2_gbm_poisson,12.028051,6.293163,product,7,1.645000,10.352253,23,0.523207,C,2,4.000000,1,8,Forecast,20260824T181001Z-27103c
23143,ZINC WIRE KITCHEN ORGANISER,2011-11,2011-12,M2_gbm_poisson,6.962055,4.502599,product,6,1.645000,7.406775,15,0.646734,C,4,1.333333,1,7,Forecast,20260824T181001Z-27103c
23144,ZINC T-LIGHT HOLDER STARS SMALL,2011-11,2011-12,M2_gbm_poisson,323.228086,104.517641,product,7,1.645000,171.931520,496,0.323356,B,768,645.666667,1,8,Forecast,20260824T181001Z-27103c
23145,ZINC T-LIGHT HOLDER STAR LARGE,2011-11,2011-12,M2_gbm_poisson,117.820031,146.668122,product,7,1.645000,241.269060,360,1.244849,C,233,287.333333,1,8,Forecast,20260824T181001Z-27103c
23146,TRIPLE HOOK ANTIQUE IVORY ROSE,2011-11,2011-12,M2_gbm_poisson,66.618869,67.238095,product,7,1.645000,110.606667,178,1.009295,C,93,89.666667,1,8,Forecast,20260824T181001Z-27103c
23147,SINGLE ANTIQUE ROSE HOOK IVORY,2011-11,2011-12,M2_gbm_poisson,123.117027,110.737993,product,7,1.645000,182.163998,306,0.899453,C,162,199.000000,1,8,Forecast,20260824T181001Z-27103c
23148,MINIATURE ANTIQUE ROSE HOOK IVORY,2011-11,2011-12,M2_gbm_poisson,137.252098,83.502272,product,7,1.645000,137.361237,275,0.608386,C,277,219.333333,1,8,Forecast,20260824T181001Z-27103c
23149,ANTIQUE IVORY WIRE BOWL SMALL,2011-11,2011-12,M2_gbm_poisson,17.796510,5.007679,product,6,1.645000,8.237632,27,0.281385,C,9,8.333333,1,7,Forecast,20260824T181001Z-27103c
23150,IVORY SWEETHEART SOAP DISH,2011-11,2011-12,M2_gbm_poisson,39.224286,17.587405,product,7,1.645000,28.931280,69,0.448380,C,26,18.666667,1,8,Forecast,20260824T181001Z-27103c
23151,ZINC SWEETHEART SOAP DISH,2011-11,2011-12,M2_gbm_poisson,10.950713,4.542780,product,6,1.645000,7.472873,19,0.414839,C,3,3.333333,1,7,Forecast,20260824T181001Z-27103c
23152,IVORY SWEETHEART WIRE LETTER RACK,2011-11,2011-12,M2_gbm_poisson,49.813583,54.994670,product,7,1.645000,90.466232,141,1.104010,C,35,65.000000,1,8,Forecast,20260824T181001Z-27103c
23153,ZINC SWEETHEART WIRE LETTER RACK,2011-11,2011-12,M2_gbm_poisson,44.614063,10.010875,product,7,1.645000,16.467890,62,0.224388,C,40,29.333333,1,8,Forecast,20260824T181001Z-27103c
23154,SET OF 4 JAM JAR MAGNETS,2011-11,2011-12,M2_gbm_poisson,210.332735,97.137349,product,8,1.645000,159.790940,371,0.461827,B,461,346.666667,1,9,Forecast,20260824T181001Z-27103c
23155,KNICKERBOCKERGLORY MAGNET ASSORTED,2011-11,2011-12,M2_gbm_poisson,82.460325,102.813488,product,8,1.645000,169.128188,252,1.246824,B,175,154.333333,1,9,Forecast,20260824T181001Z-27103c
23156,SET OF 5 MINI GROCERY MAGNETS,2011-11,2011-12,M2_gbm_poisson,113.856340,76.508398,product,8,1.645000,125.856315,240,0.671973,B,159,205.666667,1,9,Forecast,20260824T181001Z-27103c
23157,SET OF 6 NATIVITY MAGNETS,2011-11,2011-12,M2_gbm_poisson,292.065503,207.029985,product,8,1.645000,340.564325,633,0.708848,C,669,663.000000,1,9,Forecast,20260824T181001Z-27103c
23158,SET OF 5 LUCKY CAT MAGNETS,2011-11,2011-12,M2_gbm_poisson,182.286344,93.369870,product,8,1.645000,153.593436,336,0.512215,B,295,310.666667,1,9,Forecast,20260824T181001Z-27103c
23159,SET OF 5 PANCAKE DAY MAGNETS,2011-11,2011-12,M2_gbm_poisson,139.346876,133.049891,product,8,1.645000,218.867071,359,0.954811,B,236,219.333333,1,9,Forecast,20260824T181001Z-27103c
23160,REGENCY TEA SPOON,2011-11,2011-12,M2_gbm_poisson,59.421838,101.060408,product,6,1.645000,166.244371,226,1.700728,C,33,139.333333,1,7,Forecast,20260824T181001Z-27103c
23161,REGENCY CAKE FORK,2011-11,2011-12,M2_gbm_poisson,95.471719,145.652518,product,6,1.645000,239.598393,336,1.525609,C,78,152.666667,1,7,Forecast,20260824T181001Z-27103c
23162,REGENCY TEA STRAINER,2011-11,2011-12,M2_gbm_poisson,101.937494,119.304768,product,7,1.645000,196.256343,299,1.170372,B,149,216.333333,1,8,Forecast,20260824T181001Z-27103c
23163,REGENCY SUGAR TONGS,2011-11,2011-12,M2_gbm_poisson,97.568984,89.720953,product,7,1.645000,147.590968,246,0.919564,C,70,211.333333,1,8,Forecast,20260824T181001Z-27103c
23164,REGENCY CAKE SLICE,2011-11,2011-12,M2_gbm_poisson,61.560284,64.972296,product,6,1.645000,106.879427,169,1.055426,C,96,79.333333,1,7,Forecast,20260824T181001Z-27103c
23165,LARGE CERAMIC TOP STORAGE JAR,2011-11,2011-12,M2_gbm_poisson,207.276354,43.739894,product,6,1.645000,71.952125,280,0.211022,B,340,333.333333,1,7,Forecast,20260824T181001Z-27103c
23166,MEDIUM CERAMIC TOP STORAGE JAR,2011-11,2011-12,M2_gbm_poisson,299.308920,150.822143,product,10,1.645000,248.102425,548,0.503901,A,659,418.333333,1,11,Forecast,20260824T181001Z-27103c
23167,SMALL CERAMIC TOP STORAGE JAR,2011-11,2011-12,M2_gbm_poisson,271.752010,152.519419,product,6,1.645000,250.894445,523,0.561245,B,627,544.000000,1,7,Forecast,20260824T181001Z-27103c
23168,CLASSIC CAFE SUGAR DISPENSER,2011-11,2011-12,M2_gbm_poisson,274.667558,181.864347,product,6,1.645000,299.166851,574,0.662125,C,624,489.000000,1,7,Forecast,20260824T181001Z-27103c
23169,CLASSIC GLASS COOKIE JAR,2011-11,2011-12,M2_gbm_poisson,177.096698,52.610748,product,6,1.645000,86.544681,264,0.297074,C,316,298.333333,1,7,Forecast,20260824T181001Z-27103c
23170,REGENCY TEA PLATE ROSES,2011-11,2011-12,M2_gbm_poisson,349.230810,331.132924,product,6,1.645000,544.713660,894,0.948178,B,312,654.333333,1,7,Forecast,20260824T181001Z-27103c
23171,REGENCY TEA PLATE GREEN,2011-11,2011-12,M2_gbm_poisson,353.307666,299.186173,product,6,1.645000,492.161254,846,0.846815,B,335,531.333333,1,7,Forecast,20260824T181001Z-27103c
23172,REGENCY TEA PLATE PINK,2011-11,2011-12,M2_gbm_poisson,193.862710,204.636549,product,6,1.645000,336.627123,531,1.055575,B,221,424.666667,1,7,Forecast,20260824T181001Z-27103c
23173,REGENCY TEAPOT ROSES,2011-11,2011-12,M2_gbm_poisson,155.852410,275.202139,product,6,1.645000,452.707518,609,1.765787,A,117,219.333333,1,7,Forecast,20260824T181001Z-27103c
23174,REGENCY SUGAR BOWL GREEN,2011-11,2011-12,M2_gbm_poisson,159.958415,249.009072,product,6,1.645000,409.619923,570,1.556711,B,114,205.333333,1,7,Forecast,20260824T181001Z-27103c
23175,REGENCY MILK JUG PINK,2011-11,2011-12,M2_gbm_poisson,175.845502,312.587165,product,6,1.645000,514.205886,691,1.777624,B,151,232.666667,1,7,Forecast,20260824T181001Z-27103c
23176,ABC TREASURE BOOK BOX,2011-11,2011-12,M2_gbm_poisson,234.755970,234.399470,product,8,1.645000,385.587129,621,0.998481,B,568,335.333333,1,9,Forecast,20260824T181001Z-27103c
23177,TREASURE ISLAND BOOK BOX,2011-11,2011-12,M2_gbm_poisson,239.566920,186.738492,product,8,1.645000,307.184819,547,0.779484,B,601,321.000000,1,9,Forecast,20260824T181001Z-27103c
23178,JAM CLOCK MAGNET,2011-11,2011-12,M2_gbm_poisson,40.170302,42.085687,product,8,1.645000,69.230956,110,1.047682,C,32,27.333333,1,9,Forecast,20260824T181001Z-27103c
23179,CLOCK MAGNET MUM'S KITCHEN,2011-11,2011-12,M2_gbm_poisson,44.078378,46.844034,product,8,1.645000,77.058436,122,1.062744,C,50,20.000000,1,9,Forecast,20260824T181001Z-27103c
23180,MUM'S KITCHEN CLOCK,2011-11,2011-12,M2_gbm_poisson,19.296161,9.329107,product,8,1.645000,15.346382,35,0.483470,C,11,11.000000,1,9,Forecast,20260824T181001Z-27103c
23181,BULL DOG BOTTLE TOP WALL CLOCK,2011-11,2011-12,M2_gbm_poisson,34.939163,16.561796,product,8,1.645000,27.244154,63,0.474018,C,25,19.333333,1,9,Forecast,20260824T181001Z-27103c
23182,TOILET SIGN OCCUPIED OR VACANT,2011-11,2011-12,M2_gbm_poisson,228.021542,166.719673,product,8,1.645000,274.253861,503,0.731158,B,328,309.000000,1,9,Forecast,20260824T181001Z-27103c
23183,MOTHER'S KITCHEN SPOON REST,2011-11,2011-12,M2_gbm_poisson,32.749559,16.856552,product,8,1.645000,27.729027,61,0.514711,C,19,26.000000,1,9,Forecast,20260824T181001Z-27103c
23184,BULL DOG BOTTLE OPENER,2011-11,2011-12,M2_gbm_poisson,75.435563,85.751534,product,8,1.645000,141.061273,217,1.136752,B,130,94.333333,1,9,Forecast,20260824T181001Z-27103c
23185,FRENCH STYLE STORAGE JAR JAM,2011-11,2011-12,M2_gbm_poisson,56.460488,44.651966,product,8,1.645000,73.452484,130,0.790853,C,107,62.666667,1,9,Forecast,20260824T181001Z-27103c
23186,FRENCH STYLE STORAGE JAR CAFE,2011-11,2011-12,M2_gbm_poisson,154.656482,292.744141,product,8,1.645000,481.564112,637,1.892867,C,479,340.333333,1,9,Forecast,20260824T181001Z-27103c
23187,FRENCH STYLE STORAGE JAR BONBONS,2011-11,2011-12,M2_gbm_poisson,128.178631,336.655504,product,8,1.645000,553.798304,682,2.626456,C,10,329.333333,1,9,Forecast,20260824T181001Z-27103c
23188,VINTAGE  2 METER FOLDING RULER,2011-11,2011-12,M2_gbm_poisson,414.908373,7.836625,abc_group,5,1.645000,12.891247,428,0.018888,C,1047,785.000000,1,6,Forecast,20260824T181001Z-27103c
23189,SET OF 12 FORK CANDLES,2011-11,2011-12,M2_gbm_poisson,138.725691,7.836625,abc_group,3,1.645000,12.891247,152,0.056490,C,183,262.666667,1,4,Forecast,20260824T181001Z-27103c
23190,BUNDLE OF 3 SCHOOL EXERCISE BOOKS,2011-11,2011-12,M2_gbm_poisson,131.941085,71.319867,product,6,1.645000,117.321182,250,0.540543,C,171,209.666667,1,7,Forecast,20260824T181001Z-27103c
23191,BUNDLE OF 3 RETRO NOTE BOOKS,2011-11,2011-12,M2_gbm_poisson,182.842486,96.473752,product,6,1.645000,158.699322,342,0.527633,C,271,349.000000,1,7,Forecast,20260824T181001Z-27103c
23192,BUNDLE OF 3 ALPHABET EXERCISE BOOKS,2011-11,2011-12,M2_gbm_poisson,335.106507,64.296937,product,6,1.645000,105.768461,441,0.191870,C,690,582.333333,1,7,Forecast,20260824T181001Z-27103c
23193,BUFFALO BILL TREASURE BOOK BOX,2011-11,2011-12,M2_gbm_poisson,234.229516,257.687815,product,8,1.645000,423.896456,659,1.100151,B,524,258.666667,1,9,Forecast,20260824T181001Z-27103c
23194,GYMKHANA TREASURE BOOK BOX,2011-11,2011-12,M2_gbm_poisson,233.883491,196.168101,product,8,1.645000,322.696525,557,0.838743,B,555,284.000000,1,9,Forecast,20260824T181001Z-27103c
23196,VINTAGE LEAF MAGNETIC NOTEPAD,2011-11,2011-12,M2_gbm_poisson,212.964741,7.836625,abc_group,5,1.645000,12.891247,226,0.036798,C,339,357.666667,1,6,Forecast,20260824T181001Z-27103c
23197,SKETCHBOOK MAGNETIC SHOPPING LIST,2011-11,2011-12,M2_gbm_poisson,168.274371,7.836625,abc_group,5,1.645000,12.891247,182,0.046571,C,307,269.333333,1,6,Forecast,20260824T181001Z-27103c
23198,PANTRY MAGNETIC  SHOPPING LIST,2011-11,2011-12,M2_gbm_poisson,332.332791,7.836625,abc_group,5,1.645000,12.891247,346,0.023581,C,642,629.666667,1,6,Forecast,20260824T181001Z-27103c
23199,JUMBO BAG APPLES,2011-11,2011-12,M2_gbm_poisson,987.767658,1001.397340,product,7,1.645000,1647.298624,2636,1.013798,A,1553,1575.000000,1,8,Forecast,20260824T181001Z-27103c
23200,JUMBO BAG PEARS,2011-11,2011-12,M2_gbm_poisson,448.607474,373.014486,product,6,1.645000,613.608830,1063,0.831494,B,717,798.000000,1,7,Forecast,20260824T181001Z-27103c
23201,JUMBO BAG ALPHABET,2011-11,2011-12,M2_gbm_poisson,1140.882627,336.205665,product,7,1.645000,553.058319,1694,0.294689,A,1951,1735.333333,1,8,Forecast,20260824T181001Z-27103c
23202,JUMBO BAG VINTAGE LEAF,2011-11,2011-12,M2_gbm_poisson,977.877418,465.701196,product,6,1.645000,766.078467,1744,0.476237,A,1573,1331.000000,1,7,Forecast,20260824T181001Z-27103c
23203,JUMBO BAG VINTAGE DOILY,2011-11,2011-12,M2_gbm_poisson,2068.141058,2215.400916,product,6,1.645000,3644.334507,5713,1.071204,A,3987,3019.333333,1,7,Forecast,20260824T181001Z-27103c
23204,CHARLOTTE BAG APPLES DESIGN,2011-11,2011-12,M2_gbm_poisson,499.894314,253.579101,product,7,1.645000,417.137621,918,0.507265,B,993,839.666667,1,8,Forecast,20260824T181001Z-27103c
23205,CHARLOTTE BAG VINTAGE ALPHABET,2011-11,2011-12,M2_gbm_poisson,375.259873,64.373861,product,7,1.645000,105.895002,482,0.171545,B,822,762.333333,1,8,Forecast,20260824T181001Z-27103c
23206,LUNCH BAG APPLE DESIGN,2011-11,2011-12,M2_gbm_poisson,943.703369,635.520447,product,7,1.645000,1045.431135,1990,0.673432,A,1265,1185.333333,1,8,Forecast,20260824T181001Z-27103c
23207,LUNCH BAG ALPHABET DESIGN,2011-11,2011-12,M2_gbm_poisson,507.953362,676.128198,product,7,1.645000,1112.230886,1621,1.331083,B,885,670.666667,1,8,Forecast,20260824T181001Z-27103c
23208,LUNCH BAG VINTAGE LEAF DESIGN,2011-11,2011-12,M2_gbm_poisson,360.092070,362.434725,product,7,1.645000,596.205123,957,1.006506,B,709,638.000000,1,8,Forecast,20260824T181001Z-27103c
23209,LUNCH BAG VINTAGE DOILY,2011-11,2011-12,M2_gbm_poisson,993.092528,199.190351,product,6,1.645000,327.668128,1321,0.200576,A,1609,1547.000000,1,7,Forecast,20260824T181001Z-27103c
23210,WHITE ROCKING HORSE HAND PAINTED,2011-11,2011-12,M2_gbm_poisson,363.523841,7.836625,abc_group,5,1.645000,12.891247,377,0.021557,C,887,664.666667,1,6,Forecast,20260824T181001Z-27103c
23211,RED ROCKING HORSE HAND PAINTED,2011-11,2011-12,M2_gbm_poisson,269.606735,7.836625,abc_group,5,1.645000,12.891247,283,0.029067,C,639,488.666667,1,6,Forecast,20260824T181001Z-27103c
23212,HEART WREATH DECORATION WITH BELL,2011-11,2011-12,M2_gbm_poisson,251.952963,7.836625,abc_group,5,1.645000,12.891247,265,0.031104,C,543,477.333333,1,6,Forecast,20260824T181001Z-27103c
23213,STAR WREATH DECORATION WITH BELL,2011-11,2011-12,M2_gbm_poisson,255.123109,7.836625,abc_group,5,1.645000,12.891247,269,0.030717,C,533,422.000000,1,6,Forecast,20260824T181001Z-27103c
23214,JINGLE BELL HEART ANTIQUE GOLD,2011-11,2011-12,M2_gbm_poisson,119.614062,7.836625,abc_group,5,1.645000,12.891247,133,0.065516,C,232,210.000000,1,6,Forecast,20260824T181001Z-27103c
23215,JINGLE BELL HEART ANTIQUE SILVER,2011-11,2011-12,M2_gbm_poisson,645.763690,7.836625,abc_group,5,1.645000,12.891247,659,0.012135,C,1546,833.666667,1,6,Forecast,20260824T181001Z-27103c
23216,LAUREL HEART ANTIQUE GOLD,2011-11,2011-12,M2_gbm_poisson,67.104709,7.836625,abc_group,5,1.645000,12.891247,80,0.116782,C,94,136.666667,1,6,Forecast,20260824T181001Z-27103c
23217,LAUREL HEART ANTIQUE SILVER,2011-11,2011-12,M2_gbm_poisson,128.359453,7.836625,abc_group,5,1.645000,12.891247,142,0.061052,C,232,320.666667,1,6,Forecast,20260824T181001Z-27103c
23218,LAUREL STAR ANTIQUE GOLD,2011-11,2011-12,M2_gbm_poisson,67.654248,7.836625,abc_group,4,1.645000,12.891247,81,0.115833,C,143,100.333333,1,5,Forecast,20260824T181001Z-27103c
23219,LAUREL STAR ANTIQUE SILVER,2011-11,2011-12,M2_gbm_poisson,84.670168,7.836625,abc_group,5,1.645000,12.891247,98,0.092555,C,160,116.333333,1,6,Forecast,20260824T181001Z-27103c
23220,REINDEER HEART DECORATION GOLD,2011-11,2011-12,M2_gbm_poisson,154.352800,7.836625,abc_group,5,1.645000,12.891247,168,0.050771,C,365,287.333333,1,6,Forecast,20260824T181001Z-27103c
23221,REINDEER HEART DECORATION SILVER,2011-11,2011-12,M2_gbm_poisson,243.309514,54.744967,product,6,1.645000,90.055471,334,0.225001,C,595,417.000000,1,7,Forecast,20260824T181001Z-27103c
23222,CHRISTMAS TREE HANGING GOLD,2011-11,2011-12,M2_gbm_poisson,100.420801,7.836625,abc_group,5,1.645000,12.891247,114,0.078038,C,239,236.666667,1,6,Forecast,20260824T181001Z-27103c
23223,CHRISTMAS TREE HANGING SILVER,2011-11,2011-12,M2_gbm_poisson,114.071209,7.836625,abc_group,5,1.645000,12.891247,127,0.068699,C,225,229.333333,1,6,Forecast,20260824T181001Z-27103c
23224,CHERUB HEART DECORATION GOLD,2011-11,2011-12,M2_gbm_poisson,83.758632,7.836625,abc_group,5,1.645000,12.891247,97,0.093562,C,187,209.000000,1,6,Forecast,20260824T181001Z-27103c
23225,CHERUB HEART DECORATION SILVER,2011-11,2011-12,M2_gbm_poisson,230.020201,7.836625,abc_group,5,1.645000,12.891247,243,0.034069,C,442,380.666667,1,6,Forecast,20260824T181001Z-27103c
23226,FILIGREE HEART DAISY WHITE,2011-11,2011-12,M2_gbm_poisson,113.154520,134.265748,product,6,1.645000,220.867156,335,1.186570,C,168,127.333333,1,7,Forecast,20260824T181001Z-27103c
23227,FILIGREE HEART BUTTERFLY WHITE,2011-11,2011-12,M2_gbm_poisson,148.808305,51.544695,product,6,1.645000,84.791023,234,0.346383,C,277,232.666667,1,7,Forecast,20260824T181001Z-27103c
23228,FILIGREE HEART BIRD WHITE,2011-11,2011-12,M2_gbm_poisson,150.752444,118.571006,product,6,1.645000,195.049305,346,0.786528,C,307,241.333333,1,7,Forecast,20260824T181001Z-27103c
23229,VINTAGE DONKEY TAIL GAME,2011-11,2011-12,M2_gbm_poisson,224.858750,7.836625,abc_group,5,1.645000,12.891247,238,0.034851,C,461,334.333333,1,6,Forecast,20260824T181001Z-27103c
23230,WRAP ALPHABET DESIGN,2011-11,2011-12,M2_gbm_poisson,252.180209,387.395578,product,10,1.645000,637.265726,890,1.536185,B,900,683.333333,1,11,Forecast,20260824T181001Z-27103c
23231,WRAP DOILEY DESIGN,2011-11,2011-12,M2_gbm_poisson,219.344438,267.042103,product,10,1.645000,439.284259,659,1.217456,B,550,641.333333,1,11,Forecast,20260824T181001Z-27103c
23232,WRAP VINTAGE LEAF DESIGN,2011-11,2011-12,M2_gbm_poisson,399.975437,282.446838,product,10,1.645000,464.625048,865,0.706160,B,1025,1033.333333,1,11,Forecast,20260824T181001Z-27103c
23233,WRAP POPPIES  DESIGN,2011-11,2011-12,M2_gbm_poisson,157.303812,218.304999,product,10,1.645000,359.111723,517,1.387792,C,225,533.333333,1,11,Forecast,20260824T181001Z-27103c
23234,BISCUIT TIN VINTAGE CHRISTMAS,2011-11,2011-12,M2_gbm_poisson,218.695219,7.836625,abc_group,5,1.645000,12.891247,232,0.035834,C,347,397.666667,1,6,Forecast,20260824T181001Z-27103c
23235,STORAGE TIN VINTAGE LEAF,2011-11,2011-12,M2_gbm_poisson,39.982033,7.836625,abc_group,5,1.645000,12.891247,53,0.196004,C,19,41.000000,1,6,Forecast,20260824T181001Z-27103c
23236,STORAGE TIN VINTAGE DOILY,2011-11,2011-12,M2_gbm_poisson,258.102814,7.836625,abc_group,5,1.645000,12.891247,271,0.030362,C,294,367.666667,1,6,Forecast,20260824T181001Z-27103c
23237,SET OF 4 KNICK KNACK TINS LEAF,2011-11,2011-12,M2_gbm_poisson,91.450468,7.836625,abc_group,5,1.645000,12.891247,105,0.085693,C,166,139.666667,1,6,Forecast,20260824T181001Z-27103c
23238,SET OF 4 KNICK KNACK TINS LONDON,2011-11,2011-12,M2_gbm_poisson,174.869423,7.836625,abc_group,5,1.645000,12.891247,188,0.044814,C,274,264.000000,1,6,Forecast,20260824T181001Z-27103c
23239,SET OF 4 KNICK KNACK TINS POPPIES,2011-11,2011-12,M2_gbm_poisson,64.233916,7.836625,abc_group,5,1.645000,12.891247,78,0.122001,C,87,85.333333,1,6,Forecast,20260824T181001Z-27103c
23240,SET OF 4 KNICK KNACK TINS DOILY,2011-11,2011-12,M2_gbm_poisson,320.994004,7.836625,abc_group,5,1.645000,12.891247,334,0.024414,C,567,623.666667,1,6,Forecast,20260824T181001Z-27103c
23241,TREASURE TIN GYMKHANA DESIGN,2011-11,2011-12,M2_gbm_poisson,199.318578,7.836625,abc_group,5,1.645000,12.891247,213,0.039317,C,286,363.000000,1,6,Forecast,20260824T181001Z-27103c
23242,TREASURE TIN BUFFALO BILL,2011-11,2011-12,M2_gbm_poisson,131.368261,7.836625,abc_group,5,1.645000,12.891247,145,0.059654,C,141,212.000000,1,6,Forecast,20260824T181001Z-27103c
23243,SET OF TEA COFFEE SUGAR TINS PANTRY,2011-11,2011-12,M2_gbm_poisson,363.276636,7.836625,abc_group,5,1.645000,12.891247,377,0.021572,C,469,950.333333,1,6,Forecast,20260824T181001Z-27103c
23244,ROUND STORAGE TIN VINTAGE LEAF,2011-11,2011-12,M2_gbm_poisson,92.934312,7.836625,abc_group,5,1.645000,12.891247,106,0.084324,C,157,90.333333,1,6,Forecast,20260824T181001Z-27103c
23245,SET OF 3 REGENCY CAKE TINS,2011-11,2011-12,M2_gbm_poisson,573.661992,7.836625,abc_group,5,1.645000,12.891247,587,0.013661,C,775,858.666667,1,6,Forecast,20260824T181001Z-27103c
23247,BISCUIT TIN 50'S CHRISTMAS,2011-11,2011-12,M2_gbm_poisson,349.582902,7.836625,abc_group,5,1.645000,12.891247,363,0.022417,C,686,563.333333,1,6,Forecast,20260824T181001Z-27103c
23249,VINTAGE RED ENAMEL TRIM PLATE,2011-11,2011-12,M2_gbm_poisson,69.725333,7.836625,abc_group,5,1.645000,12.891247,83,0.112393,C,68,107.333333,1,6,Forecast,20260824T181001Z-27103c
23250,VINTAGE RED TRIM ENAMEL BOWL,2011-11,2011-12,M2_gbm_poisson,102.588419,7.836625,abc_group,5,1.645000,12.891247,116,0.076389,C,223,201.666667,1,6,Forecast,20260824T181001Z-27103c
23251,VINTAGE RED ENAMEL TRIM MUG,2011-11,2011-12,M2_gbm_poisson,131.382269,7.836625,abc_group,5,1.645000,12.891247,145,0.059648,C,232,235.000000,1,6,Forecast,20260824T181001Z-27103c
23252,VINTAGE RED ENAMEL TRIM JUG,2011-11,2011-12,M2_gbm_poisson,63.040455,7.836625,abc_group,5,1.645000,12.891247,76,0.124311,C,72,80.333333,1,6,Forecast,20260824T181001Z-27103c
23253,16 PIECE CUTLERY SET PANTRY DESIGN,2011-11,2011-12,M2_gbm_poisson,20.840394,27.985814,product,7,1.645000,46.036664,67,1.342864,B,14,18.333333,1,8,Forecast,20260824T181001Z-27103c
23254,CHILDRENS CUTLERY DOLLY GIRL,2011-11,2011-12,M2_gbm_poisson,175.071376,113.354556,product,7,1.645000,186.468244,362,0.647476,B,317,218.000000,1,8,Forecast,20260824T181001Z-27103c
23255,CHILDRENS CUTLERY CIRCUS PARADE,2011-11,2011-12,M2_gbm_poisson,85.373805,64.754754,product,7,1.645000,106.521570,192,0.758485,B,114,127.666667,1,8,Forecast,20260824T181001Z-27103c
23256,CHILDRENS CUTLERY SPACEBOY,2011-11,2011-12,M2_gbm_poisson,197.384179,157.548784,product,7,1.645000,259.167750,457,0.798183,B,345,259.000000,1,8,Forecast,20260824T181001Z-27103c
23263,SET OF 3 WOODEN HEART DECORATIONS,2011-11,2011-12,M2_gbm_poisson,591.884838,7.836625,abc_group,5,1.645000,12.891247,605,0.013240,C,1124,895.000000,1,6,Forecast,20260824T181001Z-27103c
23264,SET OF 3 WOODEN SLEIGH DECORATIONS,2011-11,2011-12,M2_gbm_poisson,296.403472,7.836625,abc_group,5,1.645000,12.891247,310,0.026439,C,633,517.000000,1,6,Forecast,20260824T181001Z-27103c
23265,SET OF 3 WOODEN TREE DECORATIONS,2011-11,2011-12,M2_gbm_poisson,301.091636,7.836625,abc_group,5,1.645000,12.891247,314,0.026027,C,656,489.000000,1,6,Forecast,20260824T181001Z-27103c
23266,SET OF 3 WOODEN STOCKING DECORATION,2011-11,2011-12,M2_gbm_poisson,300.849433,7.836625,abc_group,5,1.645000,12.891247,314,0.026048,C,653,531.333333,1,6,Forecast,20260824T181001Z-27103c
23267,SET OF 4 SANTA PLACE SETTINGS,2011-11,2011-12,M2_gbm_poisson,176.786716,7.836625,abc_group,5,1.645000,12.891247,190,0.044328,C,382,315.666667,1,6,Forecast,20260824T181001Z-27103c
23268,SET OF 2 CERAMIC CHRISTMAS REINDEER,2011-11,2011-12,M2_gbm_poisson,35.945929,7.836625,abc_group,5,1.645000,12.891247,49,0.218011,C,3,185.666667,1,6,Forecast,20260824T181001Z-27103c
23269,SET OF 2 CERAMIC CHRISTMAS TREES,2011-11,2011-12,M2_gbm_poisson,111.301113,7.836625,abc_group,5,1.645000,12.891247,125,0.070409,C,259,222.000000,1,6,Forecast,20260824T181001Z-27103c
23270,SET OF 2 CERAMIC PAINTED HEARTS,2011-11,2011-12,M2_gbm_poisson,134.772918,7.836625,abc_group,5,1.645000,12.891247,148,0.058147,C,192,188.666667,1,6,Forecast,20260824T181001Z-27103c
23271,CHRISTMAS TABLE SILVER CANDLE SPIKE,2011-11,2011-12,M2_gbm_poisson,227.363639,7.836625,abc_group,5,1.645000,12.891247,241,0.034467,C,472,512.333333,1,6,Forecast,20260824T181001Z-27103c
23272,TREE T-LIGHT HOLDER WILLIE WINKIE,2011-11,2011-12,M2_gbm_poisson,52.381001,7.836625,abc_group,5,1.645000,12.891247,66,0.149608,C,54,67.333333,1,6,Forecast,20260824T181001Z-27103c
23273,HEART T-LIGHT HOLDER WILLIE WINKIE,2011-11,2011-12,M2_gbm_poisson,108.989710,7.836625,abc_group,5,1.645000,12.891247,122,0.071902,C,195,216.666667,1,6,Forecast,20260824T181001Z-27103c
23274,STAR T-LIGHT HOLDER WILLIE WINKIE,2011-11,2011-12,M2_gbm_poisson,119.733917,7.836625,abc_group,5,1.645000,12.891247,133,0.065450,C,247,321.000000,1,6,Forecast,20260824T181001Z-27103c
23275,SET OF 3 HANGING OWLS OLLIE BEAK,2011-11,2011-12,M2_gbm_poisson,685.676242,7.836625,abc_group,5,1.645000,12.891247,699,0.011429,C,1514,833.666667,1,6,Forecast,20260824T181001Z-27103c
23280,FOLDING BUTTERFLY MIRROR HOT PINK,2011-11,2011-12,M2_gbm_poisson,122.637190,150.026015,product,6,1.645000,246.792795,370,1.223332,C,212,157.333333,1,7,Forecast,20260824T181001Z-27103c
23281,FOLDING BUTTERFLY MIRROR RED,2011-11,2011-12,M2_gbm_poisson,62.134746,106.923896,product,6,1.645000,175.889809,239,1.720839,C,80,68.000000,1,7,Forecast,20260824T181001Z-27103c
23282,FOLDING BUTTERFLY MIRROR IVORY,2011-11,2011-12,M2_gbm_poisson,72.408859,69.906204,product,6,1.645000,114.995705,188,0.965437,C,111,96.666667,1,7,Forecast,20260824T181001Z-27103c
23283,DOORMAT VINTAGE LEAF,2011-11,2011-12,M2_gbm_poisson,73.898292,116.409343,product,7,1.645000,191.493370,266,1.575264,B,105,146.333333,1,8,Forecast,20260824T181001Z-27103c
23284,DOORMAT KEEP CALM AND COME IN,2011-11,2011-12,M2_gbm_poisson,548.710834,867.333210,product,7,1.645000,1426.763131,1976,1.580674,A,729,1002.666667,1,8,Forecast,20260824T181001Z-27103c
23285,PINK VINTAGE SPOT BEAKER,2011-11,2011-12,M2_gbm_poisson,277.879872,7.836625,abc_group,5,1.645000,12.891247,291,0.028201,C,66,777.333333,1,6,Forecast,20260824T181001Z-27103c
23286,BLUE VINTAGE SPOT BEAKER,2011-11,2011-12,M2_gbm_poisson,291.357881,7.836625,abc_group,5,1.645000,12.891247,305,0.026897,C,195,811.000000,1,6,Forecast,20260824T181001Z-27103c
23287,RED VINTAGE SPOT BEAKER,2011-11,2011-12,M2_gbm_poisson,105.663011,7.836625,abc_group,5,1.645000,12.891247,119,0.074166,C,86,148.666667,1,6,Forecast,20260824T181001Z-27103c
23288,GREEN VINTAGE SPOT BEAKER,2011-11,2011-12,M2_gbm_poisson,232.998950,7.836625,abc_group,5,1.645000,12.891247,246,0.033634,C,178,800.333333,1,6,Forecast,20260824T181001Z-27103c
23289,DOLLY GIRL CHILDRENS BOWL,2011-11,2011-12,M2_gbm_poisson,150.430890,7.836625,abc_group,5,1.645000,12.891247,164,0.052095,C,201,241.666667,1,6,Forecast,20260824T181001Z-27103c
23290,SPACEBOY CHILDRENS BOWL,2011-11,2011-12,M2_gbm_poisson,232.738989,7.836625,abc_group,5,1.645000,12.891247,246,0.033671,C,478,430.000000,1,6,Forecast,20260824T181001Z-27103c
23291,DOLLY GIRL CHILDRENS CUP,2011-11,2011-12,M2_gbm_poisson,152.076356,7.836625,abc_group,5,1.645000,12.891247,165,0.051531,C,201,233.666667,1,6,Forecast,20260824T181001Z-27103c
23292,SPACEBOY CHILDRENS CUP,2011-11,2011-12,M2_gbm_poisson,204.765509,7.836625,abc_group,5,1.645000,12.891247,218,0.038271,C,330,337.666667,1,6,Forecast,20260824T181001Z-27103c
23293,SET OF 12 FAIRY CAKE BAKING CASES,2011-11,2011-12,M2_gbm_poisson,928.155332,7.836625,abc_group,4,1.645000,12.891247,942,0.008443,C,1678,1520.666667,1,5,Forecast,20260824T181001Z-27103c
23294,SET OF 6 SNACK LOAF BAKING CASES,2011-11,2011-12,M2_gbm_poisson,444.568886,7.836625,abc_group,4,1.645000,12.891247,458,0.017627,C,734,743.000000,1,5,Forecast,20260824T181001Z-27103c
23295,SET OF 12 MINI LOAF BAKING CASES,2011-11,2011-12,M2_gbm_poisson,503.840180,7.836625,abc_group,4,1.645000,12.891247,517,0.015554,C,934,1035.333333,1,5,Forecast,20260824T181001Z-27103c
23296,SET OF 6 TEA TIME BAKING CASES,2011-11,2011-12,M2_gbm_poisson,488.582204,7.836625,abc_group,4,1.645000,12.891247,502,0.016040,C,954,799.333333,1,5,Forecast,20260824T181001Z-27103c
23297,SET 40 HEART SHAPE PETIT FOUR CASES,2011-11,2011-12,M2_gbm_poisson,51.909310,7.836625,abc_group,4,1.645000,12.891247,65,0.150968,C,9,261.000000,1,5,Forecast,20260824T181001Z-27103c
23298,SPOTTY BUNTING,2011-11,2011-12,M2_gbm_poisson,638.185352,505.776219,product,6,1.645000,832.001881,1471,0.792522,A,889,800.666667,1,7,Forecast,20260824T181001Z-27103c
23299,FOOD COVER WITH BEADS SET 2,2011-11,2011-12,M2_gbm_poisson,37.607906,65.711299,product,6,1.645000,108.095087,146,1.747274,B,20,38.666667,1,7,Forecast,20260824T181001Z-27103c
23300,GARDENERS KNEELING PAD CUP OF TEA,2011-11,2011-12,M2_gbm_poisson,726.659940,291.511024,product,6,1.645000,479.535635,1207,0.401166,B,1535,966.000000,1,7,Forecast,20260824T181001Z-27103c
23301,GARDENERS KNEELING PAD KEEP CALM,2011-11,2011-12,M2_gbm_poisson,1063.535743,332.029086,product,6,1.645000,546.187847,1610,0.312194,B,2754,1624.000000,1,7,Forecast,20260824T181001Z-27103c
23302,KNEELING MAT HOUSEWORK  DESIGN,2011-11,2011-12,M2_gbm_poisson,110.916829,21.456057,product,6,1.645000,35.295214,147,0.193443,C,241,148.666667,1,7,Forecast,20260824T181001Z-27103c
23303,SET 4 PICNIC CUTLERY FONDANT,2011-11,2011-12,M2_gbm_poisson,38.651951,7.836625,abc_group,1,1.645000,12.891247,52,0.202748,C,27,17.666667,1,2,Forecast,20260824T181001Z-27103c
23304,SET 4 PICNIC CUTLERY CHERRY,2011-11,2011-12,M2_gbm_poisson,36.782048,7.836625,abc_group,1,1.645000,12.891247,50,0.213056,C,39,15.666667,1,2,Forecast,20260824T181001Z-27103c
23305,SET 4 PICNIC CUTLERY BLUEBERRY,2011-11,2011-12,M2_gbm_poisson,39.364461,7.836625,abc_group,1,1.645000,12.891247,53,0.199079,C,31,19.333333,1,2,Forecast,20260824T181001Z-27103c
23306,SET OF 36 DOILIES PANTRY DESIGN,2011-11,2011-12,M2_gbm_poisson,123.035095,7.836625,abc_group,5,1.645000,12.891247,136,0.063694,C,69,243.666667,1,6,Forecast,20260824T181001Z-27103c
23307,SET OF 60 PANTRY DESIGN CAKE CASES,2011-11,2011-12,M2_gbm_poisson,762.083147,7.836625,abc_group,5,1.645000,12.891247,775,0.010283,C,887,1622.666667,1,6,Forecast,20260824T181001Z-27103c
23308,SET OF 60 VINTAGE LEAF CAKE CASES,2011-11,2011-12,M2_gbm_poisson,400.896596,7.836625,abc_group,5,1.645000,12.891247,414,0.019548,C,447,702.666667,1,6,Forecast,20260824T181001Z-27103c
23309,SET OF 60 I LOVE LONDON CAKE CASES,2011-11,2011-12,M2_gbm_poisson,862.029395,7.836625,abc_group,5,1.645000,12.891247,875,0.009091,C,1552,1416.666667,1,6,Forecast,20260824T181001Z-27103c
23310,BUBBLEGUM RING ASSORTED,2011-11,2011-12,M2_gbm_poisson,1557.603067,7.836625,abc_group,5,1.645000,12.891247,1571,0.005031,C,2117,2332.333333,1,6,Forecast,20260824T181001Z-27103c
23311,VINTAGE CHRISTMAS STOCKING,2011-11,2011-12,M2_gbm_poisson,479.260008,7.836625,abc_group,4,1.645000,12.891247,493,0.016352,C,865,660.333333,1,5,Forecast,20260824T181001Z-27103c
23312,VINTAGE CHRISTMAS GIFT SACK,2011-11,2011-12,M2_gbm_poisson,187.304087,7.836625,abc_group,4,1.645000,12.891247,201,0.041839,C,428,352.000000,1,5,Forecast,20260824T181001Z-27103c
23313,VINTAGE CHRISTMAS BUNTING,2011-11,2011-12,M2_gbm_poisson,631.729854,7.836625,abc_group,4,1.645000,12.891247,645,0.012405,C,1249,762.000000,1,5,Forecast,20260824T181001Z-27103c
23314,VINTAGE CHRISTMAS TABLECLOTH,2011-11,2011-12,M2_gbm_poisson,63.021006,7.836625,abc_group,4,1.645000,12.891247,76,0.124349,C,80,84.666667,1,5,Forecast,20260824T181001Z-27103c
23315,IVORY REFECTORY CLOCK,2011-11,2011-12,M2_gbm_poisson,40.786642,7.836625,abc_group,5,1.645000,12.891247,54,0.192137,C,43,35.666667,1,6,Forecast,20260824T181001Z-27103c
23316,RED REFECTORY CLOCK,2011-11,2011-12,M2_gbm_poisson,46.884885,7.836625,abc_group,5,1.645000,12.891247,60,0.167146,C,44,47.333333,1,6,Forecast,20260824T181001Z-27103c
23317,BLUE REFECTORY CLOCK,2011-11,2011-12,M2_gbm_poisson,42.286064,7.836625,abc_group,5,1.645000,12.891247,56,0.185324,C,38,33.666667,1,6,Forecast,20260824T181001Z-27103c
23318,BOX OF 6 MINI VINTAGE CRACKERS,2011-11,2011-12,M2_gbm_poisson,564.542748,7.836625,abc_group,4,1.645000,12.891247,578,0.013881,C,1302,1050.666667,1,5,Forecast,20260824T181001Z-27103c
23319,BOX OF 6 MINI 50'S CRACKERS,2011-11,2011-12,M2_gbm_poisson,668.278237,7.836625,abc_group,4,1.645000,12.891247,682,0.011727,C,1378,1077.666667,1,5,Forecast,20260824T181001Z-27103c
23320,GIANT 50'S CHRISTMAS CRACKER,2011-11,2011-12,M2_gbm_poisson,447.727219,7.836625,abc_group,4,1.645000,12.891247,461,0.017503,C,801,663.666667,1,5,Forecast,20260824T181001Z-27103c
23321,SMALL WHITE HEART OF WICKER,2011-11,2011-12,M2_gbm_poisson,712.751780,7.836625,abc_group,5,1.645000,12.891247,726,0.010995,C,1394,977.000000,1,6,Forecast,20260824T181001Z-27103c
23322,LARGE WHITE HEART OF WICKER,2011-11,2011-12,M2_gbm_poisson,477.919506,7.836625,abc_group,5,1.645000,12.891247,491,0.016397,C,821,667.666667,1,6,Forecast,20260824T181001Z-27103c
23323,WHITE WICKER STAR,2011-11,2011-12,M2_gbm_poisson,254.723134,7.836625,abc_group,5,1.645000,12.891247,268,0.030765,C,533,379.333333,1,6,Forecast,20260824T181001Z-27103c
23324,RUSTIC STRAWBERRY JAM POT LARGE,2011-11,2011-12,M2_gbm_poisson,49.862886,7.836625,abc_group,3,1.645000,12.891247,63,0.157163,C,47,89.000000,1,4,Forecast,20260824T181001Z-27103c
23325,RUSTIC STRAWBERRY JAM POT SMALL,2011-11,2011-12,M2_gbm_poisson,62.421550,7.836625,abc_group,3,1.645000,12.891247,76,0.125544,C,70,126.000000,1,4,Forecast,20260824T181001Z-27103c
23326,HANGING MINI COLOURED BOTTLES,2011-11,2011-12,M2_gbm_poisson,150.484364,7.836625,abc_group,3,1.645000,12.891247,164,0.052076,C,183,566.000000,1,4,Forecast,20260824T181001Z-27103c
23327,HANGING CLEAR MINI BOTTLE,2011-11,2011-12,M2_gbm_poisson,106.554401,7.836625,abc_group,3,1.645000,12.891247,120,0.073546,C,290,443.666667,1,4,Forecast,20260824T181001Z-27103c
23328,SET 6 SCHOOL MILK BOTTLES IN CRATE,2011-11,2011-12,M2_gbm_poisson,428.319282,7.836625,abc_group,3,1.645000,12.891247,442,0.018296,C,921,670.666667,1,4,Forecast,20260824T181001Z-27103c
23329,DECORATIVE WICKER HEART LARGE,2011-11,2011-12,M2_gbm_poisson,251.642679,7.836625,abc_group,3,1.645000,12.891247,265,0.031142,C,527,445.666667,1,4,Forecast,20260824T181001Z-27103c
23330,DECORATIVE WICKER HEART MEDIUM,2011-11,2011-12,M2_gbm_poisson,276.956811,7.836625,abc_group,3,1.645000,12.891247,290,0.028295,C,674,505.666667,1,4,Forecast,20260824T181001Z-27103c
23331,DECORATIVE WICKER HEART SMALL,2011-11,2011-12,M2_gbm_poisson,168.947100,7.836625,abc_group,3,1.645000,12.891247,182,0.046385,C,400,370.333333,1,4,Forecast,20260824T181001Z-27103c
23332,IVORY WICKER HEART LARGE,2011-11,2011-12,M2_gbm_poisson,249.956275,7.836625,abc_group,3,1.645000,12.891247,263,0.031352,C,578,524.666667,1,4,Forecast,20260824T181001Z-27103c
23333,IVORY WICKER HEART MEDIUM,2011-11,2011-12,M2_gbm_poisson,340.618512,7.836625,abc_group,3,1.645000,12.891247,354,0.023007,C,823,562.666667,1,4,Forecast,20260824T181001Z-27103c
23334,IVORY WICKER HEART SMALL,2011-11,2011-12,M2_gbm_poisson,225.982589,7.836625,abc_group,3,1.645000,12.891247,239,0.034678,C,510,556.333333,1,4,Forecast,20260824T181001Z-27103c
23335,EGG FRYING PAN IVORY,2011-11,2011-12,M2_gbm_poisson,61.633332,7.836625,abc_group,5,1.645000,12.891247,75,0.127149,C,84,63.000000,1,6,Forecast,20260824T181001Z-27103c
23336,EGG FRYING PAN PINK,2011-11,2011-12,M2_gbm_poisson,48.887526,7.836625,abc_group,5,1.645000,12.891247,62,0.160299,C,39,50.000000,1,6,Forecast,20260824T181001Z-27103c
23337,EGG FRYING PAN MINT,2011-11,2011-12,M2_gbm_poisson,53.330743,7.836625,abc_group,5,1.645000,12.891247,67,0.146944,C,59,41.666667,1,6,Forecast,20260824T181001Z-27103c
23338,EGG FRYING PAN RED,2011-11,2011-12,M2_gbm_poisson,64.118447,7.836625,abc_group,5,1.645000,12.891247,78,0.122221,C,89,68.333333,1,6,Forecast,20260824T181001Z-27103c
23339,EGG FRYING PAN BLUE,2011-11,2011-12,M2_gbm_poisson,47.268200,7.836625,abc_group,5,1.645000,12.891247,61,0.165791,C,51,38.000000,1,6,Forecast,20260824T181001Z-27103c
23340,VINTAGE CHRISTMAS CAKE FRILL,2011-11,2011-12,M2_gbm_poisson,175.658891,7.836625,abc_group,4,1.645000,12.891247,189,0.044613,C,205,702.000000,1,5,Forecast,20260824T181001Z-27103c
23341,PINK DINER WALL CLOCK,2011-11,2011-12,M2_gbm_poisson,46.017428,7.836625,abc_group,5,1.645000,12.891247,59,0.170297,C,39,59.000000,1,6,Forecast,20260824T181001Z-27103c
23342,MINT DINER WALL CLOCK,2011-11,2011-12,M2_gbm_poisson,58.746049,7.836625,abc_group,5,1.645000,12.891247,72,0.133398,C,57,87.000000,1,6,Forecast,20260824T181001Z-27103c
23343,JUMBO BAG VINTAGE CHRISTMAS,2011-11,2011-12,M2_gbm_poisson,948.317613,7.836625,abc_group,5,1.645000,12.891247,962,0.008264,C,2205,1539.333333,1,6,Forecast,20260824T181001Z-27103c
23344,JUMBO BAG 50'S CHRISTMAS,2011-11,2011-12,M2_gbm_poisson,1822.152226,7.836625,abc_group,5,1.645000,12.891247,1836,0.004301,C,4057,2708.333333,1,6,Forecast,20260824T181001Z-27103c
23345,DOLLY GIRL BEAKER,2011-11,2011-12,M2_gbm_poisson,192.919514,7.836625,abc_group,4,1.645000,12.891247,206,0.040621,C,165,449.333333,1,5,Forecast,20260824T181001Z-27103c
23346,SPACEBOY BEAKER,2011-11,2011-12,M2_gbm_poisson,278.155856,7.836625,abc_group,4,1.645000,12.891247,292,0.028174,C,281,519.333333,1,5,Forecast,20260824T181001Z-27103c
23347,I LOVE LONDON BEAKER,2011-11,2011-12,M2_gbm_poisson,70.434222,7.836625,abc_group,4,1.645000,12.891247,84,0.111262,C,119,178.333333,1,5,Forecast,20260824T181001Z-27103c
23348,CHILDRENS TOY COOKING UTENSIL SET,2011-11,2011-12,M2_gbm_poisson,112.894523,40.499231,product,7,1.645000,66.621235,180,0.358735,C,206,224.333333,1,8,Forecast,20260824T181001Z-27103c
23349,ROLL WRAP VINTAGE CHRISTMAS,2011-11,2011-12,M2_gbm_poisson,555.572171,7.836625,abc_group,3,1.645000,12.891247,569,0.014106,C,1146,940.333333,1,4,Forecast,20260824T181001Z-27103c
23350,ROLL WRAP VINTAGE SPOT,2011-11,2011-12,M2_gbm_poisson,384.683788,7.836625,abc_group,3,1.645000,12.891247,398,0.020372,C,852,744.666667,1,4,Forecast,20260824T181001Z-27103c
23351,ROLL WRAP 50'S CHRISTMAS,2011-11,2011-12,M2_gbm_poisson,695.007621,7.836625,abc_group,3,1.645000,12.891247,708,0.011276,C,1378,1017.000000,1,4,Forecast,20260824T181001Z-27103c
23352,ROLL WRAP 50'S RED CHRISTMAS,2011-11,2011-12,M2_gbm_poisson,261.914774,7.836625,abc_group,3,1.645000,12.891247,275,0.029921,C,556,501.333333,1,4,Forecast,20260824T181001Z-27103c
23353,6 GIFT TAGS VINTAGE CHRISTMAS,2011-11,2011-12,M2_gbm_poisson,615.330914,7.836625,abc_group,3,1.645000,12.891247,629,0.012736,C,1288,1122.666667,1,4,Forecast,20260824T181001Z-27103c
23354,6 GIFT TAGS 50'S CHRISTMAS,2011-11,2011-12,M2_gbm_poisson,626.077982,7.836625,abc_group,3,1.645000,12.891247,639,0.012517,C,1273,1114.666667,1,4,Forecast,20260824T181001Z-27103c
23355,HOT WATER BOTTLE KEEP CALM,2011-11,2011-12,M2_gbm_poisson,1078.703713,7.836625,abc_group,3,1.645000,12.891247,1092,0.007265,C,2349,1669.333333,1,4,Forecast,20260824T181001Z-27103c
23356,LOVE HOT WATER BOTTLE,2011-11,2011-12,M2_gbm_poisson,653.475723,7.836625,abc_group,3,1.645000,12.891247,667,0.011992,C,1084,724.333333,1,4,Forecast,20260824T181001Z-27103c
23357,HOT WATER BOTTLE SEX BOMB,2011-11,2011-12,M2_gbm_poisson,73.046293,7.836625,abc_group,3,1.645000,12.891247,86,0.107283,C,119,122.000000,1,4,Forecast,20260824T181001Z-27103c
23358,HOT STUFF HOT WATER BOTTLE,2011-11,2011-12,M2_gbm_poisson,82.507187,7.836625,abc_group,3,1.645000,12.891247,96,0.094981,C,184,151.000000,1,4,Forecast,20260824T181001Z-27103c
23359,SET OF 12 T-LIGHTS VINTAGE DOILY,2011-11,2011-12,M2_gbm_poisson,109.726832,7.836625,abc_group,3,1.645000,12.891247,123,0.071419,C,232,242.666667,1,4,Forecast,20260824T181001Z-27103c
23360,SET 8 CANDLES VINTAGE DOILY,2011-11,2011-12,M2_gbm_poisson,130.430205,7.836625,abc_group,3,1.645000,12.891247,144,0.060083,C,229,291.000000,1,4,Forecast,20260824T181001Z-27103c
23365,SET 12 COLOUR PENCILS LOVE LONDON,2011-11,2011-12,M2_gbm_poisson,359.692915,7.836625,abc_group,2,1.645000,12.891247,373,0.021787,C,934,597.000000,1,3,Forecast,20260824T181001Z-27103c
23366,SET 12 COLOURING PENCILS DOILY,2011-11,2011-12,M2_gbm_poisson,689.756708,7.836625,abc_group,2,1.645000,12.891247,703,0.011361,C,1197,672.000000,1,3,Forecast,20260824T181001Z-27103c
23367,SET 12 COLOUR PENCILS SPACEBOY,2011-11,2011-12,M2_gbm_poisson,850.286151,7.836625,abc_group,2,1.645000,12.891247,864,0.009216,C,1464,991.666667,1,3,Forecast,20260824T181001Z-27103c
23368,SET 12 COLOUR PENCILS DOLLY GIRL,2011-11,2011-12,M2_gbm_poisson,519.795667,7.836625,abc_group,2,1.645000,12.891247,533,0.015076,C,904,747.000000,1,3,Forecast,20260824T181001Z-27103c
23369,SET 36 COLOUR PENCILS LOVE LONDON,2011-11,2011-12,M2_gbm_poisson,232.332200,7.836625,abc_group,2,1.645000,12.891247,246,0.033730,C,480,333.666667,1,3,Forecast,20260824T181001Z-27103c
23370,SET 36 COLOURING PENCILS DOILY,2011-11,2011-12,M2_gbm_poisson,274.770026,7.836625,abc_group,2,1.645000,12.891247,288,0.028521,C,570,480.333333,1,3,Forecast,20260824T181001Z-27103c
23371,SET 36 COLOUR PENCILS SPACEBOY,2011-11,2011-12,M2_gbm_poisson,388.927071,7.836625,abc_group,2,1.645000,12.891247,402,0.020149,C,844,540.000000,1,3,Forecast,20260824T181001Z-27103c
23372,SET 36 COLOUR PENCILS DOLLY GIRL,2011-11,2011-12,M2_gbm_poisson,263.895627,7.836625,abc_group,2,1.645000,12.891247,277,0.029696,C,633,446.666667,1,3,Forecast,20260824T181001Z-27103c
23373,VINTAGE CHRISTMAS PAPER GIFT BAG,2011-11,2011-12,M2_gbm_poisson,142.880914,7.836625,abc_group,3,1.645000,12.891247,156,0.054847,C,295,493.666667,1,4,Forecast,20260824T181001Z-27103c
23374,RED SPOT PAPER GIFT BAG,2011-11,2011-12,M2_gbm_poisson,220.771172,7.836625,abc_group,3,1.645000,12.891247,234,0.035497,C,463,664.000000,1,4,Forecast,20260824T181001Z-27103c
23375,50'S CHRISTMAS PAPER GIFT BAG,2011-11,2011-12,M2_gbm_poisson,183.269900,7.836625,abc_group,3,1.645000,12.891247,197,0.042760,C,349,424.666667,1,4,Forecast,20260824T181001Z-27103c
23376,PACK OF 12 VINTAGE CHRISTMAS TISSUE,2011-11,2011-12,M2_gbm_poisson,512.696557,7.836625,abc_group,2,1.645000,12.891247,526,0.015285,C,1134,945.333333,1,3,Forecast,20260824T181001Z-27103c
23377,PACK OF 12 DOLLY GIRL TISSUES,2011-11,2011-12,M2_gbm_poisson,228.710914,7.836625,abc_group,2,1.645000,12.891247,242,0.034264,C,312,433.666667,1,3,Forecast,20260824T181001Z-27103c
23378,PACK OF 12 50'S CHRISTMAS TISSUES,2011-11,2011-12,M2_gbm_poisson,718.275575,7.836625,abc_group,2,1.645000,12.891247,732,0.010910,C,1440,1265.666667,1,3,Forecast,20260824T181001Z-27103c
23379,PACK OF 12 RED APPLE TISSUES,2011-11,2011-12,M2_gbm_poisson,170.707589,7.836625,abc_group,2,1.645000,12.891247,184,0.045907,C,161,396.666667,1,3,Forecast,20260824T181001Z-27103c
23380,PACK OF 12 VINTAGE DOILY TISSUES,2011-11,2011-12,M2_gbm_poisson,250.279386,7.836625,abc_group,2,1.645000,12.891247,264,0.031312,C,530,733.666667,1,3,Forecast,20260824T181001Z-27103c
23381,PACK OF 12 VINTAGE LEAF TISSUES,2011-11,2011-12,M2_gbm_poisson,129.444892,7.836625,abc_group,2,1.645000,12.891247,143,0.060540,C,152,471.666667,1,3,Forecast,20260824T181001Z-27103c
23382,BOX OF 6 CHRISTMAS CAKE DECORATIONS,2011-11,2011-12,M2_gbm_poisson,402.712485,7.836625,abc_group,1,1.645000,12.891247,416,0.019460,C,701,506.666667,1,2,Forecast,20260824T181001Z-27103c
23388,WOODLAND MINI BACKPACK,2011-11,2011-12,M2_gbm_poisson,121.319205,7.836625,abc_group,2,1.645000,12.891247,135,0.064595,C,175,262.000000,1,3,Forecast,20260824T181001Z-27103c
23389,SPACEBOY MINI BACKPACK,2011-11,2011-12,M2_gbm_poisson,195.558520,7.836625,abc_group,2,1.645000,12.891247,209,0.040073,C,342,354.333333,1,3,Forecast,20260824T181001Z-27103c
23390,DOLLY GIRL MINI BACKPACK,2011-11,2011-12,M2_gbm_poisson,94.795749,7.836625,abc_group,2,1.645000,12.891247,108,0.082669,C,108,220.666667,1,3,Forecast,20260824T181001Z-27103c
23391,I LOVE LONDON MINI BACKPACK,2011-11,2011-12,M2_gbm_poisson,102.109531,7.836625,abc_group,2,1.645000,12.891247,116,0.076747,C,156,121.000000,1,3,Forecast,20260824T181001Z-27103c
23392,SPACEBOY ROCKET LOLLY MAKERS,2011-11,2011-12,M2_gbm_poisson,123.659143,7.836625,abc_group,2,1.645000,12.891247,137,0.063373,C,180,203.666667,1,3,Forecast,20260824T181001Z-27103c
23393,HOME SWEET HOME CUSHION COVER,2011-11,2011-12,M2_gbm_poisson,138.033432,7.836625,abc_group,2,1.645000,12.891247,151,0.056773,C,244,254.666667,1,3,Forecast,20260824T181001Z-27103c
23394,POSTE FRANCE CUSHION COVER,2011-11,2011-12,M2_gbm_poisson,120.997599,7.836625,abc_group,2,1.645000,12.891247,134,0.064767,C,177,137.333333,1,3,Forecast,20260824T181001Z-27103c
23395,BELLE JARDINIERE CUSHION COVER,2011-11,2011-12,M2_gbm_poisson,134.229932,7.836625,abc_group,2,1.645000,12.891247,148,0.058382,C,235,231.333333,1,3,Forecast,20260824T181001Z-27103c
23396,LE JARDIN BOTANIQUE CUSHION COVER,2011-11,2011-12,M2_gbm_poisson,133.623999,7.836625,abc_group,2,1.645000,12.891247,147,0.058647,C,198,207.000000,1,3,Forecast,20260824T181001Z-27103c
23397,FOOT STOOL HOME SWEET HOME,2011-11,2011-12,M2_gbm_poisson,113.902222,7.836625,abc_group,2,1.645000,12.891247,127,0.068801,C,177,159.333333,1,3,Forecast,20260824T181001Z-27103c
23398,HANGING HEART BONHEUR,2011-11,2011-12,M2_gbm_poisson,93.781966,7.836625,abc_group,2,1.645000,12.891247,107,0.083562,C,139,177.666667,1,3,Forecast,20260824T181001Z-27103c
23399,HOME SWEET HOME HANGING HEART,2011-11,2011-12,M2_gbm_poisson,244.105798,7.836625,abc_group,2,1.645000,12.891247,257,0.032103,C,492,623.666667,1,3,Forecast,20260824T181001Z-27103c
23400,SHELF WITH 4 HOOKS HOME SWEET HOME,2011-11,2011-12,M2_gbm_poisson,58.565724,7.836625,abc_group,2,1.645000,12.891247,72,0.133809,C,37,152.666667,1,3,Forecast,20260824T181001Z-27103c
23401,RUSTIC MIRROR WITH LACE HEART,2011-11,2011-12,M2_gbm_poisson,53.083235,7.836625,abc_group,2,1.645000,12.891247,66,0.147629,C,41,101.333333,1,3,Forecast,20260824T181001Z-27103c
23402,HOME SWEET HOME 3 PEG HANGER,2011-11,2011-12,M2_gbm_poisson,55.829915,7.836625,abc_group,2,1.645000,12.891247,69,0.140366,C,52,92.666667,1,3,Forecast,20260824T181001Z-27103c
23403,LETTER HOLDER HOME SWEET HOME,2011-11,2011-12,M2_gbm_poisson,121.725149,7.836625,abc_group,2,1.645000,12.891247,135,0.064380,C,207,196.000000,1,3,Forecast,20260824T181001Z-27103c
23404,HOME SWEET HOME BLACKBOARD,2011-11,2011-12,M2_gbm_poisson,169.752796,7.836625,abc_group,2,1.645000,12.891247,183,0.046165,C,299,275.000000,1,3,Forecast,20260824T181001Z-27103c
23405,HOME SWEET HOME 2 DRAWER CABINET,2011-11,2011-12,M2_gbm_poisson,63.428826,7.836625,abc_group,2,1.645000,12.891247,77,0.123550,C,74,77.000000,1,3,Forecast,20260824T181001Z-27103c
23406,HOME SWEET HOME KEY HOLDER,2011-11,2011-12,M2_gbm_poisson,114.707776,7.836625,abc_group,2,1.645000,12.891247,128,0.068318,C,197,147.333333,1,3,Forecast,20260824T181001Z-27103c
23407,SET OF 2 TRAYS HOME SWEET HOME,2011-11,2011-12,M2_gbm_poisson,64.370682,7.836625,abc_group,2,1.645000,12.891247,78,0.121742,C,78,80.333333,1,3,Forecast,20260824T181001Z-27103c
23408,PHOTO FRAME LINEN AND LACE SMALL,2011-11,2011-12,M2_gbm_poisson,72.079530,7.836625,abc_group,2,1.645000,12.891247,85,0.108722,C,96,99.000000,1,3,Forecast,20260824T181001Z-27103c
23409,PHOTO FRAME LINEN AND LACE LARGE,2011-11,2011-12,M2_gbm_poisson,50.476860,7.836625,abc_group,2,1.645000,12.891247,64,0.155252,C,46,67.666667,1,3,Forecast,20260824T181001Z-27103c
23410,CURIO CABINET LINEN AND LACE,2011-11,2011-12,M2_gbm_poisson,16.428181,7.836625,abc_group,2,1.645000,12.891247,30,0.477023,C,4,12.000000,1,3,Forecast,20260824T181001Z-27103c
23411,TRELLIS COAT RACK,2011-11,2011-12,M2_gbm_poisson,49.334968,7.836625,abc_group,2,1.645000,12.891247,63,0.158845,C,33,73.666667,1,3,Forecast,20260824T181001Z-27103c
23412,HEART MIRROR ANTIQUE WHITE,2011-11,2011-12,M2_gbm_poisson,13.608059,7.836625,abc_group,2,1.645000,12.891247,27,0.575881,C,0,119.333333,2,3,Forecast,20260824T181001Z-27103c
23413,VINTAGE COFFEE GRINDER BOX,2011-11,2011-12,M2_gbm_poisson,44.761296,7.836625,abc_group,2,1.645000,12.891247,58,0.175076,C,33,52.000000,1,3,Forecast,20260824T181001Z-27103c
23414,ZINC BOX SIGN HOME,2011-11,2011-12,M2_gbm_poisson,44.198103,7.836625,abc_group,2,1.645000,12.891247,58,0.177307,C,44,47.000000,1,3,Forecast,20260824T181001Z-27103c
23415,HOME SWEET HOME HOOK,2011-11,2011-12,M2_gbm_poisson,71.872538,7.836625,abc_group,2,1.645000,12.891247,85,0.109035,C,105,74.333333,1,3,Forecast,20260824T181001Z-27103c
23416,CHAMBRE HOOK,2011-11,2011-12,M2_gbm_poisson,24.493357,7.836625,abc_group,2,1.645000,12.891247,38,0.319949,C,12,30.000000,1,3,Forecast,20260824T181001Z-27103c
23417,BATHROOM HOOK,2011-11,2011-12,M2_gbm_poisson,33.141161,7.836625,abc_group,2,1.645000,12.891247,47,0.236462,C,19,23.666667,1,3,Forecast,20260824T181001Z-27103c
23418,LAVENDER TOILETTE BOTTLE,2011-11,2011-12,M2_gbm_poisson,68.913770,7.836625,abc_group,2,1.645000,12.891247,82,0.113716,C,66,175.000000,1,3,Forecast,20260824T181001Z-27103c
23419,HOME SWEET HOME BOTTLE,2011-11,2011-12,M2_gbm_poisson,82.752849,7.836625,abc_group,2,1.645000,12.891247,96,0.094699,C,103,149.666667,1,3,Forecast,20260824T181001Z-27103c
23420,PANTRY HOOK TEA STRAINER,2011-11,2011-12,M2_gbm_poisson,48.090410,7.836625,abc_group,2,1.645000,12.891247,61,0.162956,C,35,54.333333,1,3,Forecast,20260824T181001Z-27103c
23421,PANTRY HOOK SPATULA,2011-11,2011-12,M2_gbm_poisson,50.210783,7.836625,abc_group,2,1.645000,12.891247,64,0.156075,C,40,53.000000,1,3,Forecast,20260824T181001Z-27103c
23422,PANTRY HOOK BALLOON WHISK,2011-11,2011-12,M2_gbm_poisson,54.340649,7.836625,abc_group,2,1.645000,12.891247,68,0.144213,C,49,69.666667,1,3,Forecast,20260824T181001Z-27103c
23423,PANTRY 3 HOOK ROLLING PIN HANGER,2011-11,2011-12,M2_gbm_poisson,58.817589,7.836625,abc_group,2,1.645000,12.891247,72,0.133236,C,63,69.666667,1,3,Forecast,20260824T181001Z-27103c
23424,GINGHAM RECIPE BOOK BOX,2011-11,2011-12,M2_gbm_poisson,91.687001,7.836625,abc_group,2,1.645000,12.891247,105,0.085471,C,114,144.333333,1,3,Forecast,20260824T181001Z-27103c
23425,STORAGE TIN HOME SWEET HOME,2011-11,2011-12,M2_gbm_poisson,50.636306,7.836625,abc_group,2,1.645000,12.891247,64,0.154763,C,46,57.333333,1,3,Forecast,20260824T181001Z-27103c
23426,METAL SIGN DROP YOUR PANTS,2011-11,2011-12,M2_gbm_poisson,197.985577,7.836625,abc_group,2,1.645000,12.891247,211,0.039582,C,432,401.666667,1,3,Forecast,20260824T181001Z-27103c
23427,STOOL HOME SWEET HOME,2011-11,2011-12,M2_gbm_poisson,27.242069,7.836625,abc_group,2,1.645000,12.891247,41,0.287666,C,12,78.000000,1,3,Forecast,20260824T181001Z-27103c
23428,IVORY RETRO KITCHEN WALL CLOCK,2011-11,2011-12,M2_gbm_poisson,70.609604,7.836625,abc_group,0,1.645000,12.891247,84,0.110985,C,41,13.666667,1,1,Forecast,20260824T181001Z-27103c
23429,RED RETRO KITCHEN WALL CLOCK,2011-11,2011-12,M2_gbm_poisson,63.966439,7.836625,abc_group,0,1.645000,12.891247,77,0.122512,C,31,10.333333,1,1,Forecast,20260824T181001Z-27103c
23430,BLUE RETRO KITCHEN WALL CLOCK,2011-11,2011-12,M2_gbm_poisson,52.755959,7.836625,abc_group,0,1.645000,12.891247,66,0.148545,C,21,7.000000,1,1,Forecast,20260824T181001Z-27103c
23431,NATURAL HANGING QUILTED HEARTS,2011-11,2011-12,M2_gbm_poisson,111.835584,7.836625,abc_group,3,1.645000,12.891247,125,0.070073,C,156,279.000000,1,4,Forecast,20260824T181001Z-27103c
23432,PRETTY HANGING QUILTED HEARTS,2011-11,2011-12,M2_gbm_poisson,85.113274,7.836625,abc_group,3,1.645000,12.891247,99,0.092073,C,132,405.333333,1,4,Forecast,20260824T181001Z-27103c
23433,HANGING QUILTED PATCHWORK APPLES,2011-11,2011-12,M2_gbm_poisson,126.418137,7.836625,abc_group,3,1.645000,12.891247,140,0.061990,C,240,386.000000,1,4,Forecast,20260824T181001Z-27103c
23434,3 RAFFIA RIBBONS 50'S CHRISTMAS,2011-11,2011-12,M2_gbm_poisson,359.628366,7.836625,abc_group,2,1.645000,12.891247,373,0.021791,C,877,647.000000,1,3,Forecast,20260824T181001Z-27103c
23435,3 RAFFIA RIBBONS VINTAGE CHRISTMAS,2011-11,2011-12,M2_gbm_poisson,132.935242,7.836625,abc_group,2,1.645000,12.891247,146,0.058951,C,189,254.000000,1,3,Forecast,20260824T181001Z-27103c
23436,VINTAGE CHRISTMAS GIFT BAG LARGE,2011-11,2011-12,M2_gbm_poisson,199.638069,7.836625,abc_group,3,1.645000,12.891247,213,0.039254,C,300,578.000000,1,4,Forecast,20260824T181001Z-27103c
23437,50'S CHRISTMAS GIFT BAG LARGE,2011-11,2011-12,M2_gbm_poisson,272.347720,7.836625,abc_group,3,1.645000,12.891247,286,0.028774,C,496,616.666667,1,4,Forecast,20260824T181001Z-27103c
23438,RED SPOT GIFT BAG LARGE,2011-11,2011-12,M2_gbm_poisson,181.569151,7.836625,abc_group,3,1.645000,12.891247,195,0.043161,C,389,547.666667,1,4,Forecast,20260824T181001Z-27103c
23439,HAND WARMER RED LOVE HEART,2011-11,2011-12,M2_gbm_poisson,773.529322,7.836625,abc_group,3,1.645000,12.891247,787,0.010131,C,1602,1167.666667,1,4,Forecast,20260824T181001Z-27103c
23440,PAINT YOUR OWN EGGS IN CRATE,2011-11,2011-12,M2_gbm_poisson,60.956101,7.836625,abc_group,0,1.645000,12.891247,74,0.128562,C,19,6.333333,1,1,Forecast,20260824T181001Z-27103c
23441,HAND PAINTED HANGING EASTER EGG,2011-11,2011-12,M2_gbm_poisson,185.262709,7.836625,abc_group,0,1.645000,12.891247,199,0.042300,C,20,6.666667,1,1,Forecast,20260824T181001Z-27103c
23442,12 HANGING EGGS HAND PAINTED,2011-11,2011-12,M2_gbm_poisson,88.009047,7.836625,abc_group,0,1.645000,12.891247,101,0.089043,C,31,10.333333,1,1,Forecast,20260824T181001Z-27103c
23444,Next Day Carriage,2011-11,2011-12,M2_gbm_poisson,31.110512,10.837459,product,6,1.645000,17.827620,49,0.348354,C,25,13.000000,1,7,Forecast,20260824T181001Z-27103c
23445,ICE CREAM BUBBLES,2011-11,2011-12,M2_gbm_poisson,213.301964,7.836625,abc_group,3,1.645000,12.891247,227,0.036740,C,482,799.666667,1,4,Forecast,20260824T181001Z-27103c
23446,BLUE BUNNY EASTER EGG BASKET,2011-11,2011-12,M2_gbm_poisson,21.189321,7.836625,abc_group,1,1.645000,12.891247,35,0.369838,C,0,4.333333,2,2,Forecast,20260824T181001Z-27103c
23447,PINK BUNNY EASTER EGG BASKET,2011-11,2011-12,M2_gbm_poisson,17.004977,7.836625,abc_group,1,1.645000,12.891247,30,0.460843,C,0,4.666667,2,2,Forecast,20260824T181001Z-27103c
23448,CREAM BUNNY EASTER EGG BASKET,2011-11,2011-12,M2_gbm_poisson,26.497210,7.836625,abc_group,1,1.645000,12.891247,40,0.295753,C,12,8.333333,1,2,Forecast,20260824T181001Z-27103c
23449,SET OF 6 EASTER RAINBOW CHICKS,2011-11,2011-12,M2_gbm_poisson,44.692878,7.836625,abc_group,0,1.645000,12.891247,58,0.175344,C,12,4.000000,1,1,Forecast,20260824T181001Z-27103c
23451,SQUARE MINI PORTRAIT FRAME,2011-11,2011-12,M2_gbm_poisson,112.542616,7.836625,abc_group,1,1.645000,12.891247,126,0.069633,C,161,78.666667,1,2,Forecast,20260824T181001Z-27103c
23452,HEART MINI PORTRAIT FRAME,2011-11,2011-12,M2_gbm_poisson,154.129951,7.836625,abc_group,1,1.645000,12.891247,168,0.050844,C,282,151.666667,1,2,Forecast,20260824T181001Z-27103c
23453,OVAL  MINI PORTRAIT FRAME,2011-11,2011-12,M2_gbm_poisson,102.100953,7.836625,abc_group,1,1.645000,12.891247,115,0.076754,C,172,94.333333,1,2,Forecast,20260824T181001Z-27103c
23454,THREE MINI HANGING FRAMES,2011-11,2011-12,M2_gbm_poisson,86.508323,7.836625,abc_group,1,1.645000,12.891247,100,0.090588,C,113,51.000000,1,2,Forecast,20260824T181001Z-27103c
23455,SMALL PARLOUR PICTURE FRAME,2011-11,2011-12,M2_gbm_poisson,60.181489,7.836625,abc_group,1,1.645000,12.891247,74,0.130217,C,92,62.000000,1,2,Forecast,20260824T181001Z-27103c
23456,MEDIUM PARLOUR PICTURE FRAME,2011-11,2011-12,M2_gbm_poisson,58.625793,7.836625,abc_group,1,1.645000,12.891247,72,0.133672,C,74,50.333333,1,2,Forecast,20260824T181001Z-27103c
23457,LARGE PARLOUR PICTURE FRAME,2011-11,2011-12,M2_gbm_poisson,65.541116,7.836625,abc_group,1,1.645000,12.891247,79,0.119568,C,63,31.666667,1,2,Forecast,20260824T181001Z-27103c
23458,DOLLY CABINET 3 DRAWERS,2011-11,2011-12,M2_gbm_poisson,29.804824,7.836625,abc_group,1,1.645000,12.891247,43,0.262931,C,30,14.000000,1,2,Forecast,20260824T181001Z-27103c
23459,DOLLY CABINET 2 DRAWERS,2011-11,2011-12,M2_gbm_poisson,22.947383,7.836625,abc_group,1,1.645000,12.891247,36,0.341504,C,14,9.333333,1,2,Forecast,20260824T181001Z-27103c
23460,SWEETHEART WALL TIDY,2011-11,2011-12,M2_gbm_poisson,44.919086,7.836625,abc_group,1,1.645000,12.891247,58,0.174461,C,51,24.333333,1,2,Forecast,20260824T181001Z-27103c
23461,SWEETHEART BIRD HOUSE,2011-11,2011-12,M2_gbm_poisson,70.147030,7.836625,abc_group,2,1.645000,12.891247,84,0.111717,C,83,67.333333,1,3,Forecast,20260824T181001Z-27103c
23462,ROCOCO WALL MIRROR WHITE,2011-11,2011-12,M2_gbm_poisson,36.780734,7.836625,abc_group,1,1.645000,12.891247,50,0.213063,C,32,26.000000,1,2,Forecast,20260824T181001Z-27103c
23463,VINTAGE ZINC WATERING CAN,2011-11,2011-12,M2_gbm_poisson,20.202553,7.836625,abc_group,1,1.645000,12.891247,34,0.387903,C,8,3.333333,1,2,Forecast,20260824T181001Z-27103c
23464,VINTAGE ZINC WATERING CAN SMALL,2011-11,2011-12,M2_gbm_poisson,25.553846,7.836625,abc_group,1,1.645000,12.891247,39,0.306671,C,12,4.333333,1,2,Forecast,20260824T181001Z-27103c
23465,TUSCAN VILLA BIRD FEEDER,2011-11,2011-12,M2_gbm_poisson,28.241433,7.836625,abc_group,1,1.645000,12.891247,42,0.277487,C,16,9.333333,1,2,Forecast,20260824T181001Z-27103c
23466,TUSCAN VILLA DOVECOTE BIRD FEEDER,2011-11,2011-12,M2_gbm_poisson,34.281161,7.836625,abc_group,2,1.645000,12.891247,48,0.228599,C,28,17.000000,1,3,Forecast,20260824T181001Z-27103c
23467,VINTAGE ZINC PLANTER,2011-11,2011-12,M2_gbm_poisson,24.084775,7.836625,abc_group,1,1.645000,12.891247,37,0.325377,C,8,6.666667,1,2,Forecast,20260824T181001Z-27103c
23468,TUSCAN VILLA BIRD TABLE,2011-11,2011-12,M2_gbm_poisson,24.882821,7.836625,abc_group,1,1.645000,12.891247,38,0.314941,C,8,6.333333,1,2,Forecast,20260824T181001Z-27103c
23469,CARD HOLDER LOVE BIRD SMALL,2011-11,2011-12,M2_gbm_poisson,80.362160,7.836625,abc_group,2,1.645000,12.891247,94,0.097516,C,100,106.333333,1,3,Forecast,20260824T181001Z-27103c
23470,CARD HOLDER LOVE BIRD LARGE,2011-11,2011-12,M2_gbm_poisson,65.605427,7.836625,abc_group,1,1.645000,12.891247,79,0.119451,C,77,74.666667,1,2,Forecast,20260824T181001Z-27103c
23471,SIX DRAWER OFFICE TIDY,2011-11,2011-12,M2_gbm_poisson,31.822190,7.836625,abc_group,2,1.645000,12.891247,45,0.246263,C,18,20.666667,1,3,Forecast,20260824T181001Z-27103c
23472,NINE DRAWER OFFICE TIDY,2011-11,2011-12,M2_gbm_poisson,30.095456,7.836625,abc_group,1,1.645000,12.891247,43,0.260392,C,18,16.666667,1,2,Forecast,20260824T181001Z-27103c
23473,WOODLAND SMALL RED FELT HEART,2011-11,2011-12,M2_gbm_poisson,168.548923,7.836625,abc_group,1,1.645000,12.891247,182,0.046495,C,347,202.000000,1,2,Forecast,20260824T181001Z-27103c
23474,WOODLAND SMALL BLUE FELT HEART,2011-11,2011-12,M2_gbm_poisson,132.342843,7.836625,abc_group,1,1.645000,12.891247,146,0.059215,C,216,86.000000,1,2,Forecast,20260824T181001Z-27103c
23475,WOODLAND SMALL PINK FELT HEART,2011-11,2011-12,M2_gbm_poisson,175.402777,7.836625,abc_group,1,1.645000,12.891247,189,0.044678,C,223,82.666667,1,2,Forecast,20260824T181001Z-27103c
23476,WOODLAND LARGE RED FELT HEART,2011-11,2011-12,M2_gbm_poisson,100.659397,7.836625,abc_group,1,1.645000,12.891247,114,0.077853,C,167,68.333333,1,2,Forecast,20260824T181001Z-27103c
23477,WOODLAND LARGE BLUE FELT HEART,2011-11,2011-12,M2_gbm_poisson,61.102998,7.836625,abc_group,1,1.645000,12.891247,74,0.128253,C,67,30.666667,1,2,Forecast,20260824T181001Z-27103c
23478,WOODLAND LARGE PINK FELT HEART,2011-11,2011-12,M2_gbm_poisson,66.246130,7.836625,abc_group,1,1.645000,12.891247,80,0.118296,C,68,91.000000,1,2,Forecast,20260824T181001Z-27103c
23479,WIRE EGG BASKET,2011-11,2011-12,M2_gbm_poisson,54.877191,7.836625,abc_group,1,1.645000,12.891247,68,0.142803,C,77,35.000000,1,2,Forecast,20260824T181001Z-27103c
23480,MINI LIGHTS WOODLAND MUSHROOMS,2011-11,2011-12,M2_gbm_poisson,563.468397,7.836625,abc_group,1,1.645000,12.891247,577,0.013908,C,1036,519.666667,1,2,Forecast,20260824T181001Z-27103c
23481,PEARLISED IVORY HEART SMALL,2011-11,2011-12,M2_gbm_poisson,90.496828,7.836625,abc_group,1,1.645000,12.891247,104,0.086596,C,138,68.000000,1,2,Forecast,20260824T181001Z-27103c
23482,PEARLISED IVORY HEART LARGE,2011-11,2011-12,M2_gbm_poisson,93.541368,7.836625,abc_group,1,1.645000,12.891247,107,0.083777,C,127,126.666667,1,2,Forecast,20260824T181001Z-27103c
23483,HANGING  BUTTERFLY T-LIGHT HOLDER,2011-11,2011-12,M2_gbm_poisson,261.511000,7.836625,abc_group,1,1.645000,12.891247,275,0.029967,C,603,368.333333,1,2,Forecast,20260824T181001Z-27103c
23484,HEART TRELLIS TRIPLE T-LIGHT HOLDER,2011-11,2011-12,M2_gbm_poisson,49.721723,7.836625,abc_group,2,1.645000,12.891247,63,0.157610,C,50,57.666667,1,3,Forecast,20260824T181001Z-27103c
23485,BOTANICAL GARDENS WALL CLOCK,2011-11,2011-12,M2_gbm_poisson,53.946265,7.836625,abc_group,1,1.645000,12.891247,67,0.145267,C,78,83.666667,1,2,Forecast,20260824T181001Z-27103c
23486,ANTIQUE HEART SHELF UNIT,2011-11,2011-12,M2_gbm_poisson,52.547728,7.836625,abc_group,1,1.645000,12.891247,66,0.149133,C,78,38.333333,1,2,Forecast,20260824T181001Z-27103c
23487,SWEET HEART CAKE CARRIER,2011-11,2011-12,M2_gbm_poisson,42.831705,7.836625,abc_group,1,1.645000,12.891247,56,0.182963,C,44,25.666667,1,2,Forecast,20260824T181001Z-27103c
23489,VINTAGE BELLS GARLAND,2011-11,2011-12,M2_gbm_poisson,243.915067,7.836625,abc_group,1,1.645000,12.891247,257,0.032128,C,526,249.000000,1,2,Forecast,20260824T181001Z-27103c
23490,T-LIGHT HOLDER HANGING LOVE BIRD,2011-11,2011-12,M2_gbm_poisson,174.438029,7.836625,abc_group,1,1.645000,12.891247,188,0.044925,C,345,166.000000,1,2,Forecast,20260824T181001Z-27103c
23491,VINTAGE JINGLE BELLS HEART,2011-11,2011-12,M2_gbm_poisson,90.706775,7.836625,abc_group,1,1.645000,12.891247,104,0.086395,C,132,66.333333,1,2,Forecast,20260824T181001Z-27103c
23492,VINTAGE JINGLE BELLS WREATH,2011-11,2011-12,M2_gbm_poisson,41.799728,7.836625,abc_group,1,1.645000,12.891247,55,0.187480,C,51,23.000000,1,2,Forecast,20260824T181001Z-27103c
23493,VINTAGE DOILY TRAVEL SEWING KIT,2011-11,2011-12,M2_gbm_poisson,1079.304540,7.836625,abc_group,2,1.645000,12.891247,1093,0.007261,C,2003,1173.333333,1,3,Forecast,20260824T181001Z-27103c
23494,VINTAGE DOILY DELUXE SEWING KIT,2011-11,2011-12,M2_gbm_poisson,182.940161,7.836625,abc_group,2,1.645000,12.891247,196,0.042837,C,379,217.333333,1,3,Forecast,20260824T181001Z-27103c
23495,SET OF 3 PANTRY WOODEN SPOONS,2011-11,2011-12,M2_gbm_poisson,122.665757,7.836625,abc_group,1,1.645000,12.891247,136,0.063886,C,174,59.666667,1,2,Forecast,20260824T181001Z-27103c
23496,PANTRY KITCHEN THERMOMETER,2011-11,2011-12,M2_gbm_poisson,64.306537,7.836625,abc_group,1,1.645000,12.891247,78,0.121864,C,78,27.333333,1,2,Forecast,20260824T181001Z-27103c
23497,CLASSIC CHROME BICYCLE BELL,2011-11,2011-12,M2_gbm_poisson,854.795748,7.836625,abc_group,1,1.645000,12.891247,868,0.009168,C,1337,505.666667,1,2,Forecast,20260824T181001Z-27103c
23498,CLASSIC BICYCLE CLIPS,2011-11,2011-12,M2_gbm_poisson,464.198735,7.836625,abc_group,0,1.645000,12.891247,478,0.016882,C,517,172.333333,1,1,Forecast,20260824T181001Z-27103c
23499,SET 12 VINTAGE DOILY CHALK,2011-11,2011-12,M2_gbm_poisson,388.035771,7.836625,abc_group,1,1.645000,12.891247,401,0.020196,C,999,364.666667,1,2,Forecast,20260824T181001Z-27103c
23500,KEY RING BASEBALL BOOT ASSORTED,2011-11,2011-12,M2_gbm_poisson,322.650140,7.836625,abc_group,1,1.645000,12.891247,336,0.024288,C,679,450.333333,1,2,Forecast,20260824T181001Z-27103c
23501,KEY RING BASEBALL BOOT UNION JACK,2011-11,2011-12,M2_gbm_poisson,263.379796,7.836625,abc_group,1,1.645000,12.891247,277,0.029754,C,502,446.000000,1,2,Forecast,20260824T181001Z-27103c
23502,PLAYING CARDS VINTAGE DOILY,2011-11,2011-12,M2_gbm_poisson,127.741950,7.836625,abc_group,2,1.645000,12.891247,141,0.061347,C,240,226.333333,1,3,Forecast,20260824T181001Z-27103c
23503,PLAYING CARDS KEEP CALM & CARRY ON,2011-11,2011-12,M2_gbm_poisson,632.659113,7.836625,abc_group,2,1.645000,12.891247,646,0.012387,C,1267,1142.000000,1,3,Forecast,20260824T181001Z-27103c
23504,PLAYING CARDS JUBILEE UNION JACK,2011-11,2011-12,M2_gbm_poisson,382.739159,7.836625,abc_group,2,1.645000,12.891247,396,0.020475,C,778,606.666667,1,3,Forecast,20260824T181001Z-27103c
23505,PLAYING CARDS I LOVE LONDON,2011-11,2011-12,M2_gbm_poisson,257.649569,7.836625,abc_group,2,1.645000,12.891247,271,0.030416,C,543,372.333333,1,3,Forecast,20260824T181001Z-27103c
23506,MINI PLAYING CARDS SPACEBOY,2011-11,2011-12,M2_gbm_poisson,384.816170,7.836625,abc_group,2,1.645000,12.891247,398,0.020365,C,533,866.000000,1,3,Forecast,20260824T181001Z-27103c
23507,MINI PLAYING CARDS BUFFALO BILL,2011-11,2011-12,M2_gbm_poisson,763.653175,7.836625,abc_group,2,1.645000,12.891247,777,0.010262,C,1171,943.333333,1,3,Forecast,20260824T181001Z-27103c
23508,MINI PLAYING CARDS DOLLY GIRL,2011-11,2011-12,M2_gbm_poisson,521.097108,7.836625,abc_group,2,1.645000,12.891247,534,0.015039,C,566,854.333333,1,3,Forecast,20260824T181001Z-27103c
23509,MINI PLAYING CARDS FUN FAIR,2011-11,2011-12,M2_gbm_poisson,116.894850,7.836625,abc_group,2,1.645000,12.891247,130,0.067040,C,112,349.333333,1,3,Forecast,20260824T181001Z-27103c
23510,MINI PLAYING CARDS GYMKHANA,2011-11,2011-12,M2_gbm_poisson,596.603584,7.836625,abc_group,2,1.645000,12.891247,610,0.013135,C,1315,831.000000,1,3,Forecast,20260824T181001Z-27103c
23511,EMBROIDERED RIBBON REEL EMILY,2011-11,2011-12,M2_gbm_poisson,111.680122,7.836625,abc_group,2,1.645000,12.891247,125,0.070170,C,149,184.000000,1,3,Forecast,20260824T181001Z-27103c
23512,EMBROIDERED RIBBON REEL ROSIE,2011-11,2011-12,M2_gbm_poisson,72.662451,7.836625,abc_group,2,1.645000,12.891247,86,0.107850,C,73,162.666667,1,3,Forecast,20260824T181001Z-27103c
23513,EMBROIDERED RIBBON REEL SUSIE,2011-11,2011-12,M2_gbm_poisson,81.436491,7.836625,abc_group,2,1.645000,12.891247,95,0.096230,C,77,185.000000,1,3,Forecast,20260824T181001Z-27103c
23514,EMBROIDERED RIBBON REEL SALLY,2011-11,2011-12,M2_gbm_poisson,96.008328,7.836625,abc_group,2,1.645000,12.891247,109,0.081624,C,125,155.000000,1,3,Forecast,20260824T181001Z-27103c
23515,EMBROIDERED RIBBON REEL DAISY,2011-11,2011-12,M2_gbm_poisson,87.470247,7.836625,abc_group,2,1.645000,12.891247,101,0.089592,C,99,186.666667,1,3,Forecast,20260824T181001Z-27103c
23516,EMBROIDERED RIBBON REEL SOPHIE,2011-11,2011-12,M2_gbm_poisson,54.283440,7.836625,abc_group,2,1.645000,12.891247,68,0.144365,C,35,94.333333,1,3,Forecast,20260824T181001Z-27103c
23517,EMBROIDERED RIBBON REEL REBECCA,2011-11,2011-12,M2_gbm_poisson,60.304645,7.836625,abc_group,2,1.645000,12.891247,74,0.129951,C,64,108.666667,1,3,Forecast,20260824T181001Z-27103c
23518,EMBROIDERED RIBBON REEL RACHEL,2011-11,2011-12,M2_gbm_poisson,55.431033,7.836625,abc_group,2,1.645000,12.891247,69,0.141376,C,33,118.333333,1,3,Forecast,20260824T181001Z-27103c
23519,EMBROIDERED RIBBON REEL CLAIRE,2011-11,2011-12,M2_gbm_poisson,47.963573,7.836625,abc_group,2,1.645000,12.891247,61,0.163387,C,30,74.666667,1,3,Forecast,20260824T181001Z-27103c
23520,EMBROIDERED RIBBON REEL RUBY,2011-11,2011-12,M2_gbm_poisson,35.107942,7.836625,abc_group,2,1.645000,12.891247,48,0.223215,C,15,53.333333,1,3,Forecast,20260824T181001Z-27103c
23521,WALL ART CAT AND BIRD,2011-11,2011-12,M2_gbm_poisson,71.240781,7.836625,abc_group,1,1.645000,12.891247,85,0.110002,C,90,135.666667,1,2,Forecast,20260824T181001Z-27103c
23522,WALL ART DOG AND BALL,2011-11,2011-12,M2_gbm_poisson,64.439528,7.836625,abc_group,1,1.645000,12.891247,78,0.121612,C,66,113.333333,1,2,Forecast,20260824T181001Z-27103c
23523,WALL ART TREASURE AHOY,2011-11,2011-12,M2_gbm_poisson,59.691182,7.836625,abc_group,1,1.645000,12.891247,73,0.131286,C,61,115.333333,1,2,Forecast,20260824T181001Z-27103c
23524,WALL ART HORSE & PONY,2011-11,2011-12,M2_gbm_poisson,100.343707,7.836625,abc_group,1,1.645000,12.891247,114,0.078098,C,176,149.333333,1,2,Forecast,20260824T181001Z-27103c
23525,WALL ART BUFFALO BILL,2011-11,2011-12,M2_gbm_poisson,93.592097,7.836625,abc_group,1,1.645000,12.891247,107,0.083732,C,54,186.666667,1,2,Forecast,20260824T181001Z-27103c
23526,WALL ART DOG LICENCE,2011-11,2011-12,M2_gbm_poisson,177.127259,7.836625,abc_group,1,1.645000,12.891247,191,0.044243,C,325,279.000000,1,2,Forecast,20260824T181001Z-27103c
23527,WALL ART ANIMALS AND NATURE,2011-11,2011-12,M2_gbm_poisson,83.504320,7.836625,abc_group,1,1.645000,12.891247,97,0.093847,C,118,134.666667,1,2,Forecast,20260824T181001Z-27103c
23528,WALL ART SPACEBOY,2011-11,2011-12,M2_gbm_poisson,87.258177,7.836625,abc_group,1,1.645000,12.891247,101,0.089810,C,129,157.333333,1,2,Forecast,20260824T181001Z-27103c
23529,WALL ART DOLLY GIRL,2011-11,2011-12,M2_gbm_poisson,104.668843,7.836625,abc_group,1,1.645000,12.891247,118,0.074871,C,160,210.000000,1,2,Forecast,20260824T181001Z-27103c
23530,WALL ART ONLY ONE PERSON,2011-11,2011-12,M2_gbm_poisson,169.271659,7.836625,abc_group,1,1.645000,12.891247,183,0.046296,C,323,276.000000,1,2,Forecast,20260824T181001Z-27103c
23531,WALL ART BIG LOVE,2011-11,2011-12,M2_gbm_poisson,172.846980,7.836625,abc_group,1,1.645000,12.891247,186,0.045339,C,310,274.666667,1,2,Forecast,20260824T181001Z-27103c
23532,WALL ART WORK REST AND PLAY,2011-11,2011-12,M2_gbm_poisson,41.868177,7.836625,abc_group,1,1.645000,12.891247,55,0.187174,C,26,65.333333,1,2,Forecast,20260824T181001Z-27103c
23533,WALL ART GARDEN HAVEN,2011-11,2011-12,M2_gbm_poisson,34.087953,7.836625,abc_group,1,1.645000,12.891247,47,0.229894,C,15,65.000000,1,2,Forecast,20260824T181001Z-27103c
23534,WALL ART STOP FOR TEA,2011-11,2011-12,M2_gbm_poisson,269.801859,7.836625,abc_group,1,1.645000,12.891247,283,0.029046,C,529,428.666667,1,2,Forecast,20260824T181001Z-27103c
23535,WALL ART BICYCLE SAFETY,2011-11,2011-12,M2_gbm_poisson,236.213284,7.836625,abc_group,1,1.645000,12.891247,250,0.033176,C,439,345.666667,1,2,Forecast,20260824T181001Z-27103c
23536,WALL ART VILLAGE SHOW,2011-11,2011-12,M2_gbm_poisson,112.581599,7.836625,abc_group,1,1.645000,12.891247,126,0.069608,C,147,199.000000,1,2,Forecast,20260824T181001Z-27103c
23537,WALL ART I LOVE LONDON,2011-11,2011-12,M2_gbm_poisson,52.861586,7.836625,abc_group,1,1.645000,12.891247,66,0.148248,C,58,36.666667,1,2,Forecast,20260824T181001Z-27103c
23538,WALL ART VINTAGE HEART,2011-11,2011-12,M2_gbm_poisson,46.512171,7.836625,abc_group,1,1.645000,12.891247,60,0.168485,C,23,109.333333,1,2,Forecast,20260824T181001Z-27103c
23539,WALL ART LOVES' SECRET,2011-11,2011-12,M2_gbm_poisson,47.415101,7.836625,abc_group,1,1.645000,12.891247,61,0.165277,C,36,80.000000,1,2,Forecast,20260824T181001Z-27103c
23540,WALL ART THE MAGIC FOREST,2011-11,2011-12,M2_gbm_poisson,27.316821,7.836625,abc_group,1,1.645000,12.891247,41,0.286879,C,8,49.666667,1,2,Forecast,20260824T181001Z-27103c
23541,WALL ART CLASSIC PUDDINGS,2011-11,2011-12,M2_gbm_poisson,175.531481,7.836625,abc_group,1,1.645000,12.891247,189,0.044645,C,313,288.000000,1,2,Forecast,20260824T181001Z-27103c
23542,WALL ART 70'S ALPHABET,2011-11,2011-12,M2_gbm_poisson,98.022828,7.836625,abc_group,1,1.645000,12.891247,111,0.079947,C,157,122.666667,1,2,Forecast,20260824T181001Z-27103c
23543,WALL ART KEEP CALM,2011-11,2011-12,M2_gbm_poisson,107.819655,7.836625,abc_group,1,1.645000,12.891247,121,0.072683,C,161,170.666667,1,2,Forecast,20260824T181001Z-27103c
23544,WALL ART MID CENTURY MODERN,2011-11,2011-12,M2_gbm_poisson,28.649293,7.836625,abc_group,1,1.645000,12.891247,42,0.273536,C,13,53.000000,1,2,Forecast,20260824T181001Z-27103c
23545,WRAP RED VINTAGE DOILY,2011-11,2011-12,M2_gbm_poisson,160.764469,7.836625,abc_group,4,1.645000,12.891247,174,0.048746,C,450,533.333333,1,5,Forecast,20260824T181001Z-27103c
23546,WRAP PAISLEY PARK,2011-11,2011-12,M2_gbm_poisson,209.359145,7.836625,abc_group,4,1.645000,12.891247,223,0.037431,C,650,658.333333,1,5,Forecast,20260824T181001Z-27103c
23547,WRAP FLOWER SHOP,2011-11,2011-12,M2_gbm_poisson,93.750746,7.836625,abc_group,4,1.645000,12.891247,107,0.083590,C,175,291.666667,1,5,Forecast,20260824T181001Z-27103c
23548,WRAP MAGIC FOREST,2011-11,2011-12,M2_gbm_poisson,72.969986,7.836625,abc_group,4,1.645000,12.891247,86,0.107395,C,175,175.000000,1,5,Forecast,20260824T181001Z-27103c
23549,WRAP BIRD GARDEN,2011-11,2011-12,M2_gbm_poisson,90.363929,7.836625,abc_group,4,1.645000,12.891247,104,0.086723,C,200,283.333333,1,5,Forecast,20260824T181001Z-27103c
23550,WRAP ALPHABET POSTER,2011-11,2011-12,M2_gbm_poisson,118.341529,7.836625,abc_group,4,1.645000,12.891247,132,0.066220,C,250,316.666667,1,5,Forecast,20260824T181001Z-27103c
23551,PACK OF 12 PAISLEY PARK TISSUES,2011-11,2011-12,M2_gbm_poisson,230.366306,7.836625,abc_group,2,1.645000,12.891247,244,0.034018,C,473,574.333333,1,3,Forecast,20260824T181001Z-27103c
23552,BICYCLE PUNCTURE REPAIR KIT,2011-11,2011-12,M2_gbm_poisson,432.426311,7.836625,abc_group,0,1.645000,12.891247,446,0.018122,C,623,207.666667,1,1,Forecast,20260824T181001Z-27103c
23553,LANDMARK FRAME CAMDEN TOWN,2011-11,2011-12,M2_gbm_poisson,74.347748,7.836625,abc_group,1,1.645000,12.891247,88,0.105405,C,77,142.666667,1,2,Forecast,20260824T181001Z-27103c
23554,LANDMARK FRAME OXFORD STREET,2011-11,2011-12,M2_gbm_poisson,56.964697,7.836625,abc_group,1,1.645000,12.891247,70,0.137570,C,38,138.000000,1,2,Forecast,20260824T181001Z-27103c
23555,LANDMARK FRAME NOTTING HILL,2011-11,2011-12,M2_gbm_poisson,52.943782,7.836625,abc_group,1,1.645000,12.891247,66,0.148018,C,37,137.000000,1,2,Forecast,20260824T181001Z-27103c
23556,LANDMARK FRAME COVENT GARDEN,2011-11,2011-12,M2_gbm_poisson,59.062090,7.836625,abc_group,1,1.645000,12.891247,72,0.132685,C,44,141.333333,1,2,Forecast,20260824T181001Z-27103c
23557,LANDMARK FRAME BAKER STREET,2011-11,2011-12,M2_gbm_poisson,37.916608,7.836625,abc_group,1,1.645000,12.891247,51,0.206681,C,22,115.000000,1,2,Forecast,20260824T181001Z-27103c
23558,LANDMARK FRAME LONDON BRIDGE,2011-11,2011-12,M2_gbm_poisson,59.062090,7.836625,abc_group,1,1.645000,12.891247,72,0.132685,C,40,135.333333,1,2,Forecast,20260824T181001Z-27103c
23559,WOODLAND BUNNIES LOLLY MAKERS,2011-11,2011-12,M2_gbm_poisson,97.471771,7.836625,abc_group,2,1.645000,12.891247,111,0.080399,C,121,187.666667,1,3,Forecast,20260824T181001Z-27103c
23560,SET OF 6 RIBBONS COUNTRY STYLE,2011-11,2011-12,M2_gbm_poisson,95.662987,7.836625,abc_group,0,1.645000,12.891247,109,0.081919,C,49,16.333333,1,1,Forecast,20260824T181001Z-27103c
23561,SET OF 6 RIBBONS PARTY,2011-11,2011-12,M2_gbm_poisson,94.808946,7.836625,abc_group,0,1.645000,12.891247,108,0.082657,C,51,17.000000,1,1,Forecast,20260824T181001Z-27103c
23562,SET OF 6 RIBBONS PERFECTLY PRETTY,2011-11,2011-12,M2_gbm_poisson,92.261233,7.836625,abc_group,0,1.645000,12.891247,106,0.084940,C,33,11.000000,1,1,Forecast,20260824T181001Z-27103c
23564,EGG CUP MILKMAID INGRID,2011-11,2011-12,M2_gbm_poisson,125.331346,7.836625,abc_group,1,1.645000,12.891247,139,0.062527,C,220,204.666667,1,2,Forecast,20260824T181001Z-27103c
23565,EGG CUP MILKMAID HELGA,2011-11,2011-12,M2_gbm_poisson,125.528993,7.836625,abc_group,1,1.645000,12.891247,139,0.062429,C,205,125.000000,1,2,Forecast,20260824T181001Z-27103c
23566,EGG CUP MILKMAID HEIDI,2011-11,2011-12,M2_gbm_poisson,178.484990,7.836625,abc_group,1,1.645000,12.891247,192,0.043906,C,322,234.333333,1,2,Forecast,20260824T181001Z-27103c
23567,EGG CUP HENRIETTA HEN PINK,2011-11,2011-12,M2_gbm_poisson,82.704774,7.836625,abc_group,1,1.645000,12.891247,96,0.094754,C,124,67.000000,1,2,Forecast,20260824T181001Z-27103c
23568,EGG CUP HENRIETTA HEN CREAM,2011-11,2011-12,M2_gbm_poisson,126.171956,7.836625,abc_group,1,1.645000,12.891247,140,0.062111,C,219,159.000000,1,2,Forecast,20260824T181001Z-27103c
23569,TRADTIONAL ALPHABET STAMP SET,2011-11,2011-12,M2_gbm_poisson,251.511496,7.836625,abc_group,1,1.645000,12.891247,265,0.031158,C,557,232.000000,1,2,Forecast,20260824T181001Z-27103c
23570,TRADITIONAL PICK UP STICKS GAME,2011-11,2011-12,M2_gbm_poisson,1027.769338,7.836625,abc_group,1,1.645000,12.891247,1041,0.007625,C,2058,788.000000,1,2,Forecast,20260824T181001Z-27103c
23571,TRADITIONAL NAUGHTS & CROSSES,2011-11,2011-12,M2_gbm_poisson,937.826844,7.836625,abc_group,1,1.645000,12.891247,951,0.008356,C,2247,870.333333,1,2,Forecast,20260824T181001Z-27103c
23574,PACKING CHARGE,2011-11,2011-12,M2_gbm_poisson,15.437905,7.836625,abc_group,4,1.645000,12.891247,29,0.507622,C,5,3.666667,1,5,Forecast,20260824T181001Z-27103c
23575,SNACK TRAY PAISLEY PARK,2011-11,2011-12,M2_gbm_poisson,86.302842,7.836625,abc_group,0,1.645000,12.891247,100,0.090804,C,29,9.666667,1,1,Forecast,20260824T181001Z-27103c
23576,SNACK TRAY RED VINTAGE DOILY,2011-11,2011-12,M2_gbm_poisson,93.289845,7.836625,abc_group,0,1.645000,12.891247,107,0.084003,C,40,13.333333,1,1,Forecast,20260824T181001Z-27103c
23578,SNACK TRAY RED GINGHAM,2011-11,2011-12,M2_gbm_poisson,56.935319,7.836625,abc_group,0,1.645000,12.891247,70,0.137641,C,19,6.333333,1,1,Forecast,20260824T181001Z-27103c
23579,SNACK TRAY I LOVE LONDON,2011-11,2011-12,M2_gbm_poisson,44.106086,7.836625,abc_group,1,1.645000,12.891247,57,0.177677,C,24,10.333333,1,2,Forecast,20260824T181001Z-27103c
23580,SNACK TRAY HAPPY FOREST,2011-11,2011-12,M2_gbm_poisson,93.863373,7.836625,abc_group,0,1.645000,12.891247,107,0.083490,C,42,14.000000,1,1,Forecast,20260824T181001Z-27103c
23581,JUMBO BAG PAISLEY PARK,2011-11,2011-12,M2_gbm_poisson,1460.383126,7.836625,abc_group,1,1.645000,12.891247,1474,0.005366,C,3159,1443.666667,1,2,Forecast,20260824T181001Z-27103c
23582,VINTAGE DOILY JUMBO BAG RED,2011-11,2011-12,M2_gbm_poisson,996.257696,7.836625,abc_group,1,1.645000,12.891247,1010,0.007866,C,2099,900.333333,1,2,Forecast,20260824T181001Z-27103c
23583,LUNCH BAG PAISLEY PARK,2011-11,2011-12,M2_gbm_poisson,1071.630530,7.836625,abc_group,1,1.645000,12.891247,1085,0.007313,C,2316,999.000000,1,2,Forecast,20260824T181001Z-27103c
23597,PAPER BUNTING PAISLEY PARK,2011-11,2011-12,M2_gbm_poisson,159.369167,7.836625,abc_group,0,1.645000,12.891247,173,0.049173,C,110,36.666667,1,1,Forecast,20260824T181001Z-27103c
23598,PAPER BUNTING VINTAGE PARTY,2011-11,2011-12,M2_gbm_poisson,194.614781,7.836625,abc_group,0,1.645000,12.891247,208,0.040267,C,217,72.333333,1,1,Forecast,20260824T181001Z-27103c
23601,SET 10 CARDS SNOWY SNOWDROPS  17100,2011-11,2011-12,M2_gbm_poisson,26.110915,7.836625,abc_group,2,1.645000,12.891247,40,0.300128,C,7,2.666667,1,3,Forecast,20260824T181001Z-27103c
23602,SET 10 CARDS 3 WISE MEN 17107,2011-11,2011-12,M2_gbm_poisson,8.987869,7.836625,abc_group,0,1.645000,12.891247,22,0.871911,C,1,0.333333,1,1,Forecast,20260824T181001Z-27103c
23603,SET 10 CARD KRAFT REINDEER 17084,2011-11,2011-12,M2_gbm_poisson,28.260380,7.836625,abc_group,1,1.645000,12.891247,42,0.277301,C,10,4.333333,1,2,Forecast,20260824T181001Z-27103c
23604,SET 10 MINI SANTA & SNOWMAN  17087,2011-11,2011-12,M2_gbm_poisson,52.230737,7.836625,abc_group,1,1.645000,12.891247,66,0.150039,C,0,1.333333,2,2,Forecast,20260824T181001Z-27103c
23605,SET 10 CARDS 12 DAYS OF XMAS 17059,2011-11,2011-12,M2_gbm_poisson,10.699678,7.836625,abc_group,1,1.645000,12.891247,24,0.732417,C,0,1.333333,2,2,Forecast,20260824T181001Z-27103c
23607,SET 10 CARDS HATS & STOCKINGS 17081,2011-11,2011-12,M2_gbm_poisson,19.013977,7.836625,abc_group,2,1.645000,12.891247,32,0.412151,C,4,2.666667,1,3,Forecast,20260824T181001Z-27103c
23608,SET 10 CARDS RUDOLPHS NOSE 17097,2011-11,2011-12,M2_gbm_poisson,13.489281,7.836625,abc_group,0,1.645000,12.891247,27,0.580952,C,3,1.000000,1,1,Forecast,20260824T181001Z-27103c
23609,SET 10 CARDS SNOWY ROBIN 17099,2011-11,2011-12,M2_gbm_poisson,8.987869,7.836625,abc_group,0,1.645000,12.891247,22,0.871911,C,1,0.333333,1,1,Forecast,20260824T181001Z-27103c
23610,SET 10 CARDS CHRISTMAS ROBIN 17095,2011-11,2011-12,M2_gbm_poisson,9.118624,7.836625,abc_group,2,1.645000,12.891247,23,0.859409,C,1,1.000000,1,3,Forecast,20260824T181001Z-27103c
23611,SET 10 CARDS RED RIDING HOOD 17214,2011-11,2011-12,M2_gbm_poisson,37.576323,7.836625,abc_group,2,1.645000,12.891247,51,0.208552,C,21,12.000000,1,3,Forecast,20260824T181001Z-27103c
23612,SET 10 MINICARDS CUTE SNOWMAN 17071,2011-11,2011-12,M2_gbm_poisson,21.957855,7.836625,abc_group,1,1.645000,12.891247,35,0.356894,C,4,1.666667,1,2,Forecast,20260824T181001Z-27103c
23613,SET 10 XMAS CARDS & BADGES 17070,2011-11,2011-12,M2_gbm_poisson,25.495306,7.836625,abc_group,2,1.645000,12.891247,39,0.307375,C,8,3.666667,1,3,Forecast,20260824T181001Z-27103c
23614,SET 10 CARDS 12 DAYS WRAP  17058,2011-11,2011-12,M2_gbm_poisson,24.084298,7.836625,abc_group,2,1.645000,12.891247,37,0.325383,C,3,6.000000,1,3,Forecast,20260824T181001Z-27103c
23615,SET 10 CARDS PRINTED GRAPHIC 17219,2011-11,2011-12,M2_gbm_poisson,10.904570,7.836625,abc_group,1,1.645000,12.891247,24,0.718655,C,2,1.000000,1,2,Forecast,20260824T181001Z-27103c
23616,SET 10 CARDS JINGLE BELLS 17217,2011-11,2011-12,M2_gbm_poisson,36.899490,7.836625,abc_group,0,1.645000,12.891247,50,0.212378,C,5,1.666667,1,1,Forecast,20260824T181001Z-27103c
23617,SET 10 CARDS SWIRLY XMAS TREE 17104,2011-11,2011-12,M2_gbm_poisson,12.541735,7.836625,abc_group,0,1.645000,12.891247,26,0.624844,C,2,0.666667,1,1,Forecast,20260824T181001Z-27103c
23619,SET 10 CARDS POINSETTIA 17093,2011-11,2011-12,M2_gbm_poisson,11.684494,7.836625,abc_group,1,1.645000,12.891247,25,0.670686,C,1,1.333333,1,2,Forecast,20260824T181001Z-27103c
23620,SET 10 CARDS PERFECT POST 17090,2011-11,2011-12,M2_gbm_poisson,19.944368,7.836625,abc_group,2,1.645000,12.891247,33,0.392924,C,2,3.333333,1,3,Forecast,20260824T181001Z-27103c
23621,SET 10 CARDS DAVID'S MADONNA 17074,2011-11,2011-12,M2_gbm_poisson,12.219653,7.836625,abc_group,0,1.645000,12.891247,26,0.641313,C,2,0.666667,1,1,Forecast,20260824T181001Z-27103c
23623,SET 10 CARD CHRISTMAS WELCOME 17112,2011-11,2011-12,M2_gbm_poisson,16.710998,7.836625,abc_group,2,1.645000,12.891247,30,0.468950,C,4,2.666667,1,3,Forecast,20260824T181001Z-27103c
23624,SET 10 CARD PERFECT NATIVITY 17089,2011-11,2011-12,M2_gbm_poisson,7.772741,7.836625,abc_group,2,1.645000,12.891247,21,1.008219,C,2,1.333333,1,3,Forecast,20260824T181001Z-27103c
23625,SET 6 CARDS SPARKLY REINDEER 17262,2011-11,2011-12,M2_gbm_poisson,13.248469,7.836625,abc_group,2,1.645000,12.891247,27,0.591512,C,1,2.666667,1,3,Forecast,20260824T181001Z-27103c
23626,SET 10 CARDS DINKY TREE 17076,2011-11,2011-12,M2_gbm_poisson,37.284078,7.836625,abc_group,1,1.645000,12.891247,51,0.210187,C,30,11.666667,1,2,Forecast,20260824T181001Z-27103c
23627,SET 10 CARDS XMAS GRAPHIC  17218,2011-11,2011-12,M2_gbm_poisson,38.887229,7.836625,abc_group,0,1.645000,12.891247,52,0.201522,C,7,2.333333,1,1,Forecast,20260824T181001Z-27103c
23628,SET 10 CARDS TRIANGLE ICONS  17220,2011-11,2011-12,M2_gbm_poisson,5.069005,7.836625,abc_group,1,1.645000,12.891247,18,1.545989,C,0,0.333333,2,2,Forecast,20260824T181001Z-27103c
23629,SET 10 CARDS DRESSING UP 17077,2011-11,2011-12,M2_gbm_poisson,25.888991,7.836625,abc_group,2,1.645000,12.891247,39,0.302701,C,11,8.000000,1,3,Forecast,20260824T181001Z-27103c
23630,SET 10 CARDS HANGING BAUBLES 17080,2011-11,2011-12,M2_gbm_poisson,6.911626,7.836625,abc_group,2,1.645000,12.891247,20,1.133832,C,1,0.666667,1,3,Forecast,20260824T181001Z-27103c
23632,SET 10 CARDS CHEERFUL ROBIN 17065,2011-11,2011-12,M2_gbm_poisson,28.741965,7.836625,abc_group,2,1.645000,12.891247,42,0.272654,C,11,5.000000,1,3,Forecast,20260824T181001Z-27103c
23633,SET 10 CARDS WORLD CHILDREN 17067,2011-11,2011-12,M2_gbm_poisson,10.904570,7.836625,abc_group,1,1.645000,12.891247,24,0.718655,C,2,1.000000,1,2,Forecast,20260824T181001Z-27103c
23634,SET 10 CARDS XMAS CHOIR 17068,2011-11,2011-12,M2_gbm_poisson,5.466298,7.836625,abc_group,2,1.645000,12.891247,19,1.433625,C,1,1.333333,1,3,Forecast,20260824T181001Z-27103c
23635,SET 10 CARDS CHRISTMAS HOLLY  17259,2011-11,2011-12,M2_gbm_poisson,5.846317,7.836625,abc_group,1,1.645000,12.891247,19,1.340438,C,1,0.666667,1,2,Forecast,20260824T181001Z-27103c
23636,SET 10 CARDS WISHING TREE 17116,2011-11,2011-12,M2_gbm_poisson,8.388419,7.836625,abc_group,1,1.645000,12.891247,22,0.934220,C,2,1.000000,1,2,Forecast,20260824T181001Z-27103c
23637,SET 10 CARDS OUT OF ORDER 17216,2011-11,2011-12,M2_gbm_poisson,21.203419,7.836625,abc_group,2,1.645000,12.891247,35,0.369592,C,4,3.333333,1,3,Forecast,20260824T181001Z-27103c
23638,SET 10 CARDS ROBIN WATERPUMP  17096,2011-11,2011-12,M2_gbm_poisson,5.479605,7.836625,abc_group,2,1.645000,12.891247,19,1.430144,C,1,0.666667,1,3,Forecast,20260824T181001Z-27103c
23639,SET 10 CARDS MAGICAL TREE 17086,2011-11,2011-12,M2_gbm_poisson,5.698393,7.836625,abc_group,2,1.645000,12.891247,19,1.375234,C,2,1.333333,1,3,Forecast,20260824T181001Z-27103c
23640,SET 10 CARDS SCOTTIE DOG 17211,2011-11,2011-12,M2_gbm_poisson,16.698499,7.836625,abc_group,2,1.645000,12.891247,30,0.469301,C,0,2.333333,2,3,Forecast,20260824T181001Z-27103c
23643,SET 10 CARDS CHRISTMAS BAUBLE 16954,2011-11,2011-12,M2_gbm_poisson,5.069005,7.836625,abc_group,1,1.645000,12.891247,18,1.545989,C,0,0.333333,2,2,Forecast,20260824T181001Z-27103c
23644,SET 10 CARDS CHRISTMAS TREE 16955,2011-11,2011-12,M2_gbm_poisson,5.466298,7.836625,abc_group,2,1.645000,12.891247,19,1.433625,C,1,1.333333,1,3,Forecast,20260824T181001Z-27103c
23645,SET 10 CHRISTMAS CARDS HOHOHO 16956,2011-11,2011-12,M2_gbm_poisson,31.288036,7.836625,abc_group,1,1.645000,12.891247,45,0.250467,C,6,2.333333,1,2,Forecast,20260824T181001Z-27103c
23646,SET 10 CARDS JINGLE BELLS 16957,2011-11,2011-12,M2_gbm_poisson,35.361536,7.836625,abc_group,2,1.645000,12.891247,49,0.221614,C,6,2.666667,1,3,Forecast,20260824T181001Z-27103c
23649,SET 10 CARDS DECK THE HALLS 16960,2011-11,2011-12,M2_gbm_poisson,12.219653,7.836625,abc_group,0,1.645000,12.891247,26,0.641313,C,2,0.666667,1,1,Forecast,20260824T181001Z-27103c
23650,SET 10 CARDS FILIGREE BAUBLE 16961,2011-11,2011-12,M2_gbm_poisson,9.557228,7.836625,abc_group,2,1.645000,12.891247,23,0.819968,C,2,1.000000,1,3,Forecast,20260824T181001Z-27103c
23652,SET 10 CARD CHRISTMAS STAMPS 16963,2011-11,2011-12,M2_gbm_poisson,12.541735,7.836625,abc_group,0,1.645000,12.891247,26,0.624844,C,2,0.666667,1,1,Forecast,20260824T181001Z-27103c
23654,SET 10 CARD SNOWMAN 16965,2011-11,2011-12,M2_gbm_poisson,10.520094,7.836625,abc_group,1,1.645000,12.891247,24,0.744920,C,2,1.000000,1,2,Forecast,20260824T181001Z-27103c
23660,HENRIETTA HEN MUG,2011-11,2011-12,M2_gbm_poisson,107.637731,7.836625,abc_group,1,1.645000,12.891247,121,0.072806,C,179,97.333333,1,2,Forecast,20260824T181001Z-27103c
23661,MILK MAIDS MUG,2011-11,2011-12,M2_gbm_poisson,80.035007,7.836625,abc_group,1,1.645000,12.891247,93,0.097915,C,109,68.666667,1,2,Forecast,20260824T181001Z-27103c
23664,FLOWER SHOP DESIGN MUG,2011-11,2011-12,M2_gbm_poisson,9.828593,7.836625,abc_group,0,1.645000,12.891247,23,0.797329,C,1,0.333333,1,1,Forecast,20260824T181001Z-27103c
23681,LUNCH BAG RED VINTAGE DOILY,2011-11,2011-12,M2_gbm_poisson,896.359630,7.836625,abc_group,0,1.645000,12.891247,910,0.008743,C,1271,423.666667,1,1,Forecast,20260824T181001Z-27103c
23691,WRAP KEEP CALM BIRTHDAY,2011-11,2011-12,M2_gbm_poisson,333.544563,7.836625,abc_group,0,1.645000,12.891247,347,0.023495,C,875,291.666667,1,1,Forecast,20260824T181001Z-27103c
23692,WRAP A PRETTY THANK YOU,2011-11,2011-12,M2_gbm_poisson,124.599422,7.836625,abc_group,0,1.645000,12.891247,138,0.062895,C,50,16.666667,1,1,Forecast,20260824T181001Z-27103c
23694,PAISLEY PARK CARD,2011-11,2011-12,M2_gbm_poisson,314.628706,7.836625,abc_group,0,1.645000,12.891247,328,0.024908,C,274,91.333333,1,1,Forecast,20260824T181001Z-27103c
23695,DOILY THANK YOU CARD,2011-11,2011-12,M2_gbm_poisson,417.857058,7.836625,abc_group,0,1.645000,12.891247,431,0.018754,C,495,165.000000,1,1,Forecast,20260824T181001Z-27103c
23697,A PRETTY THANK YOU CARD,2011-11,2011-12,M2_gbm_poisson,300.727522,7.836625,abc_group,0,1.645000,12.891247,314,0.026059,C,358,119.333333,1,1,Forecast,20260824T181001Z-27103c
23702,High Resolution Image,2011-11,2011-12,M2_gbm_poisson,8.659301,7.836625,abc_group,1,1.645000,12.891247,22,0.904995,C,3,1.333333,1,2,Forecast,20260824T181001Z-27103c
23843,"PAPER CRAFT , LITTLE BIRDIE",2011-11,2011-12,M2_gbm_poisson,,,,,,,,,C,,,,,Insufficient History / New Product,20260824T181001Z-27103c
30086C,ASSORTED FRUIT STRAWS,2011-11,2011-12,M2_gbm_poisson,,,,,,,,,C,0,,,,Inactive (no sales in last 6 months),20260824T181001Z-27103c
35001B,HAND OPEN SHAPE BLACK,2011-11,2011-12,M2_gbm_poisson,,,,,,,,,C,0,,,,Inactive (no sales in last 6 months),20260824T181001Z-27103c
35001G,HAND OPEN SHAPE GOLD,2011-11,2011-12,M2_gbm_poisson,38.150108,26.104161,product,18,1.645000,42.941344,82,0.684249,B,30,21.000000,1,24,Forecast,20260824T181001Z-27103c
35001P,HAND OPEN SHAPE PINK,2011-11,2011-12,M2_gbm_poisson,,,,,,,,,C,0,,,,Inactive (no sales in last 6 months),20260824T181001Z-27103c
35001W,HAND OPEN SHAPE DECO.WHITE,2011-11,2011-12,M2_gbm_poisson,,,,,,,,,B,0,,,,Inactive (no sales in last 6 months),20260824T181001Z-27103c
35004B,SET OF 3 BLACK FLYING DUCKS,2011-11,2011-12,M2_gbm_poisson,33.400909,46.016870,product,18,1.645000,75.697751,110,1.377713,A,19,42.000000,1,24,Forecast,20260824T181001Z-27103c
35004C,SET OF 3 COLOURED  FLYING DUCKS,2011-11,2011-12,M2_gbm_poisson,,,,,,,,,A,0,,,,Inactive (no sales in last 6 months),20260824T181001Z-27103c
35004G,SET OF 3 GOLD FLYING DUCKS,2011-11,2011-12,M2_gbm_poisson,20.889637,10.739484,product,18,1.645000,17.666452,39,0.514106,B,15,9.333333,1,24,Forecast,20260824T181001Z-27103c
35004P,SET OF 3 PINK FLYING DUCKS,2011-11,2011-12,M2_gbm_poisson,,,,,,,,,C,0,,,,Inactive (no sales in last 6 months),20260824T181001Z-27103c
35004S,SET OF 3 SILVER FLYING DUCKS,2011-11,2011-12,M2_gbm_poisson,,,,,,,,,C,0,,,,Inactive (no sales in last 6 months),20260824T181001Z-27103c
35015,JACOBS LADDER SMALL,2011-11,2011-12,M2_gbm_poisson,,,,,,,,,C,0,,,,Inactive (no sales in last 6 months),20260824T181001Z-27103c
35051B,PINK BEADED CONE CHRISTMAS,2011-11,2011-12,M2_gbm_poisson,,,,,,,,,C,0,,,,Inactive (no sales in last 6 months),20260824T181001Z-27103c
35071,ASSORTED SANTA CHRISTMAS DECORATION,2011-11,2011-12,M2_gbm_poisson,,,,,,,,,C,0,,,,Inactive (no sales in last 6 months),20260824T181001Z-27103c
35085E,IVORY ROSE LAMPSHADE,2011-11,2011-12,M2_gbm_poisson,,,,,,,,,C,0,,,,Inactive (no sales in last 6 months),20260824T181001Z-27103c
35095A,BLUE VICTORIAN FABRIC OVAL BOX,2011-11,2011-12,M2_gbm_poisson,71.718662,55.026033,product,18,1.645000,90.517824,163,0.767248,C,204,83.333333,1,24,Forecast,20260824T181001Z-27103c
35095B,RED VICTORIAN FABRIC OVAL BOX,2011-11,2011-12,M2_gbm_poisson,60.643557,39.247143,product,18,1.645000,64.561550,126,0.647177,C,91,69.333333,1,24,Forecast,20260824T181001Z-27103c
35096A,BLUE VICTORIAN FABRIC HEART BOX,2011-11,2011-12,M2_gbm_poisson,,,,,,,,,C,0,,,,Inactive (no sales in last 6 months),20260824T181001Z-27103c
35096B,RED VICTORIAN FABRIC HEART BOX,2011-11,2011-12,M2_gbm_poisson,,,,,,,,,C,0,,,,Inactive (no sales in last 6 months),20260824T181001Z-27103c
35160,BUDDHA INCENSE HOLDER ASSORTED,2011-11,2011-12,M2_gbm_poisson,,,,,,,,,B,0,,,,Inactive (no sales in last 6 months),20260824T181001Z-27103c
35233,PASTA ENAMEL/BRASS CONTAINER,2011-11,2011-12,M2_gbm_poisson,,,,,,,,,C,0,,,,Inactive (no sales in last 6 months),20260824T181001Z-27103c
35240,ENAMEL BLUE RIM OVAL TRAY SET/2,2011-11,2011-12,M2_gbm_poisson,,,,,,,,,C,0,,,,Inactive (no sales in last 6 months),20260824T181001Z-27103c
35241,ENAMEL BLUE RIM BISCUIT BIN,2011-11,2011-12,M2_gbm_poisson,,,,,,,,,B,0,,,,Inactive (no sales in last 6 months),20260824T181001Z-27103c
35265,COLOURFUL FLOWER FRUIT BOWL,2011-11,2011-12,M2_gbm_poisson,4.001501,1.832181,product,18,1.645000,3.013937,8,0.457873,C,0,1.000000,2,19,Forecast,20260824T181001Z-27103c
35271S,GOLD PRINT PAPER BAG,2011-11,2011-12,M2_gbm_poisson,,,,,,,,,C,0,,,,Inactive (no sales in last 6 months),20260824T181001Z-27103c
35400,WOODEN BOX ADVENT CALENDAR,2011-11,2011-12,M2_gbm_poisson,8.328246,30.219141,product,15,1.645000,49.710488,59,3.628512,A,5,1.666667,1,24,Forecast,20260824T181001Z-27103c
35443,RASTA IN BATH W SPLIFF ASHTRAY,2011-11,2011-12,M2_gbm_poisson,5.382050,3.176035,product,18,1.645000,5.224578,11,0.590116,C,3,1.666667,1,24,Forecast,20260824T181001Z-27103c
35471A,SET OF 3 BIRD L.BLUE FEATHER,2011-11,2011-12,M2_gbm_poisson,,,,,,,,,C,0,,,,Inactive (no sales in last 6 months),20260824T181001Z-27103c
35471D,SET OF 3 BIRD LIGHT PINK FEATHER,2011-11,2011-12,M2_gbm_poisson,288.484251,46.782503,product,18,1.645000,76.957218,366,0.162167,C,718,412.333333,1,24,Forecast,20260824T181001Z-27103c
35537,CANDLE RING W/CLEAR BEADS,2011-11,2011-12,M2_gbm_poisson,,,,,,,,,C,0,,,,Inactive (no sales in last 6 months),20260824T181001Z-27103c
35591T,TURQUOISE CHRISTMAS TREE,2011-11,2011-12,M2_gbm_poisson,4.727730,6.949213,product,10,1.645000,11.431455,17,1.469884,C,1,0.666667,1,15,Forecast,20260824T181001Z-27103c
35594,WOODEN CHRISTMAS TREE 3 HANGING,2011-11,2011-12,M2_gbm_poisson,,,,,,,,,C,0,,,,Inactive (no sales in last 6 months),20260824T181001Z-27103c
35596,WOOD XMAS TREE 9 FIG SHELVES,2011-11,2011-12,M2_gbm_poisson,,,,,,,,,C,0,,,,Inactive (no sales in last 6 months),20260824T181001Z-27103c
35597A,DUSTY PINK CHRISTMAS TREE 30CM,2011-11,2011-12,M2_gbm_poisson,,,,,,,,,C,0,,,,Inactive (no sales in last 6 months),20260824T181001Z-27103c
35597B,BLACKCHRISTMAS TREE 30CM,2011-11,2011-12,M2_gbm_poisson,,,,,,,,,C,0,,,,Inactive (no sales in last 6 months),20260824T181001Z-27103c
35597D,PINK/WHITE CHRISTMAS TREE 30CM,2011-11,2011-12,M2_gbm_poisson,7.127543,15.426470,product,11,1.645000,25.376543,33,2.164346,C,0,7.333333,3,24,Forecast,20260824T181001Z-27103c
35598A,DUSTY PINK CHRISTMAS TREE 60CM,2011-11,2011-12,M2_gbm_poisson,12.612596,7.836625,abc_group,1,1.645000,12.891247,26,0.621333,C,9,3.000000,1,24,Forecast,20260824T181001Z-27103c
35598B,BLACK CHRISTMAS TREE 60CM,2011-11,2011-12,M2_gbm_poisson,65.551495,29.188311,product,18,1.645000,48.014771,114,0.445273,C,135,160.000000,1,24,Forecast,20260824T181001Z-27103c
35598C,WHITE CHRISTMAS TREE 60CM,2011-11,2011-12,M2_gbm_poisson,5.842509,7.836625,abc_group,1,1.645000,12.891247,19,1.341311,C,2,0.666667,1,24,Forecast,20260824T181001Z-27103c
35598D,PINK/WHITE CHRISTMAS TREE 60CM,2011-11,2011-12,M2_gbm_poisson,62.952742,32.491968,product,18,1.645000,53.449287,117,0.516133,C,77,156.000000,1,24,Forecast,20260824T181001Z-27103c
35599B,BLACK CHRISTMAS TREE 120CM,2011-11,2011-12,M2_gbm_poisson,51.660225,6.261373,product,15,1.645000,10.299958,62,0.121203,C,80,41.333333,1,24,Forecast,20260824T181001Z-27103c
35599D,PINK AND WHITE CHRISTMAS TREE 120CM,2011-11,2011-12,M2_gbm_poisson,50.187365,23.823870,product,18,1.645000,39.190267,90,0.474699,B,80,37.666667,1,24,Forecast,20260824T181001Z-27103c
35600D,PINK AND WHITE CHRISTMAS TREE 180CM,2011-11,2011-12,M2_gbm_poisson,,,,,,,,,C,0,,,,Inactive (no sales in last 6 months),20260824T181001Z-27103c
35603B,S/16 BLACK SHINY/MAT BAUBLES,2011-11,2011-12,M2_gbm_poisson,,,,,,,,,C,0,,,,Inactive (no sales in last 6 months),20260824T181001Z-27103c
35603C,SET/16 WHITE SHINY & MATT BAUBLES,2011-11,2011-12,M2_gbm_poisson,,,,,,,,,C,0,,,,Inactive (no sales in last 6 months),20260824T181001Z-27103c
35607A,PINK FLUFFY CHRISTMAS DECORATION,2011-11,2011-12,M2_gbm_poisson,,,,,,,,,C,0,,,,Inactive (no sales in last 6 months),20260824T181001Z-27103c
35607B,BLACK FEATHER CHRISTMAS DECORATION,2011-11,2011-12,M2_gbm_poisson,5.633226,20.514191,product,18,1.645000,33.745844,40,3.641641,C,0,3.333333,3,24,Forecast,20260824T181001Z-27103c
35609A,PINK FEATHER CHRISTMAS DECORATION,2011-11,2011-12,M2_gbm_poisson,,,,,,,,,C,0,,,,Inactive (no sales in last 6 months),20260824T181001Z-27103c
35610A,PINK CHRISTMAS FLOCK DROPLET,2011-11,2011-12,M2_gbm_poisson,,,,,,,,,C,0,,,,Inactive (no sales in last 6 months),20260824T181001Z-27103c
35610B,BLACK CHRISTMAS FLOCK DROPLET,2011-11,2011-12,M2_gbm_poisson,,,,,,,,,C,0,,,,Inactive (no sales in last 6 months),20260824T181001Z-27103c
35610C,WHITE CHRISTMAS FLOCK DROPLET,2011-11,2011-12,M2_gbm_poisson,,,,,,,,,C,0,,,,Inactive (no sales in last 6 months),20260824T181001Z-27103c
35611B,BLACK ASSORTED DROPLET DECORATION,2011-11,2011-12,M2_gbm_poisson,,,,,,,,,C,0,,,,Inactive (no sales in last 6 months),20260824T181001Z-27103c
35633B,BLUE TINSEL GARLAND,2011-11,2011-12,M2_gbm_poisson,,,,,,,,,C,0,,,,Inactive (no sales in last 6 months),20260824T181001Z-27103c
35637A,IVORY STRING CURTAIN WITH POLE,2011-11,2011-12,M2_gbm_poisson,23.607309,16.229505,product,18,1.645000,26.697536,51,0.687478,B,7,19.333333,1,24,Forecast,20260824T181001Z-27103c
35637C,PINK STRING CURTAIN WITH POLE,2011-11,2011-12,M2_gbm_poisson,11.830786,3.537584,product,18,1.645000,5.819325,18,0.299015,C,3,6.666667,1,23,Forecast,20260824T181001Z-27103c
35638A,PINK AND BLACK STRING CURTAIN,2011-11,2011-12,M2_gbm_poisson,6.120537,1.127480,product,11,1.645000,1.854704,8,0.184213,C,1,1.000000,1,23,Forecast,20260824T181001Z-27103c
35638B,PINK/BLUE STRING CURTAIN,2011-11,2011-12,M2_gbm_poisson,5.209271,5.494330,product,16,1.645000,9.038173,15,1.054722,C,1,0.666667,1,24,Forecast,20260824T181001Z-27103c
35644,PAIR PINK/BLACK COATHANGERS,2011-11,2011-12,M2_gbm_poisson,,,,,,,,,C,0,,,,Inactive (no sales in last 6 months),20260824T181001Z-27103c
35645,VINTAGE BEAD PINK JEWEL BOX,2011-11,2011-12,M2_gbm_poisson,3.223992,4.009299,product,16,1.645000,6.595298,10,1.243582,C,0,0.333333,2,24,Forecast,20260824T181001Z-27103c
35646,VINTAGE BEAD PINK EVENING BAG,2011-11,2011-12,M2_gbm_poisson,70.557113,12.391835,product,18,1.645000,20.384569,91,0.175628,C,129,84.333333,1,24,Forecast,20260824T181001Z-27103c
35647,VINTAGE BEAD PINK SHADE,2011-11,2011-12,M2_gbm_poisson,,,,,,,,,C,0,,,,Inactive (no sales in last 6 months),20260824T181001Z-27103c
35648,VINTAGE BEAD PINK PURSE,2011-11,2011-12,M2_gbm_poisson,78.147666,21.165226,product,18,1.645000,34.816797,113,0.270836,C,148,121.666667,1,24,Forecast,20260824T181001Z-27103c
35649,VINTAGE BEAD COSMETIC BAG,2011-11,2011-12,M2_gbm_poisson,23.270185,8.530945,product,18,1.645000,14.033405,38,0.366604,B,14,10.000000,1,24,Forecast,20260824T181001Z-27103c
35650,VINTAGE BEAD PINK JEWEL STAND,2011-11,2011-12,M2_gbm_poisson,2.443777,1.877398,product,14,1.645000,3.088320,6,0.768237,C,0,0.000000,4,18,Forecast,20260824T181001Z-27103c
35651,VINTAGE BEAD PINK SCARF,2011-11,2011-12,M2_gbm_poisson,38.581195,21.699038,product,16,1.645000,35.694918,75,0.562425,C,33,45.333333,1,24,Forecast,20260824T181001Z-27103c
35652,VINTAGE BEAD CHAISE LONG JEWEL BOX,2011-11,2011-12,M2_gbm_poisson,,,,,,,,,C,0,,,,Inactive (no sales in last 6 months),20260824T181001Z-27103c
35653,VINTAGE BEAD NOTEBOOK,2011-11,2011-12,M2_gbm_poisson,4.149691,14.388106,product,18,1.645000,23.668435,28,3.467272,C,0,0.000000,4,24,Forecast,20260824T181001Z-27103c
35654,VINTAGE BEAD FILLED PINK CUSHION,2011-11,2011-12,M2_gbm_poisson,,,,,,,,,C,0,,,,Inactive (no sales in last 6 months),20260824T181001Z-27103c
35751C,PURPLE CURRENT CANDLE RING,2011-11,2011-12,M2_gbm_poisson,,,,,,,,,C,0,,,,Inactive (no sales in last 6 months),20260824T181001Z-27103c
35751D,PINK CURRENT CANDLE RING,2011-11,2011-12,M2_gbm_poisson,,,,,,,,,C,0,,,,Inactive (no sales in last 6 months),20260824T181001Z-27103c
35793,S/3 PUPPIES CHRISTMAS DECORATIONS,2011-11,2011-12,M2_gbm_poisson,,,,,,,,,C,0,,,,Inactive (no sales in last 6 months),20260824T181001Z-27103c
35809A,ENAMEL PINK TEA CONTAINER,2011-11,2011-12,M2_gbm_poisson,2.006944,31.274086,product,18,1.645000,51.445872,54,15.582939,B,0,0.000000,6,24,Forecast,20260824T181001Z-27103c
35809B,ENAMEL BLUE RIM TEA CONTAINER,2011-11,2011-12,M2_gbm_poisson,,,,,,,,,C,0,,,,Inactive (no sales in last 6 months),20260824T181001Z-27103c
35810A,ENAMEL PINK COFFEE CONTAINER,2011-11,2011-12,M2_gbm_poisson,19.025832,34.020933,product,18,1.645000,55.964435,75,1.788144,B,0,20.666667,2,24,Forecast,20260824T181001Z-27103c
35810B,ENAMEL BLUE RIM COFFEE CONTAINER,2011-11,2011-12,M2_gbm_poisson,10.097947,20.432376,product,18,1.645000,33.611259,44,2.023419,C,5,2.333333,1,24,Forecast,20260824T181001Z-27103c
35811A,ENAMEL PINK SUGAR CONTAINER,2011-11,2011-12,M2_gbm_poisson,,,,,,,,,C,0,,,,Inactive (no sales in last 6 months),20260824T181001Z-27103c
35815B,"ACRYLIC JEWEL SNOWFLAKE,BLUE",2011-11,2011-12,M2_gbm_poisson,,,,,,,,,C,0,,,,Inactive (no sales in last 6 months),20260824T181001Z-27103c
35815P,"ACRYLIC JEWEL SNOWFLAKE, PINK",2011-11,2011-12,M2_gbm_poisson,9.883347,14.151862,product,13,1.645000,23.279813,34,1.431890,C,0,37.666667,3,14,Forecast,20260824T181001Z-27103c
35816B,"ACRYLIC JEWEL ANGEL,BLUE",2011-11,2011-12,M2_gbm_poisson,,,,,,,,,C,0,,,,Inactive (no sales in last 6 months),20260824T181001Z-27103c
35816P,"ACRYLIC JEWEL ANGEL,PINK",2011-11,2011-12,M2_gbm_poisson,3.189289,20.354249,product,14,1.645000,33.482740,37,6.382065,C,0,0.000000,4,22,Forecast,20260824T181001Z-27103c
35817B,"ACRYLIC JEWEL SNOWFLAKE,BLUE",2011-11,2011-12,M2_gbm_poisson,,,,,,,,,C,0,,,,Inactive (no sales in last 6 months),20260824T181001Z-27103c
35817P,"ACRYLIC JEWEL SNOWFLAKE,PINK",2011-11,2011-12,M2_gbm_poisson,2.904496,12.901117,product,16,1.645000,21.222338,25,4.441775,C,0,0.000000,4,19,Forecast,20260824T181001Z-27103c
35818B,"ACRYLIC JEWEL ICICLE, BLUE",2011-11,2011-12,M2_gbm_poisson,9.492909,25.897129,product,15,1.645000,42.600778,53,2.728050,C,1,2.333333,1,20,Forecast,20260824T181001Z-27103c
35818C,"ACRYLIC JEWEL ICICLE, CLEAR",2011-11,2011-12,M2_gbm_poisson,,,,,,,,,C,0,,,,Inactive (no sales in last 6 months),20260824T181001Z-27103c
35818P,"ACRYLIC JEWEL ICICLE, PINK",2011-11,2011-12,M2_gbm_poisson,59.485829,54.832357,product,18,1.645000,90.199228,150,0.921772,C,125,74.000000,1,19,Forecast,20260824T181001Z-27103c
35819B,"ACRYLIC HANGING JEWEL,BLUE",2011-11,2011-12,M2_gbm_poisson,60.349580,31.503692,product,18,1.645000,51.823574,113,0.522020,C,90,85.333333,1,24,Forecast,20260824T181001Z-27103c
35819P,"ACRYLIC HANGING JEWEL,PINK",2011-11,2011-12,M2_gbm_poisson,36.321421,7.836625,abc_group,2,1.645000,12.891247,50,0.215758,C,14,31.666667,1,3,Forecast,20260824T181001Z-27103c
35821B,"JEWELLED DECORATION,BLUE",2011-11,2011-12,M2_gbm_poisson,,,,,,,,,C,0,,,,Inactive (no sales in last 6 months),20260824T181001Z-27103c
35821P,"JEWELLED DECORATION,PINK",2011-11,2011-12,M2_gbm_poisson,,,,,,,,,C,0,,,,Inactive (no sales in last 6 months),20260824T181001Z-27103c
35822B,"ACRYLIC BEAD CHAIN, BLUE",2011-11,2011-12,M2_gbm_poisson,,,,,,,,,C,0,,,,Inactive (no sales in last 6 months),20260824T181001Z-27103c
35822P,"ACRYLIC BEAD CHAIN, PINK",2011-11,2011-12,M2_gbm_poisson,,,,,,,,,C,0,,,,Inactive (no sales in last 6 months),20260824T181001Z-27103c
35823P,"ACRYLIC BEAD GARLAND,PINK",2011-11,2011-12,M2_gbm_poisson,,,,,,,,,C,0,,,,Inactive (no sales in last 6 months),20260824T181001Z-27103c
35824B,"HANGING FLOWERS+MIRROR,BLUE",2011-11,2011-12,M2_gbm_poisson,,,,,,,,,C,0,,,,Inactive (no sales in last 6 months),20260824T181001Z-27103c
35824C,"HANGING FLOWERS+MIRROR,CLEAR",2011-11,2011-12,M2_gbm_poisson,,,,,,,,,C,0,,,,Inactive (no sales in last 6 months),20260824T181001Z-27103c
35824P,"HANGING FLOWERS+MIRROR,PINK",2011-11,2011-12,M2_gbm_poisson,,,,,,,,,C,0,,,,Inactive (no sales in last 6 months),20260824T181001Z-27103c
35832,WOOLLY HAT SOCK GLOVE ADVENT STRING,2011-11,2011-12,M2_gbm_poisson,,,,,,,,,A,0,,,,Inactive (no sales in last 6 months),20260824T181001Z-27103c
35833G,4 GOLD FLOCK CHRISTMAS BALLS,2011-11,2011-12,M2_gbm_poisson,,,,,,,,,C,0,,,,Inactive (no sales in last 6 months),20260824T181001Z-27103c
35833P,4 PINK FLOCK CHRISTMAS BALLS,2011-11,2011-12,M2_gbm_poisson,20.871767,6.138003,product,16,1.645000,10.097015,31,0.294082,C,19,7.333333,1,24,Forecast,20260824T181001Z-27103c
35837,SET OF SIX SILVER+RED FLOCK BAUBLES,2011-11,2011-12,M2_gbm_poisson,,,,,,,,,C,0,,,,Inactive (no sales in last 6 months),20260824T181001Z-27103c
35838A,S/6 MULTICOLOUR ORNAMENETAL CANDLE,2011-11,2011-12,M2_gbm_poisson,,,,,,,,,C,0,,,,Inactive (no sales in last 6 months),20260824T181001Z-27103c
35838B,S/6 SILVER ORNAMENETAL CANDLE,2011-11,2011-12,M2_gbm_poisson,,,,,,,,,C,0,,,,Inactive (no sales in last 6 months),20260824T181001Z-27103c
35840,FLAT GLASS  BAUBLE WHITE FLOCK,2011-11,2011-12,M2_gbm_poisson,,,,,,,,,C,0,,,,Inactive (no sales in last 6 months),20260824T181001Z-27103c
35909A,RABBIT EASTER DECORATION,2011-11,2011-12,M2_gbm_poisson,,,,,,,,,C,0,,,,Inactive (no sales in last 6 months),20260824T181001Z-27103c
35909B,PINK FLOWERS RABBIT EASTER,2011-11,2011-12,M2_gbm_poisson,2.064227,1.913014,product,15,1.645000,3.146907,6,0.926746,C,0,0.000000,6,24,Forecast,20260824T181001Z-27103c
35910A,MULTICOLOUR EASTER RABBIT,2011-11,2011-12,M2_gbm_poisson,,,,,,,,,C,0,,,,Inactive (no sales in last 6 months),20260824T181001Z-27103c
35910B,PINK FLOWERS RABBIT EASTER,2011-11,2011-12,M2_gbm_poisson,5.295226,1.021802,product,9,1.645000,1.680864,7,0.192967,C,1,0.333333,1,23,Forecast,20260824T181001Z-27103c
35911A,MULTICOLOUR RABBIT EGG WARMER,2011-11,2011-12,M2_gbm_poisson,19.045068,20.237360,product,18,1.645000,33.290457,53,1.062604,C,2,25.000000,1,24,Forecast,20260824T181001Z-27103c
35911B,PINK/FLOWER RABBIT EGG WARMER,2011-11,2011-12,M2_gbm_poisson,,,,,,,,,C,0,,,,Inactive (no sales in last 6 months),20260824T181001Z-27103c
35912B,WHITE/PINK CHICK DECORATION,2011-11,2011-12,M2_gbm_poisson,19.303541,13.627516,product,18,1.645000,22.417265,42,0.705959,C,0,24.333333,2,23,Forecast,20260824T181001Z-27103c
35913B,WHITE/PINK CHICK EASTER DECORATION,2011-11,2011-12,M2_gbm_poisson,9.009446,5.946492,product,17,1.645000,9.781980,19,0.660029,C,1,0.333333,1,23,Forecast,20260824T181001Z-27103c
35914,PINK CHICK EGG WARMER + EGG CUP,2011-11,2011-12,M2_gbm_poisson,6.082444,13.282487,product,18,1.645000,21.849692,28,2.183742,C,0,2.666667,2,24,Forecast,20260824T181001Z-27103c
35915A,CREAM KNITTED HEN,2011-11,2011-12,M2_gbm_poisson,,,,,,,,,C,0,,,,Inactive (no sales in last 6 months),20260824T181001Z-27103c
35915B,BLUE KNITTED HEN,2011-11,2011-12,M2_gbm_poisson,2.983835,5.570522,product,18,1.645000,9.163509,13,1.866900,C,0,0.333333,3,24,Forecast,20260824T181001Z-27103c
35915C,PEACH KNITTED HEN,2011-11,2011-12,M2_gbm_poisson,,,,,,,,,C,0,,,,Inactive (no sales in last 6 months),20260824T181001Z-27103c
35916A,YELLOW FELT HANGING HEART W FLOWER,2011-11,2011-12,M2_gbm_poisson,3.831949,10.101102,product,18,1.645000,16.616312,21,2.636022,C,0,0.333333,2,24,Forecast,20260824T181001Z-27103c
35916B,BLUE FELT HANGING HEART WITH FLOWER,2011-11,2011-12,M2_gbm_poisson,5.310378,8.905798,product,18,1.645000,14.650038,20,1.677055,C,0,0.666667,2,24,Forecast,20260824T181001Z-27103c
35916C,PINK FELT HANGING HEART W FLOWER,2011-11,2011-12,M2_gbm_poisson,3.773214,12.275490,product,18,1.645000,20.193181,24,3.253324,C,0,0.333333,2,24,Forecast,20260824T181001Z-27103c
35918B,BLUE FLORIBUNDA EGG WARMER,2011-11,2011-12,M2_gbm_poisson,,,,,,,,,C,0,,,,Inactive (no sales in last 6 months),20260824T181001Z-27103c
35920,FOUR RABBIT EASTER DECORATIONS,2011-11,2011-12,M2_gbm_poisson,,,,,,,,,C,0,,,,Inactive (no sales in last 6 months),20260824T181001Z-27103c
35921,EASTER BUNNY HANGING GARLAND,2011-11,2011-12,M2_gbm_poisson,,,,,,,,,C,0,,,,Inactive (no sales in last 6 months),20260824T181001Z-27103c
35922,EASTER BUNNY WREATH,2011-11,2011-12,M2_gbm_poisson,,,,,,,,,C,0,,,,Inactive (no sales in last 6 months),20260824T181001Z-27103c
35923,CANDY HEART HANGING DECORATION,2011-11,2011-12,M2_gbm_poisson,76.967338,60.581909,product,18,1.645000,99.657241,177,0.787112,C,130,188.666667,1,24,Forecast,20260824T181001Z-27103c
35924,HANGING FAIRY CAKE DECORATION,2011-11,2011-12,M2_gbm_poisson,31.286770,98.394790,product,18,1.645000,161.859429,194,3.144933,A,13,33.000000,1,24,Forecast,20260824T181001Z-27103c
35930,PINK HEART CHRISTMAS DECORATION,2011-11,2011-12,M2_gbm_poisson,,,,,,,,,C,0,,,,Inactive (no sales in last 6 months),20260824T181001Z-27103c
35931,PINK STAR CHRISTMAS DECORATION,2011-11,2011-12,M2_gbm_poisson,,,,,,,,,C,0,,,,Inactive (no sales in last 6 months),20260824T181001Z-27103c
35932,PINK CHRISTMAS TREE DECORATION,2011-11,2011-12,M2_gbm_poisson,,,,,,,,,C,0,,,,Inactive (no sales in last 6 months),20260824T181001Z-27103c
35933,PINK STOCKING CHRISTMAS DECORATION,2011-11,2011-12,M2_gbm_poisson,30.858535,31.162756,product,15,1.645000,51.262733,83,1.009859,C,9,54.000000,1,24,Forecast,20260824T181001Z-27103c
35936,CERISE+GOLD CHRISTMAS TREE DEC,2011-11,2011-12,M2_gbm_poisson,,,,,,,,,C,0,,,,Inactive (no sales in last 6 months),20260824T181001Z-27103c
35937,CERISE+GOLD CHRISTMAS STOCKING DEC,2011-11,2011-12,M2_gbm_poisson,,,,,,,,,C,0,,,,Inactive (no sales in last 6 months),20260824T181001Z-27103c
35945,GOLD CHRISTMAS STOCKING DECORATION,2011-11,2011-12,M2_gbm_poisson,,,,,,,,,C,0,,,,Inactive (no sales in last 6 months),20260824T181001Z-27103c
35950,FOLKART HEART CHRISTMAS DECORATIONS,2011-11,2011-12,M2_gbm_poisson,,,,,,,,,C,0,,,,Inactive (no sales in last 6 months),20260824T181001Z-27103c
35951,FOLKART BAUBLE CHRISTMAS DECORATION,2011-11,2011-12,M2_gbm_poisson,,,,,,,,,C,0,,,,Inactive (no sales in last 6 months),20260824T181001Z-27103c
35953,FOLKART STAR CHRISTMAS DECORATIONS,2011-11,2011-12,M2_gbm_poisson,789.915694,13.093634,product,16,1.645000,21.539029,812,0.016576,C,1935,1030.666667,1,24,Forecast,20260824T181001Z-27103c
35954,SMALL FOLKART STAR CHRISTMAS DEC,2011-11,2011-12,M2_gbm_poisson,84.785544,41.737398,product,17,1.645000,68.658020,154,0.492270,C,250,345.666667,1,24,Forecast,20260824T181001Z-27103c
35955,SMALL FOLKART CHRISTMAS TREE DEC,2011-11,2011-12,M2_gbm_poisson,,,,,,,,,C,0,,,,Inactive (no sales in last 6 months),20260824T181001Z-27103c
35957,SMALLFOLKART BAUBLE CHRISTMAS DEC,2011-11,2011-12,M2_gbm_poisson,,,,,,,,,B,0,,,,Inactive (no sales in last 6 months),20260824T181001Z-27103c
35958,FOLKART ZINC STAR CHRISTMAS DEC,2011-11,2011-12,M2_gbm_poisson,,,,,,,,,B,0,,,,Inactive (no sales in last 6 months),20260824T181001Z-27103c
35961,FOLKART ZINC HEART CHRISTMAS DEC,2011-11,2011-12,M2_gbm_poisson,127.314202,267.638391,product,18,1.645000,440.265152,568,2.102188,A,250,207.333333,1,24,Forecast,20260824T181001Z-27103c
35962,12 ASS ZINC CHRISTMAS DECORATIONS,2011-11,2011-12,M2_gbm_poisson,,,,,,,,,B,0,,,,Inactive (no sales in last 6 months),20260824T181001Z-27103c
35963,FOLKART ZINC CLIP ON ANGEL WINGS,2011-11,2011-12,M2_gbm_poisson,,,,,,,,,C,0,,,,Inactive (no sales in last 6 months),20260824T181001Z-27103c
35964,FOLKART CLIP ON STARS,2011-11,2011-12,M2_gbm_poisson,106.396144,20.353931,product,17,1.645000,33.482216,140,0.191303,C,269,223.333333,1,24,Forecast,20260824T181001Z-27103c
35965,FOLKART HEART NAPKIN RINGS,2011-11,2011-12,M2_gbm_poisson,19.613985,27.014393,product,18,1.645000,44.438677,65,1.377303,B,12,10.000000,1,24,Forecast,20260824T181001Z-27103c
35966,FOLKART CHRISTMAS TREE T-LIGHT HOLD,2011-11,2011-12,M2_gbm_poisson,3.168712,11.516885,product,16,1.645000,18.945276,23,3.634563,C,0,0.000000,4,24,Forecast,20260824T181001Z-27103c
35967,FOLK ART METAL STAR T-LIGHT HOLDER,2011-11,2011-12,M2_gbm_poisson,66.113897,28.591410,product,18,1.645000,47.032870,114,0.432457,C,117,101.333333,1,24,Forecast,20260824T181001Z-27103c
35968,FOLK ART METAL HEART T-LIGHT HOLDER,2011-11,2011-12,M2_gbm_poisson,35.229788,36.734527,product,18,1.645000,60.428297,96,1.042712,C,13,24.000000,1,24,Forecast,20260824T181001Z-27103c
35969,FOLKART CROWN TABLE DECORATIONS,2011-11,2011-12,M2_gbm_poisson,,,,,,,,,C,0,,,,Inactive (no sales in last 6 months),20260824T181001Z-27103c
35970,ZINC FOLKART SLEIGH BELLS,2011-11,2011-12,M2_gbm_poisson,805.876615,256.297407,product,18,1.645000,421.609234,1228,0.318036,A,1812,1392.000000,1,21,Forecast,20260824T181001Z-27103c
35971,ROSE FOLKART HEART DECORATIONS,2011-11,2011-12,M2_gbm_poisson,65.801087,42.704380,product,18,1.645000,70.248705,137,0.648992,B,116,54.000000,1,24,Forecast,20260824T181001Z-27103c
35972,DAISY FOLKART HEART DECORATION,2011-11,2011-12,M2_gbm_poisson,16.914713,17.160908,product,18,1.645000,28.229694,46,1.014555,C,4,9.000000,1,24,Forecast,20260824T181001Z-27103c
35973,GERANIUM FOLKART HEART DECORATION,2011-11,2011-12,M2_gbm_poisson,,,,,,,,,C,0,,,,Inactive (no sales in last 6 months),20260824T181001Z-27103c
35974,S/6 CHRISTMAS TREE PLACE SETTING,2011-11,2011-12,M2_gbm_poisson,,,,,,,,,C,0,,,,Inactive (no sales in last 6 months),20260824T181001Z-27103c
35976B,WHITE SCANDINAVIAN HEART CHRISTMAS,2011-11,2011-12,M2_gbm_poisson,,,,,,,,,C,0,,,,Inactive (no sales in last 6 months),20260824T181001Z-27103c
35979,SIX STRING SCANDINAVIAN HEART DECS,2011-11,2011-12,M2_gbm_poisson,,,,,,,,,C,0,,,,Inactive (no sales in last 6 months),20260824T181001Z-27103c
35980B,RED TOP SCANDINAVIAN HEART,2011-11,2011-12,M2_gbm_poisson,,,,,,,,,C,0,,,,Inactive (no sales in last 6 months),20260824T181001Z-27103c
35980C,REDWHITE STRIPE SCANDINAVIAN HEART,2011-11,2011-12,M2_gbm_poisson,,,,,,,,,C,0,,,,Inactive (no sales in last 6 months),20260824T181001Z-27103c
35981C,WHITE SNOW SCANDINAVIAN STOCKING,2011-11,2011-12,M2_gbm_poisson,,,,,,,,,C,0,,,,Inactive (no sales in last 6 months),20260824T181001Z-27103c
35991,SET/6 BLACK SNOWFLAKE T-LIGHTS,2011-11,2011-12,M2_gbm_poisson,,,,,,,,,C,0,,,,Inactive (no sales in last 6 months),20260824T181001Z-27103c
35995,SET/6 BLACK GLITTER REINDEER CANDLE,2011-11,2011-12,M2_gbm_poisson,,,,,,,,,C,0,,,,Inactive (no sales in last 6 months),20260824T181001Z-27103c
35999,S/6 SCANDINAVIAN HEART T-LIGHT,2011-11,2011-12,M2_gbm_poisson,,,,,,,,,C,0,,,,Inactive (no sales in last 6 months),20260824T181001Z-27103c
37112,YELLOW BIRDS FELT DES FOODCOVER,2011-11,2011-12,M2_gbm_poisson,,,,,,,,,C,0,,,,Inactive (no sales in last 6 months),20260824T181001Z-27103c
37326,FAIRY DESIGN MUGS,2011-11,2011-12,M2_gbm_poisson,,,,,,,,,C,0,,,,Inactive (no sales in last 6 months),20260824T181001Z-27103c
37327,ASSTD MULTICOLOUR CIRCLES MUG,2011-11,2011-12,M2_gbm_poisson,30.629834,91.808477,product,18,1.645000,151.024945,182,2.997355,C,16,57.333333,1,24,Forecast,20260824T181001Z-27103c
37330,SPOTS MUG,2011-11,2011-12,M2_gbm_poisson,,,,,,,,,B,0,,,,Inactive (no sales in last 6 months),20260824T181001Z-27103c
37333,"RETRO ""TEA FOR ONE""",2011-11,2011-12,M2_gbm_poisson,,,,,,,,,C,0,,,,Inactive (no sales in last 6 months),20260824T181001Z-27103c
37340,MULTICOLOUR SPRING FLOWER MUG,2011-11,2011-12,M2_gbm_poisson,142.000699,147.994397,product,18,1.645000,243.450784,386,1.042209,B,294,227.333333,1,24,Forecast,20260824T181001Z-27103c
37342,POLKADOT COFFEE CUP & SAUCER PINK,2011-11,2011-12,M2_gbm_poisson,4.481309,87.001835,product,18,1.645000,143.118019,148,19.414378,B,0,0.333333,3,24,Forecast,20260824T181001Z-27103c
37343,SPOTS DESIGN MUG W PINK INSIDE,2011-11,2011-12,M2_gbm_poisson,,,,,,,,,B,0,,,,Inactive (no sales in last 6 months),20260824T181001Z-27103c
37345,ASSTD HEARTS DESIGN MUGS,2011-11,2011-12,M2_gbm_poisson,,,,,,,,,C,0,,,,Inactive (no sales in last 6 months),20260824T181001Z-27103c
37348,SET OF 4 PASTEL STACKING MUGS,2011-11,2011-12,M2_gbm_poisson,,,,,,,,,C,0,,,,Inactive (no sales in last 6 months),20260824T181001Z-27103c
37351,ORANGE FLOWER MUG,2011-11,2011-12,M2_gbm_poisson,,,,,,,,,C,0,,,,Inactive (no sales in last 6 months),20260824T181001Z-27103c
37352,BIRD IN TREE MUG,2011-11,2011-12,M2_gbm_poisson,,,,,,,,,C,0,,,,Inactive (no sales in last 6 months),20260824T181001Z-27103c
37370,RETRO COFFEE MUGS ASSORTED,2011-11,2011-12,M2_gbm_poisson,14.912575,94.137108,product,18,1.645000,154.855543,170,6.312599,A,7,4.000000,1,24,Forecast,20260824T181001Z-27103c
37379A,PINK CHERRY BLOSSOM CUP & SAUCER,2011-11,2011-12,M2_gbm_poisson,,,,,,,,,C,0,,,,Inactive (no sales in last 6 months),20260824T181001Z-27103c
37379B,BLUE CHERRY BLOSSOM CUP & SAUCER,2011-11,2011-12,M2_gbm_poisson,,,,,,,,,C,0,,,,Inactive (no sales in last 6 months),20260824T181001Z-27103c
37399,"ASS RETROSPOOF MUGS,SPORTS",2011-11,2011-12,M2_gbm_poisson,,,,,,,,,C,0,,,,Inactive (no sales in last 6 months),20260824T181001Z-27103c
37408,ASSORTED DESIGN GEISHA GIRL MUGS,2011-11,2011-12,M2_gbm_poisson,,,,,,,,,C,0,,,,Inactive (no sales in last 6 months),20260824T181001Z-27103c
37409,ASSORTED DESIGN FLOWER MUGS,2011-11,2011-12,M2_gbm_poisson,,,,,,,,,C,0,,,,Inactive (no sales in last 6 months),20260824T181001Z-27103c
37410,BLACK AND WHITE PAISLEY FLOWER MUG,2011-11,2011-12,M2_gbm_poisson,,,,,,,,,A,0,,,,Inactive (no sales in last 6 months),20260824T181001Z-27103c
37413,ICON MUG REVOLUTIONARY,2011-11,2011-12,M2_gbm_poisson,58.279443,56.521553,product,9,1.645000,92.977955,152,0.969837,C,97,61.333333,1,10,Forecast,20260824T181001Z-27103c
37422,WHITE WITH BLACK CATS BOWL,2011-11,2011-12,M2_gbm_poisson,,,,,,,,,C,0,,,,Inactive (no sales in last 6 months),20260824T181001Z-27103c
37423,WHITE WITH BLACK CATS PLATE,2011-11,2011-12,M2_gbm_poisson,,,,,,,,,C,0,,,,Inactive (no sales in last 6 months),20260824T181001Z-27103c
37424,WHITE WITH BLACK CATS MUG,2011-11,2011-12,M2_gbm_poisson,,,,,,,,,B,0,,,,Inactive (no sales in last 6 months),20260824T181001Z-27103c
37432,MUG PINK AND PURPLE ARABIC DESIGN,2011-11,2011-12,M2_gbm_poisson,,,,,,,,,C,0,,,,Inactive (no sales in last 6 months),20260824T181001Z-27103c
37438,FUNKY FLOWER COFFEE POT,2011-11,2011-12,M2_gbm_poisson,,,,,,,,,C,0,,,,Inactive (no sales in last 6 months),20260824T181001Z-27103c
37441,ASSORTED WHITE EMBOSSED CHINA MUGS,2011-11,2011-12,M2_gbm_poisson,,,,,,,,,B,0,,,,Inactive (no sales in last 6 months),20260824T181001Z-27103c
37444A,YELLOW BREAKFAST CUP AND SAUCER,2011-11,2011-12,M2_gbm_poisson,2.060414,22.774975,product,18,1.645000,37.464834,40,11.053590,C,0,0.000000,5,24,Forecast,20260824T181001Z-27103c
37444B,BLUE BREAKFAST CUP AND SAUCER,2011-11,2011-12,M2_gbm_poisson,,,,,,,,,C,0,,,,Inactive (no sales in last 6 months),20260824T181001Z-27103c
37444C,PINK BREAKFAST CUP AND SAUCER,2011-11,2011-12,M2_gbm_poisson,,,,,,,,,C,0,,,,Inactive (no sales in last 6 months),20260824T181001Z-27103c
37446,MINI CAKE STAND WITH HANGING CAKES,2011-11,2011-12,M2_gbm_poisson,55.519569,66.734094,product,18,1.645000,109.777584,166,1.201992,A,62,64.333333,1,24,Forecast,20260824T181001Z-27103c
37447,CERAMIC CAKE DESIGN SPOTTED PLATE,2011-11,2011-12,M2_gbm_poisson,52.025536,62.755074,product,18,1.645000,103.232096,156,1.206236,A,56,47.666667,1,24,Forecast,20260824T181001Z-27103c
37448,CERAMIC CAKE DESIGN SPOTTED MUG,2011-11,2011-12,M2_gbm_poisson,70.637273,77.887166,product,18,1.645000,128.124387,199,1.102636,A,141,85.666667,1,24,Forecast,20260824T181001Z-27103c
37449,CERAMIC CAKE STAND + HANGING CAKES,2011-11,2011-12,M2_gbm_poisson,45.727473,39.212185,product,18,1.645000,64.504044,111,0.857519,A,41,40.333333,1,24,Forecast,20260824T181001Z-27103c
37450,CERAMIC CAKE BOWL + HANGING CAKES,2011-11,2011-12,M2_gbm_poisson,50.341012,27.845615,product,18,1.645000,45.806037,97,0.553140,A,54,46.666667,1,24,Forecast,20260824T181001Z-27103c
37451,CERAMIC CAKE TEAPOT WITH CHERRY,2011-11,2011-12,M2_gbm_poisson,,,,,,,,,C,0,,,,Inactive (no sales in last 6 months),20260824T181001Z-27103c
37461,FUNKY MONKEY MUG,2011-11,2011-12,M2_gbm_poisson,,,,,,,,,C,0,,,,Inactive (no sales in last 6 months),20260824T181001Z-27103c
37462B,"PET MUG, BUDGIE",2011-11,2011-12,M2_gbm_poisson,,,,,,,,,C,0,,,,Inactive (no sales in last 6 months),20260824T181001Z-27103c
37462E,"PET MUG, GOLDFISH",2011-11,2011-12,M2_gbm_poisson,18.610882,6.126719,product,18,1.645000,10.078453,29,0.329201,C,13,4.666667,1,23,Forecast,20260824T181001Z-27103c
37464,ROBOT MUG IN DISPLAY BOX,2011-11,2011-12,M2_gbm_poisson,,,,,,,,,C,0,,,,Inactive (no sales in last 6 months),20260824T181001Z-27103c
37467,PIG MUG IN TWO COLOUR DESIGNS,2011-11,2011-12,M2_gbm_poisson,15.506107,28.268374,product,18,1.645000,46.501475,63,1.823048,C,0,13.333333,2,24,Forecast,20260824T181001Z-27103c
37468,HARDMAN MUG 3 ASSORTED,2011-11,2011-12,M2_gbm_poisson,10.009417,15.462120,product,11,1.645000,25.435187,36,1.544757,C,0,13.000000,2,24,Forecast,20260824T181001Z-27103c
37471,MULTICOLOUR DOTS PLATE,2011-11,2011-12,M2_gbm_poisson,9.490651,6.390548,product,17,1.645000,10.512452,21,0.673352,C,0,5.333333,2,24,Forecast,20260824T181001Z-27103c
37474,SET/4 2 TONE EGG SHAPE MIXING BOWLS,2011-11,2011-12,M2_gbm_poisson,,,,,,,,,C,0,,,,Inactive (no sales in last 6 months),20260824T181001Z-27103c
37475,SET/4 COLOURFUL MIXING BOWLS,2011-11,2011-12,M2_gbm_poisson,19.774585,6.872220,product,18,1.645000,11.304802,32,0.347528,C,16,6.000000,1,24,Forecast,20260824T181001Z-27103c
37476,CONDIMENT TRAY 4 BOWLS AND 4 SPOONS,2011-11,2011-12,M2_gbm_poisson,3.368636,7.161966,product,18,1.645000,11.781434,16,2.126073,B,0,0.666667,2,24,Forecast,20260824T181001Z-27103c
37477B,"FLOWER FAIRY MUG+COASTER,LAVENDER",2011-11,2011-12,M2_gbm_poisson,,,,,,,,,C,0,,,,Inactive (no sales in last 6 months),20260824T181001Z-27103c
37477C,"FLOWER FAIRY MUG+COASTER,ROSE",2011-11,2011-12,M2_gbm_poisson,,,,,,,,,C,0,,,,Inactive (no sales in last 6 months),20260824T181001Z-27103c
37479B,CUBIC MUG FLOCK BLUE ON BROWN,2011-11,2011-12,M2_gbm_poisson,2.027923,23.437488,product,18,1.645000,38.554668,41,11.557387,B,0,0.000000,6,23,Forecast,20260824T181001Z-27103c
37479P,CUBIC MUG FLOCK PINK ON BROWN,2011-11,2011-12,M2_gbm_poisson,35.191817,8.512623,product,17,1.645000,14.003265,50,0.241892,C,22,24.000000,1,18,Forecast,20260824T181001Z-27103c
37481,CUBIC MUG TEATIME CAKES,2011-11,2011-12,M2_gbm_poisson,,,,,,,,,C,0,,,,Inactive (no sales in last 6 months),20260824T181001Z-27103c
37482B,CUBIC MUG BLUE POLKA DOT,2011-11,2011-12,M2_gbm_poisson,,,,,,,,,B,0,,,,Inactive (no sales in last 6 months),20260824T181001Z-27103c
37482P,CUBIC MUG PINK POLKADOT,2011-11,2011-12,M2_gbm_poisson,,,,,,,,,B,0,,,,Inactive (no sales in last 6 months),20260824T181001Z-27103c
37483,ENGLISH ROSE MUG IN GIFT BOX,2011-11,2011-12,M2_gbm_poisson,,,,,,,,,C,0,,,,Inactive (no sales in last 6 months),20260824T181001Z-27103c
37484,ENGLISH ROSE TEA FOR ONE GIFT BOX,2011-11,2011-12,M2_gbm_poisson,,,,,,,,,C,0,,,,Inactive (no sales in last 6 months),20260824T181001Z-27103c
37485,ENGLISH ROSE TEA SET IN GIFT BOX,2011-11,2011-12,M2_gbm_poisson,,,,,,,,,C,0,,,,Inactive (no sales in last 6 months),20260824T181001Z-27103c
37487B,YELLOW/ORANGE FLOWER DESIGN PLATE,2011-11,2011-12,M2_gbm_poisson,,,,,,,,,C,0,,,,Inactive (no sales in last 6 months),20260824T181001Z-27103c
37488A,YELLOW PINK FLOWER DESIGN BIG BOWL,2011-11,2011-12,M2_gbm_poisson,,,,,,,,,C,0,,,,Inactive (no sales in last 6 months),20260824T181001Z-27103c
37489A,YELLOW/PINK FLOWER DESIGN BIG MUG,2011-11,2011-12,M2_gbm_poisson,18.372916,6.547008,product,18,1.645000,10.769828,30,0.356340,C,4,5.666667,1,24,Forecast,20260824T181001Z-27103c
37489B,BLUE/YELLOW FLOWER DESIGN BIG MUG,2011-11,2011-12,M2_gbm_poisson,14.106226,7.089829,product,18,1.645000,11.662769,26,0.502603,C,4,4.666667,1,22,Forecast,20260824T181001Z-27103c
37489C,GREEN/BLUE FLOWER DESIGN BIG MUG,2011-11,2011-12,M2_gbm_poisson,5.150387,5.089974,product,15,1.645000,8.373007,14,0.988270,C,0,2.666667,3,24,Forecast,20260824T181001Z-27103c
37489D,PINK/GREEN FLOWER DESIGN BIG MUG,2011-11,2011-12,M2_gbm_poisson,16.998087,7.957043,product,18,1.645000,13.089335,31,0.468114,C,7,7.666667,1,23,Forecast,20260824T181001Z-27103c
37491A,YELLOW/PINK CERAMIC CANDLE HOLDER,2011-11,2011-12,M2_gbm_poisson,3.891679,2.094010,product,17,1.645000,3.444647,8,0.538074,C,0,1.000000,2,24,Forecast,20260824T181001Z-27103c
37491B,BLUE/YELLOW CERAMIC CANDLE HOLDER,2011-11,2011-12,M2_gbm_poisson,2.039099,1.939669,product,12,1.645000,3.190755,6,0.951238,C,0,0.000000,5,23,Forecast,20260824T181001Z-27103c
37491C,GREEN/BLUE CERAMIC CANDLE HOLDER,2011-11,2011-12,M2_gbm_poisson,1.984807,4.528896,product,12,1.645000,7.450034,10,2.281781,C,0,0.000000,5,24,Forecast,20260824T181001Z-27103c
37491D,PURPLE/BLUE CERAMIC CANDLE HOLDER,2011-11,2011-12,M2_gbm_poisson,2.043465,3.697574,product,18,1.645000,6.082510,9,1.809463,C,0,0.000000,5,23,Forecast,20260824T181001Z-27103c
37492A,YELLOW RED FLOWER PIGGY BANK,2011-11,2011-12,M2_gbm_poisson,,,,,,,,,C,0,,,,Inactive (no sales in last 6 months),20260824T181001Z-27103c
37492B,BLUE YELLOW FLOWER PIGGY BANK,2011-11,2011-12,M2_gbm_poisson,,,,,,,,,B,0,,,,Inactive (no sales in last 6 months),20260824T181001Z-27103c
37492C,GREEN BLUE FLOWER PIGGY BANK,2011-11,2011-12,M2_gbm_poisson,,,,,,,,,C,0,,,,Inactive (no sales in last 6 months),20260824T181001Z-27103c
37492D,PURPLE GREEN FLOWER PIGGY BANK,2011-11,2011-12,M2_gbm_poisson,,,,,,,,,C,0,,,,Inactive (no sales in last 6 months),20260824T181001Z-27103c
37494A,FAIRY CAKE CERAMIC BUTTER DISH,2011-11,2011-12,M2_gbm_poisson,,,,,,,,,C,0,,,,Inactive (no sales in last 6 months),20260824T181001Z-27103c
37495,FAIRY CAKE BIRTHDAY CANDLE SET,2011-11,2011-12,M2_gbm_poisson,46.577453,34.407203,product,18,1.645000,56.599849,104,0.738709,A,44,48.000000,1,24,Forecast,20260824T181001Z-27103c
37500,TEA TIME TEAPOT IN GIFT BOX,2011-11,2011-12,M2_gbm_poisson,54.481405,21.344129,product,18,1.645000,35.111092,90,0.391769,A,81,58.000000,1,24,Forecast,20260824T181001Z-27103c
37501,TEA TIME TEA SET IN GIFT BOX,2011-11,2011-12,M2_gbm_poisson,2.704762,22.161540,product,18,1.645000,36.455734,40,8.193528,A,0,0.000000,4,24,Forecast,20260824T181001Z-27103c
37502,TEA TIME MUG IN GIFT BOX,2011-11,2011-12,M2_gbm_poisson,,,,,,,,,B,0,,,,Inactive (no sales in last 6 months),20260824T181001Z-27103c
37503,TEA TIME CAKE STAND IN GIFT BOX,2011-11,2011-12,M2_gbm_poisson,,,,,,,,,A,0,,,,Inactive (no sales in last 6 months),20260824T181001Z-27103c
37506,NEW ENGLAND MILK JUG W GIFT BOX,2011-11,2011-12,M2_gbm_poisson,,,,,,,,,C,0,,,,Inactive (no sales in last 6 months),20260824T181001Z-27103c
37508,NEW ENGLAND CERAMIC CAKE SERVER,2011-11,2011-12,M2_gbm_poisson,,,,,,,,,C,0,,,,Inactive (no sales in last 6 months),20260824T181001Z-27103c
37509,NEW ENGLAND MUG W GIFT BOX,2011-11,2011-12,M2_gbm_poisson,,,,,,,,,C,0,,,,Inactive (no sales in last 6 months),20260824T181001Z-27103c
40001,WHITE BAMBOO RIBS LAMPSHADE,2011-11,2011-12,M2_gbm_poisson,42.639444,72.252174,product,18,1.645000,118.854827,162,1.694491,B,15,95.666667,1,24,Forecast,20260824T181001Z-27103c
40002,WHITE BAMBOO RIBS LAMPSHADE,2011-11,2011-12,M2_gbm_poisson,,,,,,,,,C,0,,,,Inactive (no sales in last 6 months),20260824T181001Z-27103c
40003,WHITE BAMBOO RIBS LAMPSHADE,2011-11,2011-12,M2_gbm_poisson,1.984807,22.334662,product,18,1.645000,36.740519,39,11.252811,B,0,0.000000,6,24,Forecast,20260824T181001Z-27103c
40005B,BLUE ORGANDY ROUND LAMPSHADE W BEA,2011-11,2011-12,M2_gbm_poisson,13.590557,4.369882,product,15,1.645000,7.188456,21,0.321538,C,9,3.666667,1,21,Forecast,20260824T181001Z-27103c
40016,CHINESE DRAGON PAPER LANTERNS,2011-11,2011-12,M2_gbm_poisson,22.338573,348.834657,product,18,1.645000,573.833011,597,15.615798,A,0,312.666667,3,24,Forecast,20260824T181001Z-27103c
40018E,TEA TIME PAPER LANTERNS,2011-11,2011-12,M2_gbm_poisson,,,,,,,,,C,0,,,,Inactive (no sales in last 6 months),20260824T181001Z-27103c
40018F,CHERRY DESIGN PAPERLANTERNS,2011-11,2011-12,M2_gbm_poisson,,,,,,,,,B,0,,,,Inactive (no sales in last 6 months),20260824T181001Z-27103c
40046A,RED DAISY PAPER LAMPSHADE,2011-11,2011-12,M2_gbm_poisson,8.762792,14.662610,product,18,1.645000,24.119993,33,1.673281,C,0,6.000000,2,24,Forecast,20260824T181001Z-27103c
40046C,PINK BUTTERFLY PAPER LAMPSHADE,2011-11,2011-12,M2_gbm_poisson,,,,,,,,,C,0,,,,Inactive (no sales in last 6 months),20260824T181001Z-27103c
44089A,PINK GAUZE BUTTERFLY LAMPSHADE,2011-11,2011-12,M2_gbm_poisson,10.819025,6.849046,product,18,1.645000,11.266681,23,0.633056,C,8,3.333333,1,22,Forecast,20260824T181001Z-27103c
44089C,LILAC GAUZE BUTTERFLY LAMPSHADE,2011-11,2011-12,M2_gbm_poisson,3.927878,7.735600,product,18,1.645000,12.725062,17,1.969409,C,0,1.333333,3,22,Forecast,20260824T181001Z-27103c
44091A,BLUE CRUSOE CHECK LAMPSHADE,2011-11,2011-12,M2_gbm_poisson,2.064826,3.529155,product,16,1.645000,5.805460,8,1.709178,C,0,0.000000,5,21,Forecast,20260824T181001Z-27103c
44091C,MULTICOLOUR CRUSOE CHECK LAMPSHADE,2011-11,2011-12,M2_gbm_poisson,,,,,,,,,C,0,,,,Inactive (no sales in last 6 months),20260824T181001Z-27103c
44092B,BLUE WHITE PLASTIC RINGS LAMPSHADE,2011-11,2011-12,M2_gbm_poisson,3.353053,3.575566,product,15,1.645000,5.881806,10,1.066361,C,0,1.000000,3,17,Forecast,20260824T181001Z-27103c
44092C,PURPLE/COPPER HANGING LAMPSHADE,2011-11,2011-12,M2_gbm_poisson,6.354500,3.337545,product,16,1.645000,5.490262,12,0.525225,C,0,2.666667,2,24,Forecast,20260824T181001Z-27103c
44217M,MULTICOLOUR FEATHERS CURTAIN,2011-11,2011-12,M2_gbm_poisson,,,,,,,,,C,0,,,,Inactive (no sales in last 6 months),20260824T181001Z-27103c
44228,CANNABIS LEAF BEAD CURTAIN,2011-11,2011-12,M2_gbm_poisson,2.874449,12.494062,product,10,1.645000,20.552731,24,4.346593,C,0,0.000000,4,13,Forecast,20260824T181001Z-27103c
44230,SQUARE MIRROR CURTAIN,2011-11,2011-12,M2_gbm_poisson,,,,,,,,,A,0,,,,Inactive (no sales in last 6 months),20260824T181001Z-27103c
44234,ASSORTED CIRCULAR MOBILE,2011-11,2011-12,M2_gbm_poisson,40.338563,37.499347,product,18,1.645000,61.686426,103,0.929615,C,37,18.666667,1,24,Forecast,20260824T181001Z-27103c
44235,ASS COL CIRCLE MOBILE,2011-11,2011-12,M2_gbm_poisson,17.452229,14.153324,product,18,1.645000,23.282218,41,0.810975,C,8,4.333333,1,23,Forecast,20260824T181001Z-27103c
44236,PINK/PURPLE CIRCLE CURTAIN,2011-11,2011-12,M2_gbm_poisson,3.135932,2.044905,product,18,1.645000,3.363869,7,0.652088,C,0,0.000000,4,23,Forecast,20260824T181001Z-27103c
44241C,BLUE BUTTERFLY ON SPRING,2011-11,2011-12,M2_gbm_poisson,,,,,,,,,C,0,,,,Inactive (no sales in last 6 months),20260824T181001Z-27103c
44242A,LILAC FEATHERS CURTAIN,2011-11,2011-12,M2_gbm_poisson,1.984807,5.054257,product,8,1.645000,8.314252,11,2.546472,C,0,0.000000,5,21,Forecast,20260824T181001Z-27103c
44242B,PINK FEATHERS CURTAIN,2011-11,2011-12,M2_gbm_poisson,9.908508,9.679417,product,18,1.645000,15.922641,26,0.976879,C,0,10.666667,3,24,Forecast,20260824T181001Z-27103c
44265,M/COLOUR POM-POM CURTAIN,2011-11,2011-12,M2_gbm_poisson,,,,,,,,,C,0,,,,Inactive (no sales in last 6 months),20260824T181001Z-27103c
45008C,DECORATIVE NET CANOPY CREAM,2011-11,2011-12,M2_gbm_poisson,,,,,,,,,C,0,,,,Inactive (no sales in last 6 months),20260824T181001Z-27103c
45013,FOLDING SHOE TIDY,2011-11,2011-12,M2_gbm_poisson,3.244928,2.852335,product,16,1.645000,4.692091,8,0.879013,C,0,0.333333,2,19,Forecast,20260824T181001Z-27103c
45014,FOLDING SHIRT TIDY,2011-11,2011-12,M2_gbm_poisson,,,,,,,,,C,0,,,,Inactive (no sales in last 6 months),20260824T181001Z-27103c
45016,DECORATIVE NET CANOPY LEOPARD,2011-11,2011-12,M2_gbm_poisson,,,,,,,,,C,0,,,,Inactive (no sales in last 6 months),20260824T181001Z-27103c
46000M,POLYESTER FILLER PAD 45x45cm,2011-11,2011-12,M2_gbm_poisson,91.076882,79.852467,product,18,1.645000,131.357308,223,0.876759,B,139,154.666667,1,24,Forecast,20260824T181001Z-27103c
46000P,POLYESTER FILLER PAD 65CMx65CM,2011-11,2011-12,M2_gbm_poisson,4.989864,4.822497,product,18,1.645000,7.933007,13,0.966458,C,0,3.333333,3,24,Forecast,20260824T181001Z-27103c
46000R,POLYESTER FILLER PAD 45x30cm,2011-11,2011-12,M2_gbm_poisson,29.505288,10.316240,product,18,1.645000,16.970214,47,0.349640,C,18,15.000000,1,23,Forecast,20260824T181001Z-27103c
46000S,POLYESTER FILLER PAD 40x40cm,2011-11,2011-12,M2_gbm_poisson,115.198196,63.842171,product,18,1.645000,105.020371,221,0.554194,A,220,230.666667,1,24,Forecast,20260824T181001Z-27103c
46000U,POLYESTER FILLER PAD 30CMx30CM,2011-11,2011-12,M2_gbm_poisson,12.984792,18.980536,product,18,1.645000,31.222982,45,1.461751,C,0,14.333333,2,24,Forecast,20260824T181001Z-27103c
46037A,PINK CANVAS DES CUSHION COVER,2011-11,2011-12,M2_gbm_poisson,,,,,,,,,C,0,,,,Inactive (no sales in last 6 months),20260824T181001Z-27103c
46115B,GREEN POP ART MAO CUSHION COVER,2011-11,2011-12,M2_gbm_poisson,,,,,,,,,C,0,,,,Inactive (no sales in last 6 months),20260824T181001Z-27103c
46118,FUNKY MONKEY CUSHION COVER,2011-11,2011-12,M2_gbm_poisson,45.962439,28.664249,product,18,1.645000,47.152689,94,0.623645,C,35,39.666667,1,24,Forecast,20260824T181001Z-27103c
46126A,ELVIS WALLHANGING / CURTAIN,2011-11,2011-12,M2_gbm_poisson,,,,,,,,,C,0,,,,Inactive (no sales in last 6 months),20260824T181001Z-27103c
46137D,GREEN CHENILLE SHAGGY RUG,2011-11,2011-12,M2_gbm_poisson,,,,,,,,,C,0,,,,Inactive (no sales in last 6 months),20260824T181001Z-27103c
46138B,BLUE CHENILLE SHAGGY CUSHION COVER,2011-11,2011-12,M2_gbm_poisson,6.582060,5.326601,product,18,1.645000,8.762258,16,0.809260,C,2,1.333333,1,24,Forecast,20260824T181001Z-27103c
46138D,GREEN CHENILLE SHAGGY C/COVER,2011-11,2011-12,M2_gbm_poisson,,,,,,,,,C,0,,,,Inactive (no sales in last 6 months),20260824T181001Z-27103c
46307,ROSES BLUE BASE CUSHION COVER,2011-11,2011-12,M2_gbm_poisson,,,,,,,,,C,0,,,,Inactive (no sales in last 6 months),20260824T181001Z-27103c
46775A,BUBBLE GUM CHUNKY KNITTED THROW,2011-11,2011-12,M2_gbm_poisson,,,,,,,,,B,0,,,,Inactive (no sales in last 6 months),20260824T181001Z-27103c
46775B,BERRIES CHUNKY KNITTED THROW,2011-11,2011-12,M2_gbm_poisson,,,,,,,,,C,0,,,,Inactive (no sales in last 6 months),20260824T181001Z-27103c
46775D,SUNSET COLOUR CHUNKY KNITTED THROW,2011-11,2011-12,M2_gbm_poisson,9.705681,4.319936,product,18,1.645000,7.106296,17,0.445094,B,4,6.666667,1,24,Forecast,20260824T181001Z-27103c
46775E,CANDY POP CHUNKY KNITTED THROW,2011-11,2011-12,M2_gbm_poisson,,,,,,,,,B,0,,,,Inactive (no sales in last 6 months),20260824T181001Z-27103c
46776A,WOVEN BUBBLE GUM CUSHION COVER,2011-11,2011-12,M2_gbm_poisson,40.195566,6.324940,product,18,1.645000,10.404527,51,0.157354,C,37,31.333333,1,24,Forecast,20260824T181001Z-27103c
46776B,WOVEN BERRIES CUSHION COVER,2011-11,2011-12,M2_gbm_poisson,40.195566,7.905345,product,18,1.645000,13.004292,54,0.196672,C,34,31.000000,1,24,Forecast,20260824T181001Z-27103c
46776C,WOVEN FROST CUSHION COVER,2011-11,2011-12,M2_gbm_poisson,38.596656,4.729438,product,18,1.645000,7.779926,47,0.122535,C,27,20.666667,1,24,Forecast,20260824T181001Z-27103c
46776D,WOVEN SUNSET CUSHION COVER,2011-11,2011-12,M2_gbm_poisson,27.976575,7.413370,product,18,1.645000,12.194994,41,0.264985,C,18,14.000000,1,24,Forecast,20260824T181001Z-27103c
46776E,WOVEN CANDY CUSHION COVER,2011-11,2011-12,M2_gbm_poisson,20.380787,3.596284,product,18,1.645000,5.915887,27,0.176455,C,14,13.333333,1,23,Forecast,20260824T181001Z-27103c
46776F,WOVEN ROSE GARDEN CUSHION COVER,2011-11,2011-12,M2_gbm_poisson,47.032206,13.341596,product,18,1.645000,21.946926,69,0.283669,B,38,43.000000,1,24,Forecast,20260824T181001Z-27103c
47013A,WINE BOTTLE DRESSING LT.BLUE,2011-11,2011-12,M2_gbm_poisson,,,,,,,,,C,0,,,,Inactive (no sales in last 6 months),20260824T181001Z-27103c
47013C,WINE BOTTLE DRESSING DARK BLUE,2011-11,2011-12,M2_gbm_poisson,2.018525,21.303829,product,18,1.645000,35.044799,38,10.554156,C,0,0.000000,6,24,Forecast,20260824T181001Z-27103c
47016,LIGHT DECORATION BATTERY OPERATED,2011-11,2011-12,M2_gbm_poisson,6.191079,2.913669,product,10,1.645000,4.792986,11,0.470624,C,2,0.666667,1,24,Forecast,20260824T181001Z-27103c
47021G,SET/6 BEAD COASTERS GAUZE BAG GOLD,2011-11,2011-12,M2_gbm_poisson,2.027923,28.658408,product,18,1.645000,47.143081,50,14.131903,C,0,0.000000,6,24,Forecast,20260824T181001Z-27103c
47310M,SMALL POP BOX FUNKY MONKEY,2011-11,2011-12,M2_gbm_poisson,57.880194,25.577439,product,18,1.645000,42.074887,100,0.441903,C,61,46.666667,1,24,Forecast,20260824T181001Z-27103c
47341A,FUSCHIA TABLE RUN FLOWER,2011-11,2011-12,M2_gbm_poisson,1.984807,3.504975,product,14,1.645000,5.765684,8,1.765902,C,0,0.000000,6,15,Forecast,20260824T181001Z-27103c
47341B,BLUE TABLE RUN FLOWER,2011-11,2011-12,M2_gbm_poisson,13.685738,6.447537,product,14,1.645000,10.606199,25,0.471114,C,6,5.000000,1,24,Forecast,20260824T181001Z-27103c
47343A,FUSCHIA FLOWER PURSE WITH BEADS,2011-11,2011-12,M2_gbm_poisson,3.135932,12.470601,product,18,1.645000,20.514139,24,3.976681,C,0,0.000000,4,24,Forecast,20260824T181001Z-27103c
47344B,BLUE FLOWER DES PURSE,2011-11,2011-12,M2_gbm_poisson,1.984807,6.480654,product,16,1.645000,10.660675,13,3.265130,C,0,0.000000,6,24,Forecast,20260824T181001Z-27103c
47347B,BLUE FLOWER T-LIGHT HOLDER,2011-11,2011-12,M2_gbm_poisson,,,,,,,,,C,0,,,,Inactive (no sales in last 6 months),20260824T181001Z-27103c
47348A,FUSCHIA VOILE POINTY SHOE DEC,2011-11,2011-12,M2_gbm_poisson,5.680661,11.254308,product,16,1.645000,18.513336,25,1.981162,C,0,3.000000,3,20,Forecast,20260824T181001Z-27103c
47351B,BLUE  VOILE LAMPSHADE,2011-11,2011-12,M2_gbm_poisson,9.034944,6.600644,product,18,1.645000,10.858060,20,0.730568,C,4,2.666667,1,24,Forecast,20260824T181001Z-27103c
47367B,PAIR PADDED HANGERS PINK CHECK,2011-11,2011-12,M2_gbm_poisson,5.345133,17.369446,product,18,1.645000,28.572738,34,3.249581,C,0,2.000000,2,24,Forecast,20260824T181001Z-27103c
47369A,PINK GREEN EMBROIDERY COSMETIC BAG,2011-11,2011-12,M2_gbm_poisson,5.977297,2.967042,product,18,1.645000,4.880783,11,0.496385,C,3,1.666667,1,21,Forecast,20260824T181001Z-27103c
47369B,BLUE GREEN EMBROIDERY COSMETIC BAG,2011-11,2011-12,M2_gbm_poisson,9.730876,5.750487,product,18,1.645000,9.459552,20,0.590953,C,5,2.666667,1,24,Forecast,20260824T181001Z-27103c
47420,ASSORTED COLOUR SUCTION CUP HOOK,2011-11,2011-12,M2_gbm_poisson,20.622525,37.371145,product,18,1.645000,61.475533,83,1.812152,C,4,15.000000,1,24,Forecast,20260824T181001Z-27103c
47421,ASSORTED COLOUR LIZARD SUCTION HOOK,2011-11,2011-12,M2_gbm_poisson,66.863750,67.731104,product,18,1.645000,111.417666,179,1.012972,C,190,138.666667,1,22,Forecast,20260824T181001Z-27103c
47422,ASSORTED MONKEY SUCTION CUP HOOK,2011-11,2011-12,M2_gbm_poisson,53.230368,70.895567,product,18,1.645000,116.623208,170,1.331863,C,48,72.666667,1,22,Forecast,20260824T181001Z-27103c
47469,ASSORTED SHAPES PHOTO CLIP SILVER,2011-11,2011-12,M2_gbm_poisson,51.838944,28.286143,product,18,1.645000,46.530706,99,0.545654,C,142,47.666667,1,23,Forecast,20260824T181001Z-27103c
47471,RAINBOW PEGS PHOTO CLIP STRING,2011-11,2011-12,M2_gbm_poisson,35.133735,14.179087,product,18,1.645000,23.324598,59,0.403575,C,33,14.666667,1,24,Forecast,20260824T181001Z-27103c
47480,HANGING PHOTO CLIP ROPE LADDER,2011-11,2011-12,M2_gbm_poisson,42.653913,41.592741,product,18,1.645000,68.420059,112,0.975121,B,37,29.333333,1,24,Forecast,20260824T181001Z-27103c
47481,50CM METAL STRING WITH  7 CLIPS,2011-11,2011-12,M2_gbm_poisson,16.165784,9.322972,product,18,1.645000,15.336289,32,0.576710,C,8,4.666667,1,24,Forecast,20260824T181001Z-27103c
47502,POLKADOT CUTLERY 24 PCS IN TRAY,2011-11,2011-12,M2_gbm_poisson,,,,,,,,,A,0,,,,Inactive (no sales in last 6 months),20260824T181001Z-27103c
47503A,ASS FLORAL PRINT MULTI SCREWDRIVER,2011-11,2011-12,M2_gbm_poisson,209.759442,84.265022,product,18,1.645000,138.615962,349,0.401722,C,391,426.000000,1,24,Forecast,20260824T181001Z-27103c
47503E,ASS FLORAL PRINT SCISSORS,2011-11,2011-12,M2_gbm_poisson,,,,,,,,,B,0,,,,Inactive (no sales in last 6 months),20260824T181001Z-27103c
47503F,ASS FLORAL PRINT TORCH,2011-11,2011-12,M2_gbm_poisson,,,,,,,,,C,0,,,,Inactive (no sales in last 6 months),20260824T181001Z-27103c
47503G,ASS FLORAL PRINT TAPE MEASURE,2011-11,2011-12,M2_gbm_poisson,,,,,,,,,C,0,,,,Inactive (no sales in last 6 months),20260824T181001Z-27103c
47503H,ASS FLORAL PRINT SPIRIT LEVEL,2011-11,2011-12,M2_gbm_poisson,43.066884,3.350567,product,18,1.645000,5.511683,49,0.077799,C,23,25.000000,1,24,Forecast,20260824T181001Z-27103c
47503J,SET/3 FLORAL GARDEN TOOLS IN BAG,2011-11,2011-12,M2_gbm_poisson,,,,,,,,,B,0,,,,Inactive (no sales in last 6 months),20260824T181001Z-27103c
47503K,ASSORTED FLORAL SECATEURS,2011-11,2011-12,M2_gbm_poisson,,,,,,,,,B,0,,,,Inactive (no sales in last 6 months),20260824T181001Z-27103c
47504E,ENGLISH ROSE SCISSORS,2011-11,2011-12,M2_gbm_poisson,,,,,,,,,B,0,,,,Inactive (no sales in last 6 months),20260824T181001Z-27103c
47504F,ENGLISH ROSE TORCH,2011-11,2011-12,M2_gbm_poisson,,,,,,,,,C,0,,,,Inactive (no sales in last 6 months),20260824T181001Z-27103c
47504G,ENGLISH ROSE TAPE MEASURE,2011-11,2011-12,M2_gbm_poisson,,,,,,,,,C,0,,,,Inactive (no sales in last 6 months),20260824T181001Z-27103c
47504H,ENGLISH ROSE SPIRIT LEVEL,2011-11,2011-12,M2_gbm_poisson,69.624977,41.704727,product,18,1.645000,68.604275,139,0.598991,C,126,92.000000,1,24,Forecast,20260824T181001Z-27103c
47504J,ENGLISH ROSE SET/3 GARDEN TOOLS,2011-11,2011-12,M2_gbm_poisson,,,,,,,,,C,0,,,,Inactive (no sales in last 6 months),20260824T181001Z-27103c
47504K,ENGLISH ROSE GARDEN SECATEURS,2011-11,2011-12,M2_gbm_poisson,149.514675,111.436028,product,18,1.645000,183.312267,333,0.745318,B,24,222.666667,1,24,Forecast,20260824T181001Z-27103c
47505,MINATURE COLOURED GARDENING SET,2011-11,2011-12,M2_gbm_poisson,,,,,,,,,A,0,,,,Inactive (no sales in last 6 months),20260824T181001Z-27103c
47518F,ICON PLACEMAT POP ART ELVIS,2011-11,2011-12,M2_gbm_poisson,69.161049,16.929367,product,18,1.645000,27.848809,98,0.244782,C,77,82.666667,1,24,Forecast,20260824T181001Z-27103c
47552A,DOTS IRONING BOARD COVER,2011-11,2011-12,M2_gbm_poisson,,,,,,,,,C,0,,,,Inactive (no sales in last 6 months),20260824T181001Z-27103c
47554,S/3 COLOURS FLOCK TEA TOWELS,2011-11,2011-12,M2_gbm_poisson,,,,,,,,,C,0,,,,Inactive (no sales in last 6 months),20260824T181001Z-27103c
47556,SET/2 SPOTTY + ROSE TEA TOWELS,2011-11,2011-12,M2_gbm_poisson,,,,,,,,,C,0,,,,Inactive (no sales in last 6 months),20260824T181001Z-27103c
47556B,TEA TIME TEA TOWELS,2011-11,2011-12,M2_gbm_poisson,,,,,,,,,A,0,,,,Inactive (no sales in last 6 months),20260824T181001Z-27103c
47559B,TEA TIME OVEN GLOVE,2011-11,2011-12,M2_gbm_poisson,173.047013,65.344934,product,18,1.645000,107.492416,281,0.377614,A,331,195.666667,1,24,Forecast,20260824T181001Z-27103c
47562,ENGLISH ROSE IRONING BOARD COVER,2011-11,2011-12,M2_gbm_poisson,,,,,,,,,C,0,,,,Inactive (no sales in last 6 months),20260824T181001Z-27103c
47563A,RETRO LONGBOARD IRONING BOARD COVER,2011-11,2011-12,M2_gbm_poisson,47.256625,13.246679,product,18,1.645000,21.790786,70,0.280314,C,29,32.333333,1,24,Forecast,20260824T181001Z-27103c
47563B,WAVELINE SURF IRONING BOARD COVER,2011-11,2011-12,M2_gbm_poisson,,,,,,,,,C,0,,,,Inactive (no sales in last 6 months),20260824T181001Z-27103c
47566,PARTY BUNTING,2011-11,2011-12,M2_gbm_poisson,715.447245,796.081531,product,18,1.645000,1309.554118,2026,1.112705,A,916,889.666667,1,24,Forecast,20260824T181001Z-27103c
47566B,TEA TIME PARTY BUNTING,2011-11,2011-12,M2_gbm_poisson,41.710104,126.387254,product,18,1.645000,207.907032,250,3.030135,A,21,42.000000,1,24,Forecast,20260824T181001Z-27103c
47567B,TEA TIME KITCHEN APRON,2011-11,2011-12,M2_gbm_poisson,49.173340,50.676135,product,18,1.645000,83.362242,133,1.030561,A,52,62.000000,1,24,Forecast,20260824T181001Z-27103c
47568,ENGLISH ROSE DESIGN PEG BAG,2011-11,2011-12,M2_gbm_poisson,,,,,,,,,A,0,,,,Inactive (no sales in last 6 months),20260824T181001Z-27103c
47569,ENGLISH ROSE DESIGN SHOPPING BAG,2011-11,2011-12,M2_gbm_poisson,,,,,,,,,C,0,,,,Inactive (no sales in last 6 months),20260824T181001Z-27103c
47570,ENGLISH ROSE TABLE CLOTH,2011-11,2011-12,M2_gbm_poisson,,,,,,,,,B,0,,,,Inactive (no sales in last 6 months),20260824T181001Z-27103c
47570B,TEA TIME TABLE CLOTH,2011-11,2011-12,M2_gbm_poisson,,,,,,,,,A,0,,,,Inactive (no sales in last 6 months),20260824T181001Z-27103c
47574A,ENGLISH ROSE SCENTED HANGING FLOWER,2011-11,2011-12,M2_gbm_poisson,17.769031,8.809113,product,18,1.645000,14.490991,33,0.495757,C,0,28.000000,2,24,Forecast,20260824T181001Z-27103c
47574B,ENGLISH ROSE SCENTED HANGING HEART,2011-11,2011-12,M2_gbm_poisson,,,,,,,,,C,0,,,,Inactive (no sales in last 6 months),20260824T181001Z-27103c
47578A,ENGLISH ROSE SMALL SCENTED FLOWER,2011-11,2011-12,M2_gbm_poisson,49.237076,14.501205,product,18,1.645000,23.854482,74,0.294518,C,56,40.000000,1,24,Forecast,20260824T181001Z-27103c
47579,TEA TIME BREAKFAST BASKET,2011-11,2011-12,M2_gbm_poisson,,,,,,,,,C,0,,,,Inactive (no sales in last 6 months),20260824T181001Z-27103c
47580,TEA TIME DES TEA COSY,2011-11,2011-12,M2_gbm_poisson,25.076957,34.250901,product,18,1.645000,56.342732,82,1.365832,A,11,19.000000,1,24,Forecast,20260824T181001Z-27103c
47581B,FAIRY CAKE WICKER PICNIC BASKET,2011-11,2011-12,M2_gbm_poisson,,,,,,,,,C,0,,,,Inactive (no sales in last 6 months),20260824T181001Z-27103c
47583A,SET OF 3 WICKER BASKET ROSE,2011-11,2011-12,M2_gbm_poisson,,,,,,,,,C,0,,,,Inactive (no sales in last 6 months),20260824T181001Z-27103c
47583B,SET OF 3 WICKER BASKET TEA AND CAKE,2011-11,2011-12,M2_gbm_poisson,,,,,,,,,C,0,,,,Inactive (no sales in last 6 months),20260824T181001Z-27103c
47585A,PINK FAIRY CAKE CUSHION COVER,2011-11,2011-12,M2_gbm_poisson,16.702684,26.407026,product,18,1.645000,43.439558,61,1.581005,B,9,8.666667,1,24,Forecast,20260824T181001Z-27103c
47586A,PINK FAIRY CAKE CUSHION COVER,2011-11,2011-12,M2_gbm_poisson,10.659720,4.535709,product,18,1.645000,7.461242,19,0.425500,C,6,2.666667,1,24,Forecast,20260824T181001Z-27103c
47587A,PINK FAIRY CAKE COASTER,2011-11,2011-12,M2_gbm_poisson,,,,,,,,,B,0,,,,Inactive (no sales in last 6 months),20260824T181001Z-27103c
47589,CONGRATULATIONS BUNTING,2011-11,2011-12,M2_gbm_poisson,,,,,,,,,B,0,,,,Inactive (no sales in last 6 months),20260824T181001Z-27103c
47590A,BLUE HAPPY BIRTHDAY BUNTING,2011-11,2011-12,M2_gbm_poisson,96.210411,81.077444,product,18,1.645000,133.372395,230,0.842710,A,125,157.000000,1,24,Forecast,20260824T181001Z-27103c
47590B,PINK HAPPY BIRTHDAY BUNTING,2011-11,2011-12,M2_gbm_poisson,119.723009,118.635105,product,18,1.645000,195.154748,315,0.990913,A,126,168.666667,1,24,Forecast,20260824T181001Z-27103c
47591A,CAROUSEL DES CHILD'S APRON,2011-11,2011-12,M2_gbm_poisson,,,,,,,,,C,0,,,,Inactive (no sales in last 6 months),20260824T181001Z-27103c
47591B,SCOTTIES CHILDRENS APRON,2011-11,2011-12,M2_gbm_poisson,,,,,,,,,B,0,,,,Inactive (no sales in last 6 months),20260824T181001Z-27103c
47591C,BLUE FAIRY CAKE CHILD'S APRON,2011-11,2011-12,M2_gbm_poisson,,,,,,,,,B,0,,,,Inactive (no sales in last 6 months),20260824T181001Z-27103c
47591D,PINK FAIRY CAKE CHILDRENS APRON,2011-11,2011-12,M2_gbm_poisson,309.393163,124.873503,product,18,1.645000,205.416912,515,0.403608,A,703,411.333333,1,24,Forecast,20260824T181001Z-27103c
47592A,CAROUSEL DES CHILD'S OVERALL,2011-11,2011-12,M2_gbm_poisson,,,,,,,,,C,0,,,,Inactive (no sales in last 6 months),20260824T181001Z-27103c
47592B,SCOTTIES DESIGN CHILD'S OVERALL,2011-11,2011-12,M2_gbm_poisson,,,,,,,,,C,0,,,,Inactive (no sales in last 6 months),20260824T181001Z-27103c
47593A,CAROUSEL DESIGN BABY BIB,2011-11,2011-12,M2_gbm_poisson,,,,,,,,,C,0,,,,Inactive (no sales in last 6 months),20260824T181001Z-27103c
47593B,SCOTTIE DOGS BABY BIB,2011-11,2011-12,M2_gbm_poisson,153.138904,38.551643,product,18,1.645000,63.417453,217,0.251743,C,225,120.666667,1,24,Forecast,20260824T181001Z-27103c
47594A,CAROUSEL DESIGN WASHBAG,2011-11,2011-12,M2_gbm_poisson,12.227114,18.160822,product,18,1.645000,29.874553,43,1.485291,C,6,7.333333,1,24,Forecast,20260824T181001Z-27103c
47594B,SCOTTIES DESIGN WASHBAG,2011-11,2011-12,M2_gbm_poisson,10.183658,13.698066,product,18,1.645000,22.533318,33,1.345103,C,1,4.666667,1,24,Forecast,20260824T181001Z-27103c
47597,NEW ENGLAND TEATOWELS,2011-11,2011-12,M2_gbm_poisson,,,,,,,,,C,0,,,,Inactive (no sales in last 6 months),20260824T181001Z-27103c
47598,NEW ENGLAND EGG WARMER,2011-11,2011-12,M2_gbm_poisson,,,,,,,,,C,0,,,,Inactive (no sales in last 6 months),20260824T181001Z-27103c
47599A,PINK PARTY BAGS,2011-11,2011-12,M2_gbm_poisson,54.564061,178.832095,product,18,1.645000,294.178796,349,3.277470,A,26,99.000000,1,24,Forecast,20260824T181001Z-27103c
47599B,BLUE PARTY BAGS,2011-11,2011-12,M2_gbm_poisson,68.302067,79.037564,product,18,1.645000,130.016794,199,1.157177,A,186,99.666667,1,23,Forecast,20260824T181001Z-27103c
48103,DOOR MAT KISS MY.......,2011-11,2011-12,M2_gbm_poisson,,,,,,,,,C,0,,,,Inactive (no sales in last 6 months),20260824T181001Z-27103c
48111,DOORMAT 3 SMILEY CATS,2011-11,2011-12,M2_gbm_poisson,132.222371,67.132086,product,18,1.645000,110.432281,243,0.507721,A,66,214.333333,1,24,Forecast,20260824T181001Z-27103c
48116,DOORMAT MULTICOLOUR STRIPE,2011-11,2011-12,M2_gbm_poisson,43.613755,103.517778,product,18,1.645000,170.286744,214,2.373512,A,22,166.333333,1,24,Forecast,20260824T181001Z-27103c
48129,DOORMAT TOPIARY,2011-11,2011-12,M2_gbm_poisson,52.707904,65.119703,product,18,1.645000,107.121912,160,1.235483,A,44,145.666667,1,24,Forecast,20260824T181001Z-27103c
48138,DOORMAT UNION FLAG,2011-11,2011-12,M2_gbm_poisson,175.451361,209.250007,product,18,1.645000,344.216262,520,1.192638,A,203,385.333333,1,24,Forecast,20260824T181001Z-27103c
48173A,DOOR MAT BLUE FLOCK,2011-11,2011-12,M2_gbm_poisson,,,,,,,,,C,0,,,,Inactive (no sales in last 6 months),20260824T181001Z-27103c
48173C,DOORMAT BLACK FLOCK,2011-11,2011-12,M2_gbm_poisson,96.003593,116.774498,product,18,1.645000,192.094049,289,1.216356,A,111,107.333333,1,24,Forecast,20260824T181001Z-27103c
48175,DOOR MAT CAMOUFLAGE,2011-11,2011-12,M2_gbm_poisson,,,,,,,,,C,0,,,,Inactive (no sales in last 6 months),20260824T181001Z-27103c
48179,DOOR MAT SWEET HOME,2011-11,2011-12,M2_gbm_poisson,,,,,,,,,C,0,,,,Inactive (no sales in last 6 months),20260824T181001Z-27103c
48184,DOORMAT ENGLISH ROSE,2011-11,2011-12,M2_gbm_poisson,126.905550,94.063856,product,18,1.645000,154.735043,282,0.741212,A,149,267.000000,1,24,Forecast,20260824T181001Z-27103c
48185,DOORMAT FAIRY CAKE,2011-11,2011-12,M2_gbm_poisson,108.844680,272.489389,product,18,1.645000,448.245045,558,2.503470,A,139,280.333333,1,24,Forecast,20260824T181001Z-27103c
48187,DOORMAT NEW ENGLAND,2011-11,2011-12,M2_gbm_poisson,209.267469,202.160216,product,18,1.645000,332.553556,542,0.966037,A,243,380.333333,1,24,Forecast,20260824T181001Z-27103c
48188,DOORMAT WELCOME PUPPIES,2011-11,2011-12,M2_gbm_poisson,71.332133,222.939239,product,18,1.645000,366.735048,439,3.125369,A,40,113.666667,1,24,Forecast,20260824T181001Z-27103c
48189,DOOR MAT FRIENDSHIP,2011-11,2011-12,M2_gbm_poisson,,,,,,,,,A,0,,,,Inactive (no sales in last 6 months),20260824T181001Z-27103c
48194,DOORMAT HEARTS,2011-11,2011-12,M2_gbm_poisson,185.111229,236.890924,product,18,1.645000,389.685571,575,1.279722,A,206,335.333333,1,24,Forecast,20260824T181001Z-27103c
48195,DOOR MAT GREEN PAISLEY,2011-11,2011-12,M2_gbm_poisson,,,,,,,,,B,0,,,,Inactive (no sales in last 6 months),20260824T181001Z-27103c
48197,DOOR MAT BIRD ON THE WIRE,2011-11,2011-12,M2_gbm_poisson,,,,,,,,,A,0,,,,Inactive (no sales in last 6 months),20260824T181001Z-27103c
51008,AFGHAN SLIPPER SOCK PAIR,2011-11,2011-12,M2_gbm_poisson,17.483244,37.999876,product,18,1.645000,62.509796,80,2.173503,A,6,10.666667,1,24,Forecast,20260824T181001Z-27103c
51012C,"FEATHER DUSTER, COAL BLACK",2011-11,2011-12,M2_gbm_poisson,,,,,,,,,C,0,,,,Inactive (no sales in last 6 months),20260824T181001Z-27103c
51012L,"FEATHER DUSTER, LIGHT PINK",2011-11,2011-12,M2_gbm_poisson,,,,,,,,,C,0,,,,Inactive (no sales in last 6 months),20260824T181001Z-27103c
51014A,"FEATHER PEN,HOT PINK",2011-11,2011-12,M2_gbm_poisson,360.516532,169.133382,product,18,1.645000,278.224413,639,0.469142,B,963,745.000000,1,24,Forecast,20260824T181001Z-27103c
51014C,"FEATHER PEN,COAL BLACK",2011-11,2011-12,M2_gbm_poisson,309.655898,79.444697,product,18,1.645000,130.686527,441,0.256558,B,826,511.000000,1,24,Forecast,20260824T181001Z-27103c
51014L,"FEATHER PEN,LIGHT PINK",2011-11,2011-12,M2_gbm_poisson,139.547634,92.320805,product,18,1.645000,151.867723,292,0.661572,B,430,328.000000,1,24,Forecast,20260824T181001Z-27103c
51020A,SUMMER FUN DESIGN SHOWER CAP,2011-11,2011-12,M2_gbm_poisson,,,,,,,,,C,0,,,,Inactive (no sales in last 6 months),20260824T181001Z-27103c
51020B,STRIPY DESIGN SHOWER CAP,2011-11,2011-12,M2_gbm_poisson,,,,,,,,,C,0,,,,Inactive (no sales in last 6 months),20260824T181001Z-27103c
62018,SOMBRERO,2011-11,2011-12,M2_gbm_poisson,71.081343,524.801294,product,18,1.645000,863.298128,935,7.383109,A,28,147.000000,1,24,Forecast,20260824T181001Z-27103c
62043B,BLUE CHECK BAG W HANDLE 34X20CM,2011-11,2011-12,M2_gbm_poisson,,,,,,,,,C,0,,,,Inactive (no sales in last 6 months),20260824T181001Z-27103c
62074B,ELEPHANT CLIP W SUCTION CUP,2011-11,2011-12,M2_gbm_poisson,2.064826,5.796869,product,18,1.645000,9.535850,12,2.807438,C,0,0.000000,5,24,Forecast,20260824T181001Z-27103c
62086A,PINK RETRO BIG FLOWER BAG,2011-11,2011-12,M2_gbm_poisson,2.006944,5.999322,product,18,1.645000,9.868884,12,2.989282,C,0,0.000000,6,21,Forecast,20260824T181001Z-27103c
62094B,TURQ ICE CREAM BUM BAG,2011-11,2011-12,M2_gbm_poisson,,,,,,,,,C,0,,,,Inactive (no sales in last 6 months),20260824T181001Z-27103c
62095B,TURQOISE ICE CREAM SUNHAT,2011-11,2011-12,M2_gbm_poisson,,,,,,,,,C,0,,,,Inactive (no sales in last 6 months),20260824T181001Z-27103c
62096A,PINK/YELLOW FLOWERS HANDBAG,2011-11,2011-12,M2_gbm_poisson,,,,,,,,,C,0,,,,Inactive (no sales in last 6 months),20260824T181001Z-27103c
62096B,PURPLE/TURQ FLOWERS HANDBAG,2011-11,2011-12,M2_gbm_poisson,,,,,,,,,C,0,,,,Inactive (no sales in last 6 months),20260824T181001Z-27103c
62097A,PINK STRIPES SHOULDER BAG,2011-11,2011-12,M2_gbm_poisson,,,,,,,,,C,0,,,,Inactive (no sales in last 6 months),20260824T181001Z-27103c
62097B,BLUE STRIPES SHOULDER BAG,2011-11,2011-12,M2_gbm_poisson,,,,,,,,,C,0,,,,Inactive (no sales in last 6 months),20260824T181001Z-27103c
70006,LOVE HEART POCKET WARMER,2011-11,2011-12,M2_gbm_poisson,56.433639,35.334911,product,18,1.645000,58.125928,115,0.626132,A,68,57.666667,1,24,Forecast,20260824T181001Z-27103c
70007,HI TEC ALPINE HAND WARMER,2011-11,2011-12,M2_gbm_poisson,66.856111,25.000872,product,18,1.645000,41.126434,108,0.373950,B,118,91.666667,1,24,Forecast,20260824T181001Z-27103c
71028B,SILVER BLUE EGG T-LIGHT HOLDER,2011-11,2011-12,M2_gbm_poisson,,,,,,,,,C,0,,,,Inactive (no sales in last 6 months),20260824T181001Z-27103c
71038,WHITE HANGING BEADS CANDLE HOLDER,2011-11,2011-12,M2_gbm_poisson,28.254657,23.542318,product,18,1.645000,38.727114,67,0.833219,B,22,25.000000,1,24,Forecast,20260824T181001Z-27103c
71050,SMALL SINGLE FLAME CANDLE HOLDER,2011-11,2011-12,M2_gbm_poisson,20.554044,10.449905,product,15,1.645000,17.190093,38,0.508411,C,18,7.000000,1,18,Forecast,20260824T181001Z-27103c
71053,WHITE METAL LANTERN,2011-11,2011-12,M2_gbm_poisson,101.746225,89.881072,product,18,1.645000,147.854364,250,0.883385,A,144,142.666667,1,24,Forecast,20260824T181001Z-27103c
71101A,ANGEL ON KNEES METAL POLE 100CM H,2011-11,2011-12,M2_gbm_poisson,,,,,,,,,C,0,,,,Inactive (no sales in last 6 months),20260824T181001Z-27103c
71101E,STANDING FAIRY POLE SUPPORT,2011-11,2011-12,M2_gbm_poisson,36.453426,37.262026,product,18,1.645000,61.296032,98,1.022182,C,30,26.666667,1,24,Forecast,20260824T181001Z-27103c
71143,SILVER BOOK MARK WITH BEADS,2011-11,2011-12,M2_gbm_poisson,2.006944,9.821087,product,18,1.645000,16.155688,19,4.893553,C,0,0.000000,5,24,Forecast,20260824T181001Z-27103c
71215,METAL BASE FOR CANDLES,2011-11,2011-12,M2_gbm_poisson,,,,,,,,,C,0,,,,Inactive (no sales in last 6 months),20260824T181001Z-27103c
71270,PHOTO CLIP LINE,2011-11,2011-12,M2_gbm_poisson,35.998337,25.948401,product,18,1.645000,42.685120,79,0.720822,C,19,22.666667,1,24,Forecast,20260824T181001Z-27103c
71279,PINK GLASS CANDLEHOLDER,2011-11,2011-12,M2_gbm_poisson,27.950764,15.073384,product,18,1.645000,24.795716,53,0.539283,C,18,15.666667,1,24,Forecast,20260824T181001Z-27103c
71403,"PINK/WHITE ""KEEP CLEAN"" BULLET BIN",2011-11,2011-12,M2_gbm_poisson,25.851115,7.541013,product,18,1.645000,12.404966,39,0.291709,C,17,12.666667,1,24,Forecast,20260824T181001Z-27103c
71406C,BLACK ORANGE SQUEEZER,2011-11,2011-12,M2_gbm_poisson,38.424275,15.758259,product,18,1.645000,25.922336,65,0.410112,C,26,20.333333,1,24,Forecast,20260824T181001Z-27103c
71434B,"BLACK RND BULLET""KEEP CLEAN"" BIN",2011-11,2011-12,M2_gbm_poisson,,,,,,,,,C,0,,,,Inactive (no sales in last 6 months),20260824T181001Z-27103c
71459,HANGING JAM JAR T-LIGHT HOLDER,2011-11,2011-12,M2_gbm_poisson,459.678271,589.995570,product,18,1.645000,970.542713,1431,1.283497,A,892,921.666667,1,24,Forecast,20260824T181001Z-27103c
71477,COLOUR GLASS. STAR T-LIGHT HOLDER,2011-11,2011-12,M2_gbm_poisson,493.710947,389.538988,product,18,1.645000,640.791635,1135,0.789002,A,1042,840.666667,1,24,Forecast,20260824T181001Z-27103c
71495A,CD WALL TIDY BLUE OFFICE,2011-11,2011-12,M2_gbm_poisson,38.040176,11.969461,product,18,1.645000,19.689763,58,0.314653,C,48,16.333333,1,22,Forecast,20260824T181001Z-27103c
71495B,CD WALL TIDY RED FLOWERS,2011-11,2011-12,M2_gbm_poisson,48.875530,10.021926,product,18,1.645000,16.486069,66,0.205050,C,48,32.333333,1,23,Forecast,20260824T181001Z-27103c
71496A,A4 WALL TIDY BLUE OFFICE,2011-11,2011-12,M2_gbm_poisson,7.225702,16.351856,product,18,1.645000,26.898803,35,2.263013,C,1,2.000000,1,21,Forecast,20260824T181001Z-27103c
71496B,A4 WALL TIDY RED FLOWERS,2011-11,2011-12,M2_gbm_poisson,7.877728,9.648279,product,15,1.645000,15.871419,24,1.224754,C,1,3.000000,1,20,Forecast,20260824T181001Z-27103c
71510,SQUARE METAL CANDLEHOLDER BASE,2011-11,2011-12,M2_gbm_poisson,15.725510,10.809136,product,18,1.645000,17.781028,34,0.687363,C,7,4.333333,1,24,Forecast,20260824T181001Z-27103c
72008,FROSTED BOX 9 WHITE T-LIGHT CANDLES,2011-11,2011-12,M2_gbm_poisson,,,,,,,,,B,0,,,,Inactive (no sales in last 6 months),20260824T181001Z-27103c
72023F,RED ORGANIC CANDLE IN GLASS,2011-11,2011-12,M2_gbm_poisson,,,,,,,,,C,0,,,,Inactive (no sales in last 6 months),20260824T181001Z-27103c
72024U,LILAC VOTIVE CANDLE,2011-11,2011-12,M2_gbm_poisson,2.018994,12.697092,product,18,1.645000,20.886716,23,6.288820,C,0,0.000000,6,24,Forecast,20260824T181001Z-27103c
72038P,PRICE'S CANDLE PEACH,2011-11,2011-12,M2_gbm_poisson,,,,,,,,,C,0,,,,Inactive (no sales in last 6 months),20260824T181001Z-27103c
72045D,ROSES ON BLUE TEACUP CANDLE,2011-11,2011-12,M2_gbm_poisson,,,,,,,,,B,0,,,,Inactive (no sales in last 6 months),20260824T181001Z-27103c
72051S,BAG OF SILVER STONES,2011-11,2011-12,M2_gbm_poisson,,,,,,,,,C,0,,,,Inactive (no sales in last 6 months),20260824T181001Z-27103c
72083A,STRAWBERY SWIRL FLARE CANDLE,2011-11,2011-12,M2_gbm_poisson,,,,,,,,,C,0,,,,Inactive (no sales in last 6 months),20260824T181001Z-27103c
72084B,CHOCOLATE ICE CREAM CANDLE,2011-11,2011-12,M2_gbm_poisson,,,,,,,,,C,0,,,,Inactive (no sales in last 6 months),20260824T181001Z-27103c
72122,COFFEE SCENT PILLAR CANDLE,2011-11,2011-12,M2_gbm_poisson,49.725457,16.090225,product,18,1.645000,26.468420,77,0.323581,C,61,28.333333,1,24,Forecast,20260824T181001Z-27103c
72127,COLUMBIAN CANDLE ROUND,2011-11,2011-12,M2_gbm_poisson,33.915395,24.563422,product,18,1.645000,40.406829,75,0.724256,C,26,16.000000,1,24,Forecast,20260824T181001Z-27103c
72128,COLUMBIAN CANDLE ROUND,2011-11,2011-12,M2_gbm_poisson,36.321000,37.764937,product,18,1.645000,62.123322,99,1.039755,C,19,20.333333,1,24,Forecast,20260824T181001Z-27103c
72129,COLUMBIAN CANDLE ROUND,2011-11,2011-12,M2_gbm_poisson,,,,,,,,,C,0,,,,Inactive (no sales in last 6 months),20260824T181001Z-27103c
72130,COLUMBIAN CANDLE ROUND,2011-11,2011-12,M2_gbm_poisson,32.979005,25.970449,product,18,1.645000,42.721389,76,0.787484,C,30,13.000000,1,24,Forecast,20260824T181001Z-27103c
72131,COLUMBIAN CANDLE RECTANGLE,2011-11,2011-12,M2_gbm_poisson,26.502256,8.255777,product,18,1.645000,13.580753,41,0.311512,C,7,36.666667,1,24,Forecast,20260824T181001Z-27103c
72132,COLUMBIAN CUBE CANDLE,2011-11,2011-12,M2_gbm_poisson,11.299329,4.742192,product,18,1.645000,7.800907,20,0.419688,C,8,3.000000,1,24,Forecast,20260824T181001Z-27103c
72133,COLUMBIAN CANDLE RECTANGLE,2011-11,2011-12,M2_gbm_poisson,13.685738,9.141659,product,18,1.645000,15.038029,29,0.667970,C,6,5.666667,1,24,Forecast,20260824T181001Z-27103c
72134,COLUMBIAN  CUBE CANDLE,2011-11,2011-12,M2_gbm_poisson,13.098868,22.902124,product,18,1.645000,37.673994,51,1.748405,C,0,13.333333,2,24,Forecast,20260824T181001Z-27103c
72140E,BEST DAD CANDLE LETTERS,2011-11,2011-12,M2_gbm_poisson,6.710391,9.156084,product,18,1.645000,15.061758,22,1.364463,C,0,2.333333,2,24,Forecast,20260824T181001Z-27103c
72140F,HAPPY ANNIVERSARY CANDLE LETTERS,2011-11,2011-12,M2_gbm_poisson,,,,,,,,,C,0,,,,Inactive (no sales in last 6 months),20260824T181001Z-27103c
72225C,LAVENDER SCENT CAKE CANDLE,2011-11,2011-12,M2_gbm_poisson,57.281325,72.488565,product,18,1.645000,119.243690,177,1.265483,C,96,104.000000,1,24,Forecast,20260824T181001Z-27103c
72225D,VANILLA SCENT CAKE CANDLE,2011-11,2011-12,M2_gbm_poisson,,,,,,,,,C,0,,,,Inactive (no sales in last 6 months),20260824T181001Z-27103c
72232,FENG SHUI PILLAR CANDLE,2011-11,2011-12,M2_gbm_poisson,118.662842,156.043337,product,18,1.645000,256.691290,376,1.315014,B,328,292.000000,1,24,Forecast,20260824T181001Z-27103c
72267,PREMIUM CHURCH CANDLE,2011-11,2011-12,M2_gbm_poisson,,,,,,,,,C,0,,,,Inactive (no sales in last 6 months),20260824T181001Z-27103c
72349B,SET/6 PURPLE BUTTERFLY T-LIGHTS,2011-11,2011-12,M2_gbm_poisson,70.308892,48.787432,product,18,1.645000,80.255325,151,0.693901,A,117,79.666667,1,24,Forecast,20260824T181001Z-27103c
72351A,SET/6 TURQUOISE BUTTERFLY T-LIGHTS,2011-11,2011-12,M2_gbm_poisson,50.470715,52.674071,product,18,1.645000,86.648847,138,1.043656,A,40,56.666667,1,24,Forecast,20260824T181001Z-27103c
72351B,SET/6 PINK  BUTTERFLY T-LIGHTS,2011-11,2011-12,M2_gbm_poisson,86.011073,81.231763,product,18,1.645000,133.626250,220,0.944434,A,74,124.333333,1,24,Forecast,20260824T181001Z-27103c
72369A,PINK CLEAR GLASS CANDLE PLATE,2011-11,2011-12,M2_gbm_poisson,15.074369,2.702273,product,18,1.645000,4.445239,20,0.179263,C,4,7.333333,1,24,Forecast,20260824T181001Z-27103c
72484,ROSES IN WHITE HEART CANDLE,2011-11,2011-12,M2_gbm_poisson,,,,,,,,,B,0,,,,Inactive (no sales in last 6 months),20260824T181001Z-27103c
72487,ROSES WHITE ROUND CANDLE,2011-11,2011-12,M2_gbm_poisson,,,,,,,,,C,0,,,,Inactive (no sales in last 6 months),20260824T181001Z-27103c
72529W,WHITE ADVENT CANDLE,2011-11,2011-12,M2_gbm_poisson,,,,,,,,,B,0,,,,Inactive (no sales in last 6 months),20260824T181001Z-27103c
72586,SET OF 6 HALLOWEEN GHOST T-LIGHTS,2011-11,2011-12,M2_gbm_poisson,36.246715,113.150866,product,18,1.645000,186.133175,223,3.121686,C,3,184.333333,1,24,Forecast,20260824T181001Z-27103c
72598,SET/12 TAPER CANDLES,2011-11,2011-12,M2_gbm_poisson,73.315623,32.474662,product,18,1.645000,53.420820,127,0.442943,C,245,133.333333,1,24,Forecast,20260824T181001Z-27103c
72606A,BROWN ANTIQUE CUBE CANDLE,2011-11,2011-12,M2_gbm_poisson,,,,,,,,,C,0,,,,Inactive (no sales in last 6 months),20260824T181001Z-27103c
72708,SCULPTED ROUND IVORY CANDLE,2011-11,2011-12,M2_gbm_poisson,,,,,,,,,C,0,,,,Inactive (no sales in last 6 months),20260824T181001Z-27103c
72709,IVORY SCULPTED RND CANDLE,2011-11,2011-12,M2_gbm_poisson,7.392055,9.024471,product,18,1.645000,14.845255,23,1.220834,C,4,1.333333,1,20,Forecast,20260824T181001Z-27103c
72715,SPHERICAL IVORY CANDLE,2011-11,2011-12,M2_gbm_poisson,,,,,,,,,C,0,,,,Inactive (no sales in last 6 months),20260824T181001Z-27103c
72724,SET/6 CHRISTMAS ICICLE T-LIGHTS,2011-11,2011-12,M2_gbm_poisson,,,,,,,,,C,0,,,,Inactive (no sales in last 6 months),20260824T181001Z-27103c
72728,ROSE SCENT CANDLES IN GLASS,2011-11,2011-12,M2_gbm_poisson,,,,,,,,,C,0,,,,Inactive (no sales in last 6 months),20260824T181001Z-27103c
72739B,WHITE CHOCOLATE SCENT CANDLE,2011-11,2011-12,M2_gbm_poisson,,,,,,,,,C,0,,,,Inactive (no sales in last 6 months),20260824T181001Z-27103c
72739C,DARK CHOCOLATE SCENTCANDLE,2011-11,2011-12,M2_gbm_poisson,,,,,,,,,C,0,,,,Inactive (no sales in last 6 months),20260824T181001Z-27103c
72740A,LARGE STRAWBERRY CHOCOLATE CANDLE,2011-11,2011-12,M2_gbm_poisson,,,,,,,,,C,0,,,,Inactive (no sales in last 6 months),20260824T181001Z-27103c
72740B,LARGE WHITE CHOCOLATE CANDLE,2011-11,2011-12,M2_gbm_poisson,,,,,,,,,C,0,,,,Inactive (no sales in last 6 months),20260824T181001Z-27103c
72741,GRAND CHOCOLATECANDLE,2011-11,2011-12,M2_gbm_poisson,344.735979,383.872614,product,18,1.645000,631.470451,977,1.113526,A,899,718.333333,1,24,Forecast,20260824T181001Z-27103c
72750A,"F.FAIRY S/3 CANDLE/GLASS,LILY/VALLY",2011-11,2011-12,M2_gbm_poisson,,,,,,,,,C,0,,,,Inactive (no sales in last 6 months),20260824T181001Z-27103c
72750B,FLOWER FAIRY SET 3 CANDLES LAVENDER,2011-11,2011-12,M2_gbm_poisson,,,,,,,,,B,0,,,,Inactive (no sales in last 6 months),20260824T181001Z-27103c
72750C,"F.FAIRY S/3 CANDLE/GLASS, ROSE",2011-11,2011-12,M2_gbm_poisson,,,,,,,,,C,0,,,,Inactive (no sales in last 6 months),20260824T181001Z-27103c
72750D,F.FAIRY S/3 CANDLE/GLASS,2011-11,2011-12,M2_gbm_poisson,,,,,,,,,C,0,,,,Inactive (no sales in last 6 months),20260824T181001Z-27103c
72751A,"F.FAIRY S/3 SML CANDLE,LILY/VALLEY",2011-11,2011-12,M2_gbm_poisson,,,,,,,,,C,0,,,,Inactive (no sales in last 6 months),20260824T181001Z-27103c
72751B,"F.FAIRY S/3 SML CANDLE, LAVENDER",2011-11,2011-12,M2_gbm_poisson,,,,,,,,,C,0,,,,Inactive (no sales in last 6 months),20260824T181001Z-27103c
72751C,"F.FAIRY S/3 SML CANDLE, ROSE",2011-11,2011-12,M2_gbm_poisson,,,,,,,,,C,0,,,,Inactive (no sales in last 6 months),20260824T181001Z-27103c
72752A,"F.FAIRY,CANDLE IN GLASS,LILY/VALLEY",2011-11,2011-12,M2_gbm_poisson,,,,,,,,,C,0,,,,Inactive (no sales in last 6 months),20260824T181001Z-27103c
72752B,"F.FAIRY,CANDLE IN GLASS,LAVENDER",2011-11,2011-12,M2_gbm_poisson,,,,,,,,,C,0,,,,Inactive (no sales in last 6 months),20260824T181001Z-27103c
72753A,S/3 FLWR FAIRY LILLY CANDLES,2011-11,2011-12,M2_gbm_poisson,,,,,,,,,C,0,,,,Inactive (no sales in last 6 months),20260824T181001Z-27103c
72753B,S/3 FLWR FAIRY LAVENDER CANDLES,2011-11,2011-12,M2_gbm_poisson,,,,,,,,,B,0,,,,Inactive (no sales in last 6 months),20260824T181001Z-27103c
72753C,S/3 FLWR FAIRY ROSE CANDLES,2011-11,2011-12,M2_gbm_poisson,,,,,,,,,C,0,,,,Inactive (no sales in last 6 months),20260824T181001Z-27103c
72753D,S/3 FLWR FAIRY SUMMER CANDLES,2011-11,2011-12,M2_gbm_poisson,,,,,,,,,C,0,,,,Inactive (no sales in last 6 months),20260824T181001Z-27103c
72754A,FLOWER FAIRY POTPOURRI CUSHION LILY,2011-11,2011-12,M2_gbm_poisson,,,,,,,,,C,0,,,,Inactive (no sales in last 6 months),20260824T181001Z-27103c
72754B,F FAIRY POTPOURRI CUSHIONS LAVENDER,2011-11,2011-12,M2_gbm_poisson,,,,,,,,,C,0,,,,Inactive (no sales in last 6 months),20260824T181001Z-27103c
72754D,F FAIRY POTPOURRI CUSHIONS SUMMER,2011-11,2011-12,M2_gbm_poisson,,,,,,,,,C,0,,,,Inactive (no sales in last 6 months),20260824T181001Z-27103c
72755C,FLOWER FAIRY OIL BURNER SET ROSE,2011-11,2011-12,M2_gbm_poisson,,,,,,,,,C,0,,,,Inactive (no sales in last 6 months),20260824T181001Z-27103c
72755D,FLOWER FAIRY OIL BURNER SET SUMMER,2011-11,2011-12,M2_gbm_poisson,,,,,,,,,C,0,,,,Inactive (no sales in last 6 months),20260824T181001Z-27103c
72756,FAIRY CAKE CANDLES,2011-11,2011-12,M2_gbm_poisson,,,,,,,,,A,0,,,,Inactive (no sales in last 6 months),20260824T181001Z-27103c
72760B,VINTAGE CREAM 3 BASKET CAKE STAND,2011-11,2011-12,M2_gbm_poisson,37.252690,27.214281,product,18,1.645000,44.767491,83,0.730532,A,29,26.000000,1,24,Forecast,20260824T181001Z-27103c
72771B,BURG FLOCK GOLD CUP/CANDLE,2011-11,2011-12,M2_gbm_poisson,,,,,,,,,C,0,,,,Inactive (no sales in last 6 months),20260824T181001Z-27103c
72771C,BLACK FLOCK GOLD CANDLE,2011-11,2011-12,M2_gbm_poisson,,,,,,,,,C,0,,,,Inactive (no sales in last 6 months),20260824T181001Z-27103c
72772,SET/4 SCENTED CANDLES IN RAMEKINS,2011-11,2011-12,M2_gbm_poisson,,,,,,,,,C,0,,,,Inactive (no sales in last 6 months),20260824T181001Z-27103c
72779,SET/6 BLACK ROSE T-LIGHT CANDLES,2011-11,2011-12,M2_gbm_poisson,,,,,,,,,C,0,,,,Inactive (no sales in last 6 months),20260824T181001Z-27103c
72780,BLACK SILOUETTE CANDLE PLATE,2011-11,2011-12,M2_gbm_poisson,27.599818,16.253452,product,18,1.645000,26.736929,55,0.588897,C,13,18.333333,1,24,Forecast,20260824T181001Z-27103c
72781,BLACK SILOUETTE CANDLE PLATE,2011-11,2011-12,M2_gbm_poisson,,,,,,,,,C,0,,,,Inactive (no sales in last 6 months),20260824T181001Z-27103c
72783,BLACK SIL'T SQU CANDLE PLATE,2011-11,2011-12,M2_gbm_poisson,15.534641,5.347728,product,12,1.645000,8.797012,25,0.344245,C,12,4.000000,1,24,Forecast,20260824T181001Z-27103c
72785A,S/4 CONTEMPORY PINK ROSEBUD CANDLES,2011-11,2011-12,M2_gbm_poisson,,,,,,,,,C,0,,,,Inactive (no sales in last 6 months),20260824T181001Z-27103c
72785B,S/4 CONTEMPORY RED ROSEBUD CANDLES,2011-11,2011-12,M2_gbm_poisson,,,,,,,,,C,0,,,,Inactive (no sales in last 6 months),20260824T181001Z-27103c
72789,BASKET/8 SCENTED LOVE TOKEN CANDLES,2011-11,2011-12,M2_gbm_poisson,,,,,,,,,C,0,,,,Inactive (no sales in last 6 months),20260824T181001Z-27103c
72793,BLACK BOX MIRROR LANTERN,2011-11,2011-12,M2_gbm_poisson,,,,,,,,,C,0,,,,Inactive (no sales in last 6 months),20260824T181001Z-27103c
72796A,S/3 ENGLISH LAVENDER SQU CANDLE,2011-11,2011-12,M2_gbm_poisson,,,,,,,,,C,0,,,,Inactive (no sales in last 6 months),20260824T181001Z-27103c
72796B,S/3 FRENCH VANILLA SQU CANDLE,2011-11,2011-12,M2_gbm_poisson,,,,,,,,,C,0,,,,Inactive (no sales in last 6 months),20260824T181001Z-27103c
72796C,S/3 ROSE GARDEN SCENT SQU CANDLE,2011-11,2011-12,M2_gbm_poisson,,,,,,,,,C,0,,,,Inactive (no sales in last 6 months),20260824T181001Z-27103c
72798C,SET/4 GARDEN ROSE DINNER CANDLE,2011-11,2011-12,M2_gbm_poisson,,,,,,,,,C,0,,,,Inactive (no sales in last 6 months),20260824T181001Z-27103c
72799A,BLACK PILLAR CANDLE SILVER FLOCK,2011-11,2011-12,M2_gbm_poisson,,,,,,,,,C,0,,,,Inactive (no sales in last 6 months),20260824T181001Z-27103c
72799B,PURPLE PILLAR CANDLE BLACK FLOCK,2011-11,2011-12,M2_gbm_poisson,,,,,,,,,C,0,,,,Inactive (no sales in last 6 months),20260824T181001Z-27103c
72799C,PINK PILLAR CANDLE SILVER FLOCK,2011-11,2011-12,M2_gbm_poisson,20.865687,7.136728,product,18,1.645000,11.739918,33,0.342032,C,15,5.666667,1,24,Forecast,20260824T181001Z-27103c
72799D,BLUE PILLAR CANDLE SILVER FLOCK,2011-11,2011-12,M2_gbm_poisson,,,,,,,,,C,0,,,,Inactive (no sales in last 6 months),20260824T181001Z-27103c
72799E,IVORY PILLAR CANDLE SILVER FLOCK,2011-11,2011-12,M2_gbm_poisson,50.386384,20.650065,product,18,1.645000,33.969358,85,0.409834,B,49,38.333333,1,24,Forecast,20260824T181001Z-27103c
72799F,IVORY PILLAR CANDLE GOLD FLOCK,2011-11,2011-12,M2_gbm_poisson,30.540846,20.489913,product,18,1.645000,33.705907,65,0.670902,B,16,18.000000,1,24,Forecast,20260824T181001Z-27103c
72800A,S/4 BLACK DINNER CANDLE SILVER FLOC,2011-11,2011-12,M2_gbm_poisson,,,,,,,,,C,0,,,,Inactive (no sales in last 6 months),20260824T181001Z-27103c
72800B,4 PURPLE FLOCK DINNER CANDLES,2011-11,2011-12,M2_gbm_poisson,46.606917,10.279810,product,18,1.645000,16.910287,64,0.220564,B,46,19.333333,1,24,Forecast,20260824T181001Z-27103c
72800C,4 PINK DINNER CANDLE SILVER FLOCK,2011-11,2011-12,M2_gbm_poisson,34.219457,14.577759,product,18,1.645000,23.980414,59,0.426008,C,29,13.333333,1,24,Forecast,20260824T181001Z-27103c
72800D,4 BLUE DINNER CANDLES SILVER FLOCK,2011-11,2011-12,M2_gbm_poisson,15.359037,9.510081,product,18,1.645000,15.644084,32,0.619185,B,9,7.666667,1,24,Forecast,20260824T181001Z-27103c
72800E,4 IVORY DINNER CANDLES SILVER FLOCK,2011-11,2011-12,M2_gbm_poisson,60.588110,23.530401,product,18,1.645000,38.707509,100,0.388367,B,75,53.000000,1,24,Forecast,20260824T181001Z-27103c
72800F,4 IVORY DINNER CANDLES GOLD FLOCK,2011-11,2011-12,M2_gbm_poisson,,,,,,,,,B,0,,,,Inactive (no sales in last 6 months),20260824T181001Z-27103c
72801C,4 ROSE PINK DINNER CANDLES,2011-11,2011-12,M2_gbm_poisson,14.138331,18.615794,product,18,1.645000,30.622982,45,1.316690,C,4,8.666667,1,24,Forecast,20260824T181001Z-27103c
72801D,4 SKY BLUE DINNER CANDLES,2011-11,2011-12,M2_gbm_poisson,14.900514,13.775689,product,18,1.645000,22.661009,38,0.924511,C,3,12.000000,1,24,Forecast,20260824T181001Z-27103c
72801E,S/4 FESTIVE GREEN DINNER CANDLES,2011-11,2011-12,M2_gbm_poisson,,,,,,,,,C,0,,,,Inactive (no sales in last 6 months),20260824T181001Z-27103c
72801F,S/4 FESTIVE RED DINNER CANDLES,2011-11,2011-12,M2_gbm_poisson,,,,,,,,,C,0,,,,Inactive (no sales in last 6 months),20260824T181001Z-27103c
72801G,4 BURGUNDY WINE DINNER CANDLES,2011-11,2011-12,M2_gbm_poisson,13.251331,13.577538,product,18,1.645000,22.335050,36,1.024617,C,7,3.333333,1,24,Forecast,20260824T181001Z-27103c
72802A,ROSE SCENT CANDLE IN JEWELLED BOX,2011-11,2011-12,M2_gbm_poisson,36.882900,30.849683,product,18,1.645000,50.747729,88,0.836422,A,36,23.666667,1,24,Forecast,20260824T181001Z-27103c
72802B,OCEAN SCENT CANDLE IN JEWELLED BOX,2011-11,2011-12,M2_gbm_poisson,55.636029,22.686237,product,18,1.645000,37.318859,93,0.407762,B,165,248.000000,1,24,Forecast,20260824T181001Z-27103c
72802C,VANILLA SCENT CANDLE JEWELLED BOX,2011-11,2011-12,M2_gbm_poisson,77.976825,35.469667,product,18,1.645000,58.347602,137,0.454874,A,193,343.000000,1,24,Forecast,20260824T181001Z-27103c
72803A,ROSE SCENT CANDLE JEWELLED DRAWER,2011-11,2011-12,M2_gbm_poisson,21.701046,11.529483,product,18,1.645000,18.966000,41,0.531287,B,6,142.000000,1,24,Forecast,20260824T181001Z-27103c
72803B,OCEAN SCENT CANDLE JEWELLED DRAWER,2011-11,2011-12,M2_gbm_poisson,,,,,,,,,C,0,,,,Inactive (no sales in last 6 months),20260824T181001Z-27103c
72805,VANILLA CANDLE IN EMBOSSED ZINC POT,2011-11,2011-12,M2_gbm_poisson,,,,,,,,,C,0,,,,Inactive (no sales in last 6 months),20260824T181001Z-27103c
72807A,SET/3 ROSE CANDLE IN JEWELLED BOX,2011-11,2011-12,M2_gbm_poisson,56.830061,32.571855,product,18,1.645000,53.580701,111,0.573145,A,93,40.666667,1,24,Forecast,20260824T181001Z-27103c
72807B,SET/3 OCEAN SCENT CANDLE JEWEL BOX,2011-11,2011-12,M2_gbm_poisson,55.140759,33.617729,product,18,1.645000,55.301165,111,0.609671,A,91,42.666667,1,24,Forecast,20260824T181001Z-27103c
72807C,SET/3 VANILLA SCENTED CANDLE IN BOX,2011-11,2011-12,M2_gbm_poisson,80.912404,33.543727,product,18,1.645000,55.179431,137,0.414568,A,226,111.666667,1,24,Forecast,20260824T181001Z-27103c
72811,SMALL ZINC/GLASS CANDLEHOLDER,2011-11,2011-12,M2_gbm_poisson,18.834690,10.236456,product,18,1.645000,16.838970,36,0.543489,C,18,6.000000,1,24,Forecast,20260824T181001Z-27103c
72812,LARGE ZINC GLASS CANDLEHOLDER,2011-11,2011-12,M2_gbm_poisson,8.617524,7.823974,product,18,1.645000,12.870438,22,0.907914,C,3,2.666667,1,24,Forecast,20260824T181001Z-27103c
72814,SET OF 3 CHRISTMAS BRIAR CANDLES,2011-11,2011-12,M2_gbm_poisson,,,,,,,,,B,0,,,,Inactive (no sales in last 6 months),20260824T181001Z-27103c
72815,3 WICK CHRISTMAS BRIAR CANDLE,2011-11,2011-12,M2_gbm_poisson,,,,,,,,,B,0,,,,Inactive (no sales in last 6 months),20260824T181001Z-27103c
72816,SET/3 CHRISTMAS DECOUPAGE CANDLES,2011-11,2011-12,M2_gbm_poisson,19.260078,40.816119,product,16,1.645000,67.142516,87,2.119208,B,0,242.333333,2,24,Forecast,20260824T181001Z-27103c
72817,SET OF 2 CHRISTMAS DECOUPAGE CANDLE,2011-11,2011-12,M2_gbm_poisson,180.685244,32.851996,product,17,1.645000,54.041534,235,0.181819,C,394,356.000000,1,24,Forecast,20260824T181001Z-27103c
72818,CHRISTMAS DECOUPAGE CANDLE,2011-11,2011-12,M2_gbm_poisson,29.838363,15.579716,product,16,1.645000,25.628633,56,0.522137,C,0,579.000000,2,24,Forecast,20260824T181001Z-27103c
72819,CUPID DESIGN SCENTED CANDLES,2011-11,2011-12,M2_gbm_poisson,20.607077,12.172948,product,18,1.645000,20.024499,41,0.590717,B,9,16.000000,1,24,Forecast,20260824T181001Z-27103c
72821,CUPID SCENTED CANDLE IN GLASS,2011-11,2011-12,M2_gbm_poisson,,,,,,,,,C,0,,,,Inactive (no sales in last 6 months),20260824T181001Z-27103c
75011,BLUE DAISY MOBILE,2011-11,2011-12,M2_gbm_poisson,17.690565,13.434364,product,18,1.645000,22.099529,40,0.759408,C,1,13.333333,1,24,Forecast,20260824T181001Z-27103c
75013B,"STRING OF 8 BUTTERFLIES,PINK",2011-11,2011-12,M2_gbm_poisson,,,,,,,,,C,0,,,,Inactive (no sales in last 6 months),20260824T181001Z-27103c
75049L,LARGE CIRCULAR MIRROR MOBILE,2011-11,2011-12,M2_gbm_poisson,317.925154,619.317245,product,18,1.645000,1018.776868,1337,1.947997,A,875,461.000000,1,24,Forecast,20260824T181001Z-27103c
75131,METAL TUBE CHIME ON BAMBOO,2011-11,2011-12,M2_gbm_poisson,,,,,,,,,B,0,,,,Inactive (no sales in last 6 months),20260824T181001Z-27103c
75149N,STRING CRYSTALS NATURAL,2011-11,2011-12,M2_gbm_poisson,,,,,,,,,C,0,,,,Inactive (no sales in last 6 months),20260824T181001Z-27103c
75172,PAINTED SEA SHELL METAL WINDCHIME,2011-11,2011-12,M2_gbm_poisson,2.006944,2.297203,product,17,1.645000,3.778899,6,1.144627,C,0,0.000000,5,18,Forecast,20260824T181001Z-27103c
75178,ASSTD COL BUTTERFLY/CRYSTAL W/CHIME,2011-11,2011-12,M2_gbm_poisson,6.332549,29.000639,product,18,1.645000,47.706052,55,4.579615,C,0,3.333333,2,22,Forecast,20260824T181001Z-27103c
77079,DOLPHIN WINDMILL,2011-11,2011-12,M2_gbm_poisson,2.043465,3.782101,product,13,1.645000,6.221556,9,1.850827,C,0,0.000000,6,21,Forecast,20260824T181001Z-27103c
77081,FLOWER WINDMILL,2011-11,2011-12,M2_gbm_poisson,,,,,,,,,C,0,,,,Inactive (no sales in last 6 months),20260824T181001Z-27103c
77101A,UNION FLAG WINDSOCK,2011-11,2011-12,M2_gbm_poisson,,,,,,,,,B,0,,,,Inactive (no sales in last 6 months),20260824T181001Z-27103c
78026,SEAGRASS S/3 SQU LAUNDRY BOX,2011-11,2011-12,M2_gbm_poisson,,,,,,,,,C,0,,,,Inactive (no sales in last 6 months),20260824T181001Z-27103c
78027,SEAGRASS S/2 CORNER LAUNDRY,2011-11,2011-12,M2_gbm_poisson,,,,,,,,,C,0,,,,Inactive (no sales in last 6 months),20260824T181001Z-27103c
78033,FLAG OF ST GEORGE CHAIR,2011-11,2011-12,M2_gbm_poisson,6.159824,6.413218,product,17,1.645000,10.549743,17,1.041136,C,0,3.000000,2,23,Forecast,20260824T181001Z-27103c
78034B,BLUE NETTING STORAGE HANGER,2011-11,2011-12,M2_gbm_poisson,3.544358,2.153232,product,17,1.645000,3.542067,8,0.607510,C,0,0.333333,2,18,Forecast,20260824T181001Z-27103c
78056,CAMOUFLAGE BACKPACK ON WHEELS,2011-11,2011-12,M2_gbm_poisson,,,,,,,,,C,0,,,,Inactive (no sales in last 6 months),20260824T181001Z-27103c
78124,MAGAZINE RACK GEBRA ASSORTED,2011-11,2011-12,M2_gbm_poisson,39.008650,24.522554,product,18,1.645000,40.339601,80,0.628644,C,30,28.333333,1,24,Forecast,20260824T181001Z-27103c
79000,MOROCCAN TEA GLASS,2011-11,2011-12,M2_gbm_poisson,12.245215,261.831370,product,18,1.645000,430.712604,443,21.382342,A,0,4.000000,3,24,Forecast,20260824T181001Z-27103c
79026B,"S/4 ICON COASTER,ELVIS LIVES",2011-11,2011-12,M2_gbm_poisson,,,,,,,,,C,0,,,,Inactive (no sales in last 6 months),20260824T181001Z-27103c
79029,GLASS HONEYPOT WASP CATCHER,2011-11,2011-12,M2_gbm_poisson,,,,,,,,,A,0,,,,Inactive (no sales in last 6 months),20260824T181001Z-27103c
79030A,"TUMBLER, ENGLISH ROSE",2011-11,2011-12,M2_gbm_poisson,,,,,,,,,C,0,,,,Inactive (no sales in last 6 months),20260824T181001Z-27103c
79030D,TUMBLER BAROQUE,2011-11,2011-12,M2_gbm_poisson,20.475929,25.830370,product,18,1.645000,42.490959,63,1.261499,C,12,10.000000,1,24,Forecast,20260824T181001Z-27103c
79030G,"TUMBLER, NEW ENGLAND",2011-11,2011-12,M2_gbm_poisson,2.296751,43.694325,product,18,1.645000,71.877165,75,19.024404,B,0,0.000000,6,24,Forecast,20260824T181001Z-27103c
79051A,SMOKEY GREY COLOUR D.O.F. GLASS,2011-11,2011-12,M2_gbm_poisson,62.198356,52.394461,product,18,1.645000,86.188889,149,0.842377,C,116,60.666667,1,24,Forecast,20260824T181001Z-27103c
79062D,"RETRO TIN ASHTRAY,REVOLUTIONARY",2011-11,2011-12,M2_gbm_poisson,3.665801,39.155464,product,9,1.645000,64.410739,69,10.681285,C,0,0.000000,4,10,Forecast,20260824T181001Z-27103c
79063C,"RETRO PILL BOX KEY CHAIN,THE KING",2011-11,2011-12,M2_gbm_poisson,19.870662,85.832924,product,8,1.645000,141.195160,162,4.319581,C,2,12.333333,1,9,Forecast,20260824T181001Z-27103c
79063D,"RETRO PILL BOX , REVOLUTIONARY",2011-11,2011-12,M2_gbm_poisson,13.691851,50.470260,product,9,1.645000,83.023579,97,3.686153,C,3,4.666667,1,10,Forecast,20260824T181001Z-27103c
79065A,TEATIME ROUND CAKE TINS,2011-11,2011-12,M2_gbm_poisson,,,,,,,,,C,0,,,,Inactive (no sales in last 6 months),20260824T181001Z-27103c
79066K,RETRO MOD TRAY,2011-11,2011-12,M2_gbm_poisson,87.719281,31.481983,product,18,1.645000,51.787863,140,0.358895,C,226,121.666667,1,24,Forecast,20260824T181001Z-27103c
79067,CORONA MEXICAN TRAY,2011-11,2011-12,M2_gbm_poisson,,,,,,,,,A,0,,,,Inactive (no sales in last 6 months),20260824T181001Z-27103c
79070B,ENGLISH ROSE SQUARE CAKE TINS,2011-11,2011-12,M2_gbm_poisson,,,,,,,,,C,0,,,,Inactive (no sales in last 6 months),20260824T181001Z-27103c
79071B,ENGLISH ROSE METAL WASTE BIN,2011-11,2011-12,M2_gbm_poisson,2.064227,7.761488,product,18,1.645000,12.767648,15,3.759998,C,0,0.000000,6,22,Forecast,20260824T181001Z-27103c
79072,TEATIME CAKE TIN WITH HANDLE,2011-11,2011-12,M2_gbm_poisson,,,,,,,,,B,0,,,,Inactive (no sales in last 6 months),20260824T181001Z-27103c
79140,ASS WINDPROOF MARIJUANA LIGHTERS,2011-11,2011-12,M2_gbm_poisson,,,,,,,,,C,0,,,,Inactive (no sales in last 6 months),20260824T181001Z-27103c
79144B,PAINTED LIGHTBULB STAR+ MOON,2011-11,2011-12,M2_gbm_poisson,34.789259,24.673054,product,18,1.645000,40.587174,76,0.709215,C,14,24.666667,1,24,Forecast,20260824T181001Z-27103c
79144C,PAINTED LIGHTBULB RAINBOW DESIGN,2011-11,2011-12,M2_gbm_poisson,28.785107,22.629008,product,18,1.645000,37.224718,67,0.786136,C,5,23.000000,1,24,Forecast,20260824T181001Z-27103c
79149B,SILICON STAR BULB  BLUE,2011-11,2011-12,M2_gbm_poisson,16.229943,3.642235,product,18,1.645000,5.991477,23,0.224415,C,12,4.666667,1,24,Forecast,20260824T181001Z-27103c
79151B,"SILICON CUBE 25W, BLUE",2011-11,2011-12,M2_gbm_poisson,13.470854,7.176595,product,6,1.645000,11.805498,26,0.532750,C,10,3.333333,1,12,Forecast,20260824T181001Z-27103c
79157B,UBO-LIGHT TRIOBASE BLUE,2011-11,2011-12,M2_gbm_poisson,5.084877,7.836625,abc_group,4,1.645000,12.891247,18,1.541163,C,0,1.000000,2,22,Forecast,20260824T181001Z-27103c
79157V,UBO-LIGHT TRIOBASE PURPLE,2011-11,2011-12,M2_gbm_poisson,12.412269,7.836625,abc_group,1,1.645000,12.891247,26,0.631361,C,2,1.666667,1,2,Forecast,20260824T181001Z-27103c
79160,HEART SHAPE WIRELESS DOORBELL,2011-11,2011-12,M2_gbm_poisson,30.019633,42.893277,product,18,1.645000,70.559441,101,1.428841,B,20,9.333333,1,24,Forecast,20260824T181001Z-27103c
79161A,ST GEORGE SET OF 10 PARTY LIGHTS,2011-11,2011-12,M2_gbm_poisson,5.842509,3.491420,product,12,1.645000,5.743386,12,0.597589,C,2,0.666667,1,21,Forecast,20260824T181001Z-27103c
79163,BLACK CHAMPAGNE GLASS,2011-11,2011-12,M2_gbm_poisson,8.555368,39.907971,product,18,1.645000,65.648613,75,4.664670,B,0,6.666667,3,24,Forecast,20260824T181001Z-27103c
79164,BLACK WINE GLASS,2011-11,2011-12,M2_gbm_poisson,17.980671,122.393416,product,18,1.645000,201.337170,220,6.806944,B,18,8.000000,1,24,Forecast,20260824T181001Z-27103c
79172D,PURPLE TINT ACRYLIC FLOWER VASE,2011-11,2011-12,M2_gbm_poisson,,,,,,,,,C,0,,,,Inactive (no sales in last 6 months),20260824T181001Z-27103c
79190A,RETRO PLASTIC 70'S TRAY,2011-11,2011-12,M2_gbm_poisson,55.007025,40.463277,product,18,1.645000,66.562090,122,0.735602,C,90,55.333333,1,24,Forecast,20260824T181001Z-27103c
79190B,RETRO PLASTIC POLKA TRAY,2011-11,2011-12,M2_gbm_poisson,53.888152,37.395310,product,18,1.645000,61.515285,116,0.693943,C,84,46.000000,1,24,Forecast,20260824T181001Z-27103c
79190D,RETRO PLASTIC DAISY TRAY,2011-11,2011-12,M2_gbm_poisson,36.033459,27.956939,product,18,1.645000,45.989164,83,0.775861,C,26,22.333333,1,24,Forecast,20260824T181001Z-27103c
79191B,RETRO PLASTIC POLKA TRAY,2011-11,2011-12,M2_gbm_poisson,38.857185,6.984716,product,18,1.645000,11.489859,51,0.179754,C,23,18.333333,1,24,Forecast,20260824T181001Z-27103c
79191C,RETRO PLASTIC ELEPHANT TRAY,2011-11,2011-12,M2_gbm_poisson,71.326449,44.241582,product,18,1.645000,72.777402,145,0.620269,C,198,111.000000,1,24,Forecast,20260824T181001Z-27103c
79191D,RETRO PLASTIC DAISY TRAY,2011-11,2011-12,M2_gbm_poisson,11.369280,9.472537,product,18,1.645000,15.582323,27,0.833169,C,7,3.000000,1,24,Forecast,20260824T181001Z-27103c
79192A,RETRO PLASTIC 70'S TRAY,2011-11,2011-12,M2_gbm_poisson,,,,,,,,,C,0,,,,Inactive (no sales in last 6 months),20260824T181001Z-27103c
79301,FEATHER HEART LIGHTS,2011-11,2011-12,M2_gbm_poisson,,,,,,,,,C,0,,,,Inactive (no sales in last 6 months),20260824T181001Z-27103c
79302M,"ART LIGHTS,FUNK MONKEY",2011-11,2011-12,M2_gbm_poisson,54.266298,34.262197,product,18,1.645000,56.361314,111,0.631372,B,69,63.000000,1,24,Forecast,20260824T181001Z-27103c
79303A,WHITE ROHMBIC BLOCK TABLE LAMP,2011-11,2011-12,M2_gbm_poisson,,,,,,,,,C,0,,,,Inactive (no sales in last 6 months),20260824T181001Z-27103c
79303B,BLUE STAR BLOCK TABLE LAMP,2011-11,2011-12,M2_gbm_poisson,,,,,,,,,C,0,,,,Inactive (no sales in last 6 months),20260824T181001Z-27103c
79303D,LILAC FLOWER BLOCK TABLE LAMP,2011-11,2011-12,M2_gbm_poisson,,,,,,,,,C,0,,,,Inactive (no sales in last 6 months),20260824T181001Z-27103c
79308B,MOSAIC CANDLE DISH BLUE PURPLE,2011-11,2011-12,M2_gbm_poisson,,,,,,,,,C,0,,,,Inactive (no sales in last 6 months),20260824T181001Z-27103c
79315W,FLYING SAUCER TABLE LIGHT IN WHITE,2011-11,2011-12,M2_gbm_poisson,,,,,,,,,C,0,,,,Inactive (no sales in last 6 months),20260824T181001Z-27103c
79320,FLAMINGO LIGHTS,2011-11,2011-12,M2_gbm_poisson,,,,,,,,,A,0,,,,Inactive (no sales in last 6 months),20260824T181001Z-27103c
79321,CHILLI LIGHTS,2011-11,2011-12,M2_gbm_poisson,832.444417,296.441203,product,18,1.645000,487.645779,1321,0.356109,A,2092,1198.333333,1,24,Forecast,20260824T181001Z-27103c
79323B,BLACK CHERRY LIGHTS,2011-11,2011-12,M2_gbm_poisson,,,,,,,,,B,0,,,,Inactive (no sales in last 6 months),20260824T181001Z-27103c
79323G,GOLD  CHERRY LIGHTS,2011-11,2011-12,M2_gbm_poisson,,,,,,,,,B,0,,,,Inactive (no sales in last 6 months),20260824T181001Z-27103c
79323GR,GREEN CHERRY LIGHTS,2011-11,2011-12,M2_gbm_poisson,,,,,,,,,B,0,,,,Inactive (no sales in last 6 months),20260824T181001Z-27103c
79323LP,LIGHT PINK CHERRY LIGHTS,2011-11,2011-12,M2_gbm_poisson,,,,,,,,,A,0,,,,Inactive (no sales in last 6 months),20260824T181001Z-27103c
79323P,PINK CHERRY LIGHTS,2011-11,2011-12,M2_gbm_poisson,,,,,,,,,A,0,,,,Inactive (no sales in last 6 months),20260824T181001Z-27103c
79323S,SILVER CHERRY LIGHTS,2011-11,2011-12,M2_gbm_poisson,,,,,,,,,B,0,,,,Inactive (no sales in last 6 months),20260824T181001Z-27103c
79323W,WHITE CHERRY LIGHTS,2011-11,2011-12,M2_gbm_poisson,,,,,,,,,A,0,,,,Inactive (no sales in last 6 months),20260824T181001Z-27103c
79328,BLUE FLOCK GLASS CANDLEHOLDER,2011-11,2011-12,M2_gbm_poisson,,,,,,,,,C,0,,,,Inactive (no sales in last 6 months),20260824T181001Z-27103c
79329,PINK FLOCK GLASS CANDLEHOLDER,2011-11,2011-12,M2_gbm_poisson,,,,,,,,,C,0,,,,Inactive (no sales in last 6 months),20260824T181001Z-27103c
79331,PINK FLOCK GLASS CANDLEHOLDER,2011-11,2011-12,M2_gbm_poisson,,,,,,,,,C,0,,,,Inactive (no sales in last 6 months),20260824T181001Z-27103c
79336,LIGHT PINK FLOCK GLASS CANDLEHOLDER,2011-11,2011-12,M2_gbm_poisson,4.906607,14.703083,product,15,1.645000,24.186572,30,2.996589,C,0,2.000000,3,24,Forecast,20260824T181001Z-27103c
79337,BLUE FLOCK GLASS CANDLEHOLDER,2011-11,2011-12,M2_gbm_poisson,2.064826,47.443600,product,18,1.645000,78.044722,81,22.977050,C,0,0.000000,5,23,Forecast,20260824T181001Z-27103c
79338,DARK PINK FLOCK GLASS CANDLEHOLDER,2011-11,2011-12,M2_gbm_poisson,,,,,,,,,C,0,,,,Inactive (no sales in last 6 months),20260824T181001Z-27103c
79341,WILLOW BRANCH LIGHTS.,2011-11,2011-12,M2_gbm_poisson,,,,,,,,,A,0,,,,Inactive (no sales in last 6 months),20260824T181001Z-27103c
79342B,BROWN FLOWER LIGHTS,2011-11,2011-12,M2_gbm_poisson,,,,,,,,,C,0,,,,Inactive (no sales in last 6 months),20260824T181001Z-27103c
79403,FROSTED WHITE BASE,2011-11,2011-12,M2_gbm_poisson,8.992802,21.019395,product,18,1.645000,34.576905,44,2.337358,C,0,4.000000,2,24,Forecast,20260824T181001Z-27103c
79406,FROSTED WHITE BASE,2011-11,2011-12,M2_gbm_poisson,21.082654,33.052323,product,18,1.645000,54.371071,76,1.567750,C,24,8.000000,1,24,Forecast,20260824T181001Z-27103c
79413,GLASS WINE GLASS DECORATIONS,2011-11,2011-12,M2_gbm_poisson,,,,,,,,,C,0,,,,Inactive (no sales in last 6 months),20260824T181001Z-27103c
79532,MOSAIC GLASS BALL CANDLEHOLDER,2011-11,2011-12,M2_gbm_poisson,,,,,,,,,C,0,,,,Inactive (no sales in last 6 months),20260824T181001Z-27103c
79534,MULTICOLOUR GLASS PLATE,2011-11,2011-12,M2_gbm_poisson,,,,,,,,,C,0,,,,Inactive (no sales in last 6 months),20260824T181001Z-27103c
81950B,FLOWER BLUE CLOCK W/SUCKER,2011-11,2011-12,M2_gbm_poisson,3.168712,12.732194,product,16,1.645000,20.944460,25,4.018097,C,0,0.000000,4,24,Forecast,20260824T181001Z-27103c
81950V,FLOWER PURPLE CLOCK W/SUCKER,2011-11,2011-12,M2_gbm_poisson,2.027923,4.573066,product,18,1.645000,7.522694,10,2.255049,C,0,0.000000,5,24,Forecast,20260824T181001Z-27103c
81952B,ROUND BLUE CLOCK W/SUCKER,2011-11,2011-12,M2_gbm_poisson,2.018525,12.378832,product,13,1.645000,20.363178,23,6.132612,C,0,0.000000,5,23,Forecast,20260824T181001Z-27103c
81952V,ROUND PURPLE CLOCK WITH SUCKER,2011-11,2011-12,M2_gbm_poisson,38.595721,23.440469,product,16,1.645000,38.559571,78,0.607333,C,10,20.000000,1,24,Forecast,20260824T181001Z-27103c
81953B,ROUND BLUE CLOCK WITH SUCKER,2011-11,2011-12,M2_gbm_poisson,1.996261,5.853402,product,14,1.645000,9.628847,12,2.932183,C,0,0.000000,5,19,Forecast,20260824T181001Z-27103c
81953P,ROUND ARTICULATED PINK CLOCK W/SUCK,2011-11,2011-12,M2_gbm_poisson,2.018525,5.619277,product,14,1.645000,9.243710,12,2.783853,C,0,0.000000,5,22,Forecast,20260824T181001Z-27103c
81985A,"ICON ALARM CLOCK,FUSCHIA  PIN UP",2011-11,2011-12,M2_gbm_poisson,,,,,,,,,C,0,,,,Inactive (no sales in last 6 months),20260824T181001Z-27103c
82001S,VINYL RECORD FRAME SILVER,2011-11,2011-12,M2_gbm_poisson,147.675141,81.556333,product,18,1.645000,134.160168,282,0.552269,A,326,188.000000,1,24,Forecast,20260824T181001Z-27103c
82011A,"BATHROOM SCALES, TROPICAL BEACH",2011-11,2011-12,M2_gbm_poisson,4.205931,3.669733,product,18,1.645000,6.036710,11,0.872514,C,2,1.333333,1,22,Forecast,20260824T181001Z-27103c
82011B,BATHROOM SCALES RUBBER DUCKS,2011-11,2011-12,M2_gbm_poisson,17.270297,5.168694,product,18,1.645000,8.502502,26,0.299282,C,12,8.666667,1,24,Forecast,20260824T181001Z-27103c
82011C,BATHROOM SCALES FOOTPRINTS IN SAND,2011-11,2011-12,M2_gbm_poisson,18.924677,6.189086,product,18,1.645000,10.181046,30,0.327038,C,12,10.333333,1,24,Forecast,20260824T181001Z-27103c
82011E,"BATHROOM SCALES, FAG BREAK",2011-11,2011-12,M2_gbm_poisson,,,,,,,,,C,0,,,,Inactive (no sales in last 6 months),20260824T181001Z-27103c
82069,BEECH WOOD P/FRAME,2011-11,2011-12,M2_gbm_poisson,,,,,,,,,C,0,,,,Inactive (no sales in last 6 months),20260824T181001Z-27103c
82072,WHITE WOOD SINGLE P/FRAME,2011-11,2011-12,M2_gbm_poisson,,,,,,,,,C,0,,,,Inactive (no sales in last 6 months),20260824T181001Z-27103c
82076,BEECH WOOD PHOTO FRAME,2011-11,2011-12,M2_gbm_poisson,,,,,,,,,C,0,,,,Inactive (no sales in last 6 months),20260824T181001Z-27103c
82081,PINK HEARTS PHOTO ALBUM,2011-11,2011-12,M2_gbm_poisson,,,,,,,,,C,0,,,,Inactive (no sales in last 6 months),20260824T181001Z-27103c
82093,HEART SHAPE BUTTON FRAME,2011-11,2011-12,M2_gbm_poisson,,,,,,,,,C,0,,,,Inactive (no sales in last 6 months),20260824T181001Z-27103c
82095,HEART BUTTONS JEWELLERY BOX,2011-11,2011-12,M2_gbm_poisson,2.045777,5.991905,product,18,1.645000,9.856684,12,2.928914,C,0,0.000000,5,24,Forecast,20260824T181001Z-27103c
82482,WOODEN PICTURE FRAME WHITE FINISH,2011-11,2011-12,M2_gbm_poisson,525.923403,198.566907,product,18,1.645000,326.642563,853,0.377559,A,1095,952.666667,1,24,Forecast,20260824T181001Z-27103c
82483,WOOD 2 DRAWER CABINET WHITE FINISH,2011-11,2011-12,M2_gbm_poisson,174.494317,76.738278,product,18,1.645000,126.234467,301,0.439775,A,313,238.666667,1,24,Forecast,20260824T181001Z-27103c
82484,WOOD BLACK BOARD ANT WHITE FINISH,2011-11,2011-12,M2_gbm_poisson,244.310106,187.147457,product,18,1.645000,307.857566,553,0.766024,A,366,391.333333,1,20,Forecast,20260824T181001Z-27103c
82486,WOOD S/3 CABINET ANT WHITE FINISH,2011-11,2011-12,M2_gbm_poisson,138.195893,52.125838,product,18,1.645000,85.747004,224,0.377188,A,286,206.666667,1,24,Forecast,20260824T181001Z-27103c
82494L,WOODEN FRAME ANTIQUE WHITE,2011-11,2011-12,M2_gbm_poisson,545.060564,260.073781,product,18,1.645000,427.821369,973,0.477147,A,1099,828.333333,1,24,Forecast,20260824T181001Z-27103c
82545A,COGNAC AUX OEUFS METAL 1 HOOK,2011-11,2011-12,M2_gbm_poisson,,,,,,,,,C,0,,,,Inactive (no sales in last 6 months),20260824T181001Z-27103c
82551,LAUNDRY 15C METAL SIGN,2011-11,2011-12,M2_gbm_poisson,233.407523,63.480190,product,18,1.645000,104.424913,338,0.271971,A,486,321.666667,1,24,Forecast,20260824T181001Z-27103c
82552,WASHROOM METAL SIGN,2011-11,2011-12,M2_gbm_poisson,200.819418,146.020441,product,18,1.645000,240.203626,442,0.727123,A,470,284.000000,1,24,Forecast,20260824T181001Z-27103c
82553,POP'S GREASY SPOON METAL SIGN,2011-11,2011-12,M2_gbm_poisson,,,,,,,,,C,0,,,,Inactive (no sales in last 6 months),20260824T181001Z-27103c
82567,"AIRLINE LOUNGE,METAL SIGN",2011-11,2011-12,M2_gbm_poisson,64.749094,17.962068,product,18,1.645000,29.547602,95,0.277410,B,89,66.333333,1,24,Forecast,20260824T181001Z-27103c
82578,KITCHEN METAL SIGN,2011-11,2011-12,M2_gbm_poisson,97.955284,126.623151,product,18,1.645000,208.295084,307,1.292663,B,83,136.333333,1,24,Forecast,20260824T181001Z-27103c
82580,BATHROOM METAL SIGN,2011-11,2011-12,M2_gbm_poisson,287.932742,265.430436,product,18,1.645000,436.633067,725,0.921849,A,406,491.666667,1,24,Forecast,20260824T181001Z-27103c
82581,TOILET METAL SIGN,2011-11,2011-12,M2_gbm_poisson,174.414649,183.416182,product,18,1.645000,301.719620,477,1.051610,A,309,255.666667,1,24,Forecast,20260824T181001Z-27103c
82582,AREA PATROLLED METAL SIGN,2011-11,2011-12,M2_gbm_poisson,275.632602,177.631563,product,18,1.645000,292.203921,568,0.644450,A,575,513.333333,1,24,Forecast,20260824T181001Z-27103c
82583,HOT BATHS METAL SIGN,2011-11,2011-12,M2_gbm_poisson,515.113976,261.854945,product,18,1.645000,430.751385,946,0.508344,A,936,1149.666667,1,24,Forecast,20260824T181001Z-27103c
82585,SWEET VALENCIA CANDLE+CUP,2011-11,2011-12,M2_gbm_poisson,,,,,,,,,C,0,,,,Inactive (no sales in last 6 months),20260824T181001Z-27103c
82587,TEXRIO TOMATOES CANDLE+CUP,2011-11,2011-12,M2_gbm_poisson,,,,,,,,,C,0,,,,Inactive (no sales in last 6 months),20260824T181001Z-27103c
82597,BOMBS AWAY METAL SIGN,2011-11,2011-12,M2_gbm_poisson,,,,,,,,,B,0,,,,Inactive (no sales in last 6 months),20260824T181001Z-27103c
82599,FANNY'S REST STOPMETAL SIGN,2011-11,2011-12,M2_gbm_poisson,,,,,,,,,A,0,,,,Inactive (no sales in last 6 months),20260824T181001Z-27103c
82600,NO SINGING METAL SIGN,2011-11,2011-12,M2_gbm_poisson,348.231650,219.847565,product,18,1.645000,361.649245,710,0.631326,A,828,620.666667,1,24,Forecast,20260824T181001Z-27103c
82605,OLD DOC RUSSEL METAL SIGN,2011-11,2011-12,M2_gbm_poisson,,,,,,,,,C,0,,,,Inactive (no sales in last 6 months),20260824T181001Z-27103c
82607A,GLASS BONBON JAR PARFUME AUX FLEURE,2011-11,2011-12,M2_gbm_poisson,,,,,,,,,B,0,,,,Inactive (no sales in last 6 months),20260824T181001Z-27103c
82607C,GLASS BONBON JAR. SUPERFINES,2011-11,2011-12,M2_gbm_poisson,,,,,,,,,C,0,,,,Inactive (no sales in last 6 months),20260824T181001Z-27103c
82607E,GLASS BONBON JAR. D'AMANDES,2011-11,2011-12,M2_gbm_poisson,,,,,,,,,C,0,,,,Inactive (no sales in last 6 months),20260824T181001Z-27103c
82613A,"METAL SIGN,CUPCAKE SINGLE HOOK",2011-11,2011-12,M2_gbm_poisson,2.006944,12.816207,product,18,1.645000,21.082661,24,6.385932,C,0,0.000000,5,24,Forecast,20260824T181001Z-27103c
82613B,"METAL SIGN,CUPCAKE SINGLE HOOK",2011-11,2011-12,M2_gbm_poisson,20.397551,37.893109,product,18,1.645000,62.334164,83,1.857728,C,9,10.666667,1,24,Forecast,20260824T181001Z-27103c
82613C,"METAL SIGN,CUPCAKE SINGLE HOOK",2011-11,2011-12,M2_gbm_poisson,25.037270,19.313704,product,18,1.645000,31.771043,57,0.771398,C,18,13.333333,1,24,Forecast,20260824T181001Z-27103c
82613D,METAL SIGN CUPCAKE SINGLE HOOK,2011-11,2011-12,M2_gbm_poisson,33.878141,16.674383,product,18,1.645000,27.429360,62,0.492187,B,20,18.333333,1,24,Forecast,20260824T181001Z-27103c
82615,PINK MARSHMALLOW SCARF KNITTING KIT,2011-11,2011-12,M2_gbm_poisson,,,,,,,,,B,0,,,,Inactive (no sales in last 6 months),20260824T181001Z-27103c
82616A,BUBBLE GUM SCARF KNITTING KIT,2011-11,2011-12,M2_gbm_poisson,,,,,,,,,C,0,,,,Inactive (no sales in last 6 months),20260824T181001Z-27103c
82616B,FRAPPUCINO SCARF KNITTING KIT,2011-11,2011-12,M2_gbm_poisson,66.950619,25.187065,product,18,1.645000,41.432723,109,0.376204,C,86,70.666667,1,24,Forecast,20260824T181001Z-27103c
82616C,MIDNIGHT GLAMOUR SCARF KNITTING KIT,2011-11,2011-12,M2_gbm_poisson,62.643392,27.797655,product,18,1.645000,45.727142,109,0.443744,C,88,61.666667,1,24,Forecast,20260824T181001Z-27103c
84006,MAGIC TREE -PAPER FLOWERS,2011-11,2011-12,M2_gbm_poisson,159.970364,40.941475,product,18,1.645000,67.348727,228,0.255932,B,340,140.000000,1,24,Forecast,20260824T181001Z-27103c
84007,MAGIC GARDEN MOUNT FUJI,2011-11,2011-12,M2_gbm_poisson,,,,,,,,,C,0,,,,Inactive (no sales in last 6 months),20260824T181001Z-27103c
84012,MAGIC SHEEP WOOL GROWING FROM PAPER,2011-11,2011-12,M2_gbm_poisson,149.974016,36.297747,product,18,1.645000,59.709795,210,0.242027,B,386,226.666667,1,24,Forecast,20260824T181001Z-27103c
84016,FLAG OF ST GEORGE CAR FLAG,2011-11,2011-12,M2_gbm_poisson,7.299414,9.095364,product,15,1.645000,14.961874,23,1.246040,A,0,8.333333,3,24,Forecast,20260824T181001Z-27103c
84029C,BROWN FURRY HOT WATER BOTTLE,2011-11,2011-12,M2_gbm_poisson,,,,,,,,,C,0,,,,Inactive (no sales in last 6 months),20260824T181001Z-27103c
84029D,LEOPARD PRINT HOT WATER BOTTLE,2011-11,2011-12,M2_gbm_poisson,,,,,,,,,C,0,,,,Inactive (no sales in last 6 months),20260824T181001Z-27103c
84029E,RED WOOLLY HOTTIE WHITE HEART.,2011-11,2011-12,M2_gbm_poisson,791.269994,177.131714,product,18,1.645000,291.381669,1083,0.223857,A,1286,785.666667,1,24,Forecast,20260824T181001Z-27103c
84029G,KNITTED UNION FLAG HOT WATER BOTTLE,2011-11,2011-12,M2_gbm_poisson,355.977418,123.538073,product,18,1.645000,203.220131,560,0.347039,A,704,424.000000,1,24,Forecast,20260824T181001Z-27103c
84030B,KNITTED POM POM HOT WATER BOTTLE,2011-11,2011-12,M2_gbm_poisson,,,,,,,,,C,0,,,,Inactive (no sales in last 6 months),20260824T181001Z-27103c
84030C,KNITTED RAINBOW HOT WATER BOTTLE,2011-11,2011-12,M2_gbm_poisson,,,,,,,,,C,0,,,,Inactive (no sales in last 6 months),20260824T181001Z-27103c
84030E,ENGLISH ROSE HOT WATER BOTTLE,2011-11,2011-12,M2_gbm_poisson,205.340625,45.986856,product,18,1.645000,75.648378,281,0.223954,A,425,305.333333,1,24,Forecast,20260824T181001Z-27103c
84031A,CHARLIE+LOLA RED HOT WATER BOTTLE,2011-11,2011-12,M2_gbm_poisson,51.628413,13.918228,product,18,1.645000,22.895484,75,0.269585,A,45,39.000000,1,24,Forecast,20260824T181001Z-27103c
84031B,CHARLIE LOLA BLUE HOT WATER BOTTLE,2011-11,2011-12,M2_gbm_poisson,45.160785,20.758586,product,18,1.645000,34.147874,80,0.459660,B,42,37.666667,1,24,Forecast,20260824T181001Z-27103c
84032A,CHARLIE+LOLA PINK HOT WATER BOTTLE,2011-11,2011-12,M2_gbm_poisson,92.890947,38.753400,product,18,1.645000,63.749344,157,0.417192,A,162,114.666667,1,24,Forecast,20260824T181001Z-27103c
84032B,CHARLIE + LOLA RED HOT WATER BOTTLE,2011-11,2011-12,M2_gbm_poisson,90.946217,44.053274,product,18,1.645000,72.467636,164,0.484388,A,157,94.000000,1,24,Forecast,20260824T181001Z-27103c
84033,FLAG OF ST GEORGE,2011-11,2011-12,M2_gbm_poisson,3.445703,8.005652,product,18,1.645000,13.169297,17,2.323372,C,0,0.666667,3,23,Forecast,20260824T181001Z-27103c
84050,PINK HEART SHAPE EGG FRYING PAN,2011-11,2011-12,M2_gbm_poisson,77.029992,177.965540,product,18,1.645000,292.753313,370,2.310341,A,46,131.666667,1,24,Forecast,20260824T181001Z-27103c
84051,ASS COLOUR GLOWING TIARAS,2011-11,2011-12,M2_gbm_poisson,33.538831,34.795730,product,18,1.645000,57.238975,91,1.037476,C,15,59.000000,1,24,Forecast,20260824T181001Z-27103c
84077,WORLD WAR 2 GLIDERS ASSTD DESIGNS,2011-11,2011-12,M2_gbm_poisson,2111.867529,3113.101793,product,18,1.645000,5121.052449,7233,1.474099,A,4559,5386.000000,1,24,Forecast,20260824T181001Z-27103c
84078A,SET/4 WHITE RETRO STORAGE CUBES,2011-11,2011-12,M2_gbm_poisson,30.178495,24.156185,product,18,1.645000,39.736924,70,0.800444,A,27,18.333333,1,24,Forecast,20260824T181001Z-27103c
84081,WHITE CERAMIC PARTY SET (5PCS),2011-11,2011-12,M2_gbm_poisson,,,,,,,,,C,0,,,,Inactive (no sales in last 6 months),20260824T181001Z-27103c
84086B,YELLOW/BLUE RETRO RADIO,2011-11,2011-12,M2_gbm_poisson,10.574493,2.787893,product,18,1.645000,4.586084,16,0.263643,C,7,2.333333,1,19,Forecast,20260824T181001Z-27103c
84086C,PINK/PURPLE RETRO RADIO,2011-11,2011-12,M2_gbm_poisson,44.884078,10.064156,product,18,1.645000,16.555536,62,0.224226,C,65,32.333333,1,24,Forecast,20260824T181001Z-27103c
84192,ASSORTED COLOUR METAL CAT,2011-11,2011-12,M2_gbm_poisson,29.499452,20.228412,product,18,1.645000,33.275738,63,0.685722,C,27,11.000000,1,22,Forecast,20260824T181001Z-27103c
84199,GLOW IN DARK DOLPHINS,2011-11,2011-12,M2_gbm_poisson,48.829922,30.705907,product,18,1.645000,50.511218,100,0.628834,C,48,20.666667,1,24,Forecast,20260824T181001Z-27103c
84201B,HAPPY BIRTHDAY CARD STRIPEY TEDDY,2011-11,2011-12,M2_gbm_poisson,4.935586,10.820417,product,14,1.645000,17.799586,23,2.192327,C,1,0.333333,1,24,Forecast,20260824T181001Z-27103c
84201C,HAPPY BIRTHDAY CARD TEDDY/CAKE,2011-11,2011-12,M2_gbm_poisson,3.051197,13.894745,product,9,1.645000,22.856855,26,4.553867,C,0,0.000000,4,16,Forecast,20260824T181001Z-27103c
84205C,HAPPY BIRTHDAY GINGER CAT CARD,2011-11,2011-12,M2_gbm_poisson,,,,,,,,,C,0,,,,Inactive (no sales in last 6 months),20260824T181001Z-27103c
84206A,3 BLACK CATS W HEARTS BLANK CARD,2011-11,2011-12,M2_gbm_poisson,19.388859,3.765907,product,13,1.645000,6.194917,26,0.194230,C,18,6.000000,1,24,Forecast,20260824T181001Z-27103c
84206B,CAT W SUNGLASSES BLANK CARD,2011-11,2011-12,M2_gbm_poisson,10.239358,21.200713,product,6,1.645000,34.875173,46,2.070512,C,5,1.666667,1,16,Forecast,20260824T181001Z-27103c
84206C,CHAMPAGNE TRAY BLANK CARD,2011-11,2011-12,M2_gbm_poisson,5.162939,3.080905,product,11,1.645000,5.068088,11,0.596735,C,3,1.000000,1,24,Forecast,20260824T181001Z-27103c
84212,"ASSORTED FLOWER COLOUR ""LEIS""",2011-11,2011-12,M2_gbm_poisson,278.111560,598.541771,product,18,1.645000,984.601214,1263,2.152164,A,565,870.333333,1,24,Forecast,20260824T181001Z-27103c
84218,BOX/12 CHICK & EGG IN BASKET,2011-11,2011-12,M2_gbm_poisson,,,,,,,,,C,0,,,,Inactive (no sales in last 6 months),20260824T181001Z-27103c
84219,BOX/12 MOTHER & CHICK IN BASKET/BOW,2011-11,2011-12,M2_gbm_poisson,,,,,,,,,C,0,,,,Inactive (no sales in last 6 months),20260824T181001Z-27103c
84226,HEN HOUSE W FAMILY IN BARN & NEST,2011-11,2011-12,M2_gbm_poisson,2.027923,2.756518,product,15,1.645000,4.534471,7,1.359281,C,0,0.000000,6,22,Forecast,20260824T181001Z-27103c
84227,HEN HOUSE W CHICK IN NEST,2011-11,2011-12,M2_gbm_poisson,,,,,,,,,C,0,,,,Inactive (no sales in last 6 months),20260824T181001Z-27103c
84228,HEN HOUSE W CHICK STANDING,2011-11,2011-12,M2_gbm_poisson,15.866823,15.324577,product,15,1.645000,25.208930,42,0.965825,C,12,4.000000,1,24,Forecast,20260824T181001Z-27103c
84231,EASTER BUNNY WITH BASKET ON BACK,2011-11,2011-12,M2_gbm_poisson,40.775190,5.893808,product,13,1.645000,9.695314,51,0.144544,C,13,4.333333,1,23,Forecast,20260824T181001Z-27103c
84247C,PACK/12 BLUE REINDEER CARD,2011-11,2011-12,M2_gbm_poisson,,,,,,,,,C,0,,,,Inactive (no sales in last 6 months),20260824T181001Z-27103c
84247E,PACK/12 XMAS FUN CARD,2011-11,2011-12,M2_gbm_poisson,36.492081,12.364689,product,16,1.645000,20.339914,57,0.338832,C,19,34.666667,1,18,Forecast,20260824T181001Z-27103c
84247G,"DECOUPAGE,GREETING CARD,",2011-11,2011-12,M2_gbm_poisson,2.027923,27.136793,product,18,1.645000,44.640024,47,13.381571,C,0,0.000000,5,24,Forecast,20260824T181001Z-27103c
84247H,PACK/12 DECOUPAGE CARD,2011-11,2011-12,M2_gbm_poisson,,,,,,,,,C,0,,,,Inactive (no sales in last 6 months),20260824T181001Z-27103c
84247J,PACK/12 RUSSIAN DOLL CARDS,2011-11,2011-12,M2_gbm_poisson,,,,,,,,,C,0,,,,Inactive (no sales in last 6 months),20260824T181001Z-27103c
84247K,"FOLK ART GREETING CARD,pack/12",2011-11,2011-12,M2_gbm_poisson,3.859888,2.953394,product,18,1.645000,4.858334,9,0.765150,C,0,1.000000,2,24,Forecast,20260824T181001Z-27103c
84247L,FAWN AND MUSHROOM GREETING CARD,2011-11,2011-12,M2_gbm_poisson,,,,,,,,,C,0,,,,Inactive (no sales in last 6 months),20260824T181001Z-27103c
84247N,PACK/12 BLUE FOLKART CARDS,2011-11,2011-12,M2_gbm_poisson,7.224999,3.980863,product,18,1.645000,6.548519,14,0.550985,C,4,3.333333,1,23,Forecast,20260824T181001Z-27103c
84249A,"GREETING CARD,SQUARE, DOUGHNUTS",2011-11,2011-12,M2_gbm_poisson,10.316044,18.417920,product,18,1.645000,30.297479,41,1.785366,C,1,1.666667,1,22,Forecast,20260824T181001Z-27103c
84249D,FAIRY CAKE GREETINGS CARD,2011-11,2011-12,M2_gbm_poisson,,,,,,,,,C,0,,,,Inactive (no sales in last 6 months),20260824T181001Z-27103c
84250M,"GREETING CARD, BLACKPOOL ROCK",2011-11,2011-12,M2_gbm_poisson,,,,,,,,,C,0,,,,Inactive (no sales in last 6 months),20260824T181001Z-27103c
84251B,"GREETING CARD, STICKY GORDON",2011-11,2011-12,M2_gbm_poisson,3.923932,16.388663,product,18,1.645000,26.959351,31,4.176592,C,0,0.333333,3,21,Forecast,20260824T181001Z-27103c
84251C,"GREETING CARD, TWO SISTERS.",2011-11,2011-12,M2_gbm_poisson,2.851032,13.553509,product,18,1.645000,22.295522,26,4.753896,C,0,0.000000,4,24,Forecast,20260824T181001Z-27103c
84251F,"GREETING CARD, RITA",2011-11,2011-12,M2_gbm_poisson,,,,,,,,,C,0,,,,Inactive (no sales in last 6 months),20260824T181001Z-27103c
84251G,"GREETING CARD, OVERCROWDED POOL.",2011-11,2011-12,M2_gbm_poisson,21.162270,30.922336,product,18,1.645000,50.867242,73,1.461201,C,1,17.000000,1,24,Forecast,20260824T181001Z-27103c
84251J,"GREETING CARD, THE BLACK CAT",2011-11,2011-12,M2_gbm_poisson,,,,,,,,,C,0,,,,Inactive (no sales in last 6 months),20260824T181001Z-27103c
84255A,PINK GLASS COCKTAIL LAMP,2011-11,2011-12,M2_gbm_poisson,,,,,,,,,C,0,,,,Inactive (no sales in last 6 months),20260824T181001Z-27103c
84255B,ORANGE COCKTAIL GLASS LAMP,2011-11,2011-12,M2_gbm_poisson,,,,,,,,,C,0,,,,Inactive (no sales in last 6 months),20260824T181001Z-27103c
84270,ASSTD DESIGN BUBBLE GUM RING,2011-11,2011-12,M2_gbm_poisson,,,,,,,,,A,0,,,,Inactive (no sales in last 6 months),20260824T181001Z-27103c
84279B,CHERRY BLOSSOM DECORATIVE FLASK,2011-11,2011-12,M2_gbm_poisson,2.100929,15.513612,product,16,1.645000,25.519891,28,7.384168,B,0,0.000000,6,24,Forecast,20260824T181001Z-27103c
84279P,CHERRY BLOSSOM  DECORATIVE FLASK,2011-11,2011-12,M2_gbm_poisson,49.226930,23.508227,product,18,1.645000,38.671033,88,0.477548,A,48,37.333333,1,24,Forecast,20260824T181001Z-27103c
84288B,SET/2 BLUE  NOODLE BASKETS,2011-11,2011-12,M2_gbm_poisson,,,,,,,,,C,0,,,,Inactive (no sales in last 6 months),20260824T181001Z-27103c
84292,ROSE PINK METAL FOLDING CHAIR,2011-11,2011-12,M2_gbm_poisson,,,,,,,,,C,0,,,,Inactive (no sales in last 6 months),20260824T181001Z-27103c
84292B,BLUE COL METAL FOLDING CHAIR,2011-11,2011-12,M2_gbm_poisson,,,,,,,,,C,0,,,,Inactive (no sales in last 6 months),20260824T181001Z-27103c
84306,S/3 PINK SQUARE PLANTERS ROSES,2011-11,2011-12,M2_gbm_poisson,,,,,,,,,C,0,,,,Inactive (no sales in last 6 months),20260824T181001Z-27103c
84311,CAMOFLAGE CUSHION COVER,2011-11,2011-12,M2_gbm_poisson,,,,,,,,,C,0,,,,Inactive (no sales in last 6 months),20260824T181001Z-27103c
84313A,PINK TV TRAY TABLE,2011-11,2011-12,M2_gbm_poisson,,,,,,,,,C,0,,,,Inactive (no sales in last 6 months),20260824T181001Z-27103c
84313B,BLUE TV TRAY TABLE,2011-11,2011-12,M2_gbm_poisson,,,,,,,,,B,0,,,,Inactive (no sales in last 6 months),20260824T181001Z-27103c
84313C,ORANGE TV TRAY TABLE,2011-11,2011-12,M2_gbm_poisson,2.006944,28.166552,product,18,1.645000,46.333978,49,14.034548,B,0,0.000000,6,23,Forecast,20260824T181001Z-27103c
84327A,PINK JUMPER LARRY THE LAMB,2011-11,2011-12,M2_gbm_poisson,,,,,,,,,B,0,,,,Inactive (no sales in last 6 months),20260824T181001Z-27103c
84340,LARGE FIBRE OPTIC CHRISTMAS TREE,2011-11,2011-12,M2_gbm_poisson,,,,,,,,,C,0,,,,Inactive (no sales in last 6 months),20260824T181001Z-27103c
84341B,SMALL PINK MAGIC CHRISTMAS TREE,2011-11,2011-12,M2_gbm_poisson,47.186252,27.502539,product,18,1.645000,45.241676,93,0.582851,C,4,133.666667,1,24,Forecast,20260824T181001Z-27103c
84347,ROTATING SILVER ANGELS T-LIGHT HLDR,2011-11,2011-12,M2_gbm_poisson,1148.712995,312.560726,product,18,1.645000,514.162395,1663,0.272096,A,3064,1943.666667,1,24,Forecast,20260824T181001Z-27103c
84352,SILVER CHRISTMAS TREE BAUBLE STAND,2011-11,2011-12,M2_gbm_poisson,2.771903,6.422626,product,18,1.645000,10.565219,14,2.317046,A,0,1.000000,3,24,Forecast,20260824T181001Z-27103c
84356,POMPOM CURTAIN,2011-11,2011-12,M2_gbm_poisson,35.764848,26.294729,product,18,1.645000,43.254830,80,0.735212,B,36,17.333333,1,24,Forecast,20260824T181001Z-27103c
84358,FLOOR LAMP SHADE WOOD BASE,2011-11,2011-12,M2_gbm_poisson,2.383144,5.350125,product,18,1.645000,8.800956,12,2.244986,B,0,0.000000,4,24,Forecast,20260824T181001Z-27103c
84360,TABLE LAMP WHITE SHADE WOOD BASE,2011-11,2011-12,M2_gbm_poisson,10.623266,6.156945,product,18,1.645000,10.128174,21,0.579572,C,5,4.333333,1,24,Forecast,20260824T181001Z-27103c
84366,VENDETTA CANVAS PICTURE,2011-11,2011-12,M2_gbm_poisson,,,,,,,,,C,0,,,,Inactive (no sales in last 6 months),20260824T181001Z-27103c
84367,LA STREGA CANVAS PICTURE,2011-11,2011-12,M2_gbm_poisson,,,,,,,,,C,0,,,,Inactive (no sales in last 6 months),20260824T181001Z-27103c
84371,BIG PINK POODLE,2011-11,2011-12,M2_gbm_poisson,,,,,,,,,C,0,,,,Inactive (no sales in last 6 months),20260824T181001Z-27103c
84375,SET OF 20 KIDS COOKIE CUTTERS,2011-11,2011-12,M2_gbm_poisson,266.984395,197.000221,product,18,1.645000,324.065363,592,0.737872,A,606,438.000000,1,24,Forecast,20260824T181001Z-27103c
84378,SET OF 3 HEART COOKIE CUTTERS,2011-11,2011-12,M2_gbm_poisson,621.600047,341.055354,product,18,1.645000,561.036057,1183,0.548673,A,1390,757.000000,1,24,Forecast,20260824T181001Z-27103c
84380,SET OF 3 BUTTERFLY COOKIE CUTTERS,2011-11,2011-12,M2_gbm_poisson,328.735191,173.835679,product,18,1.645000,285.959691,615,0.528802,A,503,508.666667,1,24,Forecast,20260824T181001Z-27103c
84387A,BIRD ON BRANCH CANVAS SCREEN,2011-11,2011-12,M2_gbm_poisson,3.771091,7.836625,abc_group,4,1.645000,12.891247,17,2.078079,C,0,0.000000,5,5,Forecast,20260824T181001Z-27103c
84388,WISE MAN STAR SHAPE EGG PAN,2011-11,2011-12,M2_gbm_poisson,,,,,,,,,C,0,,,,Inactive (no sales in last 6 months),20260824T181001Z-27103c
84396,6 HOOK JEWELLERY STAND BLACK DRESS,2011-11,2011-12,M2_gbm_poisson,,,,,,,,,B,0,,,,Inactive (no sales in last 6 months),20260824T181001Z-27103c
84402B,PURPLE DRESS JEWELLERY STAND,2011-11,2011-12,M2_gbm_poisson,2.006944,2.812621,product,10,1.645000,4.626762,7,1.401445,C,0,0.000000,5,13,Forecast,20260824T181001Z-27103c
84402D,PINK DRESS JEWELLERY STAND,2011-11,2011-12,M2_gbm_poisson,,,,,,,,,C,0,,,,Inactive (no sales in last 6 months),20260824T181001Z-27103c
84405A,S/3 PINK COL METAL BASKET W HANDLE,2011-11,2011-12,M2_gbm_poisson,,,,,,,,,B,0,,,,Inactive (no sales in last 6 months),20260824T181001Z-27103c
84406B,CREAM CUPID HEARTS COAT HANGER,2011-11,2011-12,M2_gbm_poisson,63.385185,136.420686,product,18,1.645000,224.412029,288,2.152249,A,79,73.000000,1,24,Forecast,20260824T181001Z-27103c
84414B,FUSCHIA/GREEN STRIPE WOOLLY BLANKET,2011-11,2011-12,M2_gbm_poisson,,,,,,,,,C,0,,,,Inactive (no sales in last 6 months),20260824T181001Z-27103c
84415A,PINK FLOCK SUEDE CUSHION COVER,2011-11,2011-12,M2_gbm_poisson,1.984807,3.676222,product,14,1.645000,6.047386,9,1.852181,C,0,0.000000,6,24,Forecast,20260824T181001Z-27103c
84415B,BLUE FLOCK CUSHION COVER,2011-11,2011-12,M2_gbm_poisson,2.039099,2.486975,product,18,1.645000,4.091074,7,1.219644,C,0,0.000000,6,24,Forecast,20260824T181001Z-27103c
84422,PINK/BLUE DISC/MIRROR STRING,2011-11,2011-12,M2_gbm_poisson,7.203522,9.729923,product,18,1.645000,16.005724,24,1.350718,C,0,5.666667,3,24,Forecast,20260824T181001Z-27103c
84424A,FOUR PICTURE WHITE GLASS FRAME,2011-11,2011-12,M2_gbm_poisson,,,,,,,,,C,0,,,,Inactive (no sales in last 6 months),20260824T181001Z-27103c
84425A,WHITE GLASS TV TRIPLE FRAME,2011-11,2011-12,M2_gbm_poisson,,,,,,,,,C,0,,,,Inactive (no sales in last 6 months),20260824T181001Z-27103c
84427B,BLACK GLASS TV DOUBLE P/FRAME 15X10,2011-11,2011-12,M2_gbm_poisson,,,,,,,,,C,0,,,,Inactive (no sales in last 6 months),20260824T181001Z-27103c
84429A,MEDIUM PINK BUDDHA HEAD,2011-11,2011-12,M2_gbm_poisson,16.180824,7.657494,product,18,1.645000,12.596578,29,0.473245,C,13,5.000000,1,24,Forecast,20260824T181001Z-27103c
84437A,S/6 PINK EASTER DECS IN BOX,2011-11,2011-12,M2_gbm_poisson,,,,,,,,,C,0,,,,Inactive (no sales in last 6 months),20260824T181001Z-27103c
84447,6 RABBIT CHAIN EASTER,2011-11,2011-12,M2_gbm_poisson,,,,,,,,,C,0,,,,Inactive (no sales in last 6 months),20260824T181001Z-27103c
84450A,PINK RABBIT SITTING EASTER,2011-11,2011-12,M2_gbm_poisson,,,,,,,,,C,0,,,,Inactive (no sales in last 6 months),20260824T181001Z-27103c
84450B,PINK/YELLOW RABBIT SAT EASTER,2011-11,2011-12,M2_gbm_poisson,,,,,,,,,C,0,,,,Inactive (no sales in last 6 months),20260824T181001Z-27103c
84452,METAL RABBIT LADDER EASTER,2011-11,2011-12,M2_gbm_poisson,7.712425,7.802064,product,16,1.645000,12.834395,21,1.011623,C,0,4.000000,2,24,Forecast,20260824T181001Z-27103c
84454,WOBBLING METAL CHICKEN EASTER,2011-11,2011-12,M2_gbm_poisson,,,,,,,,,C,0,,,,Inactive (no sales in last 6 months),20260824T181001Z-27103c
84455,SET OF 3 RABBIT CARROTS EASTER,2011-11,2011-12,M2_gbm_poisson,,,,,,,,,C,0,,,,Inactive (no sales in last 6 months),20260824T181001Z-27103c
84456,SET OF 3 RABBIT EGG EASTER,2011-11,2011-12,M2_gbm_poisson,,,,,,,,,C,0,,,,Inactive (no sales in last 6 months),20260824T181001Z-27103c
84457,SET/3 RABBITS FLOWER SKIPPPING ROPE,2011-11,2011-12,M2_gbm_poisson,16.338818,6.450371,product,18,1.645000,10.610860,27,0.394788,C,12,4.000000,1,23,Forecast,20260824T181001Z-27103c
84458,S/3 RABBIT FLOWER/EGG/CARROT ROPE,2011-11,2011-12,M2_gbm_poisson,,,,,,,,,C,0,,,,Inactive (no sales in last 6 months),20260824T181001Z-27103c
84459A,PINK METAL CHICKEN HEART,2011-11,2011-12,M2_gbm_poisson,6.905150,24.027058,product,18,1.645000,39.524511,47,3.479585,B,0,3.000000,2,24,Forecast,20260824T181001Z-27103c
84459B,YELLOW METAL CHICKEN HEART,2011-11,2011-12,M2_gbm_poisson,,,,,,,,,B,0,,,,Inactive (no sales in last 6 months),20260824T181001Z-27103c
84461,12 PINK HEN+CHICKS IN BASKET,2011-11,2011-12,M2_gbm_poisson,,,,,,,,,C,0,,,,Inactive (no sales in last 6 months),20260824T181001Z-27103c
84462,3 PINK HEN+CHICKS IN BASKET,2011-11,2011-12,M2_gbm_poisson,,,,,,,,,C,0,,,,Inactive (no sales in last 6 months),20260824T181001Z-27103c
84464,S/60 PINK FLUFFY CHICKS IN BOX,2011-11,2011-12,M2_gbm_poisson,,,,,,,,,C,0,,,,Inactive (no sales in last 6 months),20260824T181001Z-27103c
84465,15 PINK FLUFFY CHICKS IN BOX,2011-11,2011-12,M2_gbm_poisson,4.652399,1.091516,product,15,1.645000,1.795544,7,0.234614,C,1,0.333333,1,22,Forecast,20260824T181001Z-27103c
84466,TOP SECRET PEN SET,2011-11,2011-12,M2_gbm_poisson,2.039099,8.408217,product,14,1.645000,13.831516,16,4.123495,B,0,0.000000,5,24,Forecast,20260824T181001Z-27103c
84467,ENGLISH ROSE DESIGN QUILTED THROW,2011-11,2011-12,M2_gbm_poisson,,,,,,,,,A,0,,,,Inactive (no sales in last 6 months),20260824T181001Z-27103c
84469,ROSE DES PADDED FLOOR CUSHION,2011-11,2011-12,M2_gbm_poisson,,,,,,,,,B,0,,,,Inactive (no sales in last 6 months),20260824T181001Z-27103c
84472,PINK AND LILAC QUILTED THROW,2011-11,2011-12,M2_gbm_poisson,,,,,,,,,A,0,,,,Inactive (no sales in last 6 months),20260824T181001Z-27103c
84482,BUTTONS DESIGN JEWELLERY BOX,2011-11,2011-12,M2_gbm_poisson,,,,,,,,,C,0,,,,Inactive (no sales in last 6 months),20260824T181001Z-27103c
84493,BLUE/PINK NEST STRIPE BOX,2011-11,2011-12,M2_gbm_poisson,,,,,,,,,C,0,,,,Inactive (no sales in last 6 months),20260824T181001Z-27103c
84497,BUTTONS AND STRIPES NOTEBOOK,2011-11,2011-12,M2_gbm_poisson,4.826633,5.857225,product,18,1.645000,9.635136,15,1.213522,C,1,0.333333,1,24,Forecast,20260824T181001Z-27103c
84499,BLACK FLOWER CANDLE PLATE,2011-11,2011-12,M2_gbm_poisson,,,,,,,,,C,0,,,,Inactive (no sales in last 6 months),20260824T181001Z-27103c
84507B,STRIPES DESIGN MONKEY DOLL,2011-11,2011-12,M2_gbm_poisson,3.486507,11.794472,product,18,1.645000,19.401906,23,3.382890,B,0,0.666667,3,24,Forecast,20260824T181001Z-27103c
84507C,BLUE CIRCLES DESIGN MONKEY DOLL,2011-11,2011-12,M2_gbm_poisson,4.589087,13.265361,product,18,1.645000,21.821519,27,2.890632,C,0,1.666667,2,24,Forecast,20260824T181001Z-27103c
84508A,CAMOUFLAGE DESIGN TEDDY,2011-11,2011-12,M2_gbm_poisson,11.207557,143.524225,product,18,1.645000,236.097350,248,12.806023,A,0,80.333333,3,24,Forecast,20260824T181001Z-27103c
84508B,STRIPES DESIGN TEDDY,2011-11,2011-12,M2_gbm_poisson,15.238527,6.668673,product,18,1.645000,10.969967,27,0.437619,C,8,5.666667,1,24,Forecast,20260824T181001Z-27103c
84508C,BLUE CIRCLES DESIGN TEDDY,2011-11,2011-12,M2_gbm_poisson,26.803858,3.580464,product,18,1.645000,5.889863,33,0.133580,C,19,10.666667,1,24,Forecast,20260824T181001Z-27103c
84509A,SET OF 4 ENGLISH ROSE PLACEMATS,2011-11,2011-12,M2_gbm_poisson,71.391625,35.809308,product,18,1.645000,58.906312,131,0.501590,A,88,78.666667,1,24,Forecast,20260824T181001Z-27103c
84509B,SET OF 4 FAIRY CAKE PLACEMATS,2011-11,2011-12,M2_gbm_poisson,36.614792,26.911489,product,18,1.645000,44.269399,81,0.734990,B,27,17.000000,1,24,Forecast,20260824T181001Z-27103c
84509C,SET OF 4 POLKADOT PLACEMATS,2011-11,2011-12,M2_gbm_poisson,22.105109,13.929131,product,18,1.645000,22.913420,46,0.630132,B,14,10.333333,1,24,Forecast,20260824T181001Z-27103c
84509E,SET OF 4 CAROUSEL PLACEMATS,2011-11,2011-12,M2_gbm_poisson,3.838161,8.375839,product,18,1.645000,13.778254,18,2.182253,C,0,1.666667,2,23,Forecast,20260824T181001Z-27103c
84509F,SET OF 4 NEW ENGLAND PLACEMATS,2011-11,2011-12,M2_gbm_poisson,,,,,,,,,B,0,,,,Inactive (no sales in last 6 months),20260824T181001Z-27103c
84509G,SET OF 4 FAIRY CAKE PLACEMATS,2011-11,2011-12,M2_gbm_poisson,23.987054,25.855496,product,18,1.645000,42.532291,67,1.077894,B,18,13.333333,1,24,Forecast,20260824T181001Z-27103c
84510A,SET OF 4 ENGLISH ROSE COASTERS,2011-11,2011-12,M2_gbm_poisson,77.645073,63.395683,product,18,1.645000,104.285899,182,0.816480,B,129,115.333333,1,24,Forecast,20260824T181001Z-27103c
84510B,SET OF 4 FAIRY CAKES COASTERS,2011-11,2011-12,M2_gbm_poisson,,,,,,,,,B,0,,,,Inactive (no sales in last 6 months),20260824T181001Z-27103c
84510C,SET OF 4 POLKADOT COASTERS,2011-11,2011-12,M2_gbm_poisson,28.361164,13.074290,product,18,1.645000,21.507208,50,0.460993,C,15,9.333333,1,24,Forecast,20260824T181001Z-27103c
84510E,SET OF 4 GREEN CAROUSEL COASTERS,2011-11,2011-12,M2_gbm_poisson,14.166714,5.338488,product,18,1.645000,8.781813,23,0.376833,C,10,5.333333,1,23,Forecast,20260824T181001Z-27103c
84510F,SET OF 4 NEW ENGLAND COASTERS,2011-11,2011-12,M2_gbm_poisson,,,,,,,,,C,0,,,,Inactive (no sales in last 6 months),20260824T181001Z-27103c
84519A,TOMATO CHARLIE+LOLA COASTER SET,2011-11,2011-12,M2_gbm_poisson,60.021690,30.761637,product,18,1.645000,50.602892,111,0.512509,B,103,45.000000,1,24,Forecast,20260824T181001Z-27103c
84519B,CARROT CHARLIE+LOLA COASTER SET,2011-11,2011-12,M2_gbm_poisson,61.848782,34.371020,product,18,1.645000,56.540328,119,0.555727,B,84,48.333333,1,24,Forecast,20260824T181001Z-27103c
84520B,PACK 20 ENGLISH ROSE PAPER NAPKINS,2011-11,2011-12,M2_gbm_poisson,,,,,,,,,A,0,,,,Inactive (no sales in last 6 months),20260824T181001Z-27103c
84520D,PACK OF 20 FAIRY CAKE PAPER NAPKINS,2011-11,2011-12,M2_gbm_poisson,,,,,,,,,C,0,,,,Inactive (no sales in last 6 months),20260824T181001Z-27103c
84522,PINK PARTY SUNGLASSES,2011-11,2011-12,M2_gbm_poisson,5.117262,5.853969,product,18,1.645000,9.629779,15,1.143965,C,1,0.333333,1,24,Forecast,20260824T181001Z-27103c
84526,GIANT BLACK SUNGLASSES,2011-11,2011-12,M2_gbm_poisson,,,,,,,,,B,0,,,,Inactive (no sales in last 6 months),20260824T181001Z-27103c
84527,FLAMES SUNGLASSES PINK LENSES,2011-11,2011-12,M2_gbm_poisson,5.295298,5.233978,product,18,1.645000,8.609894,14,0.988420,C,1,0.333333,1,21,Forecast,20260824T181001Z-27103c
84529A,PINK KNITTED KIDS RUCKSACK,2011-11,2011-12,M2_gbm_poisson,,,,,,,,,C,0,,,,Inactive (no sales in last 6 months),20260824T181001Z-27103c
84529B,BLUE KNITTED KID'S RUCKSACK,2011-11,2011-12,M2_gbm_poisson,,,,,,,,,C,0,,,,Inactive (no sales in last 6 months),20260824T181001Z-27103c
84529C,YELLOW KNITTED KIDS RUCKSACK,2011-11,2011-12,M2_gbm_poisson,,,,,,,,,C,0,,,,Inactive (no sales in last 6 months),20260824T181001Z-27103c
84531A,PINK KNITTED EGG COSY,2011-11,2011-12,M2_gbm_poisson,,,,,,,,,C,0,,,,Inactive (no sales in last 6 months),20260824T181001Z-27103c
84531B,BLUE KNITTED EGG COSY,2011-11,2011-12,M2_gbm_poisson,,,,,,,,,C,0,,,,Inactive (no sales in last 6 months),20260824T181001Z-27103c
84532B,FAIRY CAKES RECTANGLUAR BOXES,2011-11,2011-12,M2_gbm_poisson,,,,,,,,,C,0,,,,Inactive (no sales in last 6 months),20260824T181001Z-27103c
84533B,FAIRY CAKES ROUND NESTING BOXES,2011-11,2011-12,M2_gbm_poisson,,,,,,,,,C,0,,,,Inactive (no sales in last 6 months),20260824T181001Z-27103c
84534B,FAIRY CAKE NOTEBOOK A5 SIZE,2011-11,2011-12,M2_gbm_poisson,,,,,,,,,C,0,,,,Inactive (no sales in last 6 months),20260824T181001Z-27103c
84535A,ENGLISH ROSE NOTEBOOK A6 SIZE,2011-11,2011-12,M2_gbm_poisson,,,,,,,,,C,0,,,,Inactive (no sales in last 6 months),20260824T181001Z-27103c
84535B,FAIRY CAKES NOTEBOOK A6 SIZE,2011-11,2011-12,M2_gbm_poisson,82.380562,81.346269,product,18,1.645000,133.814613,217,0.987445,B,166,182.333333,1,24,Forecast,20260824T181001Z-27103c
84536A,ENGLISH ROSE NOTEBOOK A7 SIZE,2011-11,2011-12,M2_gbm_poisson,236.033207,107.919374,product,18,1.645000,177.527370,414,0.457221,B,555,348.666667,1,24,Forecast,20260824T181001Z-27103c
84536B,FAIRY CAKES NOTEBOOK A7 SIZE,2011-11,2011-12,M2_gbm_poisson,198.097621,113.055349,product,18,1.645000,185.976049,385,0.570705,B,159,220.000000,1,24,Forecast,20260824T181001Z-27103c
84537B,FAIRY CAKES GIFT BAG,2011-11,2011-12,M2_gbm_poisson,,,,,,,,,C,0,,,,Inactive (no sales in last 6 months),20260824T181001Z-27103c
84539,KNITTED RABBIT DOLL,2011-11,2011-12,M2_gbm_poisson,2.006944,3.956520,product,17,1.645000,6.508475,9,1.971415,C,0,0.000000,5,24,Forecast,20260824T181001Z-27103c
84546,CROCHET POODLE KEYRING,2011-11,2011-12,M2_gbm_poisson,,,,,,,,,C,0,,,,Inactive (no sales in last 6 months),20260824T181001Z-27103c
84548,CROCHET BEAR RED/BLUE  KEYRING,2011-11,2011-12,M2_gbm_poisson,1.984807,5.288259,product,18,1.645000,8.699185,11,2.664369,C,0,0.000000,5,24,Forecast,20260824T181001Z-27103c
84549,CROCHET WHITE RABBIT KEYRING,2011-11,2011-12,M2_gbm_poisson,4.771645,8.874383,product,18,1.645000,14.598359,20,1.859816,C,1,0.333333,1,24,Forecast,20260824T181001Z-27103c
84550,CROCHET LILAC/RED BEAR KEYRING,2011-11,2011-12,M2_gbm_poisson,5.295226,2.964723,product,12,1.645000,4.876970,11,0.559886,C,1,0.333333,1,24,Forecast,20260824T181001Z-27103c
84551,CROCHET DOG KEYRING,2011-11,2011-12,M2_gbm_poisson,8.061237,4.417968,product,14,1.645000,7.267558,16,0.548051,C,0,4.000000,2,24,Forecast,20260824T181001Z-27103c
84555A,YELLOW VW BEETLE CERAMIC MONEY BOX,2011-11,2011-12,M2_gbm_poisson,,,,,,,,,C,0,,,,Inactive (no sales in last 6 months),20260824T181001Z-27103c
84558A,3D DOG PICTURE PLAYING CARDS,2011-11,2011-12,M2_gbm_poisson,50.252168,35.207525,product,18,1.645000,57.916379,109,0.700617,B,49,33.666667,1,24,Forecast,20260824T181001Z-27103c
84559A,3D SHEET OF DOG STICKERS,2011-11,2011-12,M2_gbm_poisson,56.680514,27.573495,product,18,1.645000,45.358399,103,0.486472,B,72,48.666667,1,24,Forecast,20260824T181001Z-27103c
84559B,3D SHEET OF CAT STICKERS,2011-11,2011-12,M2_gbm_poisson,14.236679,29.023492,product,18,1.645000,47.743645,62,2.038642,B,1,7.000000,1,24,Forecast,20260824T181001Z-27103c
84559D,3D SHEET OF SEA WORLD STICKERS,2011-11,2011-12,M2_gbm_poisson,,,,,,,,,C,0,,,,Inactive (no sales in last 6 months),20260824T181001Z-27103c
84562A,PINK/WHITE RIBBED MELAMINE JUG,2011-11,2011-12,M2_gbm_poisson,,,,,,,,,B,0,,,,Inactive (no sales in last 6 months),20260824T181001Z-27103c
84562B,BLUE/WHITE RIBBED MELAMINE JUG,2011-11,2011-12,M2_gbm_poisson,,,,,,,,,C,0,,,,Inactive (no sales in last 6 months),20260824T181001Z-27103c
84563A,PINK & WHITE BREAKFAST TRAY,2011-11,2011-12,M2_gbm_poisson,,,,,,,,,C,0,,,,Inactive (no sales in last 6 months),20260824T181001Z-27103c
84563B,BLUE & WHITE BREAKFAST TRAY,2011-11,2011-12,M2_gbm_poisson,2.064227,12.603473,product,18,1.645000,20.732713,23,6.105663,C,0,0.000000,6,24,Forecast,20260824T181001Z-27103c
84564,6 SEGMENT COLOURED SNACK BOWL,2011-11,2011-12,M2_gbm_poisson,,,,,,,,,C,0,,,,Inactive (no sales in last 6 months),20260824T181001Z-27103c
84567,FROSTED GLASS WITH SILVER SURROUND,2011-11,2011-12,M2_gbm_poisson,,,,,,,,,C,0,,,,Inactive (no sales in last 6 months),20260824T181001Z-27103c
84568,GIRLS ALPHABET IRON ON PATCHES,2011-11,2011-12,M2_gbm_poisson,441.531423,1594.699441,product,18,1.645000,2623.280580,3065,3.611746,A,1076,893.000000,1,24,Forecast,20260824T181001Z-27103c
84569A,PACK 3 IRON ON DOG PATCHES,2011-11,2011-12,M2_gbm_poisson,17.418145,19.438643,product,18,1.645000,31.976568,50,1.116000,C,12,12.000000,1,24,Forecast,20260824T181001Z-27103c
84569B,PACK 3 FIRE ENGINE/CAR PATCHES,2011-11,2011-12,M2_gbm_poisson,,,,,,,,,C,0,,,,Inactive (no sales in last 6 months),20260824T181001Z-27103c
84569C,PACK 4 FLOWER/BUTTERFLY PATCHES,2011-11,2011-12,M2_gbm_poisson,,,,,,,,,C,0,,,,Inactive (no sales in last 6 months),20260824T181001Z-27103c
84569D,PACK 6 HEART/ICE-CREAM PATCHES,2011-11,2011-12,M2_gbm_poisson,34.334908,37.439565,product,18,1.645000,61.588085,96,1.090423,B,25,12.333333,1,24,Forecast,20260824T181001Z-27103c
84570B,WHITE SATIN DRESS JEWEL STAND,2011-11,2011-12,M2_gbm_poisson,,,,,,,,,C,0,,,,Inactive (no sales in last 6 months),20260824T181001Z-27103c
84572,6 HOOK JEWEL STAND LILAC DRESS,2011-11,2011-12,M2_gbm_poisson,,,,,,,,,C,0,,,,Inactive (no sales in last 6 months),20260824T181001Z-27103c
84575A,PINK DOG CANNISTER,2011-11,2011-12,M2_gbm_poisson,,,,,,,,,C,0,,,,Inactive (no sales in last 6 months),20260824T181001Z-27103c
84575B,BROWN DOG CANNISTER W BONE,2011-11,2011-12,M2_gbm_poisson,,,,,,,,,C,0,,,,Inactive (no sales in last 6 months),20260824T181001Z-27103c
84576,BLUE CAT BISCUIT BARREL PINK HEART,2011-11,2011-12,M2_gbm_poisson,2.949678,5.169692,product,18,1.645000,8.504143,12,1.752629,C,0,0.000000,5,24,Forecast,20260824T181001Z-27103c
84578,ELEPHANT TOY WITH BLUE T-SHIRT,2011-11,2011-12,M2_gbm_poisson,,,,,,,,,C,0,,,,Inactive (no sales in last 6 months),20260824T181001Z-27103c
84580,MOUSE TOY WITH PINK T-SHIRT,2011-11,2011-12,M2_gbm_poisson,62.032213,25.690251,product,18,1.645000,42.260464,105,0.414144,B,70,48.666667,1,24,Forecast,20260824T181001Z-27103c
84581,DOG TOY WITH PINK CROCHET SKIRT,2011-11,2011-12,M2_gbm_poisson,43.959681,13.120648,product,18,1.645000,21.583467,66,0.298470,B,30,26.333333,1,24,Forecast,20260824T181001Z-27103c
84582,PINK CROCHET CAT WITH SCARF,2011-11,2011-12,M2_gbm_poisson,,,,,,,,,C,0,,,,Inactive (no sales in last 6 months),20260824T181001Z-27103c
84584,PINK GINGHAM CAT WITH SCARF,2011-11,2011-12,M2_gbm_poisson,2.006944,18.676639,product,18,1.645000,30.723070,33,9.306009,C,0,0.000000,5,24,Forecast,20260824T181001Z-27103c
84586L,"PINK ROSES/GINGHAM PATCH RABBIT 8""",2011-11,2011-12,M2_gbm_poisson,,,,,,,,,C,0,,,,Inactive (no sales in last 6 months),20260824T181001Z-27103c
84592,CROCHET ROSE PURSE WITH SUEDE BACK,2011-11,2011-12,M2_gbm_poisson,16.180824,6.178158,product,18,1.645000,10.163070,27,0.381820,C,13,7.000000,1,24,Forecast,20260824T181001Z-27103c
84593,CROCHET ROSE DES CLOTHES HANGER,2011-11,2011-12,M2_gbm_poisson,,,,,,,,,C,0,,,,Inactive (no sales in last 6 months),20260824T181001Z-27103c
84595B,LARGE TRIFLE DESIGN L BLUE BOWL,2011-11,2011-12,M2_gbm_poisson,,,,,,,,,C,0,,,,Inactive (no sales in last 6 months),20260824T181001Z-27103c
84595E,LARGE TORTILLA DESIGN RED BOWL,2011-11,2011-12,M2_gbm_poisson,4.149691,14.232957,product,18,1.645000,23.413214,28,3.429883,C,0,0.000000,4,24,Forecast,20260824T181001Z-27103c
84596B,SMALL DOLLY MIX DESIGN ORANGE BOWL,2011-11,2011-12,M2_gbm_poisson,292.301258,120.695596,product,18,1.645000,198.544256,491,0.412915,B,597,469.000000,1,24,Forecast,20260824T181001Z-27103c
84596E,SMALL LICORICE DES PINK BOWL,2011-11,2011-12,M2_gbm_poisson,,,,,,,,,B,0,,,,Inactive (no sales in last 6 months),20260824T181001Z-27103c
84596F,SMALL MARSHMALLOWS PINK BOWL,2011-11,2011-12,M2_gbm_poisson,218.025761,90.843044,product,18,1.645000,149.436808,368,0.416662,B,461,341.000000,1,24,Forecast,20260824T181001Z-27103c
84596G,SMALL CHOCOLATES PINK BOWL,2011-11,2011-12,M2_gbm_poisson,88.084772,57.754927,product,18,1.645000,95.006855,184,0.655674,B,140,141.666667,1,24,Forecast,20260824T181001Z-27103c
84596I,WRAP SWEETS LIGHT PINK SMALL BOWL,2011-11,2011-12,M2_gbm_poisson,,,,,,,,,C,0,,,,Inactive (no sales in last 6 months),20260824T181001Z-27103c
84596J,MIXED NUTS LIGHT GREEN BOWL,2011-11,2011-12,M2_gbm_poisson,,,,,,,,,C,0,,,,Inactive (no sales in last 6 months),20260824T181001Z-27103c
84596K,JELLY BABIES YELLOW SMALL BOWL,2011-11,2011-12,M2_gbm_poisson,,,,,,,,,C,0,,,,Inactive (no sales in last 6 months),20260824T181001Z-27103c
84596L,BISCUITS SMALL BOWL LIGHT BLUE,2011-11,2011-12,M2_gbm_poisson,10.659249,65.872054,product,18,1.645000,108.359529,120,6.179803,C,0,20.000000,3,24,Forecast,20260824T181001Z-27103c
84597B,RETRO BROWN BALL ASHTRAY,2011-11,2011-12,M2_gbm_poisson,1.984807,6.183788,product,18,1.645000,10.172331,13,3.115561,C,0,0.000000,6,24,Forecast,20260824T181001Z-27103c
84597C,RETRO PINK BALL ASHTRAY,2011-11,2011-12,M2_gbm_poisson,2.043465,15.890198,product,18,1.645000,26.139376,29,7.776105,C,0,0.000000,6,24,Forecast,20260824T181001Z-27103c
84598,BOYS ALPHABET IRON ON PATCHES,2011-11,2011-12,M2_gbm_poisson,150.087715,344.635525,product,18,1.645000,566.925439,718,2.296227,A,424,177.000000,1,24,Forecast,20260824T181001Z-27103c
84599,CANDY STRIPE ROSE FLOOR CUSHION,2011-11,2011-12,M2_gbm_poisson,,,,,,,,,C,0,,,,Inactive (no sales in last 6 months),20260824T181001Z-27103c
84600,NEW BAROQUE JEWELLERY BOX,2011-11,2011-12,M2_gbm_poisson,19.473134,4.289982,product,18,1.645000,7.057021,27,0.220303,C,14,11.000000,1,24,Forecast,20260824T181001Z-27103c
84601A,NEW BAROQUE IVORY CUSHION COVER,2011-11,2011-12,M2_gbm_poisson,,,,,,,,,C,0,,,,Inactive (no sales in last 6 months),20260824T181001Z-27103c
84608,ORNATE EDWARDIAN CANDLE HOLDER,2011-11,2011-12,M2_gbm_poisson,,,,,,,,,C,0,,,,Inactive (no sales in last 6 months),20260824T181001Z-27103c
84609,TALL ROCOCO CANDLE HOLDER,2011-11,2011-12,M2_gbm_poisson,29.894802,6.367655,product,18,1.645000,10.474792,41,0.213002,C,32,23.333333,1,24,Forecast,20260824T181001Z-27103c
84611B,BLACK NEW BAROQUE FLOCK BOX,2011-11,2011-12,M2_gbm_poisson,,,,,,,,,C,0,,,,Inactive (no sales in last 6 months),20260824T181001Z-27103c
84612B,SET/4 BLACK  BAROQUE FLOCK COASTER,2011-11,2011-12,M2_gbm_poisson,,,,,,,,,C,0,,,,Inactive (no sales in last 6 months),20260824T181001Z-27103c
84613A,PINK NEW BAROQUE FLOCK CANDLESTICK,2011-11,2011-12,M2_gbm_poisson,,,,,,,,,C,0,,,,Inactive (no sales in last 6 months),20260824T181001Z-27103c
84613C,BLUE NEW BAROQUE FLOCK CANDLESTICK,2011-11,2011-12,M2_gbm_poisson,,,,,,,,,C,0,,,,Inactive (no sales in last 6 months),20260824T181001Z-27103c
84614A,PINK BAROQUE FLOCK CANDLE HOLDER,2011-11,2011-12,M2_gbm_poisson,,,,,,,,,C,0,,,,Inactive (no sales in last 6 months),20260824T181001Z-27103c
84614C,BLUE BAROQUE FLOCK CANDLE HOLDER,2011-11,2011-12,M2_gbm_poisson,,,,,,,,,C,0,,,,Inactive (no sales in last 6 months),20260824T181001Z-27103c
84615,PINK ROUND BUTTERFLY MIRROR,2011-11,2011-12,M2_gbm_poisson,,,,,,,,,C,0,,,,Inactive (no sales in last 6 months),20260824T181001Z-27103c
84616,SILVER ROCCOCO CHANDELIER,2011-11,2011-12,M2_gbm_poisson,5.080593,1.720886,product,18,1.645000,2.830858,8,0.338718,B,1,3.000000,1,24,Forecast,20260824T181001Z-27103c
84617,NEW BAROQUE BLACK BOXES,2011-11,2011-12,M2_gbm_poisson,4.093567,0.780472,product,12,1.645000,1.283877,6,0.190658,C,1,0.333333,1,24,Forecast,20260824T181001Z-27103c
84619,BLUE GINGHAM ROSE QUILT,2011-11,2011-12,M2_gbm_poisson,,,,,,,,,B,0,,,,Inactive (no sales in last 6 months),20260824T181001Z-27103c
84620,BLUE GINGHAM ROSE CUSHION COVER,2011-11,2011-12,M2_gbm_poisson,,,,,,,,,C,0,,,,Inactive (no sales in last 6 months),20260824T181001Z-27103c
84621,BLUE GINGHAM ROSE FLOOR CUSHION,2011-11,2011-12,M2_gbm_poisson,,,,,,,,,C,0,,,,Inactive (no sales in last 6 months),20260824T181001Z-27103c
84622,PINK GINGHAM ROSE CUSHION COVER,2011-11,2011-12,M2_gbm_poisson,,,,,,,,,C,0,,,,Inactive (no sales in last 6 months),20260824T181001Z-27103c
84623,PINK GINGHAM ROSE FLOOR CUSHION,2011-11,2011-12,M2_gbm_poisson,,,,,,,,,C,0,,,,Inactive (no sales in last 6 months),20260824T181001Z-27103c
84625A,PINK NEW BAROQUECANDLESTICK CANDLE,2011-11,2011-12,M2_gbm_poisson,15.477755,35.374173,product,18,1.645000,58.190515,74,2.285485,B,1,26.333333,1,24,Forecast,20260824T181001Z-27103c
84625B,BLCK NEW BAROQUE CANDLESTICK CANDLE,2011-11,2011-12,M2_gbm_poisson,,,,,,,,,C,0,,,,Inactive (no sales in last 6 months),20260824T181001Z-27103c
84625C,BLUE NEW BAROQUE CANDLESTICK CANDLE,2011-11,2011-12,M2_gbm_poisson,9.019652,45.454278,product,18,1.645000,74.772288,84,5.039472,C,0,24.666667,2,24,Forecast,20260824T181001Z-27103c
84625D,WHITE NEWBAROQUE CANDLESTICK CANDLE,2011-11,2011-12,M2_gbm_poisson,,,,,,,,,C,0,,,,Inactive (no sales in last 6 months),20260824T181001Z-27103c
84626,CANDY STRIPE ROSE QUILT,2011-11,2011-12,M2_gbm_poisson,,,,,,,,,C,0,,,,Inactive (no sales in last 6 months),20260824T181001Z-27103c
84627,CANDY STRIPE ROSE C/COVER,2011-11,2011-12,M2_gbm_poisson,,,,,,,,,C,0,,,,Inactive (no sales in last 6 months),20260824T181001Z-27103c
84629,WHITE 3 FRAME BIRDS AND TREE,2011-11,2011-12,M2_gbm_poisson,2.100929,1.402103,product,15,1.645000,2.306459,5,0.667373,C,0,0.000000,5,22,Forecast,20260824T181001Z-27103c
84630,FLOWERS AND BIRDS WALL PLAQUE,2011-11,2011-12,M2_gbm_poisson,,,,,,,,,C,0,,,,Inactive (no sales in last 6 months),20260824T181001Z-27103c
84631,FRUIT TREE AND BIRDS WALL PLAQUE,2011-11,2011-12,M2_gbm_poisson,2.045191,4.880739,product,18,1.645000,8.028816,11,2.386446,B,0,0.000000,6,24,Forecast,20260824T181001Z-27103c
84632,DECORATIVE HANGING SHELVING UNIT,2011-11,2011-12,M2_gbm_poisson,2.045191,0.915268,product,18,1.645000,1.505615,4,0.447522,C,0,0.000000,5,21,Forecast,20260824T181001Z-27103c
84637,KITCHEN FLOWER POTS WALL PLAQUE,2011-11,2011-12,M2_gbm_poisson,4.748975,6.327837,product,18,1.645000,10.409291,16,1.332464,B,0,3.000000,3,24,Forecast,20260824T181001Z-27103c
84638,SMALL KITCHEN FLOWER POTS PLAQUE,2011-11,2011-12,M2_gbm_poisson,2.955233,5.671163,product,18,1.645000,9.329064,13,1.919024,B,0,0.333333,2,24,Forecast,20260824T181001Z-27103c
84648,NEW BAROQUE WALL MIRROR,2011-11,2011-12,M2_gbm_poisson,,,,,,,,,C,0,,,,Inactive (no sales in last 6 months),20260824T181001Z-27103c
84653,GREEN ROSE QUILT,2011-11,2011-12,M2_gbm_poisson,,,,,,,,,C,0,,,,Inactive (no sales in last 6 months),20260824T181001Z-27103c
84656,WHITE ROSE C/COVER,2011-11,2011-12,M2_gbm_poisson,,,,,,,,,C,0,,,,Inactive (no sales in last 6 months),20260824T181001Z-27103c
84657,GREEN ROSE CUSHION COVER,2011-11,2011-12,M2_gbm_poisson,,,,,,,,,C,0,,,,Inactive (no sales in last 6 months),20260824T181001Z-27103c
84658,WHITE STITCHED CUSHION COVER,2011-11,2011-12,M2_gbm_poisson,9.801765,8.009707,product,18,1.645000,13.175967,23,0.817170,B,2,7.666667,1,24,Forecast,20260824T181001Z-27103c
84659A,WHITE TRAVEL ALARM CLOCK,2011-11,2011-12,M2_gbm_poisson,22.623984,27.356299,product,18,1.645000,45.001113,68,1.209173,B,13,13.666667,1,24,Forecast,20260824T181001Z-27103c
84660A,WHITE STITCHED WALL CLOCK,2011-11,2011-12,M2_gbm_poisson,17.155994,21.571486,product,18,1.645000,35.485094,53,1.257373,C,0,99.666667,2,24,Forecast,20260824T181001Z-27103c
84660B,BLACK STITCHED WALL CLOCK,2011-11,2011-12,M2_gbm_poisson,10.810730,17.883772,product,18,1.645000,29.418805,41,1.654261,C,0,29.000000,3,24,Forecast,20260824T181001Z-27103c
84660C,PINK STITCHED WALL CLOCK,2011-11,2011-12,M2_gbm_poisson,9.014202,17.335806,product,18,1.645000,28.517401,38,1.923166,C,0,14.333333,3,24,Forecast,20260824T181001Z-27103c
84661A,WHITE SQUARE TABLE CLOCK,2011-11,2011-12,M2_gbm_poisson,10.215934,9.847190,product,18,1.645000,16.198628,27,0.963905,C,2,4.666667,1,24,Forecast,20260824T181001Z-27103c
84661B,BLACK SQUARE TABLE CLOCK,2011-11,2011-12,M2_gbm_poisson,42.926688,10.742150,product,18,1.645000,17.670836,61,0.250244,C,35,25.333333,1,24,Forecast,20260824T181001Z-27103c
84661C,PINK SQUARE TABLE CLOCK,2011-11,2011-12,M2_gbm_poisson,5.961575,5.441900,product,18,1.645000,8.951926,15,0.912829,C,0,2.333333,2,24,Forecast,20260824T181001Z-27103c
84663A,GRASS HOPPER WOODEN WALL CLOCK,2011-11,2011-12,M2_gbm_poisson,30.085963,10.434426,product,18,1.645000,17.164631,48,0.346820,C,21,10.333333,1,24,Forecast,20260824T181001Z-27103c
84664,CHERRY BLOSSOM BATHROOM CABINET,2011-11,2011-12,M2_gbm_poisson,,,,,,,,,B,0,,,,Inactive (no sales in last 6 months),20260824T181001Z-27103c
84665,SQUARE CHERRY BLOSSOM CABINET,2011-11,2011-12,M2_gbm_poisson,14.433446,13.030513,product,18,1.645000,21.435194,36,0.902800,B,8,5.333333,1,24,Forecast,20260824T181001Z-27103c
84666,SQUARE CHERRY BLOSSOM CABINET,2011-11,2011-12,M2_gbm_poisson,,,,,,,,,C,0,,,,Inactive (no sales in last 6 months),20260824T181001Z-27103c
84670,JAPANESE CROCHETED ANIMAL,2011-11,2011-12,M2_gbm_poisson,,,,,,,,,B,0,,,,Inactive (no sales in last 6 months),20260824T181001Z-27103c
84671B,CROCHET BEAR WITH BLUE STRIPES,2011-11,2011-12,M2_gbm_poisson,,,,,,,,,C,0,,,,Inactive (no sales in last 6 months),20260824T181001Z-27103c
84673A,PINK FLY SWAT,2011-11,2011-12,M2_gbm_poisson,11.078996,33.204361,product,18,1.645000,54.621173,66,2.997055,C,4,2.333333,1,24,Forecast,20260824T181001Z-27103c
84673B,BLUE FLY SWAT,2011-11,2011-12,M2_gbm_poisson,30.297470,25.225707,product,18,1.645000,41.496289,72,0.832601,C,19,11.000000,1,24,Forecast,20260824T181001Z-27103c
84674,FLYING PIG WATERING CAN,2011-11,2011-12,M2_gbm_poisson,14.193342,10.548044,product,18,1.645000,17.351533,32,0.743168,B,5,6.666667,1,24,Forecast,20260824T181001Z-27103c
84675,FROG KING WATERING CAN,2011-11,2011-12,M2_gbm_poisson,,,,,,,,,C,0,,,,Inactive (no sales in last 6 months),20260824T181001Z-27103c
84676,BATH DUCK WATERING CAN,2011-11,2011-12,M2_gbm_poisson,,,,,,,,,B,0,,,,Inactive (no sales in last 6 months),20260824T181001Z-27103c
84678,CLASSICAL ROSE SMALL VASE,2011-11,2011-12,M2_gbm_poisson,,,,,,,,,B,0,,,,Inactive (no sales in last 6 months),20260824T181001Z-27103c
84679,CLASSICAL ROSE TABLE LAMP,2011-11,2011-12,M2_gbm_poisson,2.045191,0.716066,product,9,1.645000,1.177929,4,0.350122,C,0,0.000000,6,21,Forecast,20260824T181001Z-27103c
84680,CLASSICAL ROSE URN,2011-11,2011-12,M2_gbm_poisson,,,,,,,,,C,0,,,,Inactive (no sales in last 6 months),20260824T181001Z-27103c
84682,CLASSICAL ROSE DISH,2011-11,2011-12,M2_gbm_poisson,,,,,,,,,C,0,,,,Inactive (no sales in last 6 months),20260824T181001Z-27103c
84683,CLASSICAL ROSE CANDLESTAND,2011-11,2011-12,M2_gbm_poisson,,,,,,,,,C,0,,,,Inactive (no sales in last 6 months),20260824T181001Z-27103c
84684,BEACH HUT PHOTO FRAME,2011-11,2011-12,M2_gbm_poisson,,,,,,,,,C,0,,,,Inactive (no sales in last 6 months),20260824T181001Z-27103c
84685,BEACH HUT KEY CABINET,2011-11,2011-12,M2_gbm_poisson,,,,,,,,,B,0,,,,Inactive (no sales in last 6 months),20260824T181001Z-27103c
84686,BEACH HUT MIRROR,2011-11,2011-12,M2_gbm_poisson,2.006944,9.669985,product,18,1.645000,15.907125,18,4.818263,B,0,0.000000,5,24,Forecast,20260824T181001Z-27103c
84687,BEACH HUT SHELF W 3 DRAWERS,2011-11,2011-12,M2_gbm_poisson,12.173899,11.305118,product,18,1.645000,18.596919,31,0.928636,C,1,7.000000,1,24,Forecast,20260824T181001Z-27103c
84688,BEACH HUT DESIGN BLACKBOARD,2011-11,2011-12,M2_gbm_poisson,,,,,,,,,B,0,,,,Inactive (no sales in last 6 months),20260824T181001Z-27103c
84689,S/2 BEACH HUT TREASURE CHESTS,2011-11,2011-12,M2_gbm_poisson,,,,,,,,,C,0,,,,Inactive (no sales in last 6 months),20260824T181001Z-27103c
84690,S/2 BEACH HUT STOOLS,2011-11,2011-12,M2_gbm_poisson,,,,,,,,,C,0,,,,Inactive (no sales in last 6 months),20260824T181001Z-27103c
84691,PACK 20 DOLLY PEGS,2011-11,2011-12,M2_gbm_poisson,,,,,,,,,B,0,,,,Inactive (no sales in last 6 months),20260824T181001Z-27103c
84692,BOX OF 24 COCKTAIL PARASOLS,2011-11,2011-12,M2_gbm_poisson,364.390643,243.861449,product,18,1.645000,401.152084,766,0.669231,A,775,705.000000,1,24,Forecast,20260824T181001Z-27103c
84705A,ENGLISH ROSE PHOTO FRAME,2011-11,2011-12,M2_gbm_poisson,,,,,,,,,C,0,,,,Inactive (no sales in last 6 months),20260824T181001Z-27103c
84705B,FAIRY CAKES PHOTO FRAME,2011-11,2011-12,M2_gbm_poisson,,,,,,,,,C,0,,,,Inactive (no sales in last 6 months),20260824T181001Z-27103c
84705C,PINK FLOCK PHOTO FRAME,2011-11,2011-12,M2_gbm_poisson,,,,,,,,,C,0,,,,Inactive (no sales in last 6 months),20260824T181001Z-27103c
84705D,CHERRY BLOSSOM PHOTO FRAME,2011-11,2011-12,M2_gbm_poisson,,,,,,,,,C,0,,,,Inactive (no sales in last 6 months),20260824T181001Z-27103c
84705F,RED PEONY PHOTO FRAME,2011-11,2011-12,M2_gbm_poisson,,,,,,,,,C,0,,,,Inactive (no sales in last 6 months),20260824T181001Z-27103c
84706A,ENGLISH ROSE TABLE CLOCK,2011-11,2011-12,M2_gbm_poisson,,,,,,,,,C,0,,,,Inactive (no sales in last 6 months),20260824T181001Z-27103c
84706B,FAIRY CAKES TABLE CLOCK,2011-11,2011-12,M2_gbm_poisson,,,,,,,,,C,0,,,,Inactive (no sales in last 6 months),20260824T181001Z-27103c
84706C,PINK FLOCK TABLE CLOCK,2011-11,2011-12,M2_gbm_poisson,,,,,,,,,C,0,,,,Inactive (no sales in last 6 months),20260824T181001Z-27103c
84706D,CHERRY BLOSSOM TABLE CLOCK,2011-11,2011-12,M2_gbm_poisson,,,,,,,,,C,0,,,,Inactive (no sales in last 6 months),20260824T181001Z-27103c
84706F,RED PEONY TABLE CLOCK,2011-11,2011-12,M2_gbm_poisson,10.357301,3.422208,product,16,1.645000,5.629532,16,0.330415,C,4,4.666667,1,24,Forecast,20260824T181001Z-27103c
84707A,SILVER JEWELLED MIRROR TRINKET TRAY,2011-11,2011-12,M2_gbm_poisson,14.033369,4.228782,product,18,1.645000,6.956347,21,0.301338,C,10,6.000000,1,24,Forecast,20260824T181001Z-27103c
84707B,PINK JEWELLED MIRROR TRINKET TRAY,2011-11,2011-12,M2_gbm_poisson,5.062608,5.083256,product,18,1.645000,8.361956,14,1.004078,C,0,3.000000,2,24,Forecast,20260824T181001Z-27103c
84708B,PINK JEWELLED PHOTO FRAME,2011-11,2011-12,M2_gbm_poisson,16.592061,6.009637,product,18,1.645000,9.885853,27,0.362200,C,14,7.333333,1,24,Forecast,20260824T181001Z-27103c
84709A,SILVER OVAL JEWELLED MIRROR,2011-11,2011-12,M2_gbm_poisson,,,,,,,,,C,0,,,,Inactive (no sales in last 6 months),20260824T181001Z-27103c
84709B,PINK OVAL JEWELLED MIRROR,2011-11,2011-12,M2_gbm_poisson,2.064227,8.370622,product,18,1.645000,13.769674,16,4.055088,B,0,0.000000,6,24,Forecast,20260824T181001Z-27103c
84711A,SILVER OVAL SHAPE TRINKET BOX,2011-11,2011-12,M2_gbm_poisson,3.765574,2.114583,product,18,1.645000,3.478488,8,0.561556,C,2,1.333333,1,24,Forecast,20260824T181001Z-27103c
84711B,PINK OVAL SHAPE TRINKET BOX,2011-11,2011-12,M2_gbm_poisson,6.294069,1.972236,product,18,1.645000,3.244329,10,0.313348,C,3,2.000000,1,24,Forecast,20260824T181001Z-27103c
84712B,PINK JEWELLED PHOTO FRAME,2011-11,2011-12,M2_gbm_poisson,14.660226,2.666914,product,18,1.645000,4.387074,20,0.181915,C,8,3.666667,1,24,Forecast,20260824T181001Z-27103c
84715,SET OF 6 ICE CREAM SKITTLES,2011-11,2011-12,M2_gbm_poisson,,,,,,,,,C,0,,,,Inactive (no sales in last 6 months),20260824T181001Z-27103c
84720,DOT MATRIX CANVAS ART PICTURE,2011-11,2011-12,M2_gbm_poisson,,,,,,,,,C,0,,,,Inactive (no sales in last 6 months),20260824T181001Z-27103c
84721,MANHATTAN CANVAS ART PICTURE,2011-11,2011-12,M2_gbm_poisson,,,,,,,,,C,0,,,,Inactive (no sales in last 6 months),20260824T181001Z-27103c
84723,CHERRY BLOSSOM CANVAS ART PICTURE,2011-11,2011-12,M2_gbm_poisson,3.135932,1.833452,product,17,1.645000,3.016029,7,0.584659,C,0,0.000000,4,22,Forecast,20260824T181001Z-27103c
84725,FREESTYLE CANVAS ART PICTURE,2011-11,2011-12,M2_gbm_poisson,9.750741,6.083724,product,18,1.645000,10.007725,20,0.623924,C,0,9.666667,3,24,Forecast,20260824T181001Z-27103c
84726,LILLIES CANVAS PICTURE,2011-11,2011-12,M2_gbm_poisson,,,,,,,,,C,0,,,,Inactive (no sales in last 6 months),20260824T181001Z-27103c
84731,3 BIRDS CANVAS SCREEN,2011-11,2011-12,M2_gbm_poisson,2.064826,2.139579,product,12,1.645000,3.519608,6,1.036203,C,0,0.000000,5,20,Forecast,20260824T181001Z-27103c
84732B,CUTE BIRD CEATURE SCREEN,2011-11,2011-12,M2_gbm_poisson,3.168712,4.583362,product,16,1.645000,7.539630,11,1.446443,C,0,0.000000,4,24,Forecast,20260824T181001Z-27103c
84732D,CUTE RABBIT CEATURE SCREEN,2011-11,2011-12,M2_gbm_poisson,2.880834,5.114907,product,11,1.645000,8.414023,12,1.775495,C,0,0.000000,4,24,Forecast,20260824T181001Z-27103c
84741C,CITRUS GARLAND FELT FLOWERS,2011-11,2011-12,M2_gbm_poisson,,,,,,,,,C,0,,,,Inactive (no sales in last 6 months),20260824T181001Z-27103c
84743C,ORANGE FELT VASE + FLOWERS,2011-11,2011-12,M2_gbm_poisson,,,,,,,,,C,0,,,,Inactive (no sales in last 6 months),20260824T181001Z-27103c
84744,S/6 SEW ON CROCHET FLOWERS,2011-11,2011-12,M2_gbm_poisson,5.821076,7.166154,product,18,1.645000,11.788323,18,1.231070,C,1,1.666667,1,24,Forecast,20260824T181001Z-27103c
84745A,PINK HANGING GINGHAM EASTER HEN,2011-11,2011-12,M2_gbm_poisson,,,,,,,,,C,0,,,,Inactive (no sales in last 6 months),20260824T181001Z-27103c
84745B,BLUE HANGING GINGHAM EASTER HEN,2011-11,2011-12,M2_gbm_poisson,,,,,,,,,C,0,,,,Inactive (no sales in last 6 months),20260824T181001Z-27103c
84746,PINK EASTER HENS+FLOWER,2011-11,2011-12,M2_gbm_poisson,2.100929,1.358621,product,13,1.645000,2.234932,5,0.646676,C,0,0.000000,5,24,Forecast,20260824T181001Z-27103c
84748,FOLK FELT HANGING MULTICOL GARLAND,2011-11,2011-12,M2_gbm_poisson,7.343933,19.124435,product,18,1.645000,31.459696,39,2.604113,B,4,2.000000,1,24,Forecast,20260824T181001Z-27103c
84750A,PINK SMALL GLASS CAKE STAND,2011-11,2011-12,M2_gbm_poisson,,,,,,,,,B,0,,,,Inactive (no sales in last 6 months),20260824T181001Z-27103c
84750B,BLACK SMALL GLASS CAKE STAND,2011-11,2011-12,M2_gbm_poisson,,,,,,,,,B,0,,,,Inactive (no sales in last 6 months),20260824T181001Z-27103c
84751B,BLACK MEDIUM GLASS CAKE STAND,2011-11,2011-12,M2_gbm_poisson,,,,,,,,,C,0,,,,Inactive (no sales in last 6 months),20260824T181001Z-27103c
84753A,PINK EAU DE COLOGNE BOTTLE,2011-11,2011-12,M2_gbm_poisson,,,,,,,,,C,0,,,,Inactive (no sales in last 6 months),20260824T181001Z-27103c
84754,S/15 SILVER GLASS BAUBLES IN BAG,2011-11,2011-12,M2_gbm_poisson,9.700306,71.896512,product,18,1.645000,118.269762,128,7.411777,B,0,27.333333,3,24,Forecast,20260824T181001Z-27103c
84755,COLOUR GLASS T-LIGHT HOLDER HANGING,2011-11,2011-12,M2_gbm_poisson,588.211915,744.681028,product,18,1.645000,1225.000291,1814,1.266008,A,904,961.333333,1,24,Forecast,20260824T181001Z-27103c
84757,ENCHANTED GARDEN WROUGHT IRON TABLE,2011-11,2011-12,M2_gbm_poisson,,,,,,,,,C,0,,,,Inactive (no sales in last 6 months),20260824T181001Z-27103c
84760L,LARGE HANGING GLASS+ZINC LANTERN,2011-11,2011-12,M2_gbm_poisson,,,,,,,,,C,0,,,,Inactive (no sales in last 6 months),20260824T181001Z-27103c
84760S,SMALL HANGING GLASS+ZINC LANTERN,2011-11,2011-12,M2_gbm_poisson,,,,,,,,,C,0,,,,Inactive (no sales in last 6 months),20260824T181001Z-27103c
84761,IVORY HANGING BIRD PLANTER,2011-11,2011-12,M2_gbm_poisson,,,,,,,,,C,0,,,,Inactive (no sales in last 6 months),20260824T181001Z-27103c
84762A,WHITE PICNIC BARBECUE BUCKET,2011-11,2011-12,M2_gbm_poisson,,,,,,,,,C,0,,,,Inactive (no sales in last 6 months),20260824T181001Z-27103c
84762B,PINK PICNIC BARBECUE BUCKET,2011-11,2011-12,M2_gbm_poisson,,,,,,,,,C,0,,,,Inactive (no sales in last 6 months),20260824T181001Z-27103c
84762C,GREEN PICNIC BARBECUE BUCKET,2011-11,2011-12,M2_gbm_poisson,,,,,,,,,C,0,,,,Inactive (no sales in last 6 months),20260824T181001Z-27103c
84763,ZINC FINISH 15CM PLANTER POTS,2011-11,2011-12,M2_gbm_poisson,,,,,,,,,B,0,,,,Inactive (no sales in last 6 months),20260824T181001Z-27103c
84765,SILVER ROCOCO CANDELABRA,2011-11,2011-12,M2_gbm_poisson,,,,,,,,,C,0,,,,Inactive (no sales in last 6 months),20260824T181001Z-27103c
84766,SILVER ROCOCO CANDLE STICK,2011-11,2011-12,M2_gbm_poisson,5.013368,8.970683,product,18,1.645000,14.756773,20,1.789353,C,2,1.333333,1,23,Forecast,20260824T181001Z-27103c
84767,ZINC POLICE BOX LANTERN,2011-11,2011-12,M2_gbm_poisson,,,,,,,,,C,0,,,,Inactive (no sales in last 6 months),20260824T181001Z-27103c
84770,ROUND GEORGIAN SILVER MIRROR,2011-11,2011-12,M2_gbm_poisson,,,,,,,,,C,0,,,,Inactive (no sales in last 6 months),20260824T181001Z-27103c
84773,RED ROSE AND LACE C/COVER,2011-11,2011-12,M2_gbm_poisson,,,,,,,,,C,0,,,,Inactive (no sales in last 6 months),20260824T181001Z-27103c
84782A,PINK 3 TIER GLASS PLATE STAND,2011-11,2011-12,M2_gbm_poisson,,,,,,,,,C,0,,,,Inactive (no sales in last 6 months),20260824T181001Z-27103c
84782B,BLACK 3 TIER GLASS PLATE STAND,2011-11,2011-12,M2_gbm_poisson,,,,,,,,,C,0,,,,Inactive (no sales in last 6 months),20260824T181001Z-27103c
84782C,GREEN 3 TIER GLASS PLATE STAND,2011-11,2011-12,M2_gbm_poisson,,,,,,,,,C,0,,,,Inactive (no sales in last 6 months),20260824T181001Z-27103c
84789,ENCHANTED BIRD PLANT CAGE,2011-11,2011-12,M2_gbm_poisson,2.064227,16.802817,product,18,1.645000,27.640634,30,8.140005,B,0,0.000000,5,24,Forecast,20260824T181001Z-27103c
84791,GINGHAM HEART DECORATION,2011-11,2011-12,M2_gbm_poisson,,,,,,,,,B,0,,,,Inactive (no sales in last 6 months),20260824T181001Z-27103c
84792,ENCHANTED BIRD COATHANGER 5 HOOK,2011-11,2011-12,M2_gbm_poisson,70.808464,44.808952,product,18,1.645000,73.710727,145,0.632819,A,103,78.000000,1,24,Forecast,20260824T181001Z-27103c
84795A,PASTEL STRIPE HAMMOCK,2011-11,2011-12,M2_gbm_poisson,,,,,,,,,B,0,,,,Inactive (no sales in last 6 months),20260824T181001Z-27103c
84795B,SUNSET CHECK HAMMOCK,2011-11,2011-12,M2_gbm_poisson,6.207160,16.083900,product,18,1.645000,26.458016,33,2.591185,B,3,1.333333,1,24,Forecast,20260824T181001Z-27103c
84795C,OCEAN STRIPE HAMMOCK,2011-11,2011-12,M2_gbm_poisson,,,,,,,,,B,0,,,,Inactive (no sales in last 6 months),20260824T181001Z-27103c
84795D,SEASIDE STRIPE HAMMOCK,2011-11,2011-12,M2_gbm_poisson,,,,,,,,,B,0,,,,Inactive (no sales in last 6 months),20260824T181001Z-27103c
84795E,RIO PINK STRIPE HAMMOCK,2011-11,2011-12,M2_gbm_poisson,,,,,,,,,C,0,,,,Inactive (no sales in last 6 months),20260824T181001Z-27103c
84796A,PINK HAWAIIAN PICNIC HAMPER FOR 2,2011-11,2011-12,M2_gbm_poisson,2.538184,10.240832,product,18,1.645000,16.846168,20,4.034708,B,0,0.000000,4,24,Forecast,20260824T181001Z-27103c
84796B,BLUE SAVANNAH PICNIC HAMPER FOR 2,2011-11,2011-12,M2_gbm_poisson,3.637861,16.153023,product,18,1.645000,26.571722,31,4.440253,A,1,0.666667,1,24,Forecast,20260824T181001Z-27103c
84797A,PINK HAWAIIAN PICNIC HAMPER FOR 4,2011-11,2011-12,M2_gbm_poisson,,,,,,,,,A,0,,,,Inactive (no sales in last 6 months),20260824T181001Z-27103c
84797B,BLUE SAVANNAH PICNIC HAMPER FOR 4,2011-11,2011-12,M2_gbm_poisson,,,,,,,,,B,0,,,,Inactive (no sales in last 6 months),20260824T181001Z-27103c
84798A,PINK FOXGLOVE ARTIIFCIAL FLOWER,2011-11,2011-12,M2_gbm_poisson,5.374905,10.629854,product,18,1.645000,17.486111,23,1.977682,C,0,2.333333,3,23,Forecast,20260824T181001Z-27103c
84798B,PURPLE FOXGLOVE ARTIIFCIAL FLOWER,2011-11,2011-12,M2_gbm_poisson,,,,,,,,,C,0,,,,Inactive (no sales in last 6 months),20260824T181001Z-27103c
84798C,WHITE FOXGLOVE ARTIIFCIAL FLOWER,2011-11,2011-12,M2_gbm_poisson,,,,,,,,,C,0,,,,Inactive (no sales in last 6 months),20260824T181001Z-27103c
84799,SPRIG LAVENDER ARTIFICIAL FLOWER,2011-11,2011-12,M2_gbm_poisson,,,,,,,,,C,0,,,,Inactive (no sales in last 6 months),20260824T181001Z-27103c
84800L,LARGE WHITE/PINK ROSE ART FLOWER,2011-11,2011-12,M2_gbm_poisson,1.984807,20.896654,product,18,1.645000,34.374996,37,10.528304,B,0,0.000000,6,23,Forecast,20260824T181001Z-27103c
84800M,MEDIUM WHITE/PINK ROSE ART FLOWER,2011-11,2011-12,M2_gbm_poisson,3.135932,14.726924,product,18,1.645000,24.225790,28,4.696187,C,0,0.000000,4,23,Forecast,20260824T181001Z-27103c
84800S,SMALL WHITE/PINK ROSE ART FLOWER,2011-11,2011-12,M2_gbm_poisson,5.946236,15.457510,product,18,1.645000,25.427603,32,2.599545,C,0,2.000000,3,22,Forecast,20260824T181001Z-27103c
84801A,PINK HYDRANGEA ART FLOWER,2011-11,2011-12,M2_gbm_poisson,11.927208,8.774860,product,18,1.645000,14.434645,27,0.735701,C,10,3.333333,1,23,Forecast,20260824T181001Z-27103c
84801B,WHITE HYDRANGEA ART FLOWER,2011-11,2011-12,M2_gbm_poisson,,,,,,,,,C,0,,,,Inactive (no sales in last 6 months),20260824T181001Z-27103c
84802A,WHITE ANEMONE ARTIFICIAL FLOWER,2011-11,2011-12,M2_gbm_poisson,,,,,,,,,C,0,,,,Inactive (no sales in last 6 months),20260824T181001Z-27103c
84802B,PURPLE ANEMONE ARTIFICIAL FLOWER,2011-11,2011-12,M2_gbm_poisson,,,,,,,,,C,0,,,,Inactive (no sales in last 6 months),20260824T181001Z-27103c
84803A,PINK ALLIUM  ARTIFICIAL FLOWER,2011-11,2011-12,M2_gbm_poisson,,,,,,,,,C,0,,,,Inactive (no sales in last 6 months),20260824T181001Z-27103c
84803B,WHITE ALLIUM  ARTIFICIAL FLOWER,2011-11,2011-12,M2_gbm_poisson,2.971204,4.900735,product,18,1.645000,8.061709,12,1.649410,C,0,0.000000,4,22,Forecast,20260824T181001Z-27103c
84804A,CREAM DELPHINIUM ARTIFICIAL FLOWER,2011-11,2011-12,M2_gbm_poisson,4.751529,10.301634,product,18,1.645000,16.946188,22,2.168067,C,0,1.000000,3,23,Forecast,20260824T181001Z-27103c
84804B,BLUE DELPHINIUM ARTIFICIAL FLOWER,2011-11,2011-12,M2_gbm_poisson,5.141557,11.649994,product,16,1.645000,19.164241,25,2.265849,C,0,1.000000,3,23,Forecast,20260824T181001Z-27103c
84805A,CREAM CLIMBING HYDRANGA ART FLOWER,2011-11,2011-12,M2_gbm_poisson,2.683335,2.801871,product,18,1.645000,4.609077,8,1.044175,C,0,0.000000,4,21,Forecast,20260824T181001Z-27103c
84805B,BLUE CLIMBING HYDRANGA ART FLOWER,2011-11,2011-12,M2_gbm_poisson,3.265201,7.161622,product,13,1.645000,11.780868,16,2.193317,C,0,0.666667,3,23,Forecast,20260824T181001Z-27103c
84806A,PINK CANDYSTUFT ARTIFICIAL FLOWER,2011-11,2011-12,M2_gbm_poisson,3.353053,12.844723,product,18,1.645000,21.129569,25,3.830754,C,0,0.666667,3,23,Forecast,20260824T181001Z-27103c
84806B,WHITE CANDYSTUFT ARTIFICIAL FLOWER,2011-11,2011-12,M2_gbm_poisson,24.905464,23.674126,product,18,1.645000,38.943936,64,0.950560,C,3,22.666667,1,21,Forecast,20260824T181001Z-27103c
84807,RED POPPY ARTIFICIAL FLOWER,2011-11,2011-12,M2_gbm_poisson,,,,,,,,,C,0,,,,Inactive (no sales in last 6 months),20260824T181001Z-27103c
84809A,WHITE CHRYSANTHEMUMS ART FLOWER,2011-11,2011-12,M2_gbm_poisson,1.984807,11.250587,product,18,1.645000,18.507215,21,5.668352,C,0,0.000000,6,23,Forecast,20260824T181001Z-27103c
84809B,PINK CHRYSANTHEMUMS ART FLOWER,2011-11,2011-12,M2_gbm_poisson,,,,,,,,,C,0,,,,Inactive (no sales in last 6 months),20260824T181001Z-27103c
84813,SET OF 4 DIAMOND NAPKIN RINGS,2011-11,2011-12,M2_gbm_poisson,14.671918,9.136824,product,18,1.645000,15.030076,30,0.622742,B,16,7.333333,1,24,Forecast,20260824T181001Z-27103c
84814A,HEXAGONAL CRYSTAL PERFUME BOTTLE,2011-11,2011-12,M2_gbm_poisson,,,,,,,,,C,0,,,,Inactive (no sales in last 6 months),20260824T181001Z-27103c
84814B,RHOMBUS CRYSTAL PERFUME BOTTLE,2011-11,2011-12,M2_gbm_poisson,,,,,,,,,C,0,,,,Inactive (no sales in last 6 months),20260824T181001Z-27103c
84815,SET OF 3 DANISH ROSE PLANTERS,2011-11,2011-12,M2_gbm_poisson,,,,,,,,,B,0,,,,Inactive (no sales in last 6 months),20260824T181001Z-27103c
84816,DANISH ROSE BEDSIDE CABINET,2011-11,2011-12,M2_gbm_poisson,2.219036,2.907331,product,18,1.645000,4.782560,8,1.310178,B,0,0.000000,4,24,Forecast,20260824T181001Z-27103c
84817,DANISH ROSE DECORATIVE PLATE,2011-11,2011-12,M2_gbm_poisson,27.443129,23.509629,product,18,1.645000,38.673339,67,0.856667,C,19,13.000000,1,22,Forecast,20260824T181001Z-27103c
84818,DANISH ROSE PHOTO FRAME,2011-11,2011-12,M2_gbm_poisson,16.308097,54.448141,product,18,1.645000,89.567192,106,3.338718,B,0,87.333333,2,24,Forecast,20260824T181001Z-27103c
84819,DANISH ROSE ROUND SEWING BOX,2011-11,2011-12,M2_gbm_poisson,14.159555,11.586747,product,18,1.645000,19.060199,34,0.818299,B,11,6.000000,1,24,Forecast,20260824T181001Z-27103c
84820,DANISH ROSE TRINKET TRAYS,2011-11,2011-12,M2_gbm_poisson,8.337143,7.490929,product,18,1.645000,12.322578,21,0.898501,C,2,3.666667,1,23,Forecast,20260824T181001Z-27103c
84821,DANISH ROSE DELUXE COASTER,2011-11,2011-12,M2_gbm_poisson,38.429639,33.068343,product,18,1.645000,54.397424,93,0.860491,C,29,23.333333,1,24,Forecast,20260824T181001Z-27103c
84823,DANISH ROSE FOLDING CHAIR,2011-11,2011-12,M2_gbm_poisson,,,,,,,,,B,0,,,,Inactive (no sales in last 6 months),20260824T181001Z-27103c
84824,DANISH ROSE UMBRELLA STAND,2011-11,2011-12,M2_gbm_poisson,3.434719,1.156097,product,14,1.645000,1.901780,6,0.336591,C,1,0.333333,1,24,Forecast,20260824T181001Z-27103c
84826,ASSTD DESIGN 3D PAPER STICKERS,2011-11,2011-12,M2_gbm_poisson,18.381629,50.102852,product,18,1.645000,82.419191,101,2.725702,C,11,6.666667,1,24,Forecast,20260824T181001Z-27103c
84827,ASS DES PHONE SPONGE CRAFT STICKER,2011-11,2011-12,M2_gbm_poisson,9.952826,26.555048,product,18,1.645000,43.683054,54,2.668091,C,0,4.666667,2,24,Forecast,20260824T181001Z-27103c
84828,JUNGLE POPSICLES ICE LOLLY HOLDERS,2011-11,2011-12,M2_gbm_poisson,46.588728,65.063124,product,18,1.645000,107.028839,154,1.396542,B,42,28.000000,1,24,Forecast,20260824T181001Z-27103c
84830,LARGE ENGLISH ARBORETUM,2011-11,2011-12,M2_gbm_poisson,,,,,,,,,B,0,,,,Inactive (no sales in last 6 months),20260824T181001Z-27103c
84832,ZINC WILLIE WINKIE  CANDLE STICK,2011-11,2011-12,M2_gbm_poisson,264.668652,131.954693,product,18,1.645000,217.065470,482,0.498566,A,625,529.333333,1,24,Forecast,20260824T181001Z-27103c
84836,ZINC METAL HEART DECORATION,2011-11,2011-12,M2_gbm_poisson,358.375269,259.051918,product,18,1.645000,426.140405,785,0.722851,A,781,739.666667,1,24,Forecast,20260824T181001Z-27103c
84837,WHITE SWEETHEARTS CABINET 4 DRAWERS,2011-11,2011-12,M2_gbm_poisson,,,,,,,,,B,0,,,,Inactive (no sales in last 6 months),20260824T181001Z-27103c
84838,ANT WHITE HIGH RISE BIRD BOX,2011-11,2011-12,M2_gbm_poisson,,,,,,,,,C,0,,,,Inactive (no sales in last 6 months),20260824T181001Z-27103c
84839,SWEETHEART KEY CABINET,2011-11,2011-12,M2_gbm_poisson,,,,,,,,,A,0,,,,Inactive (no sales in last 6 months),20260824T181001Z-27103c
84840,SWEETHEART CARRY-ALL BASKET,2011-11,2011-12,M2_gbm_poisson,,,,,,,,,B,0,,,,Inactive (no sales in last 6 months),20260824T181001Z-27103c
84842,HELLO SAILOR BATHROOM SET,2011-11,2011-12,M2_gbm_poisson,5.345479,7.169427,product,18,1.645000,11.793708,18,1.341213,C,4,1.333333,1,24,Forecast,20260824T181001Z-27103c
84843,WHITE SOAP RACK WITH 2 BOTTLES,2011-11,2011-12,M2_gbm_poisson,36.920124,10.226175,product,18,1.645000,16.822059,54,0.276981,B,28,32.333333,1,24,Forecast,20260824T181001Z-27103c
84845A,HOLLYHOCK SQUARE HANDY TIN,2011-11,2011-12,M2_gbm_poisson,,,,,,,,,C,0,,,,Inactive (no sales in last 6 months),20260824T181001Z-27103c
84845C,CARNATION SQUARE HANDY TIN,2011-11,2011-12,M2_gbm_poisson,,,,,,,,,C,0,,,,Inactive (no sales in last 6 months),20260824T181001Z-27103c
84845D,GERANIUM SQUARE HANDY TIN,2011-11,2011-12,M2_gbm_poisson,,,,,,,,,C,0,,,,Inactive (no sales in last 6 months),20260824T181001Z-27103c
84846A,SCENTED CANDLE IN DIGITALIS TIN,2011-11,2011-12,M2_gbm_poisson,8.248828,9.954296,product,18,1.645000,16.374817,25,1.206753,C,0,8.000000,2,24,Forecast,20260824T181001Z-27103c
84847,FLORAL BATHROOM SET,2011-11,2011-12,M2_gbm_poisson,2.666022,11.065601,product,18,1.645000,18.202914,21,4.150603,B,0,0.000000,4,24,Forecast,20260824T181001Z-27103c
84849A,HELLO SAILOR BLUE SOAP HOLDER,2011-11,2011-12,M2_gbm_poisson,21.205195,14.142633,product,18,1.645000,23.264632,45,0.666942,C,9,14.333333,1,24,Forecast,20260824T181001Z-27103c
84849B,FAIRY SOAP SOAP HOLDER,2011-11,2011-12,M2_gbm_poisson,2.006944,21.378390,product,18,1.645000,35.167451,38,10.652210,A,0,0.000000,5,24,Forecast,20260824T181001Z-27103c
84849D,HOT BATHS SOAP HOLDER,2011-11,2011-12,M2_gbm_poisson,53.731119,28.411144,product,18,1.645000,46.736332,101,0.528765,B,92,40.000000,1,23,Forecast,20260824T181001Z-27103c
84854,GIRLY PINK TOOL SET,2011-11,2011-12,M2_gbm_poisson,,,,,,,,,B,0,,,,Inactive (no sales in last 6 months),20260824T181001Z-27103c
84855,BLOKEY SILVER TOOL SET,2011-11,2011-12,M2_gbm_poisson,,,,,,,,,C,0,,,,Inactive (no sales in last 6 months),20260824T181001Z-27103c
84856L,LARGE TAHITI BEACH BAG,2011-11,2011-12,M2_gbm_poisson,,,,,,,,,B,0,,,,Inactive (no sales in last 6 months),20260824T181001Z-27103c
84856S,SMALL TAHITI BEACH BAG,2011-11,2011-12,M2_gbm_poisson,,,,,,,,,B,0,,,,Inactive (no sales in last 6 months),20260824T181001Z-27103c
84857A,SILVER MONTE CARLO HANDBAG,2011-11,2011-12,M2_gbm_poisson,,,,,,,,,C,0,,,,Inactive (no sales in last 6 months),20260824T181001Z-27103c
84857B,BLUE MONTE CARLO HANDBAG,2011-11,2011-12,M2_gbm_poisson,3.413912,7.836625,abc_group,4,1.645000,12.891247,17,2.295497,C,0,0.000000,5,5,Forecast,20260824T181001Z-27103c
84857C,PINK MONTE CARLO HANDBAG,2011-11,2011-12,M2_gbm_poisson,2.006944,8.224417,product,17,1.645000,13.529166,16,4.097980,C,0,0.000000,5,18,Forecast,20260824T181001Z-27103c
84858A,NATURAL RIVIERA HANDBAG,2011-11,2011-12,M2_gbm_poisson,,,,,,,,,C,0,,,,Inactive (no sales in last 6 months),20260824T181001Z-27103c
84858B,BLUE RIVIERA HANDBAG,2011-11,2011-12,M2_gbm_poisson,,,,,,,,,C,0,,,,Inactive (no sales in last 6 months),20260824T181001Z-27103c
84858C,PINK RIVIERA HANDBAG,2011-11,2011-12,M2_gbm_poisson,,,,,,,,,C,0,,,,Inactive (no sales in last 6 months),20260824T181001Z-27103c
84859A,SILVER DISCO HANDBAG,2011-11,2011-12,M2_gbm_poisson,46.250947,12.704834,product,18,1.645000,20.899452,68,0.274693,C,43,18.333333,1,24,Forecast,20260824T181001Z-27103c
84859B,BLUE DISCO HANDBAG,2011-11,2011-12,M2_gbm_poisson,11.889598,3.994277,product,16,1.645000,6.570586,19,0.335947,C,6,3.666667,1,22,Forecast,20260824T181001Z-27103c
84859C,PINK DISCO HANDBAG,2011-11,2011-12,M2_gbm_poisson,29.131513,9.276692,product,17,1.645000,15.260158,45,0.318442,C,17,11.000000,1,24,Forecast,20260824T181001Z-27103c
84864A,PINK PAISLEY PHOTO ALBUM,2011-11,2011-12,M2_gbm_poisson,,,,,,,,,C,0,,,,Inactive (no sales in last 6 months),20260824T181001Z-27103c
84865,NEW BAROQUE BLACK PHOTO ALBUM,2011-11,2011-12,M2_gbm_poisson,2.100929,5.528288,product,18,1.645000,9.094034,12,2.631354,C,0,0.000000,5,24,Forecast,20260824T181001Z-27103c
84867A,PINK BABY GIRLS PHOTO ALBUM,2011-11,2011-12,M2_gbm_poisson,,,,,,,,,C,0,,,,Inactive (no sales in last 6 months),20260824T181001Z-27103c
84867B,BLUE BABY BOY'S PHOTO ALBUM,2011-11,2011-12,M2_gbm_poisson,,,,,,,,,C,0,,,,Inactive (no sales in last 6 months),20260824T181001Z-27103c
84868A,PINK BABY GIRL'S MEMORY BOX,2011-11,2011-12,M2_gbm_poisson,,,,,,,,,C,0,,,,Inactive (no sales in last 6 months),20260824T181001Z-27103c
84868B,BLUE BABY BOY'S MEMORY BOX,2011-11,2011-12,M2_gbm_poisson,,,,,,,,,C,0,,,,Inactive (no sales in last 6 months),20260824T181001Z-27103c
84869,CANDY BUTTON PHOTO ALBUM,2011-11,2011-12,M2_gbm_poisson,,,,,,,,,C,0,,,,Inactive (no sales in last 6 months),20260824T181001Z-27103c
84870B,BLUE GEISHA GIRL,2011-11,2011-12,M2_gbm_poisson,4.330428,5.655564,product,18,1.645000,9.303402,14,1.306006,C,1,1.000000,1,24,Forecast,20260824T181001Z-27103c
84870C,GREEN GEISHA GIRL,2011-11,2011-12,M2_gbm_poisson,4.569855,7.339659,product,18,1.645000,12.073739,17,1.606103,C,0,2.000000,2,24,Forecast,20260824T181001Z-27103c
84872A,TEATIME FUNKY FLOWER BACKPACK FOR 2,2011-11,2011-12,M2_gbm_poisson,2.045191,13.189185,product,18,1.645000,21.696209,24,6.448876,B,0,0.000000,5,24,Forecast,20260824T181001Z-27103c
84873A,FUNKY FLOWER PICNIC BAG FOR 4,2011-11,2011-12,M2_gbm_poisson,2.045191,1.391033,product,16,1.645000,2.288249,5,0.680148,B,0,0.000000,6,24,Forecast,20260824T181001Z-27103c
84874B,BLUE TRAVEL FIRST AID KIT,2011-11,2011-12,M2_gbm_poisson,3.135932,4.849697,product,18,1.645000,7.977751,12,1.546493,C,0,0.000000,4,24,Forecast,20260824T181001Z-27103c
84875A,PINK SQUARE COMPACT MIRROR,2011-11,2011-12,M2_gbm_poisson,,,,,,,,,C,0,,,,Inactive (no sales in last 6 months),20260824T181001Z-27103c
84875B,GREEN SQUARE COMPACT MIRROR,2011-11,2011-12,M2_gbm_poisson,43.298861,7.701752,product,17,1.645000,12.669382,56,0.177874,C,45,24.333333,1,20,Forecast,20260824T181001Z-27103c
84875D,BLUE SQUARE COMPACT MIRROR,2011-11,2011-12,M2_gbm_poisson,5.621894,8.818066,product,18,1.645000,14.505719,21,1.568522,C,0,3.000000,3,24,Forecast,20260824T181001Z-27103c
84876B,GREEN HEART COMPACT MIRROR,2011-11,2011-12,M2_gbm_poisson,46.261763,26.273848,product,17,1.645000,43.220479,90,0.567939,C,43,35.666667,1,24,Forecast,20260824T181001Z-27103c
84876C,SILVER HEART COMPACT MIRROR,2011-11,2011-12,M2_gbm_poisson,,,,,,,,,C,0,,,,Inactive (no sales in last 6 months),20260824T181001Z-27103c
84876D,BLUE HEART COMPACT MIRROR,2011-11,2011-12,M2_gbm_poisson,3.785653,26.493966,product,18,1.645000,43.582574,48,6.998520,C,0,0.666667,3,24,Forecast,20260824T181001Z-27103c
84877A,PINK ROUND COMPACT MIRROR,2011-11,2011-12,M2_gbm_poisson,2.064227,10.269243,product,18,1.645000,16.892905,19,4.974862,C,0,0.000000,6,24,Forecast,20260824T181001Z-27103c
84877B,GREEN ROUND COMPACT MIRROR,2011-11,2011-12,M2_gbm_poisson,29.592839,18.133256,product,18,1.645000,29.829206,60,0.612758,C,27,9.333333,1,24,Forecast,20260824T181001Z-27103c
84877D,BLUE ROUND COMPACT MIRROR,2011-11,2011-12,M2_gbm_poisson,3.785653,7.458666,product,18,1.645000,12.269505,17,1.970246,C,0,0.666667,3,24,Forecast,20260824T181001Z-27103c
84879,ASSORTED COLOUR BIRD ORNAMENT,2011-11,2011-12,M2_gbm_poisson,2178.535130,2373.789375,product,18,1.645000,3904.883522,6084,1.089626,A,5219,3675.666667,1,24,Forecast,20260824T181001Z-27103c
84880,WHITE WIRE EGG HOLDER,2011-11,2011-12,M2_gbm_poisson,28.418679,27.581098,product,18,1.645000,45.370907,74,0.970527,A,15,17.000000,1,24,Forecast,20260824T181001Z-27103c
84881,BLUE WIRE SPIRAL CANDLE HOLDER,2011-11,2011-12,M2_gbm_poisson,2.064227,3.241255,product,18,1.645000,5.331865,8,1.570203,C,0,0.000000,5,23,Forecast,20260824T181001Z-27103c
84882,GREEN WIRE STANDING CANDLE HOLDER,2011-11,2011-12,M2_gbm_poisson,8.533456,4.212143,product,18,1.645000,6.928974,16,0.493603,C,4,3.666667,1,24,Forecast,20260824T181001Z-27103c
84884A,ANT WHITE WIRE HEART SPIRAL,2011-11,2011-12,M2_gbm_poisson,21.106194,29.397058,product,18,1.645000,48.358161,70,1.392817,A,13,11.333333,1,24,Forecast,20260824T181001Z-27103c
84886,BLUE METAL WALL SHELF,2011-11,2011-12,M2_gbm_poisson,,,,,,,,,C,0,,,,Inactive (no sales in last 6 months),20260824T181001Z-27103c
84891B,GREEN WIRE GOBLET CANDLEHOLDER,2011-11,2011-12,M2_gbm_poisson,,,,,,,,,C,0,,,,Inactive (no sales in last 6 months),20260824T181001Z-27103c
84893,ANT WHITE IRON BASKET,2011-11,2011-12,M2_gbm_poisson,,,,,,,,,C,0,,,,Inactive (no sales in last 6 months),20260824T181001Z-27103c
84898F,YELLOW FLOWERS FELT HANDBAG KIT,2011-11,2011-12,M2_gbm_poisson,,,,,,,,,C,0,,,,Inactive (no sales in last 6 months),20260824T181001Z-27103c
84899E,YELLOW + BROWN BEAR FELT PURSE KIT,2011-11,2011-12,M2_gbm_poisson,,,,,,,,,C,0,,,,Inactive (no sales in last 6 months),20260824T181001Z-27103c
84899F,YELLOW PURPLE DAISY FELT PURSE KIT,2011-11,2011-12,M2_gbm_poisson,,,,,,,,,C,0,,,,Inactive (no sales in last 6 months),20260824T181001Z-27103c
84901,BLACK FACE LAMB WITH PANTS,2011-11,2011-12,M2_gbm_poisson,,,,,,,,,C,0,,,,Inactive (no sales in last 6 months),20260824T181001Z-27103c
84902,PINK KNITTED COW STUFFED TOY,2011-11,2011-12,M2_gbm_poisson,,,,,,,,,C,0,,,,Inactive (no sales in last 6 months),20260824T181001Z-27103c
84905,PINK BUTTERFLY CUSHION COVER,2011-11,2011-12,M2_gbm_poisson,2.064227,10.089740,product,18,1.645000,16.597622,19,4.887903,B,0,0.000000,6,24,Forecast,20260824T181001Z-27103c
84906,PINK B'FLY C/COVER W BOBBLES,2011-11,2011-12,M2_gbm_poisson,,,,,,,,,C,0,,,,Inactive (no sales in last 6 months),20260824T181001Z-27103c
84907,PINK YELLOW PATCH CUSHION COVER,2011-11,2011-12,M2_gbm_poisson,3.207481,4.524496,product,18,1.645000,7.442796,11,1.410607,C,0,0.666667,3,24,Forecast,20260824T181001Z-27103c
84908A,PINK 5 PATCH FLOWER CUSHION COVER,2011-11,2011-12,M2_gbm_poisson,,,,,,,,,B,0,,,,Inactive (no sales in last 6 months),20260824T181001Z-27103c
84908B,BLUE 5 PATCH FLOWER CUSHION COVER,2011-11,2011-12,M2_gbm_poisson,,,,,,,,,B,0,,,,Inactive (no sales in last 6 months),20260824T181001Z-27103c
84909A,PINK PAISLEY QUILT,2011-11,2011-12,M2_gbm_poisson,,,,,,,,,B,0,,,,Inactive (no sales in last 6 months),20260824T181001Z-27103c
84910A,PINK PAISLEY CUSHION COVER,2011-11,2011-12,M2_gbm_poisson,2.100929,5.962436,product,18,1.645000,9.808207,12,2.838000,B,0,0.000000,5,24,Forecast,20260824T181001Z-27103c
84912A,PINK ROSE WASHBAG,2011-11,2011-12,M2_gbm_poisson,9.911705,27.354234,product,18,1.645000,44.997714,55,2.759791,B,0,3.666667,3,24,Forecast,20260824T181001Z-27103c
84912B,GREEN ROSE WASHBAG,2011-11,2011-12,M2_gbm_poisson,45.864830,12.998920,product,18,1.645000,21.383224,68,0.283418,B,43,29.666667,1,24,Forecast,20260824T181001Z-27103c
84913A,SOFT PINK ROSE TOWEL,2011-11,2011-12,M2_gbm_poisson,5.460688,23.941564,product,18,1.645000,39.383873,45,4.384349,B,1,1.333333,1,24,Forecast,20260824T181001Z-27103c
84913B,MINT GREEN ROSE TOWEL,2011-11,2011-12,M2_gbm_poisson,14.692306,13.965525,product,18,1.645000,22.973289,38,0.950533,B,10,9.333333,1,24,Forecast,20260824T181001Z-27103c
84914A,PINK ROSE PICNIC RUG,2011-11,2011-12,M2_gbm_poisson,,,,,,,,,C,0,,,,Inactive (no sales in last 6 months),20260824T181001Z-27103c
84915,HAND TOWEL PINK FLOWER AND DAISY,2011-11,2011-12,M2_gbm_poisson,7.817375,11.895772,product,18,1.645000,19.568545,28,1.521709,C,1,3.000000,1,21,Forecast,20260824T181001Z-27103c
84916,HAND TOWEL PALE BLUE W FLOWERS,2011-11,2011-12,M2_gbm_poisson,,,,,,,,,C,0,,,,Inactive (no sales in last 6 months),20260824T181001Z-27103c
84917,WHITE HAND TOWEL WITH BUTTERFLY,2011-11,2011-12,M2_gbm_poisson,,,,,,,,,C,0,,,,Inactive (no sales in last 6 months),20260824T181001Z-27103c
84918,CREAM CUSHION COVER WITH FLOWERS,2011-11,2011-12,M2_gbm_poisson,,,,,,,,,B,0,,,,Inactive (no sales in last 6 months),20260824T181001Z-27103c
84919,BLUE CUSHION COVER WITH FLOWER,2011-11,2011-12,M2_gbm_poisson,3.298721,3.665141,product,18,1.645000,6.029156,10,1.111079,B,0,0.666667,3,24,Forecast,20260824T181001Z-27103c
84920,PINK FLOWER FABRIC PONY,2011-11,2011-12,M2_gbm_poisson,10.655215,8.548842,product,18,1.645000,14.062844,25,0.802315,C,4,6.333333,1,24,Forecast,20260824T181001Z-27103c
84921,CREAM AND PINK FLOWERS PONY,2011-11,2011-12,M2_gbm_poisson,3.948573,2.545053,product,18,1.645000,4.186612,9,0.644550,C,0,1.000000,2,24,Forecast,20260824T181001Z-27103c
84922,PINK BUTTERFLY WASHBAG,2011-11,2011-12,M2_gbm_poisson,5.565325,2.503888,product,18,1.645000,4.118896,10,0.449909,C,1,1.333333,1,24,Forecast,20260824T181001Z-27103c
84923,PINK BUTTERFLY HANDBAG W BOBBLES,2011-11,2011-12,M2_gbm_poisson,38.380414,10.363329,product,18,1.645000,17.047675,56,0.270016,C,25,19.333333,1,22,Forecast,20260824T181001Z-27103c
84924A,WAKE UP COCKEREL CALENDAR SIGN,2011-11,2011-12,M2_gbm_poisson,19.626260,8.447500,product,18,1.645000,13.896138,34,0.430418,C,18,8.333333,1,24,Forecast,20260824T181001Z-27103c
84924D,LA PALMIERA METAL SIGN CALENDAR,2011-11,2011-12,M2_gbm_poisson,,,,,,,,,C,0,,,,Inactive (no sales in last 6 months),20260824T181001Z-27103c
84924F,PSYCHEDELIC METAL SIGN CALENDAR,2011-11,2011-12,M2_gbm_poisson,1.984807,5.074262,product,14,1.645000,8.347161,11,2.556551,C,0,0.000000,5,24,Forecast,20260824T181001Z-27103c
84925A,WAKE UP COCKEREL WALL THERMOMETER,2011-11,2011-12,M2_gbm_poisson,,,,,,,,,C,0,,,,Inactive (no sales in last 6 months),20260824T181001Z-27103c
84925C,FAIRY CAKES  WALL THERMOMETER,2011-11,2011-12,M2_gbm_poisson,,,,,,,,,C,0,,,,Inactive (no sales in last 6 months),20260824T181001Z-27103c
84925D,LA PALMIERA WALL THERMOMETER,2011-11,2011-12,M2_gbm_poisson,1.993059,7.073370,product,18,1.645000,11.635693,14,3.549001,C,0,0.000000,6,24,Forecast,20260824T181001Z-27103c
84925E,FLOWERS WALL THERMOMETER,2011-11,2011-12,M2_gbm_poisson,,,,,,,,,C,0,,,,Inactive (no sales in last 6 months),20260824T181001Z-27103c
84925F,PSYCHEDELIC WALL THERMOMETER,2011-11,2011-12,M2_gbm_poisson,2.006944,7.270156,product,18,1.645000,11.959406,14,3.622500,C,0,0.000000,5,23,Forecast,20260824T181001Z-27103c
84926A,WAKE UP COCKEREL TILE COASTER,2011-11,2011-12,M2_gbm_poisson,50.777099,12.561082,product,18,1.645000,20.662979,72,0.247377,C,96,74.666667,1,21,Forecast,20260824T181001Z-27103c
84926B,SCOTTS ROSES TILE COASTER,2011-11,2011-12,M2_gbm_poisson,,,,,,,,,C,0,,,,Inactive (no sales in last 6 months),20260824T181001Z-27103c
84926C,FAIRY CAKES TILE COASTER,2011-11,2011-12,M2_gbm_poisson,,,,,,,,,C,0,,,,Inactive (no sales in last 6 months),20260824T181001Z-27103c
84926D,LA PALMIERA TILE COASTER,2011-11,2011-12,M2_gbm_poisson,47.021200,25.153542,product,18,1.645000,41.377576,89,0.534940,C,59,63.333333,1,24,Forecast,20260824T181001Z-27103c
84926E,FLOWERS TILE COASTER,2011-11,2011-12,M2_gbm_poisson,56.521565,25.692916,product,18,1.645000,42.264847,99,0.454568,C,86,78.333333,1,24,Forecast,20260824T181001Z-27103c
84926F,PSYCHEDELIC TILE COASTER,2011-11,2011-12,M2_gbm_poisson,49.164897,30.833066,product,18,1.645000,50.720393,100,0.627136,C,62,40.666667,1,24,Forecast,20260824T181001Z-27103c
84927A,WAKE UP COCKEREL TILE HOOK,2011-11,2011-12,M2_gbm_poisson,3.168712,6.566286,product,18,1.645000,10.801541,14,2.072225,C,0,0.000000,4,22,Forecast,20260824T181001Z-27103c
84927D,LA PALMIERA TILE HOOK,2011-11,2011-12,M2_gbm_poisson,2.027923,11.228318,product,18,1.645000,18.470583,21,5.536857,C,0,0.000000,5,20,Forecast,20260824T181001Z-27103c
84927E,FLOWERS TILE HOOK,2011-11,2011-12,M2_gbm_poisson,2.027923,17.565094,product,18,1.645000,28.894580,31,8.661619,C,0,0.000000,5,22,Forecast,20260824T181001Z-27103c
84927F,PSYCHEDELIC TILE HOOK,2011-11,2011-12,M2_gbm_poisson,57.161294,6.570155,product,18,1.645000,10.807905,68,0.114941,C,100,54.000000,1,24,Forecast,20260824T181001Z-27103c
84929,ASSTD FRUIT+FLOWERS FRIDGE MAGNETS,2011-11,2011-12,M2_gbm_poisson,151.730661,59.430860,product,18,1.645000,97.763764,250,0.391687,C,126,138.000000,1,24,Forecast,20260824T181001Z-27103c
84931A,PINK SCOTTIE DOG W FLOWER PATTERN,2011-11,2011-12,M2_gbm_poisson,32.136259,14.836492,product,18,1.645000,24.406030,57,0.461675,C,26,14.333333,1,24,Forecast,20260824T181001Z-27103c
84931B,BLUE SCOTTIE DOG W FLOWER PATTERN,2011-11,2011-12,M2_gbm_poisson,49.553195,9.049882,product,18,1.645000,14.887055,65,0.182630,C,66,31.666667,1,24,Forecast,20260824T181001Z-27103c
84932A,SMALL GREEN PEONY FOLDING STOOL,2011-11,2011-12,M2_gbm_poisson,,,,,,,,,C,0,,,,Inactive (no sales in last 6 months),20260824T181001Z-27103c
84932B,SMALL PINK PEONY FOLDING STOOL,2011-11,2011-12,M2_gbm_poisson,,,,,,,,,C,0,,,,Inactive (no sales in last 6 months),20260824T181001Z-27103c
84932C,SMALL ORIENTAL BLUE FOLDING STOOL,2011-11,2011-12,M2_gbm_poisson,,,,,,,,,C,0,,,,Inactive (no sales in last 6 months),20260824T181001Z-27103c
84932D,SMALL ORIENTAL RED FOLDING STOOL,2011-11,2011-12,M2_gbm_poisson,,,,,,,,,C,0,,,,Inactive (no sales in last 6 months),20260824T181001Z-27103c
84933A,LARGE GREEN PEONY FOLDING STOOL,2011-11,2011-12,M2_gbm_poisson,,,,,,,,,C,0,,,,Inactive (no sales in last 6 months),20260824T181001Z-27103c
84933B,LARGE PINK PEONY FOLDING STOOL,2011-11,2011-12,M2_gbm_poisson,,,,,,,,,C,0,,,,Inactive (no sales in last 6 months),20260824T181001Z-27103c
84933C,LARGE BLUE ORIENTAL FOLDING STOOL,2011-11,2011-12,M2_gbm_poisson,,,,,,,,,C,0,,,,Inactive (no sales in last 6 months),20260824T181001Z-27103c
84934,ASSTD DESIGN POP ART SLIM PEN,2011-11,2011-12,M2_gbm_poisson,,,,,,,,,C,0,,,,Inactive (no sales in last 6 months),20260824T181001Z-27103c
84937,KASHMIR FOLKART TUMBLERS,2011-11,2011-12,M2_gbm_poisson,,,,,,,,,A,0,,,,Inactive (no sales in last 6 months),20260824T181001Z-27103c
84942,KASHMIR FOLKART HEART DISHES,2011-11,2011-12,M2_gbm_poisson,,,,,,,,,C,0,,,,Inactive (no sales in last 6 months),20260824T181001Z-27103c
84944,SET OF 6 KASHMIR FOLKART BAUBLES,2011-11,2011-12,M2_gbm_poisson,22.315386,56.243579,product,18,1.645000,92.520688,115,2.520395,B,6,15.666667,1,24,Forecast,20260824T181001Z-27103c
84945,MULTI COLOUR SILVER T-LIGHT HOLDER,2011-11,2011-12,M2_gbm_poisson,700.127383,540.194004,product,18,1.645000,888.619137,1589,0.771565,A,1801,1294.666667,1,24,Forecast,20260824T181001Z-27103c
84946,ANTIQUE SILVER TEA GLASS ETCHED,2011-11,2011-12,M2_gbm_poisson,1100.532388,465.221596,product,18,1.645000,765.289526,1866,0.422724,A,3389,2159.000000,1,24,Forecast,20260824T181001Z-27103c
84947,ANTIQUE SILVER TEA GLASS ENGRAVED,2011-11,2011-12,M2_gbm_poisson,665.899207,265.038406,product,18,1.645000,435.988177,1102,0.398016,A,1237,1179.666667,1,24,Forecast,20260824T181001Z-27103c
84948,SILVER HANGING T-LIGHT HOLDER DOME,2011-11,2011-12,M2_gbm_poisson,,,,,,,,,C,0,,,,Inactive (no sales in last 6 months),20260824T181001Z-27103c
84949,SILVER HANGING T-LIGHT HOLDER,2011-11,2011-12,M2_gbm_poisson,354.149176,282.793286,product,18,1.645000,465.194955,820,0.798515,A,771,582.333333,1,24,Forecast,20260824T181001Z-27103c
84950,ASSORTED COLOUR T-LIGHT HOLDER,2011-11,2011-12,M2_gbm_poisson,86.227697,78.704060,product,18,1.645000,129.468179,216,0.912747,A,210,206.000000,1,24,Forecast,20260824T181001Z-27103c
84951A,SET OF 4 PISTACHIO LOVEBIRD COASTER,2011-11,2011-12,M2_gbm_poisson,49.434345,14.729524,product,18,1.645000,24.230067,74,0.297961,C,57,46.000000,1,24,Forecast,20260824T181001Z-27103c
84951B,SET OF 4 BLACK LOVEBIRD COASTERS,2011-11,2011-12,M2_gbm_poisson,53.068784,34.010820,product,18,1.645000,55.947799,110,0.640882,C,67,24.666667,1,24,Forecast,20260824T181001Z-27103c
84952A,CLEAR LOVE BIRD T-LIGHT HOLDER,2011-11,2011-12,M2_gbm_poisson,12.075872,6.527944,product,18,1.645000,10.738469,23,0.540577,C,8,7.000000,1,24,Forecast,20260824T181001Z-27103c
84952B,BLACK LOVE BIRD T-LIGHT HOLDER,2011-11,2011-12,M2_gbm_poisson,7.831515,8.719633,product,18,1.645000,14.343797,23,1.113403,C,1,4.000000,1,24,Forecast,20260824T181001Z-27103c
84952C,MIRROR LOVE BIRD T-LIGHT HOLDER,2011-11,2011-12,M2_gbm_poisson,3.948573,6.748000,product,17,1.645000,11.100461,16,1.708972,C,0,1.000000,2,24,Forecast,20260824T181001Z-27103c
84962,SET/3 COLOUR PAINTED KASHMIRI STOOL,2011-11,2011-12,M2_gbm_poisson,,,,,,,,,C,0,,,,Inactive (no sales in last 6 months),20260824T181001Z-27103c
84963A,PINK PAINTED KASHMIRI CHAIR,2011-11,2011-12,M2_gbm_poisson,,,,,,,,,C,0,,,,Inactive (no sales in last 6 months),20260824T181001Z-27103c
84963B,BLUE PAINTED KASHMIRI CHAIR,2011-11,2011-12,M2_gbm_poisson,2.219036,1.904504,product,15,1.645000,3.132909,6,0.858257,C,0,0.000000,4,19,Forecast,20260824T181001Z-27103c
84964A,PINK PAINTED KASHMIRI TABLE,2011-11,2011-12,M2_gbm_poisson,,,,,,,,,C,0,,,,Inactive (no sales in last 6 months),20260824T181001Z-27103c
84964B,BLUE PAINTED KASHMIRI TABLE,2011-11,2011-12,M2_gbm_poisson,,,,,,,,,B,0,,,,Inactive (no sales in last 6 months),20260824T181001Z-27103c
84965A,PINK KASHMIRI COFFEE TABLE,2011-11,2011-12,M2_gbm_poisson,,,,,,,,,B,0,,,,Inactive (no sales in last 6 months),20260824T181001Z-27103c
84965B,BLUE KASHMIRI COFFEE TABLE,2011-11,2011-12,M2_gbm_poisson,,,,,,,,,B,0,,,,Inactive (no sales in last 6 months),20260824T181001Z-27103c
84966A,PINK KASHMIRI BOXED MIRROR,2011-11,2011-12,M2_gbm_poisson,,,,,,,,,C,0,,,,Inactive (no sales in last 6 months),20260824T181001Z-27103c
84966B,BLUE KASHMIRI BOXED MIRROR,2011-11,2011-12,M2_gbm_poisson,,,,,,,,,C,0,,,,Inactive (no sales in last 6 months),20260824T181001Z-27103c
84966C,GREEN KASHMIRI BOXED MIRROR,2011-11,2011-12,M2_gbm_poisson,,,,,,,,,C,0,,,,Inactive (no sales in last 6 months),20260824T181001Z-27103c
84967A,PINK KASHMIRI OCCASIONAL TABLE,2011-11,2011-12,M2_gbm_poisson,,,,,,,,,C,0,,,,Inactive (no sales in last 6 months),20260824T181001Z-27103c
84967B,BLUE KASHMIRI OCCASIONAL TABLE,2011-11,2011-12,M2_gbm_poisson,,,,,,,,,B,0,,,,Inactive (no sales in last 6 months),20260824T181001Z-27103c
84967C,GREEN KASHMIRI OCCASIONAL TABLE,2011-11,2011-12,M2_gbm_poisson,,,,,,,,,C,0,,,,Inactive (no sales in last 6 months),20260824T181001Z-27103c
84968A,SET OF 16 VINTAGE ROSE CUTLERY,2011-11,2011-12,M2_gbm_poisson,18.184646,6.687791,product,18,1.645000,11.001416,30,0.367771,A,8,18.000000,1,24,Forecast,20260824T181001Z-27103c
84968B,S/16 VINTAGE IVORY CUTLERY,2011-11,2011-12,M2_gbm_poisson,,,,,,,,,A,0,,,,Inactive (no sales in last 6 months),20260824T181001Z-27103c
84968C,SET OF 16 VINTAGE PISTACHIO CUTLERY,2011-11,2011-12,M2_gbm_poisson,12.357627,9.123656,product,18,1.645000,15.008415,28,0.738302,A,7,5.333333,1,24,Forecast,20260824T181001Z-27103c
84968D,SET OF 16 VINTAGE RED CUTLERY,2011-11,2011-12,M2_gbm_poisson,6.586143,8.316525,product,18,1.645000,13.680684,21,1.262731,A,1,3.666667,1,24,Forecast,20260824T181001Z-27103c
84968E,SET OF 16 VINTAGE BLACK CUTLERY,2011-11,2011-12,M2_gbm_poisson,10.680080,11.223052,product,18,1.645000,18.461920,30,1.050840,A,3,11.000000,1,24,Forecast,20260824T181001Z-27103c
84968F,SET OF 16 VINTAGE SKY BLUE CUTLERY,2011-11,2011-12,M2_gbm_poisson,6.393130,6.751243,product,18,1.645000,11.105795,18,1.056015,B,3,3.333333,1,24,Forecast,20260824T181001Z-27103c
84969,BOX OF 6 ASSORTED COLOUR TEASPOONS,2011-11,2011-12,M2_gbm_poisson,48.621836,28.200853,product,18,1.645000,46.390403,96,0.580004,A,46,39.000000,1,24,Forecast,20260824T181001Z-27103c
84970L,SINGLE HEART ZINC T-LIGHT HOLDER,2011-11,2011-12,M2_gbm_poisson,314.415574,333.641011,product,18,1.645000,548.839462,864,1.061147,A,400,418.666667,1,24,Forecast,20260824T181001Z-27103c
84970S,HANGING HEART ZINC T-LIGHT HOLDER,2011-11,2011-12,M2_gbm_poisson,310.065830,459.685229,product,18,1.645000,756.182202,1067,1.482541,A,473,527.000000,1,24,Forecast,20260824T181001Z-27103c
84971L,LARGE HEART FLOWERS HOOK,2011-11,2011-12,M2_gbm_poisson,6.189268,7.836625,abc_group,5,1.645000,12.891247,20,1.266163,C,2,0.666667,1,24,Forecast,20260824T181001Z-27103c
84971S,SMALL HEART FLOWERS HOOK,2011-11,2011-12,M2_gbm_poisson,73.693815,89.609324,product,18,1.645000,147.407337,222,1.215968,A,93,106.333333,1,24,Forecast,20260824T181001Z-27103c
84972L,GIANT PINK HEART MEMO HOLDER,2011-11,2011-12,M2_gbm_poisson,,,,,,,,,C,0,,,,Inactive (no sales in last 6 months),20260824T181001Z-27103c
84974,S/2 ZINC HEART DESIGN PLANTERS,2011-11,2011-12,M2_gbm_poisson,6.591976,4.772590,product,18,1.645000,7.850911,15,0.724000,C,1,2.333333,1,23,Forecast,20260824T181001Z-27103c
84975,HEART SHAPED MIRROR,2011-11,2011-12,M2_gbm_poisson,,,,,,,,,A,0,,,,Inactive (no sales in last 6 months),20260824T181001Z-27103c
84976,RECTANGULAR SHAPED MIRROR,2011-11,2011-12,M2_gbm_poisson,29.676494,9.744022,product,18,1.645000,16.028916,46,0.328341,C,12,28.333333,1,24,Forecast,20260824T181001Z-27103c
84977,WIRE FLOWER T-LIGHT HOLDER,2011-11,2011-12,M2_gbm_poisson,,,,,,,,,C,0,,,,Inactive (no sales in last 6 months),20260824T181001Z-27103c
84978,HANGING HEART JAR T-LIGHT HOLDER,2011-11,2011-12,M2_gbm_poisson,595.354837,548.847767,product,18,1.645000,902.854577,1499,0.921883,A,1253,830.333333,1,24,Forecast,20260824T181001Z-27103c
84984A,GREEN PEONY CUSHION COVER,2011-11,2011-12,M2_gbm_poisson,10.709616,2.859181,product,15,1.645000,4.703353,16,0.266973,C,6,3.666667,1,23,Forecast,20260824T181001Z-27103c
84984B,RED PEONY CUSHION COVER,2011-11,2011-12,M2_gbm_poisson,10.709616,5.270616,product,15,1.645000,8.670164,20,0.492139,C,6,3.666667,1,23,Forecast,20260824T181001Z-27103c
84984C,ORIENTAL BLUE C/COVER,2011-11,2011-12,M2_gbm_poisson,,,,,,,,,C,0,,,,Inactive (no sales in last 6 months),20260824T181001Z-27103c
84984D,ORIENTAL RED C/COVER,2011-11,2011-12,M2_gbm_poisson,9.152134,2.309229,product,14,1.645000,3.798682,13,0.252316,C,6,2.666667,1,24,Forecast,20260824T181001Z-27103c
84985A,SET OF 72 GREEN PAPER DOILIES,2011-11,2011-12,M2_gbm_poisson,,,,,,,,,B,0,,,,Inactive (no sales in last 6 months),20260824T181001Z-27103c
84985B,SET OF 72 BLACK PAPER DOILIES,2011-11,2011-12,M2_gbm_poisson,,,,,,,,,C,0,,,,Inactive (no sales in last 6 months),20260824T181001Z-27103c
84986B,SET OF 36 SILVER PAPER DOILIES,2011-11,2011-12,M2_gbm_poisson,,,,,,,,,C,0,,,,Inactive (no sales in last 6 months),20260824T181001Z-27103c
84987,SET OF 36 TEATIME PAPER DOILIES,2011-11,2011-12,M2_gbm_poisson,166.654949,187.682483,product,18,1.645000,308.737685,476,1.126174,A,384,286.000000,1,24,Forecast,20260824T181001Z-27103c
84988,SET OF 72 PINK HEART PAPER DOILIES,2011-11,2011-12,M2_gbm_poisson,255.311637,179.191375,product,18,1.645000,294.769811,551,0.701854,A,555,343.666667,1,24,Forecast,20260824T181001Z-27103c
84989A,75 GREEN FAIRY CAKE CASES,2011-11,2011-12,M2_gbm_poisson,16.257802,15.764759,product,18,1.645000,25.933029,43,0.969673,B,7,4.000000,1,24,Forecast,20260824T181001Z-27103c
84989B,75 BLACK FAIRY CAKE CASES,2011-11,2011-12,M2_gbm_poisson,,,,,,,,,C,0,,,,Inactive (no sales in last 6 months),20260824T181001Z-27103c
84990,60 GOLD AND SILVER FAIRY CAKE CASES,2011-11,2011-12,M2_gbm_poisson,,,,,,,,,B,0,,,,Inactive (no sales in last 6 months),20260824T181001Z-27103c
84991,60 TEATIME FAIRY CAKE CASES,2011-11,2011-12,M2_gbm_poisson,958.662792,871.083639,product,18,1.645000,1432.932587,2392,0.908644,A,1425,1788.000000,1,24,Forecast,20260824T181001Z-27103c
84992,72 SWEETHEART FAIRY CAKE CASES,2011-11,2011-12,M2_gbm_poisson,515.885490,446.163056,product,18,1.645000,733.938228,1250,0.864849,A,918,1097.666667,1,24,Forecast,20260824T181001Z-27103c
84993A,75 GREEN PETIT FOUR CASES,2011-11,2011-12,M2_gbm_poisson,48.626881,47.965150,product,18,1.645000,78.902671,128,0.986392,C,58,43.333333,1,24,Forecast,20260824T181001Z-27103c
84993B,75 BLACK PETIT FOUR CASES,2011-11,2011-12,M2_gbm_poisson,3.168712,13.204137,product,18,1.645000,21.720805,25,4.167036,C,0,0.000000,4,24,Forecast,20260824T181001Z-27103c
84997A,GREEN 3 PIECE MINI DOTS CUTLERY SET,2011-11,2011-12,M2_gbm_poisson,138.612030,157.876116,product,18,1.645000,259.706211,399,1.138978,A,273,205.666667,1,24,Forecast,20260824T181001Z-27103c
84997B,RED 3 PIECE MINI DOTS CUTLERY SET,2011-11,2011-12,M2_gbm_poisson,217.654081,158.646767,product,18,1.645000,260.973932,479,0.728894,A,459,390.333333,1,24,Forecast,20260824T181001Z-27103c
84997C,BLUE 3 PIECE MINI DOTS CUTLERY SET,2011-11,2011-12,M2_gbm_poisson,277.355090,258.270649,product,18,1.645000,424.855217,703,0.931191,A,655,410.000000,1,24,Forecast,20260824T181001Z-27103c
84997D,PINK 3 PIECE MINI DOTS CUTLERY SET,2011-11,2011-12,M2_gbm_poisson,390.067768,157.552369,product,18,1.645000,259.173647,650,0.403910,A,779,585.000000,1,24,Forecast,20260824T181001Z-27103c
85006,SET 4 NURSERY DES ROUND BOXES,2011-11,2011-12,M2_gbm_poisson,,,,,,,,,B,0,,,,Inactive (no sales in last 6 months),20260824T181001Z-27103c
85007,SET OF 3 VINTAGE TEA TIME BOXES,2011-11,2011-12,M2_gbm_poisson,,,,,,,,,C,0,,,,Inactive (no sales in last 6 months),20260824T181001Z-27103c
85008,SET OF 3 CONEY ISLAND OVAL BOXES,2011-11,2011-12,M2_gbm_poisson,,,,,,,,,B,0,,,,Inactive (no sales in last 6 months),20260824T181001Z-27103c
85014A,BLACK/BLUE POLKADOT UMBRELLA,2011-11,2011-12,M2_gbm_poisson,98.074117,82.680624,product,18,1.645000,136.009627,235,0.843042,A,124,145.000000,1,24,Forecast,20260824T181001Z-27103c
85014B,RED RETROSPOT UMBRELLA,2011-11,2011-12,M2_gbm_poisson,116.233520,135.852181,product,18,1.645000,223.476838,340,1.168787,A,158,252.333333,1,24,Forecast,20260824T181001Z-27103c
85014C,BLUE/BROWN DOTS RUFFLED UMBRELLA,2011-11,2011-12,M2_gbm_poisson,,,,,,,,,B,0,,,,Inactive (no sales in last 6 months),20260824T181001Z-27103c
85014D,PINK/BROWN DOTS RUFFLED UMBRELLA,2011-11,2011-12,M2_gbm_poisson,,,,,,,,,A,0,,,,Inactive (no sales in last 6 months),20260824T181001Z-27103c
85015,SET OF 12  VINTAGE POSTCARD SET,2011-11,2011-12,M2_gbm_poisson,142.345624,60.210764,product,18,1.645000,99.046706,242,0.422990,B,349,351.333333,1,24,Forecast,20260824T181001Z-27103c
85016,SET OF 6 VINTAGE NOTELETS KIT,2011-11,2011-12,M2_gbm_poisson,,,,,,,,,B,0,,,,Inactive (no sales in last 6 months),20260824T181001Z-27103c
85017A,ENVELOPE 50 ROMANTIC IMAGES,2011-11,2011-12,M2_gbm_poisson,,,,,,,,,C,0,,,,Inactive (no sales in last 6 months),20260824T181001Z-27103c
85017B,ENVELOPE 50 BLOSSOM IMAGES,2011-11,2011-12,M2_gbm_poisson,36.781088,76.229950,product,18,1.645000,125.398267,163,2.072531,B,9,95.333333,1,24,Forecast,20260824T181001Z-27103c
85017C,ENVELOPE 50 CURIOUS IMAGES,2011-11,2011-12,M2_gbm_poisson,,,,,,,,,C,0,,,,Inactive (no sales in last 6 months),20260824T181001Z-27103c
85018A,S/6 PAPER BOXES ROMANTIC IMAGES,2011-11,2011-12,M2_gbm_poisson,,,,,,,,,C,0,,,,Inactive (no sales in last 6 months),20260824T181001Z-27103c
85018B,S/6 PAPER BOXES BLOSSOM IMAGES,2011-11,2011-12,M2_gbm_poisson,,,,,,,,,C,0,,,,Inactive (no sales in last 6 months),20260824T181001Z-27103c
85018C,S/6 PAPER BOXES CURIOUS IMAGES,2011-11,2011-12,M2_gbm_poisson,,,,,,,,,C,0,,,,Inactive (no sales in last 6 months),20260824T181001Z-27103c
85018D,YULETIDE IMAGES S/6 PAPER BOXES,2011-11,2011-12,M2_gbm_poisson,,,,,,,,,B,0,,,,Inactive (no sales in last 6 months),20260824T181001Z-27103c
85019A,ROMANTIC IMAGES NOTEBOOK SET,2011-11,2011-12,M2_gbm_poisson,49.435037,9.384237,product,18,1.645000,15.437070,65,0.189830,C,52,57.666667,1,23,Forecast,20260824T181001Z-27103c
85019B,BLOSSOM  IMAGES NOTEBOOK SET,2011-11,2011-12,M2_gbm_poisson,52.117351,24.768947,product,18,1.645000,40.744917,93,0.475253,C,54,100.000000,1,21,Forecast,20260824T181001Z-27103c
85019C,CURIOUS  IMAGES NOTEBOOK SET,2011-11,2011-12,M2_gbm_poisson,2.006944,18.833382,product,18,1.645000,30.980913,33,9.384109,C,0,0.000000,6,24,Forecast,20260824T181001Z-27103c
85020,ROUND PINK HEART MIRROR,2011-11,2011-12,M2_gbm_poisson,12.208385,8.842451,product,18,1.645000,14.545832,27,0.724293,C,9,3.000000,1,24,Forecast,20260824T181001Z-27103c
85023A,CRYSTAL LARGE JEWELLED PHOTO FRAME,2011-11,2011-12,M2_gbm_poisson,,,,,,,,,C,0,,,,Inactive (no sales in last 6 months),20260824T181001Z-27103c
85023B,EAU DE NILE JEWELLED PHOTOFRAME,2011-11,2011-12,M2_gbm_poisson,19.171480,9.317551,product,18,1.645000,15.327372,35,0.486011,C,7,9.000000,1,24,Forecast,20260824T181001Z-27103c
85023C,PINK LARGE JEWELED PHOTOFRAME,2011-11,2011-12,M2_gbm_poisson,,,,,,,,,C,0,,,,Inactive (no sales in last 6 months),20260824T181001Z-27103c
85024A,CRYSTAL SMALL JEWELLED PHOTOFRAME,2011-11,2011-12,M2_gbm_poisson,,,,,,,,,C,0,,,,Inactive (no sales in last 6 months),20260824T181001Z-27103c
85024B,EAU DE NILE JEWELLED PHOTOFRAME,2011-11,2011-12,M2_gbm_poisson,14.563034,8.736079,product,18,1.645000,14.370850,29,0.599880,C,12,4.666667,1,23,Forecast,20260824T181001Z-27103c
85024C,PINK SMALL JEWELLED PHOTOFRAME,2011-11,2011-12,M2_gbm_poisson,7.632667,4.366902,product,18,1.645000,7.183553,15,0.572133,C,2,2.666667,1,24,Forecast,20260824T181001Z-27103c
85025B,EAU DE NILE HEART SHAPE PHOTO FRAME,2011-11,2011-12,M2_gbm_poisson,54.593932,12.754944,product,18,1.645000,20.981882,76,0.233633,C,71,50.000000,1,24,Forecast,20260824T181001Z-27103c
85025C,PINK HEART SHAPE PHOTO FRAME,2011-11,2011-12,M2_gbm_poisson,3.135932,23.876655,product,18,1.645000,39.277098,43,7.613894,B,0,0.000000,4,24,Forecast,20260824T181001Z-27103c
85026B,EAU DE NILE JEWELLED T-LIGHT HOLDER,2011-11,2011-12,M2_gbm_poisson,20.323213,4.483010,product,18,1.645000,7.374552,28,0.220586,C,10,13.333333,1,24,Forecast,20260824T181001Z-27103c
85027L,FRENCH CHATEAU LARGE PLATTER,2011-11,2011-12,M2_gbm_poisson,,,,,,,,,C,0,,,,Inactive (no sales in last 6 months),20260824T181001Z-27103c
85028L,FRENCH CHATEAU LARGE FRUIT BOWL,2011-11,2011-12,M2_gbm_poisson,,,,,,,,,C,0,,,,Inactive (no sales in last 6 months),20260824T181001Z-27103c
85028S,FRENCH CHATEAU SMALL FRUITBOWL,2011-11,2011-12,M2_gbm_poisson,,,,,,,,,C,0,,,,Inactive (no sales in last 6 months),20260824T181001Z-27103c
85030,FRENCH CHATEAU OVAL PLATTER,2011-11,2011-12,M2_gbm_poisson,,,,,,,,,C,0,,,,Inactive (no sales in last 6 months),20260824T181001Z-27103c
85031A,ROMANTIC IMAGES SCRAP BOOK SET,2011-11,2011-12,M2_gbm_poisson,,,,,,,,,B,0,,,,Inactive (no sales in last 6 months),20260824T181001Z-27103c
85031B,BLOSSOM IMAGES SCRAP BOOK SET,2011-11,2011-12,M2_gbm_poisson,,,,,,,,,C,0,,,,Inactive (no sales in last 6 months),20260824T181001Z-27103c
85031C,CURIOUS IMAGES SCRAP BOOK SET,2011-11,2011-12,M2_gbm_poisson,,,,,,,,,B,0,,,,Inactive (no sales in last 6 months),20260824T181001Z-27103c
85032A,ROMANTIC IMAGES GIFT WRAP SET,2011-11,2011-12,M2_gbm_poisson,76.525786,62.133846,product,18,1.645000,102.210177,179,0.811933,C,105,131.333333,1,24,Forecast,20260824T181001Z-27103c
85032B,BLOSSOM IMAGES GIFT WRAP SET,2011-11,2011-12,M2_gbm_poisson,65.482419,32.640780,product,18,1.645000,53.694083,120,0.498466,C,81,90.666667,1,23,Forecast,20260824T181001Z-27103c
85032C,CURIOUS IMAGES GIFT WRAP SET,2011-11,2011-12,M2_gbm_poisson,68.233752,45.903859,product,18,1.645000,75.511848,144,0.672744,C,74,107.000000,1,24,Forecast,20260824T181001Z-27103c
85032D,YULETIDE IMAGES GIFT WRAP SET,2011-11,2011-12,M2_gbm_poisson,23.037217,78.967798,product,17,1.645000,129.902027,153,3.427836,B,0,112.666667,2,24,Forecast,20260824T181001Z-27103c
85033G,SET/6 GOLD REINDEER T-LIGHT CANDLES,2011-11,2011-12,M2_gbm_poisson,,,,,,,,,C,0,,,,Inactive (no sales in last 6 months),20260824T181001Z-27103c
85033S,SET/6 SILVER REINDEER T-LIGHTS,2011-11,2011-12,M2_gbm_poisson,,,,,,,,,C,0,,,,Inactive (no sales in last 6 months),20260824T181001Z-27103c
85034A,3 GARDENIA MORRIS BOXED CANDLES,2011-11,2011-12,M2_gbm_poisson,68.274187,18.081443,product,18,1.645000,29.743974,99,0.264836,B,97,147.333333,1,24,Forecast,20260824T181001Z-27103c
85034B,3 WHITE CHOC MORRIS BOXED CANDLES,2011-11,2011-12,M2_gbm_poisson,218.551216,20.827556,product,18,1.645000,34.261330,253,0.095298,B,462,224.666667,1,24,Forecast,20260824T181001Z-27103c
85034C,3 ROSE MORRIS BOXED CANDLES,2011-11,2011-12,M2_gbm_poisson,235.889075,21.261768,product,18,1.645000,34.975608,271,0.090135,B,571,282.333333,1,24,Forecast,20260824T181001Z-27103c
85035A,GARDENIA 3 WICK MORRIS BOXED CANDLE,2011-11,2011-12,M2_gbm_poisson,17.502495,29.118442,product,18,1.645000,47.899837,66,1.663674,B,0,60.333333,2,24,Forecast,20260824T181001Z-27103c
85035B,CHOCOLATE 3 WICK MORRIS BOX CANDLE,2011-11,2011-12,M2_gbm_poisson,14.900381,20.957038,product,18,1.645000,34.474327,50,1.406477,B,0,30.000000,2,24,Forecast,20260824T181001Z-27103c
85035C,ROSE 3 WICK MORRIS BOX CANDLE,2011-11,2011-12,M2_gbm_poisson,109.854286,27.346479,product,18,1.645000,44.984958,155,0.248934,B,248,189.000000,1,24,Forecast,20260824T181001Z-27103c
85036A,GARDENIA 1 WICK MORRIS BOXED CANDLE,2011-11,2011-12,M2_gbm_poisson,16.385320,25.053493,product,18,1.645000,41.212996,58,1.529021,B,0,30.333333,2,24,Forecast,20260824T181001Z-27103c
85036B,CHOCOLATE 1 WICK MORRIS BOX CANDLE,2011-11,2011-12,M2_gbm_poisson,47.284909,19.789675,product,18,1.645000,32.554015,80,0.418520,B,49,63.666667,1,24,Forecast,20260824T181001Z-27103c
85036C,ROSE 1 WICK MORRIS BOXED CANDLE,2011-11,2011-12,M2_gbm_poisson,151.091930,13.828127,product,18,1.645000,22.747268,174,0.091521,C,403,204.666667,1,24,Forecast,20260824T181001Z-27103c
85038,6 CHOCOLATE LOVE HEART T-LIGHTS,2011-11,2011-12,M2_gbm_poisson,133.760682,42.006444,product,18,1.645000,69.100600,203,0.314042,A,350,155.000000,1,24,Forecast,20260824T181001Z-27103c
85039A,SET/4 RED MINI ROSE CANDLE IN BOWL,2011-11,2011-12,M2_gbm_poisson,60.331313,56.132109,product,18,1.645000,92.337320,153,0.930398,B,54,77.666667,1,24,Forecast,20260824T181001Z-27103c
85039B,S/4 IVORY MINI ROSE CANDLE IN BOWL,2011-11,2011-12,M2_gbm_poisson,51.611949,52.840663,product,18,1.645000,86.922890,139,1.023807,B,52,55.333333,1,24,Forecast,20260824T181001Z-27103c
85039C,S/4 BLACK MINI ROSE CANDLE IN BOWL,2011-11,2011-12,M2_gbm_poisson,22.165691,25.664501,product,18,1.645000,42.218105,65,1.157848,C,13,10.000000,1,24,Forecast,20260824T181001Z-27103c
85040A,S/4 PINK FLOWER CANDLES IN BOWL,2011-11,2011-12,M2_gbm_poisson,71.658100,39.156051,product,18,1.645000,64.411704,137,0.546429,B,132,89.666667,1,24,Forecast,20260824T181001Z-27103c
85040B,SET/4 BLUE FLOWER CANDLES IN BOWL,2011-11,2011-12,M2_gbm_poisson,,,,,,,,,A,0,,,,Inactive (no sales in last 6 months),20260824T181001Z-27103c
85041,SET/4 PINK ORCHID CANDLES IN BOWL,2011-11,2011-12,M2_gbm_poisson,,,,,,,,,B,0,,,,Inactive (no sales in last 6 months),20260824T181001Z-27103c
85042,ANTIQUE LILY FAIRY LIGHTS,2011-11,2011-12,M2_gbm_poisson,,,,,,,,,A,0,,,,Inactive (no sales in last 6 months),20260824T181001Z-27103c
85043,RED HEART CANDY POP LIGHTS,2011-11,2011-12,M2_gbm_poisson,,,,,,,,,C,0,,,,Inactive (no sales in last 6 months),20260824T181001Z-27103c
85044,RED REINDEER STRING OF 20 LIGHTS,2011-11,2011-12,M2_gbm_poisson,,,,,,,,,C,0,,,,Inactive (no sales in last 6 months),20260824T181001Z-27103c
85045,GREEN CHRISTMAS TREE STRING 20LIGHT,2011-11,2011-12,M2_gbm_poisson,8.954141,17.086838,product,18,1.645000,28.107849,38,1.908261,B,4,2.333333,1,24,Forecast,20260824T181001Z-27103c
85047,WHITE BEADED GARLAND STRING 20LIGHT,2011-11,2011-12,M2_gbm_poisson,,,,,,,,,A,0,,,,Inactive (no sales in last 6 months),20260824T181001Z-27103c
85048,15CM CHRISTMAS GLASS BALL 20 LIGHTS,2011-11,2011-12,M2_gbm_poisson,278.141690,44.901969,product,18,1.645000,73.863738,353,0.161436,A,650,385.000000,1,24,Forecast,20260824T181001Z-27103c
85049A,TRADITIONAL CHRISTMAS RIBBONS,2011-11,2011-12,M2_gbm_poisson,360.906265,270.867235,product,18,1.645000,445.576601,807,0.750520,A,886,708.333333,1,24,Forecast,20260824T181001Z-27103c
85049B,LUSH GREENS RIBBONS,2011-11,2011-12,M2_gbm_poisson,4.354799,16.614476,product,18,1.645000,27.330813,32,3.815211,B,0,0.333333,3,24,Forecast,20260824T181001Z-27103c
85049C,ROMANTIC PINKS RIBBONS,2011-11,2011-12,M2_gbm_poisson,65.597295,49.811938,product,18,1.645000,81.940639,148,0.759360,B,84,99.666667,1,24,Forecast,20260824T181001Z-27103c
85049D,BRIGHT BLUES RIBBONS,2011-11,2011-12,M2_gbm_poisson,3.785653,40.908891,product,18,1.645000,67.295126,72,10.806298,B,0,0.333333,3,24,Forecast,20260824T181001Z-27103c
85049E,SCANDINAVIAN REDS RIBBONS,2011-11,2011-12,M2_gbm_poisson,261.986123,126.352576,product,18,1.645000,207.849988,470,0.482287,A,447,499.333333,1,24,Forecast,20260824T181001Z-27103c
85049F,BABY BOOM RIBBONS,2011-11,2011-12,M2_gbm_poisson,8.799912,30.611040,product,18,1.645000,50.355161,60,3.478562,B,0,10.000000,3,24,Forecast,20260824T181001Z-27103c
85049G,CHOCOLATE BOX RIBBONS,2011-11,2011-12,M2_gbm_poisson,84.665076,116.763700,product,18,1.645000,192.076286,277,1.379125,A,105,162.666667,1,24,Forecast,20260824T181001Z-27103c
85049H,URBAN BLACK RIBBONS,2011-11,2011-12,M2_gbm_poisson,71.375234,54.629128,product,18,1.645000,89.864916,162,0.765379,B,123,99.666667,1,24,Forecast,20260824T181001Z-27103c
85050,FRENCH ENAMEL SOAP DISH WITH LID,2011-11,2011-12,M2_gbm_poisson,,,,,,,,,C,0,,,,Inactive (no sales in last 6 months),20260824T181001Z-27103c
85053,FRENCH ENAMEL CANDLEHOLDER,2011-11,2011-12,M2_gbm_poisson,129.692634,23.341415,product,18,1.645000,38.396627,169,0.179975,B,256,252.666667,1,24,Forecast,20260824T181001Z-27103c
85054,FRENCH ENAMEL POT W LID,2011-11,2011-12,M2_gbm_poisson,49.851584,23.686454,product,18,1.645000,38.964216,89,0.475139,B,52,36.666667,1,24,Forecast,20260824T181001Z-27103c
85055,FRENCH ENAMEL UTENSIL HOLDER,2011-11,2011-12,M2_gbm_poisson,,,,,,,,,B,0,,,,Inactive (no sales in last 6 months),20260824T181001Z-27103c
85059,FRENCH ENAMEL WATER BASIN,2011-11,2011-12,M2_gbm_poisson,40.344444,15.222898,product,18,1.645000,25.041667,66,0.377323,B,28,18.666667,1,24,Forecast,20260824T181001Z-27103c
85060,WOOD FAN WITH FLOWER DESIGN,2011-11,2011-12,M2_gbm_poisson,,,,,,,,,B,0,,,,Inactive (no sales in last 6 months),20260824T181001Z-27103c
85061W,WHITE JEWELLED HEART DECORATION,2011-11,2011-12,M2_gbm_poisson,103.652424,71.959947,product,18,1.645000,118.374113,223,0.694243,A,213,298.000000,1,24,Forecast,20260824T181001Z-27103c
85062,PEARL CRYSTAL PUMPKIN T-LIGHT HLDR,2011-11,2011-12,M2_gbm_poisson,61.086444,89.111114,product,18,1.645000,146.587783,208,1.458771,A,99,68.333333,1,24,Forecast,20260824T181001Z-27103c
85063,CREAM SWEETHEART MAGAZINE RACK,2011-11,2011-12,M2_gbm_poisson,,,,,,,,,A,0,,,,Inactive (no sales in last 6 months),20260824T181001Z-27103c
85064,CREAM SWEETHEART LETTER RACK,2011-11,2011-12,M2_gbm_poisson,,,,,,,,,A,0,,,,Inactive (no sales in last 6 months),20260824T181001Z-27103c
85065,CREAM SWEETHEART TRAYS,2011-11,2011-12,M2_gbm_poisson,,,,,,,,,A,0,,,,Inactive (no sales in last 6 months),20260824T181001Z-27103c
85066,CREAM SWEETHEART MINI CHEST,2011-11,2011-12,M2_gbm_poisson,115.085031,72.574152,product,18,1.645000,119.384480,235,0.630613,A,271,195.666667,1,24,Forecast,20260824T181001Z-27103c
85067,CREAM SWEETHEART WALL CABINET,2011-11,2011-12,M2_gbm_poisson,,,,,,,,,A,0,,,,Inactive (no sales in last 6 months),20260824T181001Z-27103c
85068,CREAM SWEETHEART SHELF + HOOKS,2011-11,2011-12,M2_gbm_poisson,,,,,,,,,A,0,,,,Inactive (no sales in last 6 months),20260824T181001Z-27103c
85069,CREAM SWEETHEART DOUBLE SHELF,2011-11,2011-12,M2_gbm_poisson,,,,,,,,,C,0,,,,Inactive (no sales in last 6 months),20260824T181001Z-27103c
85070,ANT WHITE SWEETHEART TABLE W 3 DRAW,2011-11,2011-12,M2_gbm_poisson,,,,,,,,,C,0,,,,Inactive (no sales in last 6 months),20260824T181001Z-27103c
85071A,BLUE CHARLIE+LOLA PERSONAL DOORSIGN,2011-11,2011-12,M2_gbm_poisson,84.317278,88.898100,product,18,1.645000,146.237374,231,1.054328,B,149,163.000000,1,24,Forecast,20260824T181001Z-27103c
85071B,RED CHARLIE+LOLA PERSONAL DOORSIGN,2011-11,2011-12,M2_gbm_poisson,95.042453,95.238639,product,18,1.645000,156.667562,252,1.002064,C,182,172.666667,1,24,Forecast,20260824T181001Z-27103c
85071C,"CHARLIE+LOLA""EXTREMELY BUSY"" SIGN",2011-11,2011-12,M2_gbm_poisson,65.242850,29.226116,product,18,1.645000,48.076961,114,0.447959,C,98,125.000000,1,24,Forecast,20260824T181001Z-27103c
85071D,CHARLIE+LOLA MY ROOM DOOR SIGN,2011-11,2011-12,M2_gbm_poisson,58.712721,10.886942,product,18,1.645000,17.909019,77,0.185427,C,76,69.666667,1,24,Forecast,20260824T181001Z-27103c
85072,OCCASIONS GIFT CARD ASSORTMENT,2011-11,2011-12,M2_gbm_poisson,,,,,,,,,C,0,,,,Inactive (no sales in last 6 months),20260824T181001Z-27103c
85077,KISSING REINDEER TABLE RUNNER,2011-11,2011-12,M2_gbm_poisson,,,,,,,,,C,0,,,,Inactive (no sales in last 6 months),20260824T181001Z-27103c
85078,SCANDINAVIAN 3 HEARTS NAPKIN RING,2011-11,2011-12,M2_gbm_poisson,56.404545,25.249020,product,18,1.645000,41.534638,98,0.447642,C,8,305.000000,1,24,Forecast,20260824T181001Z-27103c
85079,EMBROIDERED REINDEER DECORATION,2011-11,2011-12,M2_gbm_poisson,,,,,,,,,C,0,,,,Inactive (no sales in last 6 months),20260824T181001Z-27103c
85080,PADDED RED HEART DECORATION,2011-11,2011-12,M2_gbm_poisson,,,,,,,,,C,0,,,,Inactive (no sales in last 6 months),20260824T181001Z-27103c
85081,PADDED HOLLY CHRISTMAS DECORATION,2011-11,2011-12,M2_gbm_poisson,,,,,,,,,C,0,,,,Inactive (no sales in last 6 months),20260824T181001Z-27103c
85083,KISS REINDEER SCANDINAVIAN STOCKING,2011-11,2011-12,M2_gbm_poisson,,,,,,,,,C,0,,,,Inactive (no sales in last 6 months),20260824T181001Z-27103c
85084,HOLLY TOP CHRISTMAS STOCKING,2011-11,2011-12,M2_gbm_poisson,,,,,,,,,C,0,,,,Inactive (no sales in last 6 months),20260824T181001Z-27103c
85086A,CANDY SPOT HEART DECORATION,2011-11,2011-12,M2_gbm_poisson,3.135932,23.843029,product,18,1.645000,39.221782,43,7.603172,C,0,0.000000,4,24,Forecast,20260824T181001Z-27103c
85087,CANDY SPOT CUSHION COVER,2011-11,2011-12,M2_gbm_poisson,22.177629,20.295065,product,18,1.645000,33.385382,56,0.915114,C,0,15.333333,2,24,Forecast,20260824T181001Z-27103c
85088,CANDY SPOT HAND BAG,2011-11,2011-12,M2_gbm_poisson,50.005041,14.900874,product,18,1.645000,24.511938,75,0.297987,C,48,41.333333,1,24,Forecast,20260824T181001Z-27103c
85089,CANDY SPOT BUNNY,2011-11,2011-12,M2_gbm_poisson,7.698186,3.167262,product,18,1.645000,5.210145,13,0.411430,C,4,2.666667,1,24,Forecast,20260824T181001Z-27103c
85090,CANDY SPOT APRON,2011-11,2011-12,M2_gbm_poisson,,,,,,,,,C,0,,,,Inactive (no sales in last 6 months),20260824T181001Z-27103c
85091,CANDY SPOT BREAD BASKETS,2011-11,2011-12,M2_gbm_poisson,,,,,,,,,C,0,,,,Inactive (no sales in last 6 months),20260824T181001Z-27103c
85092,CANDY SPOT TEA COSY,2011-11,2011-12,M2_gbm_poisson,,,,,,,,,C,0,,,,Inactive (no sales in last 6 months),20260824T181001Z-27103c
85093,CANDY SPOT EGG WARMER HARE,2011-11,2011-12,M2_gbm_poisson,35.527805,41.282533,product,18,1.645000,67.909767,104,1.161978,B,22,21.666667,1,24,Forecast,20260824T181001Z-27103c
85094,CANDY SPOT EGG WARMER RABBIT,2011-11,2011-12,M2_gbm_poisson,61.253230,38.631856,product,18,1.645000,63.549403,125,0.630691,C,104,58.666667,1,24,Forecast,20260824T181001Z-27103c
85095,THREE CANVAS LUGGAGE TAGS,2011-11,2011-12,M2_gbm_poisson,19.433944,26.243602,product,15,1.645000,43.170726,63,1.350400,C,16,8.333333,1,16,Forecast,20260824T181001Z-27103c
85096,HILDA CANDY SPOT RABBIT,2011-11,2011-12,M2_gbm_poisson,5.758252,7.679204,product,18,1.645000,12.632290,19,1.333600,C,2,1.666667,1,24,Forecast,20260824T181001Z-27103c
85097B,BLUE ROCKING SINGING CANARY,2011-11,2011-12,M2_gbm_poisson,,,,,,,,,C,0,,,,Inactive (no sales in last 6 months),20260824T181001Z-27103c
85098B,BLUE FLYING SINGING CANARY,2011-11,2011-12,M2_gbm_poisson,,,,,,,,,B,0,,,,Inactive (no sales in last 6 months),20260824T181001Z-27103c
85099B,JUMBO BAG RED RETROSPOT,2011-11,2011-12,M2_gbm_poisson,2286.262976,1758.798691,product,18,1.645000,2893.223847,5180,0.769290,A,5908,5239.666667,1,24,Forecast,20260824T181001Z-27103c
85099C,JUMBO  BAG BAROQUE BLACK WHITE,2011-11,2011-12,M2_gbm_poisson,809.096705,581.622834,product,18,1.645000,956.769561,1766,0.718855,A,1565,1421.000000,1,24,Forecast,20260824T181001Z-27103c
85099F,JUMBO BAG STRAWBERRY,2011-11,2011-12,M2_gbm_poisson,699.987697,931.019452,product,18,1.645000,1531.526999,2232,1.330051,A,898,1387.333333,1,24,Forecast,20260824T181001Z-27103c
85103,SILVER T-LIGHT SETTING,2011-11,2011-12,M2_gbm_poisson,2.045777,15.028338,product,18,1.645000,24.721616,27,7.346030,B,0,0.000000,5,24,Forecast,20260824T181001Z-27103c
85104,SILVER GLASS T-LIGHT SET,2011-11,2011-12,M2_gbm_poisson,10.084642,12.890221,product,18,1.645000,21.204414,32,1.278203,C,4,3.333333,1,24,Forecast,20260824T181001Z-27103c
85106,CUT GLASS HEXAGON T-LIGHT HOLDER,2011-11,2011-12,M2_gbm_poisson,10.095447,27.082030,product,18,1.645000,44.549939,55,2.682598,B,6,2.000000,1,24,Forecast,20260824T181001Z-27103c
85107,CUT GLASS T-LIGHT HOLDER OCTAGON,2011-11,2011-12,M2_gbm_poisson,52.920438,28.703527,product,18,1.645000,47.217301,101,0.542390,B,88,38.666667,1,24,Forecast,20260824T181001Z-27103c
85109,PINK BOUDOIR T-LIGHT HOLDER,2011-11,2011-12,M2_gbm_poisson,,,,,,,,,C,0,,,,Inactive (no sales in last 6 months),20260824T181001Z-27103c
85110,BLACK SILVER FLOWER T-LIGHT HOLDER,2011-11,2011-12,M2_gbm_poisson,,,,,,,,,B,0,,,,Inactive (no sales in last 6 months),20260824T181001Z-27103c
85111,SILVER GLITTER FLOWER VOTIVE HOLDER,2011-11,2011-12,M2_gbm_poisson,71.744548,75.760621,product,18,1.645000,124.626221,197,1.055977,C,85,303.000000,1,24,Forecast,20260824T181001Z-27103c
85112,S/3 TEAR DROP CUT GLASS DECORATION,2011-11,2011-12,M2_gbm_poisson,,,,,,,,,C,0,,,,Inactive (no sales in last 6 months),20260824T181001Z-27103c
85113,POLKA DOT PISTACHIO PAIL,2011-11,2011-12,M2_gbm_poisson,,,,,,,,,C,0,,,,Inactive (no sales in last 6 months),20260824T181001Z-27103c
85114A,BLACK ENCHANTED FOREST PLACEMAT,2011-11,2011-12,M2_gbm_poisson,32.323344,50.789162,product,18,1.645000,83.548172,116,1.571284,B,16,56.000000,1,24,Forecast,20260824T181001Z-27103c
85114B,IVORY ENCHANTED FOREST PLACEMAT,2011-11,2011-12,M2_gbm_poisson,44.193957,51.943235,product,18,1.645000,85.446621,130,1.175347,A,32,53.333333,1,24,Forecast,20260824T181001Z-27103c
85114C,RED ENCHANTED FOREST PLACEMAT,2011-11,2011-12,M2_gbm_poisson,71.855153,43.650009,product,18,1.645000,71.804266,144,0.607472,B,137,104.333333,1,24,Forecast,20260824T181001Z-27103c
85115B,S/4 BLACK DISCO PARTITION PANEL,2011-11,2011-12,M2_gbm_poisson,3.368636,4.558647,product,7,1.645000,7.498973,11,1.353262,C,0,1.000000,2,18,Forecast,20260824T181001Z-27103c
85116,BLACK CANDELABRA T-LIGHT HOLDER,2011-11,2011-12,M2_gbm_poisson,14.490700,67.229141,product,18,1.645000,110.591936,126,4.639468,B,0,15.666667,2,24,Forecast,20260824T181001Z-27103c
85117,NIGHTINGALE COATHOOK WHITE,2011-11,2011-12,M2_gbm_poisson,,,,,,,,,C,0,,,,Inactive (no sales in last 6 months),20260824T181001Z-27103c
85118,HEART T-LIGHT HOLDER,2011-11,2011-12,M2_gbm_poisson,,,,,,,,,B,0,,,,Inactive (no sales in last 6 months),20260824T181001Z-27103c
85119,WATERING CAN SINGLE HOOK PISTACHIO,2011-11,2011-12,M2_gbm_poisson,,,,,,,,,C,0,,,,Inactive (no sales in last 6 months),20260824T181001Z-27103c
85121B,RETRO LAUNDRY TUB PINK,2011-11,2011-12,M2_gbm_poisson,,,,,,,,,B,0,,,,Inactive (no sales in last 6 months),20260824T181001Z-27103c
85121C,RETRO LAUNDRY TUB PISTACHIO,2011-11,2011-12,M2_gbm_poisson,,,,,,,,,B,0,,,,Inactive (no sales in last 6 months),20260824T181001Z-27103c
85123A,WHITE HANGING HEART T-LIGHT HOLDER,2011-11,2011-12,M2_gbm_poisson,2386.014779,1453.996279,product,18,1.645000,2391.823879,4778,0.609383,A,4942,3046.333333,1,24,Forecast,20260824T181001Z-27103c
85123B,ZINC HANGING HEART T-LITE HLDR,2011-11,2011-12,M2_gbm_poisson,,,,,,,,,C,0,,,,Inactive (no sales in last 6 months),20260824T181001Z-27103c
85124A,PINK JUICY FRUIT PHOTO FRAME,2011-11,2011-12,M2_gbm_poisson,,,,,,,,,B,0,,,,Inactive (no sales in last 6 months),20260824T181001Z-27103c
85124B,BLUE JUICY FRUIT PHOTO FRAME,2011-11,2011-12,M2_gbm_poisson,15.655755,14.249580,product,18,1.645000,23.440559,40,0.910182,C,7,6.666667,1,24,Forecast,20260824T181001Z-27103c
85124C,GREEN JUICY FRUIT PHOTO FRAME,2011-11,2011-12,M2_gbm_poisson,7.694330,8.678451,product,18,1.645000,14.276052,22,1.127902,B,0,4.333333,2,24,Forecast,20260824T181001Z-27103c
85125,SMALL ROUND CUT GLASS CANDLESTICK,2011-11,2011-12,M2_gbm_poisson,40.020123,16.307538,product,18,1.645000,26.825900,67,0.407483,B,46,32.000000,1,24,Forecast,20260824T181001Z-27103c
85126,LARGE ROUND CUTGLASS CANDLESTICK,2011-11,2011-12,M2_gbm_poisson,,,,,,,,,B,0,,,,Inactive (no sales in last 6 months),20260824T181001Z-27103c
85127,SMALL SQUARE CUT GLASS CANDLESTICK,2011-11,2011-12,M2_gbm_poisson,35.504603,12.342048,product,18,1.645000,20.302669,56,0.347618,B,25,18.666667,1,24,Forecast,20260824T181001Z-27103c
85128,PLANTPOT SINGLE HOOK PISTACHIO,2011-11,2011-12,M2_gbm_poisson,,,,,,,,,C,0,,,,Inactive (no sales in last 6 months),20260824T181001Z-27103c
85129A,"WHITE PEARL BEADED HEART, SMALL",2011-11,2011-12,M2_gbm_poisson,,,,,,,,,C,0,,,,Inactive (no sales in last 6 months),20260824T181001Z-27103c
85129B,BEADED CRYSTAL HEART GREEN SMALL,2011-11,2011-12,M2_gbm_poisson,5.472472,9.260270,product,18,1.645000,15.233145,21,1.692155,C,2,1.000000,1,24,Forecast,20260824T181001Z-27103c
85129C,BEADED CRYSTAL HEART BLUE SMALL,2011-11,2011-12,M2_gbm_poisson,14.041399,14.847217,product,18,1.645000,24.423671,39,1.057389,C,1,9.333333,1,24,Forecast,20260824T181001Z-27103c
85129D,BEADED CRYSTAL HEART PINK SMALL,2011-11,2011-12,M2_gbm_poisson,16.210446,16.728841,product,18,1.645000,27.518943,44,1.031979,B,12,6.666667,1,24,Forecast,20260824T181001Z-27103c
85130A,BEADED PEARL HEART WHITE LARGE,2011-11,2011-12,M2_gbm_poisson,,,,,,,,,B,0,,,,Inactive (no sales in last 6 months),20260824T181001Z-27103c
85130B,BEADED CRYSTAL HEART GREEN LARGE,2011-11,2011-12,M2_gbm_poisson,55.985865,10.897490,product,18,1.645000,17.926371,74,0.194647,C,37,106.333333,1,23,Forecast,20260824T181001Z-27103c
85130C,BEADED CRYSTAL HEART BLUE  LARGE,2011-11,2011-12,M2_gbm_poisson,24.162514,20.654602,product,18,1.645000,33.976821,59,0.854820,C,11,69.666667,1,23,Forecast,20260824T181001Z-27103c
85130D,BEADED CRYSTAL HEART PINK LARGE,2011-11,2011-12,M2_gbm_poisson,18.281977,25.186454,product,18,1.645000,41.431717,60,1.377666,C,3,11.666667,1,24,Forecast,20260824T181001Z-27103c
85131A,BEADED PEARL HEART WHITE ON STICK,2011-11,2011-12,M2_gbm_poisson,4.633102,95.905772,product,18,1.645000,157.764995,163,20.700119,B,0,1.000000,2,24,Forecast,20260824T181001Z-27103c
85131B,BEADED CRYSTAL HEART GREEN ON STICK,2011-11,2011-12,M2_gbm_poisson,59.346729,44.924259,product,18,1.645000,73.900406,134,0.756980,C,94,64.666667,1,24,Forecast,20260824T181001Z-27103c
85131C,BEADED CRYSTAL HEART BLUE ON STICK,2011-11,2011-12,M2_gbm_poisson,25.805376,23.880672,product,18,1.645000,39.283706,66,0.925415,C,6,20.000000,1,23,Forecast,20260824T181001Z-27103c
85131D,BEADED CRYSTAL HEART PINK ON STICK,2011-11,2011-12,M2_gbm_poisson,47.253505,61.280255,product,18,1.645000,100.806019,149,1.296840,C,31,48.000000,1,24,Forecast,20260824T181001Z-27103c
85132A,CHARLIE + LOLA BISCUITS TINS,2011-11,2011-12,M2_gbm_poisson,,,,,,,,,A,0,,,,Inactive (no sales in last 6 months),20260824T181001Z-27103c
85132B,CHARLIE AND LOLA TABLE TINS,2011-11,2011-12,M2_gbm_poisson,2.006944,26.432575,product,18,1.645000,43.481587,46,13.170559,B,0,0.000000,6,24,Forecast,20260824T181001Z-27103c
85132C,CHARLIE AND LOLA FIGURES TINS,2011-11,2011-12,M2_gbm_poisson,4.046185,116.607373,product,18,1.645000,191.819128,196,28.819093,A,0,1.333333,3,24,Forecast,20260824T181001Z-27103c
85135A,YELLOW DRAGONFLY HELICOPTER,2011-11,2011-12,M2_gbm_poisson,35.586357,4.637772,product,17,1.645000,7.629135,44,0.130324,C,15,5.000000,1,24,Forecast,20260824T181001Z-27103c
85135B,BLUE DRAGONFLY HELICOPTER,2011-11,2011-12,M2_gbm_poisson,9.037687,7.233626,product,18,1.645000,11.899315,21,0.800385,B,5,2.666667,1,24,Forecast,20260824T181001Z-27103c
85135C,RED DRAGONFLY HELICOPTER,2011-11,2011-12,M2_gbm_poisson,12.350155,8.514141,product,18,1.645000,14.005761,27,0.689395,B,3,8.666667,1,24,Forecast,20260824T181001Z-27103c
85136A,YELLOW SHARK HELICOPTER,2011-11,2011-12,M2_gbm_poisson,17.460927,4.467460,product,18,1.645000,7.348972,25,0.255855,C,14,7.666667,1,24,Forecast,20260824T181001Z-27103c
85136B,BLUE SHARK HELICOPTER,2011-11,2011-12,M2_gbm_poisson,,,,,,,,,C,0,,,,Inactive (no sales in last 6 months),20260824T181001Z-27103c
85136C,RED SHARK HELICOPTER,2011-11,2011-12,M2_gbm_poisson,20.312734,3.569856,product,18,1.645000,5.872413,27,0.175745,B,16,5.666667,1,24,Forecast,20260824T181001Z-27103c
85141,JARDIN ETCHED GLASS FRUITBOWL,2011-11,2011-12,M2_gbm_poisson,2.064227,11.534826,product,18,1.645000,18.974790,22,5.587965,B,0,0.000000,6,24,Forecast,20260824T181001Z-27103c
85142,JARDIN ETCHED GLASS GINGER JAR,2011-11,2011-12,M2_gbm_poisson,,,,,,,,,C,0,,,,Inactive (no sales in last 6 months),20260824T181001Z-27103c
85144,JARDIN ETCHED GLASS CHEESE DISH,2011-11,2011-12,M2_gbm_poisson,,,,,,,,,B,0,,,,Inactive (no sales in last 6 months),20260824T181001Z-27103c
85145,JARDIN ETCHED GLASS LARGE BELL JAR,2011-11,2011-12,M2_gbm_poisson,,,,,,,,,C,0,,,,Inactive (no sales in last 6 months),20260824T181001Z-27103c
85146,JARDIN ETCHED GLASS SMALL BELL JAR,2011-11,2011-12,M2_gbm_poisson,,,,,,,,,C,0,,,,Inactive (no sales in last 6 months),20260824T181001Z-27103c
85147,JARDIN ETCHED GLASS CANDLEHLDR LONG,2011-11,2011-12,M2_gbm_poisson,,,,,,,,,C,0,,,,Inactive (no sales in last 6 months),20260824T181001Z-27103c
85150,LADIES & GENTLEMEN METAL SIGN,2011-11,2011-12,M2_gbm_poisson,209.846972,176.689099,product,18,1.645000,290.653568,501,0.841990,A,355,425.000000,1,24,Forecast,20260824T181001Z-27103c
85151,WELCOME METAL SIGN,2011-11,2011-12,M2_gbm_poisson,,,,,,,,,C,0,,,,Inactive (no sales in last 6 months),20260824T181001Z-27103c
85152,HAND OVER THE CHOCOLATE   SIGN,2011-11,2011-12,M2_gbm_poisson,415.926524,469.090346,product,18,1.645000,771.653619,1188,1.127820,A,574,909.666667,1,24,Forecast,20260824T181001Z-27103c
85157,SET OF 2 CHESTS CHOCOLAT AU LAIT,2011-11,2011-12,M2_gbm_poisson,,,,,,,,,C,0,,,,Inactive (no sales in last 6 months),20260824T181001Z-27103c
85159A,"BLACK TEA,COFFEE,SUGAR JARS",2011-11,2011-12,M2_gbm_poisson,34.747076,34.027068,product,18,1.645000,55.974526,91,0.979279,B,30,15.666667,1,24,Forecast,20260824T181001Z-27103c
85159B,"WHITE TEA,COFFEE,SUGAR JARS",2011-11,2011-12,M2_gbm_poisson,49.026403,9.372493,product,18,1.645000,15.417750,65,0.191172,B,50,47.333333,1,24,Forecast,20260824T181001Z-27103c
85160A,WHITE BIRD GARDEN DESIGN MUG,2011-11,2011-12,M2_gbm_poisson,,,,,,,,,B,0,,,,Inactive (no sales in last 6 months),20260824T181001Z-27103c
85160B,BLACK BIRD GARDEN DESIGN MUG,2011-11,2011-12,M2_gbm_poisson,25.874196,32.252300,product,18,1.645000,53.055034,79,1.246504,B,24,9.000000,1,24,Forecast,20260824T181001Z-27103c
85161,ACRYLIC GEOMETRIC LAMP,2011-11,2011-12,M2_gbm_poisson,6.431791,3.116400,product,18,1.645000,5.126477,12,0.484531,C,3,2.333333,1,24,Forecast,20260824T181001Z-27103c
85162A,SILVER RETRODISC LAMPSHADE,2011-11,2011-12,M2_gbm_poisson,,,,,,,,,B,0,,,,Inactive (no sales in last 6 months),20260824T181001Z-27103c
85162B,BLACK RETRODISC LAMPSHADE,2011-11,2011-12,M2_gbm_poisson,,,,,,,,,B,0,,,,Inactive (no sales in last 6 months),20260824T181001Z-27103c
85162C,WHITE RETRODISC LAMPSHADE,2011-11,2011-12,M2_gbm_poisson,,,,,,,,,B,0,,,,Inactive (no sales in last 6 months),20260824T181001Z-27103c
85163A,WHITE BAROQUE WALL CLOCK,2011-11,2011-12,M2_gbm_poisson,10.451976,7.226030,product,18,1.645000,11.886820,23,0.691355,C,4,4.333333,1,24,Forecast,20260824T181001Z-27103c
85163B,BLACK BAROQUE WALL CLOCK,2011-11,2011-12,M2_gbm_poisson,4.243532,2.953573,product,18,1.645000,4.858627,10,0.696018,B,3,1.000000,1,24,Forecast,20260824T181001Z-27103c
85164B,BLACK BAROQUE CUCKOO CLOCK,2011-11,2011-12,M2_gbm_poisson,,,,,,,,,B,0,,,,Inactive (no sales in last 6 months),20260824T181001Z-27103c
85165,CANDY PINK FRENCH BOUDOIR CLOCK,2011-11,2011-12,M2_gbm_poisson,,,,,,,,,C,0,,,,Inactive (no sales in last 6 months),20260824T181001Z-27103c
85166A,WHITE METAL BAROQUE PHOTO FRAME,2011-11,2011-12,M2_gbm_poisson,,,,,,,,,C,0,,,,Inactive (no sales in last 6 months),20260824T181001Z-27103c
85166B,BLACK METAL BAROQUE PHOTO FRAME,2011-11,2011-12,M2_gbm_poisson,,,,,,,,,C,0,,,,Inactive (no sales in last 6 months),20260824T181001Z-27103c
85167A,WHITE GRAND BAROQUE PHOTO FRAME,2011-11,2011-12,M2_gbm_poisson,,,,,,,,,C,0,,,,Inactive (no sales in last 6 months),20260824T181001Z-27103c
85167B,BLACK GRAND BAROQUE PHOTO FRAME,2011-11,2011-12,M2_gbm_poisson,,,,,,,,,B,0,,,,Inactive (no sales in last 6 months),20260824T181001Z-27103c
85168A,WHITE BAROQUE CARRIAGE CLOCK,2011-11,2011-12,M2_gbm_poisson,,,,,,,,,C,0,,,,Inactive (no sales in last 6 months),20260824T181001Z-27103c
85168B,BLACK BAROQUE CARRIAGE CLOCK,2011-11,2011-12,M2_gbm_poisson,13.450064,5.171958,product,18,1.645000,8.507870,22,0.384530,C,6,6.333333,1,24,Forecast,20260824T181001Z-27103c
85169A,IVORY LOVE BIRD CANDLE,2011-11,2011-12,M2_gbm_poisson,41.538779,18.942930,product,18,1.645000,31.161120,73,0.456030,B,36,32.000000,1,24,Forecast,20260824T181001Z-27103c
85169B,BLACK LOVE BIRD CANDLE,2011-11,2011-12,M2_gbm_poisson,21.056580,16.841130,product,18,1.645000,27.703659,49,0.799804,C,10,15.333333,1,24,Forecast,20260824T181001Z-27103c
85169C,EAU DE NIL LOVE BIRD CANDLE,2011-11,2011-12,M2_gbm_poisson,6.269524,9.762761,product,18,1.645000,16.059742,23,1.557177,C,2,1.000000,1,24,Forecast,20260824T181001Z-27103c
85169D,PINK LOVE BIRD CANDLE,2011-11,2011-12,M2_gbm_poisson,33.734135,19.113973,product,18,1.645000,31.442485,66,0.566606,C,26,17.666667,1,24,Forecast,20260824T181001Z-27103c
85170A,SET/6 IVORY BIRD T-LIGHT CANDLES,2011-11,2011-12,M2_gbm_poisson,,,,,,,,,B,0,,,,Inactive (no sales in last 6 months),20260824T181001Z-27103c
85170B,SET/6 BLACK BIRD T-LIGHT CANDLES,2011-11,2011-12,M2_gbm_poisson,13.287002,22.602788,product,18,1.645000,37.181587,51,1.701120,C,6,4.666667,1,24,Forecast,20260824T181001Z-27103c
85170C,SET/6 EAU DE NIL BIRD T-LIGHTS,2011-11,2011-12,M2_gbm_poisson,18.855308,19.516849,product,18,1.645000,32.105216,51,1.035085,C,12,11.333333,1,24,Forecast,20260824T181001Z-27103c
85170D,SET/6 PINK BIRD T-LIGHT CANDLES,2011-11,2011-12,M2_gbm_poisson,27.271700,29.658699,product,18,1.645000,48.788559,77,1.087527,B,17,14.000000,1,24,Forecast,20260824T181001Z-27103c
85171,S/2 HYACINTH BULB CANDLES,2011-11,2011-12,M2_gbm_poisson,,,,,,,,,C,0,,,,Inactive (no sales in last 6 months),20260824T181001Z-27103c
85172,HYACINTH BULB T-LIGHT CANDLES,2011-11,2011-12,M2_gbm_poisson,106.997725,148.136376,product,18,1.645000,243.684339,351,1.384482,B,432,186.666667,1,24,Forecast,20260824T181001Z-27103c
85173,SET/6 FROG PRINCE T-LIGHT CANDLES,2011-11,2011-12,M2_gbm_poisson,35.932603,40.977199,product,18,1.645000,67.407493,104,1.140391,B,17,34.666667,1,24,Forecast,20260824T181001Z-27103c
85174,S/4 CACTI CANDLES,2011-11,2011-12,M2_gbm_poisson,70.406451,23.776843,product,18,1.645000,39.112907,110,0.337708,A,130,49.000000,1,24,Forecast,20260824T181001Z-27103c
85175,CACTI T-LIGHT CANDLES,2011-11,2011-12,M2_gbm_poisson,160.586087,243.835561,product,18,1.645000,401.109498,562,1.518410,A,560,380.000000,1,24,Forecast,20260824T181001Z-27103c
85176,SEWING SUSAN 21 NEEDLE SET,2011-11,2011-12,M2_gbm_poisson,65.775141,60.410617,product,18,1.645000,99.375465,166,0.918441,B,76,116.666667,1,24,Forecast,20260824T181001Z-27103c
85177,BASKET OF FLOWERS SEWING KIT,2011-11,2011-12,M2_gbm_poisson,50.819891,31.256653,product,18,1.645000,51.417195,103,0.615048,B,33,53.000000,1,24,Forecast,20260824T181001Z-27103c
85178,VICTORIAN SEWING KIT,2011-11,2011-12,M2_gbm_poisson,137.682112,120.724340,product,18,1.645000,198.591539,337,0.876834,A,384,283.333333,1,24,Forecast,20260824T181001Z-27103c
85179A,GREEN BITTY LIGHT CHAIN,2011-11,2011-12,M2_gbm_poisson,95.771445,2.395974,product,18,1.645000,3.941378,100,0.025018,C,109,48.000000,1,24,Forecast,20260824T181001Z-27103c
85179B,WHITE BITTY LIGHT CHAIN,2011-11,2011-12,M2_gbm_poisson,,,,,,,,,B,0,,,,Inactive (no sales in last 6 months),20260824T181001Z-27103c
85179C,PINK BITTY LIGHT CHAIN,2011-11,2011-12,M2_gbm_poisson,55.771564,4.714512,product,13,1.645000,7.755372,64,0.084533,C,47,25.000000,1,24,Forecast,20260824T181001Z-27103c
85180A,RED HEARTS LIGHT CHAIN,2011-11,2011-12,M2_gbm_poisson,9.781430,14.037248,product,18,1.645000,23.091273,33,1.435092,B,3,6.333333,1,24,Forecast,20260824T181001Z-27103c
85180B,PINK HEARTS LIGHT CHAIN,2011-11,2011-12,M2_gbm_poisson,11.495389,7.452289,product,18,1.645000,12.259015,24,0.648285,C,2,4.666667,1,24,Forecast,20260824T181001Z-27103c
85183A,CHARLIE & LOLA WASTEPAPER BIN BLUE,2011-11,2011-12,M2_gbm_poisson,61.760974,39.246414,product,18,1.645000,64.560350,127,0.635457,B,72,69.000000,1,24,Forecast,20260824T181001Z-27103c
85183B,CHARLIE & LOLA WASTEPAPER BIN FLORA,2011-11,2011-12,M2_gbm_poisson,72.723400,34.870936,product,18,1.645000,57.362689,131,0.479501,B,128,107.333333,1,24,Forecast,20260824T181001Z-27103c
85184B,SET 4 EASTER DECOUPAGE OVAL BOXES,2011-11,2011-12,M2_gbm_poisson,,,,,,,,,C,0,,,,Inactive (no sales in last 6 months),20260824T181001Z-27103c
85184C,S/4 VALENTINE DECOUPAGE HEART BOX,2011-11,2011-12,M2_gbm_poisson,40.957369,22.410951,product,18,1.645000,36.866015,78,0.547178,A,32,25.666667,1,24,Forecast,20260824T181001Z-27103c
85184D,S/4 BLUE ROUND DECOUPAGE BOXES,2011-11,2011-12,M2_gbm_poisson,,,,,,,,,A,0,,,,Inactive (no sales in last 6 months),20260824T181001Z-27103c
85185B,PINK HORSE SOCK PUPPET,2011-11,2011-12,M2_gbm_poisson,40.957369,17.348691,product,18,1.645000,28.538596,70,0.423579,B,28,16.666667,1,24,Forecast,20260824T181001Z-27103c
85185C,COW  SOCK PUPPET,2011-11,2011-12,M2_gbm_poisson,,,,,,,,,C,0,,,,Inactive (no sales in last 6 months),20260824T181001Z-27103c
85185D,FROG SOCK PUPPET,2011-11,2011-12,M2_gbm_poisson,,,,,,,,,C,0,,,,Inactive (no sales in last 6 months),20260824T181001Z-27103c
85185E,DUCK SOCK PUPPET,2011-11,2011-12,M2_gbm_poisson,,,,,,,,,C,0,,,,Inactive (no sales in last 6 months),20260824T181001Z-27103c
85185F,LION SOCK PUPPET,2011-11,2011-12,M2_gbm_poisson,,,,,,,,,C,0,,,,Inactive (no sales in last 6 months),20260824T181001Z-27103c
85186A,EASTER BUNNY GARLAND OF FLOWERS,2011-11,2011-12,M2_gbm_poisson,,,,,,,,,C,0,,,,Inactive (no sales in last 6 months),20260824T181001Z-27103c
85186B,BUNNY BUNCH OF FLOWERS,2011-11,2011-12,M2_gbm_poisson,,,,,,,,,C,0,,,,Inactive (no sales in last 6 months),20260824T181001Z-27103c
85186C,BUNNY EGG GARLAND,2011-11,2011-12,M2_gbm_poisson,10.301450,8.145770,product,18,1.645000,13.399791,24,0.790740,C,0,8.666667,2,24,Forecast,20260824T181001Z-27103c
85187,S/12 MINI RABBIT EASTER,2011-11,2011-12,M2_gbm_poisson,10.184399,18.060244,product,18,1.645000,29.709101,40,1.773324,C,6,2.000000,1,23,Forecast,20260824T181001Z-27103c
85188A,GREEN METAL SWINGING BUNNY,2011-11,2011-12,M2_gbm_poisson,,,,,,,,,C,0,,,,Inactive (no sales in last 6 months),20260824T181001Z-27103c
85188B,PINK METAL SWINGING BUNNY,2011-11,2011-12,M2_gbm_poisson,,,,,,,,,C,0,,,,Inactive (no sales in last 6 months),20260824T181001Z-27103c
85189,HANGING BUTTERFLY  EGG,2011-11,2011-12,M2_gbm_poisson,,,,,,,,,B,0,,,,Inactive (no sales in last 6 months),20260824T181001Z-27103c
85190,PINK FLOWER HANGING HEART,2011-11,2011-12,M2_gbm_poisson,,,,,,,,,C,0,,,,Inactive (no sales in last 6 months),20260824T181001Z-27103c
85192S,HANGING SPRING FLOWER HEART SMALL,2011-11,2011-12,M2_gbm_poisson,,,,,,,,,C,0,,,,Inactive (no sales in last 6 months),20260824T181001Z-27103c
85194L,HANGING SPRING FLOWER EGG LARGE,2011-11,2011-12,M2_gbm_poisson,26.773711,23.961023,product,17,1.645000,39.415883,67,0.894946,B,11,3.666667,1,24,Forecast,20260824T181001Z-27103c
85194S,HANGING SPRING FLOWER EGG SMALL,2011-11,2011-12,M2_gbm_poisson,86.182671,42.278923,product,18,1.645000,69.548829,156,0.490573,C,92,121.666667,1,23,Forecast,20260824T181001Z-27103c
85195,HANGING HEART BASKET,2011-11,2011-12,M2_gbm_poisson,,,,,,,,,C,0,,,,Inactive (no sales in last 6 months),20260824T181001Z-27103c
85196,EASTER BUNNIES ON A STICK,2011-11,2011-12,M2_gbm_poisson,,,,,,,,,C,0,,,,Inactive (no sales in last 6 months),20260824T181001Z-27103c
85197,SET OF 12 MINI BUNNIES IN A BUCKET,2011-11,2011-12,M2_gbm_poisson,2.039099,5.319215,product,18,1.645000,8.750109,11,2.608610,B,0,0.000000,5,24,Forecast,20260824T181001Z-27103c
85198,ASSORTED FARMYARD ANIMALS IN BUCKET,2011-11,2011-12,M2_gbm_poisson,,,,,,,,,B,0,,,,Inactive (no sales in last 6 months),20260824T181001Z-27103c
85199L,LARGE HANGING IVORY & RED WOOD BIRD,2011-11,2011-12,M2_gbm_poisson,67.510626,64.470152,product,18,1.645000,106.053400,174,0.954963,B,157,168.666667,1,24,Forecast,20260824T181001Z-27103c
85199S,SMALL HANGING IVORY/RED WOOD BIRD,2011-11,2011-12,M2_gbm_poisson,360.345079,160.029821,product,18,1.645000,263.249055,624,0.444102,B,917,506.333333,1,24,Forecast,20260824T181001Z-27103c
85200,BUNNY EGG BOX,2011-11,2011-12,M2_gbm_poisson,,,,,,,,,B,0,,,,Inactive (no sales in last 6 months),20260824T181001Z-27103c
85202,HANGING WOOD AND FELT HEART,2011-11,2011-12,M2_gbm_poisson,43.887805,31.307496,product,18,1.645000,51.500830,96,0.713353,C,51,23.333333,1,24,Forecast,20260824T181001Z-27103c
85203,HANGING WOOD AND FELT BUTTERFLY,2011-11,2011-12,M2_gbm_poisson,47.056116,40.114798,product,18,1.645000,65.988843,114,0.852489,C,52,42.666667,1,24,Forecast,20260824T181001Z-27103c
85204,HANGING WOOD AND FELT FLOWER,2011-11,2011-12,M2_gbm_poisson,128.779807,51.894101,product,18,1.645000,85.365797,215,0.402968,C,254,351.000000,1,24,Forecast,20260824T181001Z-27103c
85205A,IVORY FELT EASTER RABBIT GARLAND,2011-11,2011-12,M2_gbm_poisson,,,,,,,,,C,0,,,,Inactive (no sales in last 6 months),20260824T181001Z-27103c
85205B,PINK FELT EASTER RABBIT GARLAND,2011-11,2011-12,M2_gbm_poisson,,,,,,,,,C,0,,,,Inactive (no sales in last 6 months),20260824T181001Z-27103c
85206A,CREAM FELT EASTER EGG BASKET,2011-11,2011-12,M2_gbm_poisson,,,,,,,,,A,0,,,,Inactive (no sales in last 6 months),20260824T181001Z-27103c
85206B,PINK FELT EASTER EGG BASKET,2011-11,2011-12,M2_gbm_poisson,,,,,,,,,B,0,,,,Inactive (no sales in last 6 months),20260824T181001Z-27103c
85208,SET/12 FUNKY FELT FLOWER PEG IN BAG,2011-11,2011-12,M2_gbm_poisson,14.833359,19.493421,product,18,1.645000,32.066677,47,1.314161,C,2,8.666667,1,24,Forecast,20260824T181001Z-27103c
85211,S/4 GROOVY CAT MAGNETS,2011-11,2011-12,M2_gbm_poisson,7.357501,16.008536,product,18,1.645000,26.334042,34,2.175812,C,0,2.666667,2,24,Forecast,20260824T181001Z-27103c
85212,MINI PAINTED GARDEN DECORATION,2011-11,2011-12,M2_gbm_poisson,91.126910,57.066137,product,18,1.645000,93.873796,186,0.626227,C,72,105.000000,1,24,Forecast,20260824T181001Z-27103c
85213,MINI  ZINC GARDEN DECORATIONS,2011-11,2011-12,M2_gbm_poisson,2.905253,22.494097,product,18,1.645000,37.002790,40,7.742561,C,0,0.000000,5,24,Forecast,20260824T181001Z-27103c
85214,TUB 24 PINK FLOWER PEGS,2011-11,2011-12,M2_gbm_poisson,3.135932,21.090768,product,18,1.645000,34.694313,38,6.725518,C,0,0.000000,4,24,Forecast,20260824T181001Z-27103c
85215,ASSORTED CHEESE FRIDGE MAGNETS,2011-11,2011-12,M2_gbm_poisson,3.168712,27.601788,product,18,1.645000,45.404941,49,8.710727,C,0,0.000000,4,24,Forecast,20260824T181001Z-27103c
85216,ASSORTED CAKES FRIDGE MAGNETS,2011-11,2011-12,M2_gbm_poisson,8.841829,24.368555,product,18,1.645000,40.086273,49,2.756054,B,1,2.333333,1,24,Forecast,20260824T181001Z-27103c
85217,ASSORTED ICE CREAM FRIDGE MAGNETS,2011-11,2011-12,M2_gbm_poisson,,,,,,,,,B,0,,,,Inactive (no sales in last 6 months),20260824T181001Z-27103c
85218,S/5 MINI ICE CREAM FRIDGE MAGNETS,2011-11,2011-12,M2_gbm_poisson,,,,,,,,,C,0,,,,Inactive (no sales in last 6 months),20260824T181001Z-27103c
85220,SMALL FAIRY CAKE FRIDGE MAGNETS,2011-11,2011-12,M2_gbm_poisson,,,,,,,,,A,0,,,,Inactive (no sales in last 6 months),20260824T181001Z-27103c
85221,ASSORTED COLOUR SILK COIN PURSE,2011-11,2011-12,M2_gbm_poisson,,,,,,,,,B,0,,,,Inactive (no sales in last 6 months),20260824T181001Z-27103c
85222,ASSORTED COLOUR SILK COSMETIC PURSE,2011-11,2011-12,M2_gbm_poisson,,,,,,,,,B,0,,,,Inactive (no sales in last 6 months),20260824T181001Z-27103c
85224,ASSORTED COLOUR SILK GLASSES CASE,2011-11,2011-12,M2_gbm_poisson,,,,,,,,,B,0,,,,Inactive (no sales in last 6 months),20260824T181001Z-27103c
85225,BLING KEY RING STAND,2011-11,2011-12,M2_gbm_poisson,,,,,,,,,C,0,,,,Inactive (no sales in last 6 months),20260824T181001Z-27103c
85226A,WHITE/BLUE PULL BACK RACING CAR,2011-11,2011-12,M2_gbm_poisson,,,,,,,,,B,0,,,,Inactive (no sales in last 6 months),20260824T181001Z-27103c
85226C,BLUE PULL BACK RACING CAR,2011-11,2011-12,M2_gbm_poisson,,,,,,,,,C,0,,,,Inactive (no sales in last 6 months),20260824T181001Z-27103c
85227,SET OF 6 3D KIT CARDS FOR KIDS,2011-11,2011-12,M2_gbm_poisson,115.686965,70.335618,product,18,1.645000,115.702091,232,0.607982,B,229,156.333333,1,24,Forecast,20260824T181001Z-27103c
85230A,OPIUM SCENTED VOTIVE CANDLE,2011-11,2011-12,M2_gbm_poisson,31.623199,64.731967,product,18,1.645000,106.484086,139,2.046977,C,24,40.000000,1,24,Forecast,20260824T181001Z-27103c
85230B,CINNAMON SCENTED VOTIVE CANDLE,2011-11,2011-12,M2_gbm_poisson,87.137563,87.536646,product,18,1.645000,143.997782,232,1.004580,C,312,232.000000,1,24,Forecast,20260824T181001Z-27103c
85230C,ROSE SCENTED VOTIVE CANDLE,2011-11,2011-12,M2_gbm_poisson,,,,,,,,,C,0,,,,Inactive (no sales in last 6 months),20260824T181001Z-27103c
85230D,VANILLA SCENTED VOTIVE CANDLE,2011-11,2011-12,M2_gbm_poisson,,,,,,,,,C,0,,,,Inactive (no sales in last 6 months),20260824T181001Z-27103c
85230E,STRAWBRY SCENTED VOTIVE CANDLE,2011-11,2011-12,M2_gbm_poisson,13.734222,87.762080,product,18,1.645000,144.368622,159,6.390029,C,0,32.000000,3,24,Forecast,20260824T181001Z-27103c
85230F,JASMINE VOTIVE CANDLE,2011-11,2011-12,M2_gbm_poisson,27.907693,43.133788,product,18,1.645000,70.955081,99,1.545588,C,24,16.000000,1,24,Forecast,20260824T181001Z-27103c
85230G,ORANGE VOTIVE CANDLE,2011-11,2011-12,M2_gbm_poisson,44.391645,42.490635,product,18,1.645000,69.897094,115,0.957176,C,48,56.000000,1,24,Forecast,20260824T181001Z-27103c
85231B,CINAMMON SET OF 9 T-LIGHTS,2011-11,2011-12,M2_gbm_poisson,67.421121,48.048823,product,18,1.645000,79.040314,147,0.712667,B,123,119.000000,1,24,Forecast,20260824T181001Z-27103c
85231E,STRAWBERRY SCENTED SET/9 T-LIGHTS,2011-11,2011-12,M2_gbm_poisson,,,,,,,,,C,0,,,,Inactive (no sales in last 6 months),20260824T181001Z-27103c
85231G,ORANGE SCENTED SET/9 T-LIGHTS,2011-11,2011-12,M2_gbm_poisson,15.395625,55.108755,product,18,1.645000,90.653902,107,3.579508,B,0,49.000000,2,24,Forecast,20260824T181001Z-27103c
85231L,LAVENDER SCENTED SET/9 T-LIGHTS,2011-11,2011-12,M2_gbm_poisson,,,,,,,,,C,0,,,,Inactive (no sales in last 6 months),20260824T181001Z-27103c
85232A,SET/3 POLKA DOT STACKING TINS,2011-11,2011-12,M2_gbm_poisson,2.064227,5.349486,product,18,1.645000,8.799904,11,2.591520,B,0,0.000000,6,24,Forecast,20260824T181001Z-27103c
85232B,SET/3 RUSSIAN DOLL STACKING TINS,2011-11,2011-12,M2_gbm_poisson,,,,,,,,,A,0,,,,Inactive (no sales in last 6 months),20260824T181001Z-27103c
85232C,RUSSIAN FOLKART STACKING TINS,2011-11,2011-12,M2_gbm_poisson,,,,,,,,,C,0,,,,Inactive (no sales in last 6 months),20260824T181001Z-27103c
85232D,SET/3 DECOUPAGE STACKING TINS,2011-11,2011-12,M2_gbm_poisson,43.770579,17.437870,product,18,1.645000,28.685297,73,0.398392,B,49,29.000000,1,24,Forecast,20260824T181001Z-27103c
90000A,RASPBERRY ANT COPPER FLOWER NECKLAC,2011-11,2011-12,M2_gbm_poisson,5.224297,3.692637,product,18,1.645000,6.074388,12,0.706820,C,3,1.666667,1,24,Forecast,20260824T181001Z-27103c
90000B,MIDNIGHT BLUE COPPER FLOWER NECKLAC,2011-11,2011-12,M2_gbm_poisson,2.064227,2.249137,product,18,1.645000,3.699830,6,1.089578,C,0,0.000000,5,24,Forecast,20260824T181001Z-27103c
90000C,OPAL WHITE/SILVER FLOWER NECKLACE,2011-11,2011-12,M2_gbm_poisson,,,,,,,,,C,0,,,,Inactive (no sales in last 6 months),20260824T181001Z-27103c
90000D,COPPER/OLIVE GREEN FLOWER NECKLACE,2011-11,2011-12,M2_gbm_poisson,5.047021,4.133538,product,18,1.645000,6.799671,12,0.819006,C,1,1.333333,1,24,Forecast,20260824T181001Z-27103c
90001A,ANTIQUE RASPBERRY FLOWER EARRINGS,2011-11,2011-12,M2_gbm_poisson,3.223992,0.834842,product,17,1.645000,1.373315,5,0.258947,C,0,0.333333,2,24,Forecast,20260824T181001Z-27103c
90001B,ANTIQUE MID BLUE FLOWER EARRINGS,2011-11,2011-12,M2_gbm_poisson,4.084260,1.825531,product,17,1.645000,3.002999,8,0.446967,C,1,0.333333,1,23,Forecast,20260824T181001Z-27103c
90001C,ANTIQUE OPAL WHITE FLOWER EARRINGS,2011-11,2011-12,M2_gbm_poisson,3.244928,1.228988,product,16,1.645000,2.021686,6,0.378741,C,0,0.333333,2,24,Forecast,20260824T181001Z-27103c
90001D,ANTIQUE OLIVE GREEN FLOWER EARRINGS,2011-11,2011-12,M2_gbm_poisson,3.223992,0.884981,product,17,1.645000,1.455793,5,0.274498,C,0,0.333333,2,24,Forecast,20260824T181001Z-27103c
90002A,FLOWER BURST SILVER RING OPAL,2011-11,2011-12,M2_gbm_poisson,,,,,,,,,C,0,,,,Inactive (no sales in last 6 months),20260824T181001Z-27103c
90002B,FLOWER BURST SILVER RING ROSE,2011-11,2011-12,M2_gbm_poisson,,,,,,,,,C,0,,,,Inactive (no sales in last 6 months),20260824T181001Z-27103c
90002C,FLOWER BURST SILVER RING MIDN'T BLU,2011-11,2011-12,M2_gbm_poisson,,,,,,,,,C,0,,,,Inactive (no sales in last 6 months),20260824T181001Z-27103c
90002D,FLOWER BURST SILVER RING CRYSTAL,2011-11,2011-12,M2_gbm_poisson,,,,,,,,,C,0,,,,Inactive (no sales in last 6 months),20260824T181001Z-27103c
90002E,FLOWER BURST SILVER RING GREEN,2011-11,2011-12,M2_gbm_poisson,,,,,,,,,C,0,,,,Inactive (no sales in last 6 months),20260824T181001Z-27103c
90003B,ROSE COLOUR PAIR HEART HAIR SLIDES,2011-11,2011-12,M2_gbm_poisson,7.739100,1.932874,product,18,1.645000,3.179577,11,0.249754,C,4,2.666667,1,24,Forecast,20260824T181001Z-27103c
90003C,MIDNIGHT BLUE PAIR HEART HAIR SLIDE,2011-11,2011-12,M2_gbm_poisson,10.300841,2.565607,product,18,1.645000,4.220424,15,0.249068,C,4,4.000000,1,24,Forecast,20260824T181001Z-27103c
90003D,CRYSTAL PAIR HEART HAIR SLIDES,2011-11,2011-12,M2_gbm_poisson,14.959008,3.549826,product,18,1.645000,5.839464,21,0.237304,C,7,4.666667,1,24,Forecast,20260824T181001Z-27103c
90003E,GREEN PAIR HEART HAIR SLIDES,2011-11,2011-12,M2_gbm_poisson,9.642745,1.465489,product,18,1.645000,2.410729,13,0.151978,C,5,3.000000,1,24,Forecast,20260824T181001Z-27103c
90004A,JADE GREEN PAIR ENAMEL HAIR SLIDES,2011-11,2011-12,M2_gbm_poisson,,,,,,,,,C,0,,,,Inactive (no sales in last 6 months),20260824T181001Z-27103c
90005A,JADE GREEN ENAMEL HAIR COMB,2011-11,2011-12,M2_gbm_poisson,,,,,,,,,C,0,,,,Inactive (no sales in last 6 months),20260824T181001Z-27103c
90010A,MIDNIGHT BLUE GLASS/SILVER BRACELET,2011-11,2011-12,M2_gbm_poisson,7.930792,2.672332,product,18,1.645000,4.395987,13,0.336957,C,3,2.333333,1,24,Forecast,20260824T181001Z-27103c
90010B,BLACK/WHITE GLASS/SILVER BRACELET,2011-11,2011-12,M2_gbm_poisson,,,,,,,,,C,0,,,,Inactive (no sales in last 6 months),20260824T181001Z-27103c
90010E,AMBER GLASS/SILVER BRACELET,2011-11,2011-12,M2_gbm_poisson,10.074841,3.262614,product,18,1.645000,5.367000,16,0.323838,C,5,4.000000,1,24,Forecast,20260824T181001Z-27103c
90011A,MIDNIGHT BLUE CRYSTAL DROP EARRINGS,2011-11,2011-12,M2_gbm_poisson,5.842509,0.949455,product,18,1.645000,1.561853,8,0.162508,C,2,0.666667,1,24,Forecast,20260824T181001Z-27103c
90011B,BLACK CRYSTAL DROP EARRINGS,2011-11,2011-12,M2_gbm_poisson,8.016944,1.547428,product,18,1.645000,2.545519,11,0.193020,C,1,2.333333,1,24,Forecast,20260824T181001Z-27103c
90011C,GREEN CRYSTAL DROP EARRINGS,2011-11,2011-12,M2_gbm_poisson,4.084260,1.403853,product,15,1.645000,2.309339,7,0.343723,C,1,0.333333,1,24,Forecast,20260824T181001Z-27103c
90011D,PURPLE CRYSTAL DROP EARRINGS,2011-11,2011-12,M2_gbm_poisson,4.652399,0.695733,product,14,1.645000,1.144480,6,0.149543,C,1,0.333333,1,24,Forecast,20260824T181001Z-27103c
90011E,AMBER CRYSTAL DROP EARRINGS,2011-11,2011-12,M2_gbm_poisson,2.666022,1.139829,product,18,1.645000,1.875019,5,0.427539,C,0,0.333333,3,24,Forecast,20260824T181001Z-27103c
90012A,MIDNIGHT BLUE DROP CRYSTAL NECKLACE,2011-11,2011-12,M2_gbm_poisson,6.003238,1.074444,product,14,1.645000,1.767461,8,0.178977,C,0,2.666667,2,24,Forecast,20260824T181001Z-27103c
90012B,BLACK DROP CRYSTAL NECKLACE,2011-11,2011-12,M2_gbm_poisson,10.764260,1.696258,product,14,1.645000,2.790345,14,0.157582,C,6,4.000000,1,24,Forecast,20260824T181001Z-27103c
90013A,MIDNIGHT BLUE VINTAGE EARRINGS,2011-11,2011-12,M2_gbm_poisson,13.074873,6.832812,product,18,1.645000,11.239975,25,0.522591,C,6,5.333333,1,24,Forecast,20260824T181001Z-27103c
90013B,BLACK VINTAGE EARRINGS,2011-11,2011-12,M2_gbm_poisson,15.732499,4.804221,product,18,1.645000,7.902944,24,0.305369,C,10,5.000000,1,24,Forecast,20260824T181001Z-27103c
90013C,GREEN VINTAGE EARRINGS,2011-11,2011-12,M2_gbm_poisson,15.021501,3.346300,product,18,1.645000,5.504663,21,0.222767,C,10,5.333333,1,24,Forecast,20260824T181001Z-27103c
90013D,PURPLE VINTAGE EARRINGS,2011-11,2011-12,M2_gbm_poisson,2.064227,1.865107,product,18,1.645000,3.068101,6,0.903538,C,0,0.000000,6,23,Forecast,20260824T181001Z-27103c
90013E,AMBER VINTAGE EARRINGS,2011-11,2011-12,M2_gbm_poisson,,,,,,,,,C,0,,,,Inactive (no sales in last 6 months),20260824T181001Z-27103c
90014A,SILVER/MOP ORBIT NECKLACE,2011-11,2011-12,M2_gbm_poisson,11.939602,3.742815,product,18,1.645000,6.156931,19,0.313479,C,7,3.333333,1,24,Forecast,20260824T181001Z-27103c
90014B,GOLD M PEARL  ORBIT NECKLACE,2011-11,2011-12,M2_gbm_poisson,3.859888,2.297231,product,18,1.645000,3.778944,8,0.595155,C,0,0.666667,2,24,Forecast,20260824T181001Z-27103c
90014C,SILVER/BLACK ORBIT NECKLACE,2011-11,2011-12,M2_gbm_poisson,5.050177,1.655038,product,18,1.645000,2.722538,8,0.327719,C,2,0.666667,1,24,Forecast,20260824T181001Z-27103c
90016A,SILVER/M.O.P PENDANT ORBIT NECKLACE,2011-11,2011-12,M2_gbm_poisson,6.017249,1.795831,product,18,1.645000,2.954141,9,0.298447,C,0,3.000000,2,24,Forecast,20260824T181001Z-27103c
90016B,GOLD/M.O.P PENDANT ORBIT NECKLACE,2011-11,2011-12,M2_gbm_poisson,7.968246,1.913053,product,18,1.645000,3.146973,12,0.240085,C,4,2.666667,1,24,Forecast,20260824T181001Z-27103c
90016C,SILVER/BLACK PENDANT ORBIT NECKLACE,2011-11,2011-12,M2_gbm_poisson,2.045191,1.022008,product,18,1.645000,1.681203,4,0.499713,C,0,0.000000,6,23,Forecast,20260824T181001Z-27103c
90018A,SILVER M.O.P ORBIT DROP EARRINGS,2011-11,2011-12,M2_gbm_poisson,15.732499,3.511167,product,18,1.645000,5.775870,22,0.223179,C,10,6.666667,1,24,Forecast,20260824T181001Z-27103c
90018B,GOLD M.O.P ORBIT DROP EARRINGS,2011-11,2011-12,M2_gbm_poisson,8.330491,1.416262,product,18,1.645000,2.329751,11,0.170009,C,5,2.333333,1,24,Forecast,20260824T181001Z-27103c
90018C,SILVER BLACK ORBIT DROP EARRINGS,2011-11,2011-12,M2_gbm_poisson,7.645133,2.255924,product,17,1.645000,3.710994,12,0.295080,C,2,2.333333,1,24,Forecast,20260824T181001Z-27103c
90019A,SILVER M.O.P ORBIT BRACELET,2011-11,2011-12,M2_gbm_poisson,12.945855,2.057793,product,18,1.645000,3.385069,17,0.158954,C,7,5.666667,1,24,Forecast,20260824T181001Z-27103c
90019B,GOLD M.O.P ORBIT BRACELET,2011-11,2011-12,M2_gbm_poisson,9.940084,2.534827,product,18,1.645000,4.169790,15,0.255011,C,5,2.666667,1,23,Forecast,20260824T181001Z-27103c
90019C,SILVER BLACK ORBIT BRACELET,2011-11,2011-12,M2_gbm_poisson,3.891538,1.382448,product,18,1.645000,2.274127,7,0.355245,C,1,1.333333,1,24,Forecast,20260824T181001Z-27103c
90020,FILIGREE DIAMANTE CHAIN,2011-11,2011-12,M2_gbm_poisson,2.383144,0.815528,product,9,1.645000,1.341544,4,0.342207,C,0,0.000000,4,24,Forecast,20260824T181001Z-27103c
90021,LASER CUT MULTI STRAND NECKLACE,2011-11,2011-12,M2_gbm_poisson,,,,,,,,,C,0,,,,Inactive (no sales in last 6 months),20260824T181001Z-27103c
90022,EDWARDIAN DROP EARRINGS JET BLACK,2011-11,2011-12,M2_gbm_poisson,6.957613,2.287690,product,18,1.645000,3.763250,11,0.328804,C,1,2.333333,1,24,Forecast,20260824T181001Z-27103c
90023,FILIGREE DIAMANTE EARRINGS,2011-11,2011-12,M2_gbm_poisson,5.565656,1.351858,product,18,1.645000,2.223806,8,0.242893,C,2,1.333333,1,24,Forecast,20260824T181001Z-27103c
90024A,NEW BAROQUE B'FLY NECKLACE BLACK,2011-11,2011-12,M2_gbm_poisson,,,,,,,,,C,0,,,,Inactive (no sales in last 6 months),20260824T181001Z-27103c
90024B,NEW BAROQUE B'FLY NECKLACE RED,2011-11,2011-12,M2_gbm_poisson,5.102020,2.105470,product,18,1.645000,3.463499,9,0.412674,C,2,1.333333,1,24,Forecast,20260824T181001Z-27103c
90024C,NEW BAROQUE B'FLY NECKLACE GREEN,2011-11,2011-12,M2_gbm_poisson,2.045191,0.916145,product,18,1.645000,1.507059,4,0.447951,C,0,0.000000,5,24,Forecast,20260824T181001Z-27103c
90024D,NEW BAROQUE B'FLY NECKLACE PINK,2011-11,2011-12,M2_gbm_poisson,2.383144,1.522600,product,18,1.645000,2.504678,5,0.638904,C,0,0.333333,3,24,Forecast,20260824T181001Z-27103c
90024E,NEW BAROQUE B'FLY NECKLACE MONTANA,2011-11,2011-12,M2_gbm_poisson,,,,,,,,,C,0,,,,Inactive (no sales in last 6 months),20260824T181001Z-27103c
90024F,NEW BAROQUE B'FLY NECKLACE CRYSTAL,2011-11,2011-12,M2_gbm_poisson,3.585530,1.651462,product,16,1.645000,2.716655,7,0.460591,C,1,0.666667,1,20,Forecast,20260824T181001Z-27103c
90025A,BAROQUE BUTTERFLY EARRINGS BLACK,2011-11,2011-12,M2_gbm_poisson,3.961480,2.191052,product,7,1.645000,3.604280,8,0.553089,C,0,0.333333,2,8,Forecast,20260824T181001Z-27103c
90025B,BAROQUE BUTTERFLY EARRINGS RED,2011-11,2011-12,M2_gbm_poisson,,,,,,,,,C,0,,,,Inactive (no sales in last 6 months),20260824T181001Z-27103c
90025C,BAROQUE BUTTERFLY EARRINGS GREEN,2011-11,2011-12,M2_gbm_poisson,,,,,,,,,C,0,,,,Inactive (no sales in last 6 months),20260824T181001Z-27103c
90025D,BAROQUE BUTTERFLY EARRINGS PINK,2011-11,2011-12,M2_gbm_poisson,2.683335,0.539383,product,14,1.645000,0.887286,4,0.201012,C,0,0.333333,3,22,Forecast,20260824T181001Z-27103c
90025E,BAROQUE BUTTERFLY EARRINGS MONTANA,2011-11,2011-12,M2_gbm_poisson,2.064227,1.349356,product,17,1.645000,2.219691,5,0.653686,C,0,0.000000,6,24,Forecast,20260824T181001Z-27103c
90025F,BAROQUE BUTTERFLY EARRINGS CRYSTAL,2011-11,2011-12,M2_gbm_poisson,3.859888,1.185188,product,14,1.645000,1.949634,6,0.307052,C,0,0.666667,2,23,Forecast,20260824T181001Z-27103c
90026A,GLASS BEAD HOOP NECKLACE BLACK,2011-11,2011-12,M2_gbm_poisson,2.045191,1.478970,product,16,1.645000,2.432905,5,0.723145,C,0,0.000000,6,21,Forecast,20260824T181001Z-27103c
90026B,GLASS BEAD HOOP NECKLACE MONTANA,2011-11,2011-12,M2_gbm_poisson,,,,,,,,,C,0,,,,Inactive (no sales in last 6 months),20260824T181001Z-27103c
90026C,GLASS BEAD HOOP NECKLACE GREEN,2011-11,2011-12,M2_gbm_poisson,4.218493,1.159323,product,14,1.645000,1.907086,7,0.274819,C,2,0.666667,1,24,Forecast,20260824T181001Z-27103c
90026D,GLASS BEAD HOOP NECKLACE AMETHYST,2011-11,2011-12,M2_gbm_poisson,4.093567,1.530119,product,15,1.645000,2.517045,7,0.373786,C,1,0.333333,1,18,Forecast,20260824T181001Z-27103c
90027A,GLASS BEAD HOOP EARRINGS BLACK,2011-11,2011-12,M2_gbm_poisson,2.683335,0.838084,product,15,1.645000,1.378648,5,0.312329,C,0,0.000000,4,21,Forecast,20260824T181001Z-27103c
90027B,GLASS BEAD HOOP EARRINGS MONTANA,2011-11,2011-12,M2_gbm_poisson,4.652399,0.781069,product,14,1.645000,1.284858,6,0.167885,C,1,0.333333,1,24,Forecast,20260824T181001Z-27103c
90027C,GLASS BEAD HOOP EARRINGS GREEN,2011-11,2011-12,M2_gbm_poisson,4.084260,1.169569,product,17,1.645000,1.923942,7,0.286360,C,1,0.333333,1,24,Forecast,20260824T181001Z-27103c
90027D,GLASS BEAD HOOP EARRINGS AMETHYST,2011-11,2011-12,M2_gbm_poisson,5.100740,1.047286,product,15,1.645000,1.722785,7,0.205320,C,2,0.666667,1,24,Forecast,20260824T181001Z-27103c
90028,NEW BAROQUE LARGE NECKLACE BLK/WHIT,2011-11,2011-12,M2_gbm_poisson,4.183783,1.825628,product,18,1.645000,3.003158,8,0.436358,C,1,1.000000,1,24,Forecast,20260824T181001Z-27103c
90029,NEW BAROQUE SMALL NECKLACE BLACK,2011-11,2011-12,M2_gbm_poisson,2.383144,1.219426,product,17,1.645000,2.005956,5,0.511688,C,0,0.000000,4,24,Forecast,20260824T181001Z-27103c
90030A,SPOTTED WHITE NATURAL SEED NECKLACE,2011-11,2011-12,M2_gbm_poisson,20.865713,7.754460,product,8,1.645000,12.756087,34,0.371636,C,6,20.000000,1,24,Forecast,20260824T181001Z-27103c
90030B,RED KUKUI COCONUT SEED NECKLACE,2011-11,2011-12,M2_gbm_poisson,32.361478,5.850826,product,18,1.645000,9.624608,42,0.180796,C,18,22.000000,1,24,Forecast,20260824T181001Z-27103c
90030C,BROWN KUKUI COCONUT SEED NECKLACE,2011-11,2011-12,M2_gbm_poisson,20.865713,1.598769,product,18,1.645000,2.629975,24,0.076622,C,6,19.666667,1,24,Forecast,20260824T181001Z-27103c
90031,BILI NUT AND WOOD NECKLACE,2011-11,2011-12,M2_gbm_poisson,18.398549,1.629023,product,14,1.645000,2.679742,22,0.088541,C,6,12.000000,1,24,Forecast,20260824T181001Z-27103c
90032,IVORY SHELL HEART NECKLACE,2011-11,2011-12,M2_gbm_poisson,6.219532,5.325276,product,18,1.645000,8.760079,15,0.856218,C,0,3.000000,2,23,Forecast,20260824T181001Z-27103c
90033,IVORY SHELL HEART EARRINGS,2011-11,2011-12,M2_gbm_poisson,5.671606,0.904311,product,17,1.645000,1.487592,8,0.159445,C,2,0.666667,1,24,Forecast,20260824T181001Z-27103c
90034,WHITE SILVER NECKLACE SHELL GLASS,2011-11,2011-12,M2_gbm_poisson,,,,,,,,,C,0,,,,Inactive (no sales in last 6 months),20260824T181001Z-27103c
90035A,"PEARL & SHELL 42""NECKL. GREEN",2011-11,2011-12,M2_gbm_poisson,,,,,,,,,C,0,,,,Inactive (no sales in last 6 months),20260824T181001Z-27103c
90035B,"PEARL & SHELL 42""NECKL. PINK",2011-11,2011-12,M2_gbm_poisson,,,,,,,,,C,0,,,,Inactive (no sales in last 6 months),20260824T181001Z-27103c
90035C,"PEARL & SHELL 42""NECKL. IVORY",2011-11,2011-12,M2_gbm_poisson,,,,,,,,,C,0,,,,Inactive (no sales in last 6 months),20260824T181001Z-27103c
90036A,FLOWER GARLAND NECKLACE RED,2011-11,2011-12,M2_gbm_poisson,2.421241,1.518149,product,18,1.645000,2.497355,5,0.627013,C,0,0.000000,4,24,Forecast,20260824T181001Z-27103c
90036B,"FLOWER GLASS GARLAND NECKL.36""GREEN",2011-11,2011-12,M2_gbm_poisson,2.421241,1.851327,product,17,1.645000,3.045433,6,0.764619,C,0,0.000000,4,23,Forecast,20260824T181001Z-27103c
90036C,"FLOWER GLASS GARLAND NECKL.36""BLUE",2011-11,2011-12,M2_gbm_poisson,4.893293,1.112570,product,18,1.645000,1.830178,7,0.227366,C,1,1.333333,1,24,Forecast,20260824T181001Z-27103c
90036D,"FLOWER GLASS GARLAND NECKL.36""BLACK",2011-11,2011-12,M2_gbm_poisson,2.045191,1.726041,product,18,1.645000,2.839337,5,0.843951,C,0,0.000000,6,24,Forecast,20260824T181001Z-27103c
90036E,"FLOWER GLASS GARLD NECKL36""AMETHYST",2011-11,2011-12,M2_gbm_poisson,2.908383,2.560384,product,18,1.645000,4.211832,8,0.880346,C,0,0.333333,2,24,Forecast,20260824T181001Z-27103c
90036F,"FLOWER GLASS GARLD NECKL36""TURQUOIS",2011-11,2011-12,M2_gbm_poisson,,,,,,,,,C,0,,,,Inactive (no sales in last 6 months),20260824T181001Z-27103c
90037A,TINY CRYSTAL BRACELET RED,2011-11,2011-12,M2_gbm_poisson,,,,,,,,,C,0,,,,Inactive (no sales in last 6 months),20260824T181001Z-27103c
90037B,TINY CRYSTAL BRACELET GREEN,2011-11,2011-12,M2_gbm_poisson,2.971204,3.262259,product,18,1.645000,5.366417,9,1.097959,C,0,0.000000,4,21,Forecast,20260824T181001Z-27103c
90037C,TINY CRYSTAL BRACELET BLUE,2011-11,2011-12,M2_gbm_poisson,2.043465,2.100145,product,18,1.645000,3.454738,6,1.027737,C,0,0.000000,5,24,Forecast,20260824T181001Z-27103c
90037D,TINY CRYSTALS BRACELET BLACK,2011-11,2011-12,M2_gbm_poisson,,,,,,,,,C,0,,,,Inactive (no sales in last 6 months),20260824T181001Z-27103c
90038A,GLASS AND PAINTED BEADS BRACELET TO,2011-11,2011-12,M2_gbm_poisson,8.505608,2.353729,product,18,1.645000,3.871885,13,0.276727,C,2,2.666667,1,24,Forecast,20260824T181001Z-27103c
90038B,GLASS AND PAINTED BEADS BRACELET OL,2011-11,2011-12,M2_gbm_poisson,4.787204,2.409355,product,18,1.645000,3.963389,9,0.503291,C,1,1.000000,1,24,Forecast,20260824T181001Z-27103c
90038C,GLASS AND BEADS BRACELET IVORY,2011-11,2011-12,M2_gbm_poisson,2.666022,1.648925,product,18,1.645000,2.712481,6,0.618496,C,0,0.333333,3,24,Forecast,20260824T181001Z-27103c
90039A,FIRE POLISHED GLASS BRACELET RED,2011-11,2011-12,M2_gbm_poisson,,,,,,,,,C,0,,,,Inactive (no sales in last 6 months),20260824T181001Z-27103c
90039B,FIRE POLISHED GLASS BRACELET MONTAN,2011-11,2011-12,M2_gbm_poisson,2.064227,1.850560,product,18,1.645000,3.044171,6,0.896491,C,0,0.000000,5,23,Forecast,20260824T181001Z-27103c
90039C,FIRE POLISHED GLASS BRACELET BLACK,2011-11,2011-12,M2_gbm_poisson,5.819394,0.982432,product,15,1.645000,1.616101,8,0.168820,C,2,0.666667,1,24,Forecast,20260824T181001Z-27103c
90039D,FIRE POLISHED GLASS BRACELET GREEN,2011-11,2011-12,M2_gbm_poisson,5.100740,3.123121,product,18,1.645000,5.137533,11,0.612288,C,2,0.666667,1,24,Forecast,20260824T181001Z-27103c
90040A,MURANO STYLE GLASS BRACELET RED,2011-11,2011-12,M2_gbm_poisson,,,,,,,,,C,0,,,,Inactive (no sales in last 6 months),20260824T181001Z-27103c
90040B,MURANO STYLE GLASS BRACELET BLACK,2011-11,2011-12,M2_gbm_poisson,,,,,,,,,C,0,,,,Inactive (no sales in last 6 months),20260824T181001Z-27103c
90040C,MURANO STYLE GLASS BRACELET GOLD,2011-11,2011-12,M2_gbm_poisson,8.420669,4.176904,product,18,1.645000,6.871008,16,0.496030,C,5,2.666667,1,24,Forecast,20260824T181001Z-27103c
90040D,MURANO STYLE GLASS BRACELET PINK,2011-11,2011-12,M2_gbm_poisson,,,,,,,,,C,0,,,,Inactive (no sales in last 6 months),20260824T181001Z-27103c
90041,PEARL AND CHERRY QUARTZ BRACLET,2011-11,2011-12,M2_gbm_poisson,2.683335,1.054197,product,17,1.645000,1.734154,5,0.392868,C,0,0.333333,3,24,Forecast,20260824T181001Z-27103c
90042A,FRESHWATER PEARL BRACELET GOLD,2011-11,2011-12,M2_gbm_poisson,,,,,,,,,C,0,,,,Inactive (no sales in last 6 months),20260824T181001Z-27103c
90042B,FRESHWATER PEARL BRACELET PINK,2011-11,2011-12,M2_gbm_poisson,,,,,,,,,C,0,,,,Inactive (no sales in last 6 months),20260824T181001Z-27103c
90042C,FRESHWATER PEARL BRACELET IVORY,2011-11,2011-12,M2_gbm_poisson,,,,,,,,,C,0,,,,Inactive (no sales in last 6 months),20260824T181001Z-27103c
90043,COPPER AND BRASS BAG CHARM,2011-11,2011-12,M2_gbm_poisson,2.851164,0.953191,product,8,1.645000,1.568000,5,0.334317,C,0,0.333333,2,24,Forecast,20260824T181001Z-27103c
90046,WHITE WITH METAL BAG CHARM,2011-11,2011-12,M2_gbm_poisson,2.064227,1.914276,product,13,1.645000,3.148984,6,0.927357,C,0,0.000000,5,21,Forecast,20260824T181001Z-27103c
90048,GREEN WITH METAL BAG CHARM,2011-11,2011-12,M2_gbm_poisson,2.064227,2.476699,product,13,1.645000,4.074170,7,1.199819,C,0,0.000000,5,24,Forecast,20260824T181001Z-27103c
90049,IVORY GOLD METAL BAG CHARM,2011-11,2011-12,M2_gbm_poisson,3.585530,2.382910,product,16,1.645000,3.919886,8,0.664591,C,1,0.666667,1,19,Forecast,20260824T181001Z-27103c
90050,CRACKED GLAZE NECKLACE IVORY,2011-11,2011-12,M2_gbm_poisson,4.366355,0.695412,product,16,1.645000,1.143953,6,0.159266,C,3,1.000000,1,23,Forecast,20260824T181001Z-27103c
90051,CRACKED GLAZE NECKLACE RED,2011-11,2011-12,M2_gbm_poisson,3.491593,1.882089,product,17,1.645000,3.096036,7,0.539034,C,0,1.000000,2,18,Forecast,20260824T181001Z-27103c
90052,CRACKED GLAZE NECKLACE BROWN,2011-11,2011-12,M2_gbm_poisson,3.743787,1.155179,product,10,1.645000,1.900269,6,0.308559,C,1,0.333333,1,24,Forecast,20260824T181001Z-27103c
90053,CRACKED GLAZE EARRINGS IVORY,2011-11,2011-12,M2_gbm_poisson,3.543321,1.820278,product,18,1.645000,2.994357,7,0.513721,C,0,0.333333,2,23,Forecast,20260824T181001Z-27103c
90054,CRACKED GLAZE EARRINGS RED,2011-11,2011-12,M2_gbm_poisson,5.596105,1.461732,product,18,1.645000,2.404550,9,0.261205,C,2,1.000000,1,24,Forecast,20260824T181001Z-27103c
90055,CRACKED GLAZE EARRINGS BROWN,2011-11,2011-12,M2_gbm_poisson,6.470690,1.041661,product,15,1.645000,1.713533,9,0.160981,C,2,0.666667,1,23,Forecast,20260824T181001Z-27103c
90056,CHUNKY CRACKED GLAZE NECKLACE IVORY,2011-11,2011-12,M2_gbm_poisson,2.383144,2.296754,product,15,1.645000,3.778160,7,0.963750,C,0,0.333333,3,24,Forecast,20260824T181001Z-27103c
90057,DIAMANTE RING ASSORTED IN BOX.,2011-11,2011-12,M2_gbm_poisson,141.428133,9.215526,product,16,1.645000,15.159540,157,0.065160,B,408,160.000000,1,24,Forecast,20260824T181001Z-27103c
90058A,CRYSTAL STUD EARRINGS CLEAR DISPLAY,2011-11,2011-12,M2_gbm_poisson,72.627350,48.153376,product,15,1.645000,79.212303,152,0.663020,C,180,84.000000,1,24,Forecast,20260824T181001Z-27103c
90058B,CRYSTAL STUD EARRINGS ASSORTED COL,2011-11,2011-12,M2_gbm_poisson,78.716850,36.876122,product,18,1.645000,60.661220,140,0.468465,C,216,144.000000,1,24,Forecast,20260824T181001Z-27103c
90059A,DIAMANTE HAIR GRIP PACK/2 CRYSTAL,2011-11,2011-12,M2_gbm_poisson,16.729093,9.958665,product,18,1.645000,16.382003,34,0.595290,C,9,5.000000,1,24,Forecast,20260824T181001Z-27103c
90059B,DIAMANTE HAIR GRIP PACK/2 BLACK DIA,2011-11,2011-12,M2_gbm_poisson,8.670867,3.576263,product,18,1.645000,5.882953,15,0.412446,C,2,2.666667,1,23,Forecast,20260824T181001Z-27103c
90059C,DIAMANTE HAIR GRIP PACK/2 MONTANA,2011-11,2011-12,M2_gbm_poisson,8.821625,2.736154,product,18,1.645000,4.500974,14,0.310164,C,4,3.333333,1,24,Forecast,20260824T181001Z-27103c
90059D,DIAMANTE HAIR GRIP PACK/2 PERIDOT,2011-11,2011-12,M2_gbm_poisson,9.790732,6.260961,product,18,1.645000,10.299280,21,0.639478,C,3,3.333333,1,24,Forecast,20260824T181001Z-27103c
90059E,DIAMANTE HAIR GRIP PACK/2 RUBY,2011-11,2011-12,M2_gbm_poisson,16.115337,4.189844,product,18,1.645000,6.892294,24,0.259991,C,6,4.333333,1,24,Forecast,20260824T181001Z-27103c
90059F,DIAMANTE HAIR GRIP PACK/2 LT ROSE,2011-11,2011-12,M2_gbm_poisson,10.356166,5.307964,product,18,1.645000,8.731600,20,0.512541,C,4,3.666667,1,24,Forecast,20260824T181001Z-27103c
90060B,FIRE POLISHED GLASS NECKL GOLD,2011-11,2011-12,M2_gbm_poisson,,,,,,,,,C,0,,,,Inactive (no sales in last 6 months),20260824T181001Z-27103c
90060C,FIRE POLISHED GLASS NECKL SILVER,2011-11,2011-12,M2_gbm_poisson,,,,,,,,,C,0,,,,Inactive (no sales in last 6 months),20260824T181001Z-27103c
90060D,FIRE POLISHED GLASS NECKL BRONZE,2011-11,2011-12,M2_gbm_poisson,,,,,,,,,C,0,,,,Inactive (no sales in last 6 months),20260824T181001Z-27103c
90060F,FIRE POLISHED GLASS NECKL GREEN,2011-11,2011-12,M2_gbm_poisson,4.330428,1.208571,product,18,1.645000,1.988100,7,0.279088,C,1,1.000000,1,24,Forecast,20260824T181001Z-27103c
90062,CARNIVAL BRACELET,2011-11,2011-12,M2_gbm_poisson,,,,,,,,,B,0,,,,Inactive (no sales in last 6 months),20260824T181001Z-27103c
90063A,WHITE VINT ART DECO CRYSTAL NECKLAC,2011-11,2011-12,M2_gbm_poisson,4.180976,1.469158,product,17,1.645000,2.416766,7,0.351391,C,2,2.000000,1,18,Forecast,20260824T181001Z-27103c
90063B,BLACK VINT ART DEC CRYSTAL NECKLACE,2011-11,2011-12,M2_gbm_poisson,5.013598,2.192065,product,16,1.645000,3.605946,9,0.437224,C,3,1.666667,1,24,Forecast,20260824T181001Z-27103c
90064A,WHITE VINTAGE CRYSTAL EARRINGS,2011-11,2011-12,M2_gbm_poisson,4.084260,2.470975,product,18,1.645000,4.064754,9,0.604999,C,1,0.333333,1,23,Forecast,20260824T181001Z-27103c
90064B,BLACK VINTAGE  CRYSTAL EARRINGS,2011-11,2011-12,M2_gbm_poisson,4.010787,2.117175,product,18,1.645000,3.482753,8,0.527870,C,0,1.333333,2,24,Forecast,20260824T181001Z-27103c
90065A,WHITE VINTAGE CRYSTAL BRACELET,2011-11,2011-12,M2_gbm_poisson,2.064227,2.593420,product,18,1.645000,4.266175,7,1.256364,C,0,0.000000,6,24,Forecast,20260824T181001Z-27103c
90065B,BLACK VINT ART DEC CRYSTAL BRACELET,2011-11,2011-12,M2_gbm_poisson,3.736213,1.178182,product,13,1.645000,1.938109,6,0.315341,C,1,0.666667,1,24,Forecast,20260824T181001Z-27103c
90066A,PINK VINTAGE VICTORIAN CHOKER,2011-11,2011-12,M2_gbm_poisson,,,,,,,,,C,0,,,,Inactive (no sales in last 6 months),20260824T181001Z-27103c
90067A,PINK VINTAGE VICTORIAN EARRINGS,2011-11,2011-12,M2_gbm_poisson,9.300070,3.131212,product,18,1.645000,5.150844,15,0.336687,C,6,2.333333,1,24,Forecast,20260824T181001Z-27103c
90067B,BROWN VINTAGE VICTORIAN EARRINGS,2011-11,2011-12,M2_gbm_poisson,2.064227,2.066142,product,13,1.645000,3.398804,6,1.000928,C,0,0.000000,5,24,Forecast,20260824T181001Z-27103c
90068,"RUBY GLASS NECKLACE 42""",2011-11,2011-12,M2_gbm_poisson,,,,,,,,,C,0,,,,Inactive (no sales in last 6 months),20260824T181001Z-27103c
90069,RUBY GLASS CLUSTER NECKLACE,2011-11,2011-12,M2_gbm_poisson,4.941645,0.860247,product,8,1.645000,1.415107,7,0.174081,C,2,0.666667,1,24,Forecast,20260824T181001Z-27103c
90070,RUBY GLASS CLUSTER BRACELET,2011-11,2011-12,M2_gbm_poisson,5.901473,2.397849,product,18,1.645000,3.944461,10,0.406314,C,4,2.000000,1,24,Forecast,20260824T181001Z-27103c
90071,RUBY GLASS CLUSTER EARRINGS,2011-11,2011-12,M2_gbm_poisson,11.327257,4.597446,product,18,1.645000,7.562799,19,0.405875,C,5,3.333333,1,24,Forecast,20260824T181001Z-27103c
90072,RUBY DROP CHANDELIER EARRINGS,2011-11,2011-12,M2_gbm_poisson,9.829528,3.132400,product,18,1.645000,5.152798,15,0.318672,C,3,3.666667,1,24,Forecast,20260824T181001Z-27103c
90073,VINTAGE ENAMEL & CRYSTAL EARRINGS,2011-11,2011-12,M2_gbm_poisson,4.945870,4.333460,product,18,1.645000,7.128542,13,0.876178,C,2,1.333333,1,24,Forecast,20260824T181001Z-27103c
90074,BLACK DIAMOND CLUSTER NECKLACE,2011-11,2011-12,M2_gbm_poisson,4.183783,1.321316,product,14,1.645000,2.173565,7,0.315818,C,1,1.000000,1,21,Forecast,20260824T181001Z-27103c
90075,MONTANA DIAMOND CLUSTER NECKLACE,2011-11,2011-12,M2_gbm_poisson,4.774302,1.614228,product,16,1.645000,2.655405,8,0.338108,C,2,0.666667,1,21,Forecast,20260824T181001Z-27103c
90076,MONTANA DIAMOND CLUSTER EARRINGS,2011-11,2011-12,M2_gbm_poisson,4.652399,1.467138,product,18,1.645000,2.413442,8,0.315351,C,1,0.333333,1,23,Forecast,20260824T181001Z-27103c
90077,BLACK DIAMOND CLUSTER EARRINGS,2011-11,2011-12,M2_gbm_poisson,2.683335,0.709365,product,12,1.645000,1.166905,4,0.264359,C,0,0.333333,3,24,Forecast,20260824T181001Z-27103c
90078,PINK/WHITE GLASS DEMI CHOKER,2011-11,2011-12,M2_gbm_poisson,,,,,,,,,C,0,,,,Inactive (no sales in last 6 months),20260824T181001Z-27103c
90079,VINTAGE ENAMEL & CRYSTAL NECKLACE,2011-11,2011-12,M2_gbm_poisson,2.955233,1.782273,product,18,1.645000,2.931840,6,0.603091,C,0,0.333333,2,24,Forecast,20260824T181001Z-27103c
90081A,LILY BROOCH AMETHYST COLOUR,2011-11,2011-12,M2_gbm_poisson,4.357522,2.617807,product,18,1.645000,4.306292,9,0.600756,C,2,1.000000,1,24,Forecast,20260824T181001Z-27103c
90081B,LILY BROOCH WHITE/SILVER COLOUR,2011-11,2011-12,M2_gbm_poisson,,,,,,,,,C,0,,,,Inactive (no sales in last 6 months),20260824T181001Z-27103c
90081C,LILY BROOCH OLIVE COLOUR,2011-11,2011-12,M2_gbm_poisson,5.224297,3.155867,product,18,1.645000,5.191402,11,0.604075,C,3,1.333333,1,24,Forecast,20260824T181001Z-27103c
90082A,DIAMANTE BOW BROOCH GREEN COLOUR,2011-11,2011-12,M2_gbm_poisson,4.379175,3.420312,product,18,1.645000,5.626413,11,0.781040,C,2,1.333333,1,24,Forecast,20260824T181001Z-27103c
90082B,DIAMANTE BOW BROOCH RED COLOUR,2011-11,2011-12,M2_gbm_poisson,3.743787,4.552050,product,18,1.645000,7.488122,12,1.215895,C,1,0.333333,1,24,Forecast,20260824T181001Z-27103c
90082C,DIAMANTE BOW BROOCH WHITE COLOUR,2011-11,2011-12,M2_gbm_poisson,,,,,,,,,C,0,,,,Inactive (no sales in last 6 months),20260824T181001Z-27103c
90082D,DIAMANTE BOW BROOCH BLACK COLOUR,2011-11,2011-12,M2_gbm_poisson,4.237050,8.056756,product,13,1.645000,13.253364,18,1.901501,C,1,0.333333,1,24,Forecast,20260824T181001Z-27103c
90083,CRYSTAL CZECH CROSS PHONE CHARM,2011-11,2011-12,M2_gbm_poisson,10.603626,4.419397,product,18,1.645000,7.269907,18,0.416782,C,8,2.666667,1,24,Forecast,20260824T181001Z-27103c
90084,PINK CRYSTAL GUITAR PHONE CHARM,2011-11,2011-12,M2_gbm_poisson,,,,,,,,,C,0,,,,Inactive (no sales in last 6 months),20260824T181001Z-27103c
90085,CRYSTAL STILETTO PHONE CHARM,2011-11,2011-12,M2_gbm_poisson,2.945728,6.284862,product,18,1.645000,10.338598,14,2.133551,C,0,0.000000,4,24,Forecast,20260824T181001Z-27103c
90086,CRYSTAL FROG PHONE CHARM,2011-11,2011-12,M2_gbm_poisson,13.361360,6.067058,product,18,1.645000,9.980310,24,0.454075,C,7,6.000000,1,21,Forecast,20260824T181001Z-27103c
90087,CRYSTAL SEA HORSE PHONE CHARM,2011-11,2011-12,M2_gbm_poisson,14.674524,14.182089,product,18,1.645000,23.329537,39,0.966443,C,5,7.666667,1,24,Forecast,20260824T181001Z-27103c
90088,CRYSTAL KEY+LOCK PHONE CHARM,2011-11,2011-12,M2_gbm_poisson,,,,,,,,,C,0,,,,Inactive (no sales in last 6 months),20260824T181001Z-27103c
90089,PINK CRYSTAL SKULL PHONE CHARM,2011-11,2011-12,M2_gbm_poisson,5.597743,6.775081,product,18,1.645000,11.145009,17,1.210324,C,2,1.000000,1,24,Forecast,20260824T181001Z-27103c
90090,PINK CRYSTAL HEART PHONE CHARM,2011-11,2011-12,M2_gbm_poisson,,,,,,,,,C,0,,,,Inactive (no sales in last 6 months),20260824T181001Z-27103c
90091,CRYSTAL DRAGONFLY PHONE CHARM,2011-11,2011-12,M2_gbm_poisson,,,,,,,,,C,0,,,,Inactive (no sales in last 6 months),20260824T181001Z-27103c
90092,BLUE CRYSTAL BOOT PHONE CHARM,2011-11,2011-12,M2_gbm_poisson,,,,,,,,,C,0,,,,Inactive (no sales in last 6 months),20260824T181001Z-27103c
90093,CLEAR CRYSTAL STAR PHONE CHARM,2011-11,2011-12,M2_gbm_poisson,4.482821,7.671630,product,18,1.645000,12.619831,18,1.711340,C,1,0.666667,1,24,Forecast,20260824T181001Z-27103c
90094,NECKLACE+BRACELET SET FRUIT SALAD,2011-11,2011-12,M2_gbm_poisson,6.851001,2.931145,product,17,1.645000,4.821734,12,0.427842,C,5,1.666667,1,18,Forecast,20260824T181001Z-27103c
90095,NECKLACE+BRACELET SET PINK BLOSSOM,2011-11,2011-12,M2_gbm_poisson,,,,,,,,,C,0,,,,Inactive (no sales in last 6 months),20260824T181001Z-27103c
90096,NECKLACE+BRACELET SET BLUE BLOSSOM,2011-11,2011-12,M2_gbm_poisson,7.514144,6.589016,product,18,1.645000,10.838931,19,0.876882,C,5,2.000000,1,23,Forecast,20260824T181001Z-27103c
90098,NECKLACE+BRACELET PINK BUTTERFLY,2011-11,2011-12,M2_gbm_poisson,12.690647,5.639602,product,18,1.645000,9.277145,22,0.444390,C,3,5.333333,1,24,Forecast,20260824T181001Z-27103c
90099,NECKLACE+BRACELET SET BLUE HIBISCUS,2011-11,2011-12,M2_gbm_poisson,16.258467,2.975142,product,14,1.645000,4.894108,22,0.182990,C,12,4.333333,1,24,Forecast,20260824T181001Z-27103c
90100,NECKLACE+BRACELET SET PINK DAISY,2011-11,2011-12,M2_gbm_poisson,,,,,,,,,C,0,,,,Inactive (no sales in last 6 months),20260824T181001Z-27103c
90101,WHITE FRANGIPANI NECKLACE,2011-11,2011-12,M2_gbm_poisson,12.088228,2.957018,product,18,1.645000,4.864295,17,0.244620,C,5,4.666667,1,24,Forecast,20260824T181001Z-27103c
90102,WHITE FRANGIPANI HAIR CLIP,2011-11,2011-12,M2_gbm_poisson,1.984807,4.881389,product,17,1.645000,8.029885,11,2.459377,C,0,0.000000,6,23,Forecast,20260824T181001Z-27103c
90103,PURPLE FRANGIPANI NECKLACE,2011-11,2011-12,M2_gbm_poisson,9.435873,4.082175,product,18,1.645000,6.715177,17,0.432623,C,5,1.666667,1,24,Forecast,20260824T181001Z-27103c
90104,PURPLE FRANGIPANI HAIRCLIP,2011-11,2011-12,M2_gbm_poisson,,,,,,,,,C,0,,,,Inactive (no sales in last 6 months),20260824T181001Z-27103c
90108,BLUE BLOSSOM HAIR CLIP,2011-11,2011-12,M2_gbm_poisson,11.480963,10.081828,product,18,1.645000,16.584607,29,0.878134,C,2,5.000000,1,23,Forecast,20260824T181001Z-27103c
90111,BLUE HIBISCUS  HAIR CLIP,2011-11,2011-12,M2_gbm_poisson,,,,,,,,,C,0,,,,Inactive (no sales in last 6 months),20260824T181001Z-27103c
90112,PINK DOLLY HAIR CLIPS,2011-11,2011-12,M2_gbm_poisson,,,,,,,,,C,0,,,,Inactive (no sales in last 6 months),20260824T181001Z-27103c
90114,SUMMER DAISIES BAG CHARM,2011-11,2011-12,M2_gbm_poisson,46.624378,9.352308,product,18,1.645000,15.384547,63,0.200588,C,54,20.000000,1,22,Forecast,20260824T181001Z-27103c
90115,SUMMER BUTTERFLIES BAG CHARM,2011-11,2011-12,M2_gbm_poisson,1.989265,5.840286,product,18,1.645000,9.607271,12,2.935902,C,0,0.000000,6,24,Forecast,20260824T181001Z-27103c
90116,FRUIT SALAD BAG CHARM,2011-11,2011-12,M2_gbm_poisson,12.569109,8.305962,product,18,1.645000,13.663307,27,0.660823,C,6,3.000000,1,22,Forecast,20260824T181001Z-27103c
90118,PINK DAISY BAG CHARM,2011-11,2011-12,M2_gbm_poisson,15.368333,6.305351,product,17,1.645000,10.372303,26,0.410282,C,7,4.333333,1,18,Forecast,20260824T181001Z-27103c
90119,METALIC LEAVES BAG CHARMS,2011-11,2011-12,M2_gbm_poisson,33.615969,5.232587,product,17,1.645000,8.607606,43,0.155658,C,26,15.666667,1,18,Forecast,20260824T181001Z-27103c
90120A,PINK MURANO TWIST BRACELET,2011-11,2011-12,M2_gbm_poisson,,,,,,,,,C,0,,,,Inactive (no sales in last 6 months),20260824T181001Z-27103c
90120B,BLUE MURANO TWIST BRACELET,2011-11,2011-12,M2_gbm_poisson,13.822332,4.887872,product,18,1.645000,8.040549,22,0.353621,C,12,5.000000,1,24,Forecast,20260824T181001Z-27103c
90120C,GREEN MURANO TWIST BRACELET,2011-11,2011-12,M2_gbm_poisson,13.675035,5.048006,product,18,1.645000,8.303970,22,0.369140,C,11,5.666667,1,24,Forecast,20260824T181001Z-27103c
90120D,WHITE MURANO TWIST BRACELET,2011-11,2011-12,M2_gbm_poisson,,,,,,,,,C,0,,,,Inactive (no sales in last 6 months),20260824T181001Z-27103c
90121B,VINTAGE ROSE BEAD BRACELET BLUE,2011-11,2011-12,M2_gbm_poisson,,,,,,,,,C,0,,,,Inactive (no sales in last 6 months),20260824T181001Z-27103c
90122A,PINK CRYSTAL+GLASS BRACELET,2011-11,2011-12,M2_gbm_poisson,4.357522,6.484748,product,18,1.645000,10.667410,16,1.488173,C,2,1.000000,1,23,Forecast,20260824T181001Z-27103c
90122B,JADE CRYSTAL+GLASS BRACELET,2011-11,2011-12,M2_gbm_poisson,2.443777,1.913200,product,18,1.645000,3.147213,6,0.782887,C,0,0.333333,3,24,Forecast,20260824T181001Z-27103c
90122C,TURQUOISE CRYSTAL+GLASS BRACELET,2011-11,2011-12,M2_gbm_poisson,6.950811,6.349618,product,18,1.645000,10.445121,18,0.913507,C,1,2.666667,1,24,Forecast,20260824T181001Z-27103c
90123A,PINK HEART OF GLASS BRACELET,2011-11,2011-12,M2_gbm_poisson,2.955233,1.677174,product,18,1.645000,2.758952,6,0.567527,C,0,0.333333,2,24,Forecast,20260824T181001Z-27103c
90123B,TURQUOISE HEART OF GLASS BRACELET,2011-11,2011-12,M2_gbm_poisson,2.443777,2.068320,product,18,1.645000,3.402386,6,0.846362,C,0,0.000000,4,23,Forecast,20260824T181001Z-27103c
90123C,GREEN HEART OF GLASS BRACELET,2011-11,2011-12,M2_gbm_poisson,2.443777,1.675914,product,18,1.645000,2.756879,6,0.685789,C,0,0.000000,4,24,Forecast,20260824T181001Z-27103c
90123D,WHITE HEART OF GLASS BRACELET,2011-11,2011-12,M2_gbm_poisson,3.736213,1.687528,product,18,1.645000,2.775984,7,0.451668,C,1,0.666667,1,24,Forecast,20260824T181001Z-27103c
90124A,PINK MURANO TWIST NECKLACE,2011-11,2011-12,M2_gbm_poisson,3.368636,1.065727,product,18,1.645000,1.753121,6,0.316367,C,0,1.000000,2,24,Forecast,20260824T181001Z-27103c
90124B,BLUE MURANO TWIST NECKLACE,2011-11,2011-12,M2_gbm_poisson,3.585530,0.811229,product,18,1.645000,1.334472,5,0.226251,C,1,0.666667,1,24,Forecast,20260824T181001Z-27103c
90124C,GREEN MURANO TWIST NECKLACE,2011-11,2011-12,M2_gbm_poisson,4.319791,1.765066,product,18,1.645000,2.903533,8,0.408600,C,1,1.666667,1,24,Forecast,20260824T181001Z-27103c
90125A,PINK BERTIE GLASS BEAD BAG CHARM,2011-11,2011-12,M2_gbm_poisson,2.064227,5.781932,product,18,1.645000,9.511279,12,2.801016,C,0,0.000000,5,24,Forecast,20260824T181001Z-27103c
90125B,AQUA BERTIE GLASS BEAD BAG CHARM,2011-11,2011-12,M2_gbm_poisson,2.064227,3.516778,product,18,1.645000,5.785100,8,1.703678,C,0,0.000000,5,24,Forecast,20260824T181001Z-27103c
90125C,TURQUOISE BERTIE GLASS BEAD CHARM,2011-11,2011-12,M2_gbm_poisson,,,,,,,,,C,0,,,,Inactive (no sales in last 6 months),20260824T181001Z-27103c
90125D,PURPLE BERTIE GLASS BEAD BAG CHARM,2011-11,2011-12,M2_gbm_poisson,2.064227,8.500876,product,18,1.645000,13.983940,17,4.118189,C,0,0.000000,5,24,Forecast,20260824T181001Z-27103c
90125E,AMBER BERTIE GLASS BEAD BAG CHARM,2011-11,2011-12,M2_gbm_poisson,,,,,,,,,C,0,,,,Inactive (no sales in last 6 months),20260824T181001Z-27103c
90126A,PINK BERTIE MOBILE PHONE CHARM,2011-11,2011-12,M2_gbm_poisson,,,,,,,,,C,0,,,,Inactive (no sales in last 6 months),20260824T181001Z-27103c
90126B,BLUE BERTIE MOBILE PHONE CHARM,2011-11,2011-12,M2_gbm_poisson,,,,,,,,,C,0,,,,Inactive (no sales in last 6 months),20260824T181001Z-27103c
90126C,AMBER BERTIE MOBILE PHONE CHARM,2011-11,2011-12,M2_gbm_poisson,2.064227,2.095917,product,13,1.645000,3.447784,6,1.015352,C,0,0.000000,5,24,Forecast,20260824T181001Z-27103c
90127A,PINK BEADS+HAND PHONE CHARM,2011-11,2011-12,M2_gbm_poisson,2.043465,7.660740,product,10,1.645000,12.601918,15,3.748897,C,0,0.000000,5,13,Forecast,20260824T181001Z-27103c
90127B,BLUE BEADS+HAND PHONE CHARM,2011-11,2011-12,M2_gbm_poisson,,,,,,,,,C,0,,,,Inactive (no sales in last 6 months),20260824T181001Z-27103c
90128A,PINK LEAVES AND BEADS PHONE CHARM,2011-11,2011-12,M2_gbm_poisson,2.043465,5.211029,product,17,1.645000,8.572143,11,2.550095,C,0,0.000000,5,23,Forecast,20260824T181001Z-27103c
90128B,BLUE LEAVES AND BEADS PHONE CHARM,2011-11,2011-12,M2_gbm_poisson,,,,,,,,,C,0,,,,Inactive (no sales in last 6 months),20260824T181001Z-27103c
90128C,GREEN LEAVES AND BEADS PHONE CHARM,2011-11,2011-12,M2_gbm_poisson,2.927951,4.201056,product,15,1.645000,6.910737,10,1.434811,C,0,0.333333,3,24,Forecast,20260824T181001Z-27103c
90128D,PURPLE LEAVES AND BEADS PHONE CHAR,2011-11,2011-12,M2_gbm_poisson,,,,,,,,,C,0,,,,Inactive (no sales in last 6 months),20260824T181001Z-27103c
90129A,PINK GLASS TASSLE BAG CHARM,2011-11,2011-12,M2_gbm_poisson,4.963424,8.741673,product,18,1.645000,14.380052,20,1.761218,C,0,2.000000,2,24,Forecast,20260824T181001Z-27103c
90129B,TURQUOISE GLASS TASSLE BAG CHARM,2011-11,2011-12,M2_gbm_poisson,12.794277,7.580916,product,18,1.645000,12.470607,26,0.592524,C,9,6.333333,1,24,Forecast,20260824T181001Z-27103c
90129C,GREEN GLASS TASSLE BAG CHARM,2011-11,2011-12,M2_gbm_poisson,10.510749,8.296795,product,18,1.645000,13.648227,25,0.789363,C,1,4.666667,1,24,Forecast,20260824T181001Z-27103c
90129D,AMBER GLASS TASSLE BAG CHARM,2011-11,2011-12,M2_gbm_poisson,6.920720,3.835048,product,17,1.645000,6.308654,14,0.554140,C,0,3.666667,2,24,Forecast,20260824T181001Z-27103c
90129E,PURPLE GLASS TASSLE BAG CHARM,2011-11,2011-12,M2_gbm_poisson,10.179183,3.873932,product,18,1.645000,6.372619,17,0.380574,C,2,4.333333,1,24,Forecast,20260824T181001Z-27103c
90129F,RED GLASS TASSLE BAG CHARM,2011-11,2011-12,M2_gbm_poisson,13.316237,5.972234,product,18,1.645000,9.824325,24,0.448493,C,9,5.666667,1,24,Forecast,20260824T181001Z-27103c
90130A,WHITE STONE/CRYSTAL EARRINGS,2011-11,2011-12,M2_gbm_poisson,5.317219,2.769361,product,16,1.645000,4.555599,10,0.520829,C,4,1.666667,1,24,Forecast,20260824T181001Z-27103c
90130B,TURQ STONE/CRYSTAL EARRINGS,2011-11,2011-12,M2_gbm_poisson,14.085717,5.952884,product,18,1.645000,9.792494,24,0.422618,C,6,5.000000,1,24,Forecast,20260824T181001Z-27103c
90130C,GREEN STONE/CRYSTAL EARRINGS,2011-11,2011-12,M2_gbm_poisson,5.317219,1.409621,product,18,1.645000,2.318826,8,0.265105,C,3,1.666667,1,24,Forecast,20260824T181001Z-27103c
90130D,RED STONE/CRYSTAL EARRINGS,2011-11,2011-12,M2_gbm_poisson,5.842509,0.771850,product,13,1.645000,1.269692,8,0.132109,C,2,0.666667,1,23,Forecast,20260824T181001Z-27103c
90131,PINK/AMETHYST/GOLD NECKLACE,2011-11,2011-12,M2_gbm_poisson,2.064227,1.274272,product,16,1.645000,2.096178,5,0.617312,C,0,0.000000,6,24,Forecast,20260824T181001Z-27103c
90132,LIGHT TOPAZ TEAL/AQUA COL NECKLACE,2011-11,2011-12,M2_gbm_poisson,2.443777,0.921984,product,14,1.645000,1.516663,4,0.377278,C,0,0.000000,4,24,Forecast,20260824T181001Z-27103c
90133,TEAL/FUSCHIA COL BEAD NECKLACE,2011-11,2011-12,M2_gbm_poisson,15.267575,2.308052,product,18,1.645000,3.796746,20,0.151173,C,12,4.000000,1,24,Forecast,20260824T181001Z-27103c
90134,OLD ROSE COMBO BEAD NECKLACE,2011-11,2011-12,M2_gbm_poisson,15.926691,5.399961,product,18,1.645000,8.882936,25,0.339051,C,7,4.000000,1,24,Forecast,20260824T181001Z-27103c
90135,ORANGE/WHT/FUSCHIA STONES NECKLACE,2011-11,2011-12,M2_gbm_poisson,,,,,,,,,C,0,,,,Inactive (no sales in last 6 months),20260824T181001Z-27103c
90135A,ORANGE/FUSCHIA STONES NECKLACE,2011-11,2011-12,M2_gbm_poisson,,,,,,,,,C,0,,,,Inactive (no sales in last 6 months),20260824T181001Z-27103c
90136,PALE PINK/AMETHYST STONE NECKLACE,2011-11,2011-12,M2_gbm_poisson,,,,,,,,,C,0,,,,Inactive (no sales in last 6 months),20260824T181001Z-27103c
90137,PINK COMBO MINI CRYSTALS NECKLACE,2011-11,2011-12,M2_gbm_poisson,2.064227,0.913708,product,17,1.645000,1.503050,4,0.442639,C,0,0.000000,5,24,Forecast,20260824T181001Z-27103c
90138,WHITE/PINK MINI CRYSTALS NECKLACE,2011-11,2011-12,M2_gbm_poisson,3.743787,1.255783,product,18,1.645000,2.065763,6,0.335431,C,1,0.333333,1,24,Forecast,20260824T181001Z-27103c
90139,FLOWER BROOCH 4 ASSORTED COLOURS,2011-11,2011-12,M2_gbm_poisson,,,,,,,,,C,0,,,,Inactive (no sales in last 6 months),20260824T181001Z-27103c
90140,PINK SWEETIE NECKLACE,2011-11,2011-12,M2_gbm_poisson,2.443777,0.975640,product,14,1.645000,1.604928,5,0.399235,C,0,0.000000,4,24,Forecast,20260824T181001Z-27103c
90141A,GREEN PENDANT TRIPLE SHELL NECKLACE,2011-11,2011-12,M2_gbm_poisson,5.050177,1.930170,product,17,1.645000,3.175130,9,0.382199,C,2,0.666667,1,24,Forecast,20260824T181001Z-27103c
90141B,IVORY PENDANT TRIPLE SHELL NECKLACE,2011-11,2011-12,M2_gbm_poisson,2.064227,0.968368,product,17,1.645000,1.592965,4,0.469119,C,0,0.000000,5,24,Forecast,20260824T181001Z-27103c
90141C,TURQ PENDANT TRIPLE SHELL NECKLACE,2011-11,2011-12,M2_gbm_poisson,5.280850,1.215204,product,18,1.645000,1.999011,8,0.230115,C,4,1.333333,1,24,Forecast,20260824T181001Z-27103c
90141D,ROSE PENDANT TRIPLE SHELL NECKLACE,2011-11,2011-12,M2_gbm_poisson,2.064227,1.138033,product,18,1.645000,1.872064,4,0.551312,C,0,0.000000,5,23,Forecast,20260824T181001Z-27103c
90141E,ORANGE PENDANT TRIPLE SHELL NECKLAC,2011-11,2011-12,M2_gbm_poisson,3.491593,1.597223,product,12,1.645000,2.627432,7,0.457448,C,0,0.666667,2,24,Forecast,20260824T181001Z-27103c
90142A,GREEN PENDANT SHELL NECKLACE,2011-11,2011-12,M2_gbm_poisson,,,,,,,,,C,0,,,,Inactive (no sales in last 6 months),20260824T181001Z-27103c
90142B,IVORY PENDANT SHELL NECKLACE,2011-11,2011-12,M2_gbm_poisson,,,,,,,,,C,0,,,,Inactive (no sales in last 6 months),20260824T181001Z-27103c
90142C,ROSE PINK PENDANT SHELL NECKLACE,2011-11,2011-12,M2_gbm_poisson,,,,,,,,,C,0,,,,Inactive (no sales in last 6 months),20260824T181001Z-27103c
90142D,MOP PENDANT SHELL NECKLACE,2011-11,2011-12,M2_gbm_poisson,3.491593,1.725854,product,12,1.645000,2.839031,7,0.494289,C,0,1.000000,2,13,Forecast,20260824T181001Z-27103c
90143,SILVER BRACELET W PASTEL FLOWER,2011-11,2011-12,M2_gbm_poisson,3.562723,4.519551,product,18,1.645000,7.434662,11,1.268566,C,0,1.333333,2,24,Forecast,20260824T181001Z-27103c
90144,SILVER DROP EARRINGS WITH FLOWER,2011-11,2011-12,M2_gbm_poisson,6.025366,3.698807,product,18,1.645000,6.084537,13,0.613872,C,3,2.000000,1,24,Forecast,20260824T181001Z-27103c
90145,SILVER HOOP EARRINGS WITH FLOWER,2011-11,2011-12,M2_gbm_poisson,8.231996,4.818186,product,18,1.645000,7.925915,17,0.585300,C,2,3.333333,1,24,Forecast,20260824T181001Z-27103c
90146,FINE SILVER NECKLACE W PASTEL FLOWE,2011-11,2011-12,M2_gbm_poisson,6.219532,2.952142,product,18,1.645000,4.856274,12,0.474657,C,0,3.000000,2,24,Forecast,20260824T181001Z-27103c
90147,CHUNKY SILVER NECKLACE PASTEL FLOWE,2011-11,2011-12,M2_gbm_poisson,10.196786,4.857593,product,18,1.645000,7.990741,19,0.476385,C,6,3.333333,1,24,Forecast,20260824T181001Z-27103c
90148,LONG SILVER NECKLACE PASTEL FLOWER,2011-11,2011-12,M2_gbm_poisson,2.383144,1.851416,product,18,1.645000,3.045579,6,0.776880,C,0,0.333333,3,24,Forecast,20260824T181001Z-27103c
90149,SILVER FLOWR PINK SHELL NECKLACE,2011-11,2011-12,M2_gbm_poisson,6.911441,2.627884,product,18,1.645000,4.322870,12,0.380222,C,0,17.000000,3,23,Forecast,20260824T181001Z-27103c
90150,BLUE SHELL+SILVER NECKLACE,2011-11,2011-12,M2_gbm_poisson,,,,,,,,,C,0,,,,Inactive (no sales in last 6 months),20260824T181001Z-27103c
90151,SILVER/NATURAL SHELL NECKLACE,2011-11,2011-12,M2_gbm_poisson,4.774302,3.424441,product,13,1.645000,5.633206,11,0.717265,C,2,0.666667,1,24,Forecast,20260824T181001Z-27103c
90152A,SILVER/NAT SHELL NECKLACE W PENDANT,2011-11,2011-12,M2_gbm_poisson,3.743787,1.363246,product,16,1.645000,2.242540,6,0.364136,C,1,0.666667,1,24,Forecast,20260824T181001Z-27103c
90152B,BLUE/GREEN SHELL NECKLACE W PENDANT,2011-11,2011-12,M2_gbm_poisson,,,,,,,,,C,0,,,,Inactive (no sales in last 6 months),20260824T181001Z-27103c
90152C,BLUE/NAT SHELL NECKLACE W PENDANT,2011-11,2011-12,M2_gbm_poisson,,,,,,,,,C,0,,,,Inactive (no sales in last 6 months),20260824T181001Z-27103c
90154,LAZER CUT NECKLACE W PASTEL BEADS,2011-11,2011-12,M2_gbm_poisson,11.106206,2.210858,product,16,1.645000,3.636861,15,0.199065,C,1,17.666667,1,18,Forecast,20260824T181001Z-27103c
90155,RESIN NECKLACE W PASTEL BEADS,2011-11,2011-12,M2_gbm_poisson,5.833164,4.407326,product,18,1.645000,7.250051,14,0.755564,C,3,1.333333,1,24,Forecast,20260824T181001Z-27103c
90156,RESIN BRACELET W PASTEL BEADS,2011-11,2011-12,M2_gbm_poisson,2.443777,2.652148,product,18,1.645000,4.362783,7,1.085266,C,0,0.333333,3,23,Forecast,20260824T181001Z-27103c
90157,RIVIERA NECKLACE,2011-11,2011-12,M2_gbm_poisson,7.617627,2.860158,product,18,1.645000,4.704960,13,0.375466,C,6,2.000000,1,23,Forecast,20260824T181001Z-27103c
90158,ST TROPEZ NECKLACE,2011-11,2011-12,M2_gbm_poisson,17.201245,3.645686,product,18,1.645000,5.997154,24,0.211943,C,13,6.000000,1,24,Forecast,20260824T181001Z-27103c
90159,COTE D'AZURE NECKLACE,2011-11,2011-12,M2_gbm_poisson,3.736213,2.631344,product,18,1.645000,4.328560,9,0.704281,C,1,0.666667,1,24,Forecast,20260824T181001Z-27103c
90160A,PURPLE BOUDICCA LARGE BRACELET,2011-11,2011-12,M2_gbm_poisson,5.917507,6.279671,product,18,1.645000,10.330059,17,1.061202,C,0,3.333333,2,23,Forecast,20260824T181001Z-27103c
90160B,RED BOUDICCA LARGE BRACELET,2011-11,2011-12,M2_gbm_poisson,7.785268,5.474075,product,18,1.645000,9.004854,17,0.703133,C,1,3.333333,1,24,Forecast,20260824T181001Z-27103c
90160C,TURQ+RED BOUDICCA LARGE BRACELET,2011-11,2011-12,M2_gbm_poisson,14.859912,7.235097,product,18,1.645000,11.901734,27,0.486887,C,13,7.333333,1,24,Forecast,20260824T181001Z-27103c
90160D,PINK BOUDICCA LARGE BRACELET,2011-11,2011-12,M2_gbm_poisson,11.622016,6.123796,product,18,1.645000,10.073644,22,0.526913,C,10,6.666667,1,24,Forecast,20260824T181001Z-27103c
90161A,ANT COPPER RED BOUDICCA BRACELET,2011-11,2011-12,M2_gbm_poisson,4.379175,5.255000,product,18,1.645000,8.644474,14,1.199998,C,2,1.333333,1,24,Forecast,20260824T181001Z-27103c
90161B,ANT COPPER TURQ BOUDICCA BRACELET,2011-11,2011-12,M2_gbm_poisson,20.761567,7.328403,product,18,1.645000,12.055223,33,0.352979,C,14,12.333333,1,24,Forecast,20260824T181001Z-27103c
90161C,ANT COPPER LIME BOUDICCA BRACELET,2011-11,2011-12,M2_gbm_poisson,29.824872,5.448633,product,18,1.645000,8.963001,39,0.182688,C,21,13.666667,1,24,Forecast,20260824T181001Z-27103c
90161D,ANT COPPER PINK BOUDICCA BRACELET,2011-11,2011-12,M2_gbm_poisson,12.438216,5.925717,product,18,1.645000,9.747805,23,0.476412,C,5,7.666667,1,24,Forecast,20260824T181001Z-27103c
90162A,ANT SILVER TURQUOISE BOUDICCA RING,2011-11,2011-12,M2_gbm_poisson,9.170951,1.931185,product,8,1.645000,3.176799,13,0.210576,C,6,2.000000,1,23,Forecast,20260824T181001Z-27103c
90162B,ANT SILVER LIME GREEN BOUDICCA RING,2011-11,2011-12,M2_gbm_poisson,14.588499,3.334906,product,18,1.645000,5.485920,21,0.228598,C,12,5.666667,1,21,Forecast,20260824T181001Z-27103c
90162C,ANT SILVER FUSCHIA BOUDICCA RING,2011-11,2011-12,M2_gbm_poisson,4.863915,2.812408,product,18,1.645000,4.626412,10,0.578219,C,0,1.333333,2,21,Forecast,20260824T181001Z-27103c
90162D,ANT SILVER PURPLE BOUDICCA RING,2011-11,2011-12,M2_gbm_poisson,4.043821,1.743157,product,18,1.645000,2.867494,7,0.431067,C,0,1.333333,2,23,Forecast,20260824T181001Z-27103c
90163A,PINK ROSEBUD & PEARL NECKLACE,2011-11,2011-12,M2_gbm_poisson,5.050177,2.332304,product,18,1.645000,3.836640,9,0.461826,C,3,1.000000,1,24,Forecast,20260824T181001Z-27103c
90163B,WHITE ROSEBUD & PEARL NECKLACE,2011-11,2011-12,M2_gbm_poisson,2.955233,2.026297,product,17,1.645000,3.333258,7,0.685664,C,0,0.333333,2,24,Forecast,20260824T181001Z-27103c
90164A,PINK ROSEBUD PEARL BRACELET,2011-11,2011-12,M2_gbm_poisson,11.798329,2.382994,product,18,1.645000,3.920026,16,0.201977,C,9,3.333333,1,24,Forecast,20260824T181001Z-27103c
90164B,WHITE  ROSEBUD PEARL BRACELET,2011-11,2011-12,M2_gbm_poisson,25.321864,2.768027,product,18,1.645000,4.553404,30,0.109314,C,19,9.333333,1,24,Forecast,20260824T181001Z-27103c
90165A,PINK ROSEBUD PEARL EARRINGS,2011-11,2011-12,M2_gbm_poisson,6.279807,2.311084,product,18,1.645000,3.801733,11,0.368018,C,3,1.333333,1,24,Forecast,20260824T181001Z-27103c
90165B,WHITE ROSEBUD  PEARL EARRINGS,2011-11,2011-12,M2_gbm_poisson,6.327893,3.670922,product,18,1.645000,6.038667,13,0.580118,C,4,2.000000,1,24,Forecast,20260824T181001Z-27103c
90166,PINK & WHITE ROSEBUD RING,2011-11,2011-12,M2_gbm_poisson,10.124803,3.411297,product,18,1.645000,5.611583,16,0.336925,C,2,3.666667,1,24,Forecast,20260824T181001Z-27103c
90167,BEADED LOVE HEART JEWELLERY SET,2011-11,2011-12,M2_gbm_poisson,,,,,,,,,B,0,,,,Inactive (no sales in last 6 months),20260824T181001Z-27103c
90168,2 DAISIES HAIR COMB,2011-11,2011-12,M2_gbm_poisson,8.664758,3.047622,product,18,1.645000,5.013339,14,0.351726,C,3,3.333333,1,24,Forecast,20260824T181001Z-27103c
90169,DAISY HAIR COMB,2011-11,2011-12,M2_gbm_poisson,7.766837,2.164683,product,18,1.645000,3.560903,12,0.278708,C,1,2.666667,1,24,Forecast,20260824T181001Z-27103c
90170,DAISY HAIR BAND,2011-11,2011-12,M2_gbm_poisson,17.184641,8.916143,product,18,1.645000,14.667056,32,0.518844,C,12,8.333333,1,24,Forecast,20260824T181001Z-27103c
90171,DAISY RING,2011-11,2011-12,M2_gbm_poisson,,,,,,,,,C,0,,,,Inactive (no sales in last 6 months),20260824T181001Z-27103c
90173,PAIR BUTTERFLY HAIR CLIPS,2011-11,2011-12,M2_gbm_poisson,3.223992,4.767269,product,18,1.645000,7.842157,12,1.478685,C,0,0.333333,2,24,Forecast,20260824T181001Z-27103c
90174,BUTTERFLY HAIR BAND,2011-11,2011-12,M2_gbm_poisson,15.329039,1.346274,product,18,1.645000,2.214621,18,0.087825,C,8,6.333333,1,24,Forecast,20260824T181001Z-27103c
90175A,WHITE GLASS CHUNKY CHARM BRACELET,2011-11,2011-12,M2_gbm_poisson,5.127373,4.366919,product,18,1.645000,7.183582,13,0.851687,C,3,1.333333,1,24,Forecast,20260824T181001Z-27103c
90175B,PINK GLASS CHUNKY CHARM BRACELET,2011-11,2011-12,M2_gbm_poisson,4.202561,1.488989,product,18,1.645000,2.449387,7,0.354305,C,2,1.666667,1,24,Forecast,20260824T181001Z-27103c
90175C,BLUE GLASS CHUNKY CHARM BRACELET,2011-11,2011-12,M2_gbm_poisson,4.774302,3.003908,product,18,1.645000,4.941429,10,0.629183,C,2,0.666667,1,24,Forecast,20260824T181001Z-27103c
90175D,TIGRIS EYE CHUNKY CHARM BRACELET,2011-11,2011-12,M2_gbm_poisson,5.157807,3.779537,product,18,1.645000,6.217338,12,0.732780,C,3,1.666667,1,24,Forecast,20260824T181001Z-27103c
90176A,CLASSIC DIAMANTE NECKLACE JET,2011-11,2011-12,M2_gbm_poisson,4.941645,1.203130,product,15,1.645000,1.979148,7,0.243467,C,2,0.666667,1,24,Forecast,20260824T181001Z-27103c
90176B,DIAMANTE NECKLACE BLACK,2011-11,2011-12,M2_gbm_poisson,5.715565,1.441568,product,7,1.645000,2.371379,9,0.252218,C,3,1.000000,1,13,Forecast,20260824T181001Z-27103c
90176C,DIAMANTE NECKLACE,2011-11,2011-12,M2_gbm_poisson,2.443777,1.571694,product,18,1.645000,2.585436,6,0.643141,C,0,0.000000,4,24,Forecast,20260824T181001Z-27103c
90176D,DIAMANTE NECKLACE PURPLE,2011-11,2011-12,M2_gbm_poisson,4.357522,1.373078,product,15,1.645000,2.258713,7,0.315105,C,2,1.000000,1,24,Forecast,20260824T181001Z-27103c
90176E,DIAMANTE NECKLACE GREEN,2011-11,2011-12,M2_gbm_poisson,3.855418,7.836625,abc_group,3,1.645000,12.891247,17,2.032627,C,0,0.333333,2,4,Forecast,20260824T181001Z-27103c
90177A,CLASSIC DIAMANTE EARRINGS JET,2011-11,2011-12,M2_gbm_poisson,7.550772,2.465008,product,15,1.645000,4.054939,12,0.326458,C,1,2.666667,1,24,Forecast,20260824T181001Z-27103c
90177B,DROP DIAMANTE EARRINGS BLACK DIAMON,2011-11,2011-12,M2_gbm_poisson,2.064227,3.247900,product,18,1.645000,5.342796,8,1.573422,C,0,0.000000,6,24,Forecast,20260824T181001Z-27103c
90177C,DROP DIAMANTE EARRINGS CRYSTAL,2011-11,2011-12,M2_gbm_poisson,9.843343,3.258910,product,18,1.645000,5.360907,16,0.331078,C,2,2.666667,1,24,Forecast,20260824T181001Z-27103c
90177D,DROP DIAMANTE EARRINGS PURPLE,2011-11,2011-12,M2_gbm_poisson,11.383124,3.311886,product,18,1.645000,5.448052,17,0.290947,C,3,3.666667,1,24,Forecast,20260824T181001Z-27103c
90177E,DROP DIAMANTE EARRINGS GREEN,2011-11,2011-12,M2_gbm_poisson,7.951454,1.493384,product,18,1.645000,2.456617,11,0.187813,C,1,2.333333,1,24,Forecast,20260824T181001Z-27103c
90178A,AMBER CHUNKY GLASS+BEAD NECKLACE,2011-11,2011-12,M2_gbm_poisson,2.851164,2.018839,product,17,1.645000,3.320991,7,0.708076,C,0,0.666667,2,24,Forecast,20260824T181001Z-27103c
90178B,PURPLE CHUNKY GLASS+BEAD NECKLACE,2011-11,2011-12,M2_gbm_poisson,,,,,,,,,C,0,,,,Inactive (no sales in last 6 months),20260824T181001Z-27103c
90179A,AMBER FINE BEAD NECKLACE W TASSEL,2011-11,2011-12,M2_gbm_poisson,5.050177,1.617007,product,15,1.645000,2.659976,8,0.320188,C,3,1.000000,1,23,Forecast,20260824T181001Z-27103c
90179B,PURPLE FINE BEAD NECKLACE W TASSEL,2011-11,2011-12,M2_gbm_poisson,4.237050,1.330365,product,11,1.645000,2.188451,7,0.313984,C,1,0.333333,1,24,Forecast,20260824T181001Z-27103c
90179C,BLACK FINE BEAD NECKLACE W TASSEL,2011-11,2011-12,M2_gbm_poisson,3.743787,2.568510,product,16,1.645000,4.225199,8,0.686073,C,1,0.333333,1,18,Forecast,20260824T181001Z-27103c
90180A,BLACK+WHITE NECKLACE W TASSEL,2011-11,2011-12,M2_gbm_poisson,7.673750,3.645881,product,18,1.645000,5.997475,14,0.475111,C,2,2.666667,1,24,Forecast,20260824T181001Z-27103c
90180B,PURPLE AMETHYST NECKLACE W TASSEL,2011-11,2011-12,M2_gbm_poisson,4.093567,1.441185,product,17,1.645000,2.370750,7,0.352061,C,1,0.333333,1,24,Forecast,20260824T181001Z-27103c
90181A,AMBER GLASS/SHELL/PEARL NECKLACE,2011-11,2011-12,M2_gbm_poisson,5.038512,1.071765,product,18,1.645000,1.763053,7,0.212715,C,3,1.333333,1,23,Forecast,20260824T181001Z-27103c
90181B,AMETHYST GLASS/SHELL/PEARL NECKLACE,2011-11,2011-12,M2_gbm_poisson,5.013598,1.967123,product,18,1.645000,3.235917,9,0.392357,C,2,1.333333,1,24,Forecast,20260824T181001Z-27103c
90181C,BLACK GLASS/SHELL/PEARL NECKLACE,2011-11,2011-12,M2_gbm_poisson,,,,,,,,,C,0,,,,Inactive (no sales in last 6 months),20260824T181001Z-27103c
90182A,AMBER 3 BEAD DROP EARRINGS,2011-11,2011-12,M2_gbm_poisson,5.317219,2.035859,product,10,1.645000,3.348987,9,0.382880,C,4,1.666667,1,13,Forecast,20260824T181001Z-27103c
90182B,AMETHYST 3 BEAD DROP EARRINGS,2011-11,2011-12,M2_gbm_poisson,5.842509,0.789660,product,7,1.645000,1.298990,8,0.135158,C,3,1.000000,1,24,Forecast,20260824T181001Z-27103c
90182C,BLACK 3 BEAD DROP EARRINGS,2011-11,2011-12,M2_gbm_poisson,6.043824,1.049603,product,15,1.645000,1.726597,8,0.173665,C,0,2.333333,2,24,Forecast,20260824T181001Z-27103c
90183A,AMBER DROP EARRINGS W LONG BEADS,2011-11,2011-12,M2_gbm_poisson,11.981788,1.551324,product,18,1.645000,2.551928,15,0.129474,C,3,7.666667,1,23,Forecast,20260824T181001Z-27103c
90183B,AMETHYST DROP EARRINGS W LONG BEADS,2011-11,2011-12,M2_gbm_poisson,8.815410,1.691087,product,18,1.645000,2.781838,12,0.191833,C,4,2.333333,1,24,Forecast,20260824T181001Z-27103c
90183C,BLACK DROP EARRINGS W LONG BEADS,2011-11,2011-12,M2_gbm_poisson,7.408530,1.464313,product,18,1.645000,2.408796,10,0.197652,C,5,2.000000,1,24,Forecast,20260824T181001Z-27103c
90184A,AMBER CHUNKY BEAD BRACELET W STRAP,2011-11,2011-12,M2_gbm_poisson,3.617008,2.517738,product,18,1.645000,4.141679,8,0.696083,C,1,0.333333,1,24,Forecast,20260824T181001Z-27103c
90184B,AMETHYST CHUNKY BEAD BRACELET W STR,2011-11,2011-12,M2_gbm_poisson,11.506583,5.597318,product,18,1.645000,9.207587,21,0.486445,C,5,4.000000,1,24,Forecast,20260824T181001Z-27103c
90184C,BLACK CHUNKY BEAD BRACELET W STRAP,2011-11,2011-12,M2_gbm_poisson,7.047373,3.205963,product,18,1.645000,5.273809,13,0.454916,C,4,3.333333,1,24,Forecast,20260824T181001Z-27103c
90185A,AMBER DIAMANTE EXPANDABLE RING,2011-11,2011-12,M2_gbm_poisson,7.096858,5.115455,product,18,1.645000,8.414924,16,0.720806,C,1,3.000000,1,24,Forecast,20260824T181001Z-27103c
90185B,AMETHYST DIAMANTE EXPANDABLE RING,2011-11,2011-12,M2_gbm_poisson,7.701889,6.409607,product,18,1.645000,10.543804,19,0.832212,C,1,2.666667,1,24,Forecast,20260824T181001Z-27103c
90185C,BLACK DIAMANTE EXPANDABLE RING,2011-11,2011-12,M2_gbm_poisson,6.093603,5.436588,product,18,1.645000,8.943187,16,0.892180,C,0,3.000000,2,24,Forecast,20260824T181001Z-27103c
90185D,CRYSTAL DIAMANTE EXPANDABLE RING,2011-11,2011-12,M2_gbm_poisson,2.064227,4.503094,product,18,1.645000,7.407590,10,2.181492,C,0,0.000000,6,24,Forecast,20260824T181001Z-27103c
90186A,AMETHYST HOOP EARRING FLORAL LEAF,2011-11,2011-12,M2_gbm_poisson,4.084260,3.486521,product,18,1.645000,5.735326,10,0.853648,C,1,0.333333,1,24,Forecast,20260824T181001Z-27103c
90186B,CRYSTAL HOOP EARRING FLORAL LEAF,2011-11,2011-12,M2_gbm_poisson,17.867001,1.701500,product,18,1.645000,2.798968,21,0.095231,C,13,4.666667,1,24,Forecast,20260824T181001Z-27103c
90187A,BLUE DROP EARRINGS W BEAD CLUSTER,2011-11,2011-12,M2_gbm_poisson,,,,,,,,,C,0,,,,Inactive (no sales in last 6 months),20260824T181001Z-27103c
90187B,GREEN DROP EARRINGS W BEAD CLUSTER,2011-11,2011-12,M2_gbm_poisson,4.084260,1.424591,product,17,1.645000,2.343452,7,0.348800,C,1,0.333333,1,24,Forecast,20260824T181001Z-27103c
90188,DROP EARRINGS W FLOWER & LEAF,2011-11,2011-12,M2_gbm_poisson,4.176463,1.766496,product,18,1.645000,2.905885,8,0.422964,C,1,0.666667,1,24,Forecast,20260824T181001Z-27103c
90189A,SILVER 2 STRAND NECKLACE-LEAF CHARM,2011-11,2011-12,M2_gbm_poisson,3.736213,1.100783,product,13,1.645000,1.810788,6,0.294625,C,1,0.666667,1,23,Forecast,20260824T181001Z-27103c
90189B,GOLD 2 STRAND NECKLACE-LEAF CHARMS,2011-11,2011-12,M2_gbm_poisson,,,,,,,,,C,0,,,,Inactive (no sales in last 6 months),20260824T181001Z-27103c
90190A,SILVER/CRYSTAL DROP EARRINGS W LEAF,2011-11,2011-12,M2_gbm_poisson,5.317219,1.456837,product,18,1.645000,2.396497,8,0.273985,C,4,1.666667,1,24,Forecast,20260824T181001Z-27103c
90190B,GOLD/AMBER DROP EARRINGS W LEAF,2011-11,2011-12,M2_gbm_poisson,4.084260,3.299147,product,18,1.645000,5.427097,10,0.807771,C,1,0.333333,1,24,Forecast,20260824T181001Z-27103c
90190C,SILVER/AMETHYST DROP EARRINGS LEAF,2011-11,2011-12,M2_gbm_poisson,11.393584,2.587352,product,18,1.645000,4.256194,16,0.227088,C,7,2.666667,1,24,Forecast,20260824T181001Z-27103c
90191,SILVER LARIAT 40CM,2011-11,2011-12,M2_gbm_poisson,13.747863,1.563219,product,18,1.645000,2.571495,17,0.113706,C,6,6.666667,1,24,Forecast,20260824T181001Z-27103c
90192,JADE DROP EARRINGS W FILIGREE,2011-11,2011-12,M2_gbm_poisson,8.986678,2.264068,product,18,1.645000,3.724392,13,0.251936,C,6,5.666667,1,24,Forecast,20260824T181001Z-27103c
90194,SILVER LARIAT BLACK STONE EARRINGS,2011-11,2011-12,M2_gbm_poisson,5.559437,2.328849,product,18,1.645000,3.830956,10,0.418900,C,0,2.666667,2,24,Forecast,20260824T181001Z-27103c
90195A,PURPLE GEMSTONE BRACELET,2011-11,2011-12,M2_gbm_poisson,4.837185,2.180754,product,16,1.645000,3.587341,9,0.450831,C,2,1.333333,1,24,Forecast,20260824T181001Z-27103c
90195B,BLACK GEMSTONE BRACELET,2011-11,2011-12,M2_gbm_poisson,4.075998,2.731913,product,14,1.645000,4.493997,9,0.670244,C,1,0.666667,1,24,Forecast,20260824T181001Z-27103c
90196A,PURPLE GEMSTONE NECKLACE 45CM,2011-11,2011-12,M2_gbm_poisson,5.522014,1.126597,product,14,1.645000,1.853252,8,0.204019,C,2,0.666667,1,24,Forecast,20260824T181001Z-27103c
90196B,BLACK GEMSTONE NECKLACE 45CM,2011-11,2011-12,M2_gbm_poisson,4.879159,0.988031,product,17,1.645000,1.625311,7,0.202500,C,2,0.666667,1,24,Forecast,20260824T181001Z-27103c
90197B,BLACK GLASS BRACELET W HEART CHARMS,2011-11,2011-12,M2_gbm_poisson,9.300134,5.143628,product,18,1.645000,8.461268,18,0.553070,C,6,3.000000,1,24,Forecast,20260824T181001Z-27103c
90197D,AMBER GLASS BRACELET HEART CHARMS,2011-11,2011-12,M2_gbm_poisson,,,,,,,,,C,0,,,,Inactive (no sales in last 6 months),20260824T181001Z-27103c
90198A,VINTAGE ROSE BEAD BRACELET RASPBERR,2011-11,2011-12,M2_gbm_poisson,21.086284,7.022617,product,18,1.645000,11.552205,33,0.333042,C,19,8.333333,1,24,Forecast,20260824T181001Z-27103c
90198B,VINTAGE ROSE BEAD BRACELET BLACK,2011-11,2011-12,M2_gbm_poisson,13.699031,5.910189,product,18,1.645000,9.722260,24,0.431431,C,11,4.333333,1,24,Forecast,20260824T181001Z-27103c
90199A,5 STRAND GLASS NECKLACE BLACK,2011-11,2011-12,M2_gbm_poisson,4.366355,1.135134,product,18,1.645000,1.867295,7,0.259973,C,2,0.666667,1,24,Forecast,20260824T181001Z-27103c
90199B,5 STRAND GLASS NECKLACE AMETHYST,2011-11,2011-12,M2_gbm_poisson,5.770696,3.287952,product,14,1.645000,5.408681,12,0.569767,C,3,1.666667,1,24,Forecast,20260824T181001Z-27103c
90199C,5 STRAND GLASS NECKLACE CRYSTAL,2011-11,2011-12,M2_gbm_poisson,9.288311,4.717185,product,18,1.645000,7.759770,18,0.507863,C,6,3.000000,1,24,Forecast,20260824T181001Z-27103c
90199D,5 STRAND GLASS NECKLACE AMBER,2011-11,2011-12,M2_gbm_poisson,3.736213,1.035816,product,18,1.645000,1.703918,6,0.277237,C,1,0.666667,1,24,Forecast,20260824T181001Z-27103c
90200A,PURPLE SWEETHEART BRACELET,2011-11,2011-12,M2_gbm_poisson,13.307115,7.192469,product,18,1.645000,11.831611,26,0.540498,C,7,4.000000,1,24,Forecast,20260824T181001Z-27103c
90200B,BLACK SWEETHEART BRACELET,2011-11,2011-12,M2_gbm_poisson,9.717504,9.099029,product,18,1.645000,14.967903,25,0.936355,C,5,5.333333,1,24,Forecast,20260824T181001Z-27103c
90200C,BLUE SWEETHEART BRACELET,2011-11,2011-12,M2_gbm_poisson,,,,,,,,,C,0,,,,Inactive (no sales in last 6 months),20260824T181001Z-27103c
90200D,PINK SWEETHEART BRACELET,2011-11,2011-12,M2_gbm_poisson,27.674724,11.081751,product,18,1.645000,18.229480,46,0.400429,B,14,17.666667,1,24,Forecast,20260824T181001Z-27103c
90200E,GREEN SWEETHEART BRACELET,2011-11,2011-12,M2_gbm_poisson,20.777722,8.240447,product,18,1.645000,13.555535,35,0.396600,C,8,12.000000,1,24,Forecast,20260824T181001Z-27103c
90201A,PURPLE ENAMEL FLOWER RING,2011-11,2011-12,M2_gbm_poisson,14.656342,10.961525,product,18,1.645000,18.031709,33,0.747903,C,4,11.000000,1,24,Forecast,20260824T181001Z-27103c
90201B,BLACK ENAMEL FLOWER RING,2011-11,2011-12,M2_gbm_poisson,18.655738,12.116554,product,18,1.645000,19.931731,39,0.649481,C,1,11.000000,1,24,Forecast,20260824T181001Z-27103c
90201C,RED ENAMEL FLOWER RING,2011-11,2011-12,M2_gbm_poisson,11.830564,13.386183,product,18,1.645000,22.020271,34,1.131492,C,1,9.000000,1,24,Forecast,20260824T181001Z-27103c
90201D,GREEN ENAMEL FLOWER RING,2011-11,2011-12,M2_gbm_poisson,17.341016,8.339216,product,18,1.645000,13.718010,32,0.480895,C,5,11.000000,1,24,Forecast,20260824T181001Z-27103c
90202A,PURPLE ENAMEL FLOWER HAIR TIE,2011-11,2011-12,M2_gbm_poisson,8.745298,1.824938,product,18,1.645000,3.002023,12,0.208677,C,4,3.333333,1,22,Forecast,20260824T181001Z-27103c
90202B,WHITE ENAMEL FLOWER HAIR TIE,2011-11,2011-12,M2_gbm_poisson,7.566627,1.503783,product,18,1.645000,2.473724,11,0.198739,C,2,3.000000,1,24,Forecast,20260824T181001Z-27103c
90202C,GREEN ENAMEL FLOWER HAIR TIE,2011-11,2011-12,M2_gbm_poisson,8.017422,1.694650,product,18,1.645000,2.787700,11,0.211371,C,2,2.666667,1,24,Forecast,20260824T181001Z-27103c
90202D,PINK ENAMEL FLOWER HAIR TIE,2011-11,2011-12,M2_gbm_poisson,8.546489,1.855066,product,18,1.645000,3.051584,12,0.217056,C,3,3.000000,1,24,Forecast,20260824T181001Z-27103c
90203,SILVER CHARM NECKLACE 70CM,2011-11,2011-12,M2_gbm_poisson,,,,,,,,,C,0,,,,Inactive (no sales in last 6 months),20260824T181001Z-27103c
90204,PAIR OF ENAMEL BUTTERFLY HAIRCLIP,2011-11,2011-12,M2_gbm_poisson,15.021501,3.086715,product,18,1.645000,5.077645,21,0.205486,C,7,4.000000,1,24,Forecast,20260824T181001Z-27103c
90205A,LARGE MINT DIAMANTE HAIRSLIDE,2011-11,2011-12,M2_gbm_poisson,8.884151,5.293294,product,15,1.645000,8.707469,18,0.595813,C,4,3.000000,1,24,Forecast,20260824T181001Z-27103c
90205C,LARGE CRYSTAL DIAMANTE HAIRSLIDE,2011-11,2011-12,M2_gbm_poisson,8.884151,4.643093,product,18,1.645000,7.637889,17,0.522627,C,4,3.000000,1,24,Forecast,20260824T181001Z-27103c
90206A,GOLD DIAMANTE STAR BROOCH,2011-11,2011-12,M2_gbm_poisson,5.280850,1.668198,product,15,1.645000,2.744185,9,0.315896,C,2,1.666667,1,24,Forecast,20260824T181001Z-27103c
90206C,CRYSTAL DIAMANTE STAR BROOCH,2011-11,2011-12,M2_gbm_poisson,12.405789,5.550853,product,18,1.645000,9.131152,22,0.447440,C,7,3.000000,1,24,Forecast,20260824T181001Z-27103c
90208,PAIR OF PINK FLOWER CLUSTER SLIDE,2011-11,2011-12,M2_gbm_poisson,17.084872,9.826352,product,18,1.645000,16.164349,34,0.575149,C,12,7.000000,1,24,Forecast,20260824T181001Z-27103c
90209A,PURPLE ENAMEL+GLASS HAIR COMB,2011-11,2011-12,M2_gbm_poisson,31.069754,13.091996,product,13,1.645000,21.536334,53,0.421374,C,40,15.333333,1,24,Forecast,20260824T181001Z-27103c
90209B,GREEN ENAMEL+GLASS HAIR COMB,2011-11,2011-12,M2_gbm_poisson,4.633102,12.213212,product,18,1.645000,20.090734,25,2.636076,C,0,0.333333,2,24,Forecast,20260824T181001Z-27103c
90209C,PINK ENAMEL+GLASS HAIR COMB,2011-11,2011-12,M2_gbm_poisson,9.546521,17.397530,product,18,1.645000,28.618937,39,1.822395,C,0,3.000000,2,24,Forecast,20260824T181001Z-27103c
90210A,GREY ACRYLIC FACETED BANGLE,2011-11,2011-12,M2_gbm_poisson,2.064227,4.282036,product,18,1.645000,7.043949,10,2.074402,C,0,0.000000,6,24,Forecast,20260824T181001Z-27103c
90210B,CLEAR ACRYLIC FACETED BANGLE,2011-11,2011-12,M2_gbm_poisson,8.542714,5.539544,product,15,1.645000,9.112549,18,0.648452,C,0,5.333333,2,24,Forecast,20260824T181001Z-27103c
90210C,RED   ACRYLIC FACETED BANGLE,2011-11,2011-12,M2_gbm_poisson,2.064227,2.503654,product,18,1.645000,4.118511,7,1.212877,C,0,0.000000,6,24,Forecast,20260824T181001Z-27103c
90210D,PURPLE ACRYLIC FACETED BANGLE,2011-11,2011-12,M2_gbm_poisson,16.355677,2.896702,product,17,1.645000,4.765075,22,0.177107,C,11,7.000000,1,24,Forecast,20260824T181001Z-27103c
90211A,DIAMOND LAS VEGAS NECKLACE 45CM,2011-11,2011-12,M2_gbm_poisson,6.629739,2.486160,product,16,1.645000,4.089733,11,0.375001,C,5,1.666667,1,24,Forecast,20260824T181001Z-27103c
90211B,JET BLACK LAS VEGAS NECKLACE 45CM,2011-11,2011-12,M2_gbm_poisson,4.941645,1.145375,product,16,1.645000,1.884142,7,0.231780,C,2,0.666667,1,24,Forecast,20260824T181001Z-27103c
90212B,JET BLACK LAS VEGAS BRACELET ROUND,2011-11,2011-12,M2_gbm_poisson,,,,,,,,,C,0,,,,Inactive (no sales in last 6 months),20260824T181001Z-27103c
90212C,PURPLE LAS VEGAS BRACELET ROUND,2011-11,2011-12,M2_gbm_poisson,3.265201,1.046584,product,17,1.645000,1.721631,5,0.320527,C,0,1.000000,3,24,Forecast,20260824T181001Z-27103c
90214A,"LETTER ""A"" BLING KEY RING",2011-11,2011-12,M2_gbm_poisson,24.571124,20.507656,product,18,1.645000,33.735094,59,0.834624,C,16,9.000000,1,24,Forecast,20260824T181001Z-27103c
90214B,"LETTER ""B"" BLING KEY RING",2011-11,2011-12,M2_gbm_poisson,3.325662,4.122245,product,18,1.645000,6.781093,11,1.239526,C,0,1.000000,3,24,Forecast,20260824T181001Z-27103c
90214C,"LETTER ""C"" BLING KEY RING",2011-11,2011-12,M2_gbm_poisson,14.868004,20.201870,product,18,1.645000,33.232077,49,1.358748,C,6,2.666667,1,24,Forecast,20260824T181001Z-27103c
90214D,"LETTER ""D"" BLING KEY RING",2011-11,2011-12,M2_gbm_poisson,10.501972,9.510446,product,18,1.645000,15.644684,27,0.905587,C,6,3.000000,1,24,Forecast,20260824T181001Z-27103c
90214E,"LETTER ""E"" BLING KEY RING",2011-11,2011-12,M2_gbm_poisson,12.679468,13.613443,product,18,1.645000,22.394114,36,1.073660,C,6,4.000000,1,24,Forecast,20260824T181001Z-27103c
90214F,"LETTER ""F"" BLING KEY RING",2011-11,2011-12,M2_gbm_poisson,4.121351,2.614040,product,18,1.645000,4.300096,9,0.634268,C,0,1.000000,2,24,Forecast,20260824T181001Z-27103c
90214G,"LETTER ""G"" BLING KEY RING",2011-11,2011-12,M2_gbm_poisson,10.501972,7.572085,product,18,1.645000,12.456080,23,0.721016,C,6,3.000000,1,24,Forecast,20260824T181001Z-27103c
90214H,"LETTER ""H"" BLING KEY RING",2011-11,2011-12,M2_gbm_poisson,15.530633,6.242876,product,18,1.645000,10.269530,26,0.401972,C,8,4.333333,1,24,Forecast,20260824T181001Z-27103c
90214I,"LETTER ""I"" BLING KEY RING",2011-11,2011-12,M2_gbm_poisson,4.371276,5.945291,product,18,1.645000,9.780003,15,1.360081,C,0,1.000000,2,24,Forecast,20260824T181001Z-27103c
90214J,"LETTER ""J"" BLING KEY RING",2011-11,2011-12,M2_gbm_poisson,13.793969,14.243494,product,18,1.645000,23.430547,38,1.032588,C,7,5.333333,1,24,Forecast,20260824T181001Z-27103c
90214K,"LETTER ""K"" BLING KEY RING",2011-11,2011-12,M2_gbm_poisson,10.501972,11.274577,product,18,1.645000,18.546679,30,1.073568,C,6,3.333333,1,24,Forecast,20260824T181001Z-27103c
90214L,"LETTER ""L"" BLING KEY RING",2011-11,2011-12,M2_gbm_poisson,6.972443,11.915231,product,18,1.645000,19.600556,27,1.708903,C,0,3.000000,2,24,Forecast,20260824T181001Z-27103c
90214M,"LETTER ""M"" BLING KEY RING",2011-11,2011-12,M2_gbm_poisson,12.579982,9.188529,product,18,1.645000,15.115130,28,0.730409,C,6,4.000000,1,24,Forecast,20260824T181001Z-27103c
90214N,"LETTER ""N"" BLING KEY RING",2011-11,2011-12,M2_gbm_poisson,5.768278,6.640673,product,18,1.645000,10.923907,17,1.151240,C,2,2.000000,1,24,Forecast,20260824T181001Z-27103c
90214O,"LETTER ""O"" BLING KEY RING",2011-11,2011-12,M2_gbm_poisson,3.635463,3.344801,product,18,1.645000,5.502197,10,0.920048,C,0,0.333333,2,24,Forecast,20260824T181001Z-27103c
90214P,"LETTER ""P"" BLING KEY RING",2011-11,2011-12,M2_gbm_poisson,3.612008,5.339228,product,18,1.645000,8.783030,13,1.478188,C,0,0.333333,2,24,Forecast,20260824T181001Z-27103c
90214R,"LETTER ""R"" BLING KEY RING",2011-11,2011-12,M2_gbm_poisson,3.460098,6.593796,product,18,1.645000,10.846794,15,1.905668,C,0,1.333333,3,24,Forecast,20260824T181001Z-27103c
90214S,"LETTER ""S"" BLING KEY RING",2011-11,2011-12,M2_gbm_poisson,14.294224,16.180895,product,18,1.645000,26.617572,41,1.131988,C,12,8.000000,1,24,Forecast,20260824T181001Z-27103c
90214T,"LETTER ""T"" BLING KEY RING",2011-11,2011-12,M2_gbm_poisson,3.425270,3.145363,product,18,1.645000,5.174122,9,0.918282,C,0,0.666667,3,24,Forecast,20260824T181001Z-27103c
90214U,"LETTER ""U"" BLING KEY RING",2011-11,2011-12,M2_gbm_poisson,,,,,,,,,C,0,,,,Inactive (no sales in last 6 months),20260824T181001Z-27103c
90214V,"LETTER ""V"" BLING KEY RING",2011-11,2011-12,M2_gbm_poisson,4.384182,2.207445,product,18,1.645000,3.631248,9,0.503502,C,1,0.666667,1,22,Forecast,20260824T181001Z-27103c
90214W,"LETTER ""W"" BLING KEY RING",2011-11,2011-12,M2_gbm_poisson,2.043465,3.794680,product,17,1.645000,6.242248,9,1.856983,C,0,0.000000,5,18,Forecast,20260824T181001Z-27103c
90214Y,"LETTER ""Y"" BLING KEY RING",2011-11,2011-12,M2_gbm_poisson,5.248572,1.942979,product,12,1.645000,3.196200,9,0.370192,C,0,0.666667,2,13,Forecast,20260824T181001Z-27103c
90214Z,"LETTER ""Z"" BLING KEY RING",2011-11,2011-12,M2_gbm_poisson,5.736428,2.054188,product,18,1.645000,3.379139,10,0.358095,C,0,1.000000,2,24,Forecast,20260824T181001Z-27103c
DCGS0003,BOXED GLASS ASHTRAY,2011-11,2011-12,M2_gbm_poisson,,,,,,,,,C,0,,,,Inactive (no sales in last 6 months),20260824T181001Z-27103c
DCGS0004,HAYNES CAMPER SHOULDER BAG,2011-11,2011-12,M2_gbm_poisson,,,,,,,,,C,0,,,,Inactive (no sales in last 6 months),20260824T181001Z-27103c
DCGS0037,KEY-RING CORKSCREW,2011-11,2011-12,M2_gbm_poisson,,,,,,,,,C,0,,,,Inactive (no sales in last 6 months),20260824T181001Z-27103c
DCGS0041,HAYNES MINI-COOPER PLAYING CARDS,2011-11,2011-12,M2_gbm_poisson,,,,,,,,,C,0,,,,Inactive (no sales in last 6 months),20260824T181001Z-27103c
DCGS0044,HANDZ-OFF CAR FRESHENER,2011-11,2011-12,M2_gbm_poisson,,,,,,,,,C,0,,,,Inactive (no sales in last 6 months),20260824T181001Z-27103c
DCGS0058,MISO PRETTY  GUM,2011-11,2011-12,M2_gbm_poisson,,,,,,,,,C,0,,,,Inactive (no sales in last 6 months),20260824T181001Z-27103c
DCGS0062,ROAD-RAGE CAR FRESHENER,2011-11,2011-12,M2_gbm_poisson,,,,,,,,,C,0,,,,Inactive (no sales in last 6 months),20260824T181001Z-27103c
DCGS0066N,NAVY CUDDLES DOG HOODIE,2011-11,2011-12,M2_gbm_poisson,,,,,,,,,C,0,,,,Inactive (no sales in last 6 months),20260824T181001Z-27103c
DCGS0068,DOGS NIGHT COLLAR,2011-11,2011-12,M2_gbm_poisson,,,,,,,,,C,0,,,,Inactive (no sales in last 6 months),20260824T181001Z-27103c
DCGS0069,OOH LA LA DOGS COLLAR,2011-11,2011-12,M2_gbm_poisson,,,,,,,,,C,0,,,,Inactive (no sales in last 6 months),20260824T181001Z-27103c
DCGS0070,CAMOUFLAGE DOG COLLAR,2011-11,2011-12,M2_gbm_poisson,,,,,,,,,C,0,,,,Inactive (no sales in last 6 months),20260824T181001Z-27103c
DCGS0072,CAT CAMOUFLAGUE COLLAR,2011-11,2011-12,M2_gbm_poisson,,,,,,,,,C,0,,,,Inactive (no sales in last 6 months),20260824T181001Z-27103c
DCGS0075,CAMOUFLAGUE DOG LEAD,2011-11,2011-12,M2_gbm_poisson,,,,,,,,,C,0,,,,Inactive (no sales in last 6 months),20260824T181001Z-27103c
DCGS0076,SUNJAR LED NIGHT NIGHT LIGHT,2011-11,2011-12,M2_gbm_poisson,,,,,,,,,C,0,,,,Inactive (no sales in last 6 months),20260824T181001Z-27103c
DCGSSBOY,BOYS PARTY BAG,2011-11,2011-12,M2_gbm_poisson,3.765730,8.633516,product,17,1.645000,14.202133,18,2.292654,C,0,0.666667,3,18,Forecast,20260824T181001Z-27103c
DCGSSGIRL,GIRLS PARTY BAG,2011-11,2011-12,M2_gbm_poisson,4.515216,11.699157,product,17,1.645000,19.245114,24,2.591051,C,1,0.666667,1,18,Forecast,20260824T181001Z-27103c
