stock_code,description,forecast_origin,target_month,model,prediction,lag_1,rolling_mean_3,abc_class,is_active,status
10080,GROOVY CACTUS INFLATABLE,2011-11,2011-12,M2_gbm_poisson,51.817348,91,52.333333,C,True,Forecast
10120,DOGGY RUBBER,2011-11,2011-12,M2_gbm_poisson,47.636304,49,23.000000,C,True,Forecast
10124A,SPOTS ON RED BOOKCOVER TAPE,2011-11,2011-12,M2_gbm_poisson,8.254066,4,1.333333,C,True,Forecast
10124G,ARMY CAMO BOOKCOVER TAPE,2011-11,2011-12,M2_gbm_poisson,8.551676,4,2.666667,C,True,Forecast
10125,MINI FUNKY DESIGN TAPES,2011-11,2011-12,M2_gbm_poisson,56.229482,62,107.666667,B,True,Forecast
10133,COLOURING PENCILS BROWN TUBE,2011-11,2011-12,M2_gbm_poisson,22.297543,0,69.000000,B,True,Forecast
10135,COLOURING PENCILS BROWN TUBE,2011-11,2011-12,M2_gbm_poisson,82.679796,181,106.666667,A,True,Forecast
11001,ASSTD DESIGN RACING CAR PEN,2011-11,2011-12,M2_gbm_poisson,111.076280,128,113.333333,A,True,Forecast
15030,FAN BLACK FRAME,2011-11,2011-12,M2_gbm_poisson,30.048406,22,11.666667,C,True,Forecast
15034,PAPER POCKET TRAVELING FAN,2011-11,2011-12,M2_gbm_poisson,297.181418,573,919.333333,C,True,Forecast
15036,ASSORTED COLOURS SILK FAN,2011-11,2011-12,M2_gbm_poisson,458.264900,604,782.000000,A,True,Forecast
15039,SANDALWOOD FAN,2011-11,2011-12,M2_gbm_poisson,109.692193,208,134.333333,B,True,Forecast
15044A,PINK PAPER PARASOL,2011-11,2011-12,M2_gbm_poisson,43.325989,34,23.000000,A,True,Forecast
15044B,BLUE PAPER PARASOL,2011-11,2011-12,M2_gbm_poisson,7.934775,0,2.000000,A,True,Forecast
15044C,PURPLE PAPER PARASOL,2011-11,2011-12,M2_gbm_poisson,32.006781,16,17.666667,B,True,Forecast
15044D,RED PAPER PARASOL,2011-11,2011-12,M2_gbm_poisson,45.964293,24,67.333333,A,True,Forecast
15056BL,EDWARDIAN PARASOL BLACK,2011-11,2011-12,M2_gbm_poisson,159.040461,176,333.000000,A,True,Forecast
15056N,EDWARDIAN PARASOL NATURAL,2011-11,2011-12,M2_gbm_poisson,162.535003,169,271.666667,A,True,Forecast
15056P,EDWARDIAN PARASOL PINK,2011-11,2011-12,M2_gbm_poisson,61.905701,88,62.000000,A,True,Forecast
15058A,BLUE POLKADOT GARDEN PARASOL,2011-11,2011-12,M2_gbm_poisson,8.893067,2,3.666667,B,True,Forecast
15058B,PINK POLKADOT GARDEN PARASOL,2011-11,2011-12,M2_gbm_poisson,8.242891,1,2.666667,B,True,Forecast
15058C,ICE CREAM DESIGN GARDEN PARASOL,2011-11,2011-12,M2_gbm_poisson,5.735005,1,2.000000,B,True,Forecast
15060B,FAIRY CAKE DESIGN UMBRELLA,2011-11,2011-12,M2_gbm_poisson,31.545643,19,40.000000,A,True,Forecast
16008,SMALL FOLDING SCISSOR(POINTED EDGE),2011-11,2011-12,M2_gbm_poisson,228.573973,941,517.000000,C,True,Forecast
16011,ANIMAL STICKERS,2011-11,2011-12,M2_gbm_poisson,134.681192,359,175.333333,C,True,Forecast
16012,FOOD/DRINK SPONGE STICKERS,2011-11,2011-12,M2_gbm_poisson,79.933767,168,64.000000,C,True,Forecast
16014,SMALL CHINESE STYLE SCISSOR,2011-11,2011-12,M2_gbm_poisson,645.612242,3606,1569.000000,A,True,Forecast
16015,MEDIUM CHINESE STYLE SCISSOR,2011-11,2011-12,M2_gbm_poisson,40.228264,30,16.666667,C,True,Forecast
16016,LARGE CHINESE STYLE SCISSOR,2011-11,2011-12,M2_gbm_poisson,65.394055,140,76.666667,B,True,Forecast
16020C,CLEAR STATIONERY BOX SET,2011-11,2011-12,M2_gbm_poisson,2.006944,0,0.000000,C,True,Forecast
16043,POP ART PUSH DOWN RUBBER,2011-11,2011-12,M2_gbm_poisson,2.837980,0,0.000000,C,True,Forecast
16045,POPART WOODEN PENCILS ASST,2011-11,2011-12,M2_gbm_poisson,465.260953,1000,1366.666667,C,True,Forecast
16046,TEATIME PEN CASE & PENS,2011-11,2011-12,M2_gbm_poisson,6.271695,1,1.333333,B,True,Forecast
16048,TEATIME ROUND PENCIL SHARPENER,2011-11,2011-12,M2_gbm_poisson,99.352852,126,160.333333,C,True,Forecast
16052,TEATIME PUSH DOWN RUBBER,2011-11,2011-12,M2_gbm_poisson,2.035470,0,0.000000,C,True,Forecast
16054,POPART RECT PENCIL SHARPENER ASST,2011-11,2011-12,M2_gbm_poisson,95.960280,330,231.333333,C,True,Forecast
16156L,"WRAP, CAROUSEL",2011-11,2011-12,M2_gbm_poisson,32.256205,25,25.000000,C,True,Forecast
16156S,WRAP PINK FAIRY CAKES,2011-11,2011-12,M2_gbm_poisson,185.839007,475,616.666667,A,True,Forecast
16161G,WRAP BAD HAIR DAY,2011-11,2011-12,M2_gbm_poisson,59.640306,125,116.666667,C,True,Forecast
16161P,WRAP ENGLISH ROSE,2011-11,2011-12,M2_gbm_poisson,224.832104,525,666.666667,A,True,Forecast
16161U,WRAP SUKI AND FRIENDS,2011-11,2011-12,M2_gbm_poisson,143.881202,300,491.666667,B,True,Forecast
16162L,THE KING GIFT BAG,2011-11,2011-12,M2_gbm_poisson,5.682340,0,3.333333,C,True,Forecast
16162M,THE KING GIFT BAG 25x24x12cm,2011-11,2011-12,M2_gbm_poisson,14.599696,4,6.000000,C,True,Forecast
16168M,FUNKY MONKEY GIFT BAG MEDIUM,2011-11,2011-12,M2_gbm_poisson,40.594620,35,19.333333,C,True,Forecast
16169E,WRAP 50'S  CHRISTMAS,2011-11,2011-12,M2_gbm_poisson,652.569014,1625,1254.000000,C,True,Forecast
16169K,WRAP FOLK ART,2011-11,2011-12,M2_gbm_poisson,9.336393,0,16.666667,C,True,Forecast
16169M,WRAP DAISY CARPET,2011-11,2011-12,M2_gbm_poisson,43.880783,50,50.000000,C,True,Forecast
16207A,PINK STRAWBERRY HANDBAG,2011-11,2011-12,M2_gbm_poisson,9.187304,1,2.333333,C,True,Forecast
16207B,PINK HEART RED HANDBAG,2011-11,2011-12,M2_gbm_poisson,3.130582,0,0.000000,C,True,Forecast
16216,LETTER SHAPE PENCIL SHARPENER,2011-11,2011-12,M2_gbm_poisson,207.859649,394,251.666667,C,True,Forecast
16218,CARTOON  PENCIL SHARPENERS,2011-11,2011-12,M2_gbm_poisson,227.044976,565,550.333333,C,True,Forecast
16219,HOUSE SHAPE PENCIL SHARPENER,2011-11,2011-12,M2_gbm_poisson,227.015993,265,424.666667,C,True,Forecast
16225,RATTLE SNAKE EGGS,2011-11,2011-12,M2_gbm_poisson,64.382420,112,79.333333,C,True,Forecast
16235,RECYCLED PENCIL WITH RABBIT ERASER,2011-11,2011-12,M2_gbm_poisson,127.842328,228,173.000000,B,True,Forecast
16236,KITTY PENCIL ERASERS,2011-11,2011-12,M2_gbm_poisson,112.532162,260,165.333333,C,True,Forecast
16237,SLEEPING CAT ERASERS,2011-11,2011-12,M2_gbm_poisson,325.197768,927,517.666667,B,True,Forecast
16238,PARTY TIME PENCIL ERASERS,2011-11,2011-12,M2_gbm_poisson,73.501340,176,121.333333,C,True,Forecast
16248B,BLUE HOLE PUNCH,2011-11,2011-12,M2_gbm_poisson,6.032512,0,3.000000,C,True,Forecast
16254,TRANSPARENT ACRYLIC TAPE DISPENSER,2011-11,2011-12,M2_gbm_poisson,18.605414,7,7.666667,C,True,Forecast
16258A,SWIRLY CIRCULAR RUBBERS IN BAG,2011-11,2011-12,M2_gbm_poisson,54.656386,37,42.000000,C,True,Forecast
16259,PIECE OF CAMO STATIONERY SET,2011-11,2011-12,M2_gbm_poisson,149.437944,20,166.666667,C,True,Forecast
17003,BROCADE RING PURSE,2011-11,2011-12,M2_gbm_poisson,727.955925,1071,1876.666667,A,True,Forecast
17007B,S/3 POT POURI CUSHIONS BLUE COLOURS,2011-11,2011-12,M2_gbm_poisson,1.984807,0,0.000000,C,True,Forecast
17012A,ORIGAMI VANILLA INCENSE/CANDLE SET,2011-11,2011-12,M2_gbm_poisson,34.436074,10,54.000000,C,True,Forecast
17012B,ORIGAMI JASMINE INCENSE/CANDLE SET,2011-11,2011-12,M2_gbm_poisson,33.897451,5,60.666667,C,True,Forecast
17012C,ORIGAMI LAVENDER INCENSE/CANDL SET,2011-11,2011-12,M2_gbm_poisson,60.106582,94,58.666667,C,True,Forecast
17012D,ORIGAMI ROSE INCENSE/CANDLE SET,2011-11,2011-12,M2_gbm_poisson,78.992598,165,98.000000,C,True,Forecast
17012F,ORIGAMI SANDLEWOOD INCENSE/CAND SET,2011-11,2011-12,M2_gbm_poisson,77.543062,162,81.333333,C,True,Forecast
17013D,ORIGAMI ROSE INCENSE IN TUBE,2011-11,2011-12,M2_gbm_poisson,2.005555,0,0.000000,C,True,Forecast
17014A,ORIGAMI VANILLA INCENSE CONES,2011-11,2011-12,M2_gbm_poisson,2.027923,0,0.000000,C,True,Forecast
17021,NAMASTE SWAGAT INCENSE,2011-11,2011-12,M2_gbm_poisson,63.810121,108,144.000000,C,True,Forecast
17038,PORCELAIN BUDAH INCENSE HOLDER,2011-11,2011-12,M2_gbm_poisson,81.093105,204,203.000000,C,True,Forecast
17084A,TRANQUILITY MASALA INCENSE,2011-11,2011-12,M2_gbm_poisson,7.131743,0,8.333333,C,True,Forecast
17084J,LOVE POTION MASALA INCENSE,2011-11,2011-12,M2_gbm_poisson,7.002211,0,8.333333,C,True,Forecast
17084N,FAIRY DREAMS INCENSE,2011-11,2011-12,M2_gbm_poisson,73.773067,162,163.333333,C,True,Forecast
17084P,DRAGONS BLOOD INCENSE,2011-11,2011-12,M2_gbm_poisson,43.099206,38,39.666667,C,True,Forecast
17084R,ASSORTED INCENSE PACK,2011-11,2011-12,M2_gbm_poisson,115.624991,216,312.000000,B,True,Forecast
17090A,LAVENDER INCENSE 40 CONES IN TIN,2011-11,2011-12,M2_gbm_poisson,14.228333,9,5.000000,C,True,Forecast
17090D,VANILLA INCENSE 40 CONES IN TIN,2011-11,2011-12,M2_gbm_poisson,2.006944,0,0.000000,C,True,Forecast
17091J,VANILLA INCENSE IN TIN,2011-11,2011-12,M2_gbm_poisson,86.786149,182,153.333333,B,True,Forecast
17096,ASSORTED LAQUERED INCENSE HOLDERS,2011-11,2011-12,M2_gbm_poisson,2.186764,0,0.000000,B,True,Forecast
17107D,"FLOWER FAIRY,5 SUMMER B'DRAW LINERS",2011-11,2011-12,M2_gbm_poisson,33.305903,15,18.666667,C,True,Forecast
17129F,BLUE GLASS GEMS IN BAG,2011-11,2011-12,M2_gbm_poisson,23.060381,1,17.666667,B,True,Forecast
17136A,BLUE STONES ON WIRE FOR CANDLE,2011-11,2011-12,M2_gbm_poisson,60.465828,96,63.666667,C,True,Forecast
17174,ASSTD RASTA KEY-CHAINS,2011-11,2011-12,M2_gbm_poisson,13.377388,8,2.666667,C,True,Forecast
17191A,ROSE FLOWER CANDLE+INCENSE 16X16CM,2011-11,2011-12,M2_gbm_poisson,5.588407,2,0.666667,C,True,Forecast
18007,ESSENTIAL BALM 3.5g TIN IN ENVELOPE,2011-11,2011-12,M2_gbm_poisson,2.976703,0,0.000000,C,True,Forecast
18094C,WHITE AND BLUE CERAMIC OIL BURNER,2011-11,2011-12,M2_gbm_poisson,8.138275,0,8.333333,C,True,Forecast
18097A,PINK TALL PORCELAIN T-LIGHT HOLDER,2011-11,2011-12,M2_gbm_poisson,1.989265,0,0.000000,C,True,Forecast
18097C,WHITE TALL PORCELAIN T-LIGHT HOLDER,2011-11,2011-12,M2_gbm_poisson,33.939281,26,14.666667,A,True,Forecast
18098C,PORCELAIN BUTTERFLY OIL BURNER,2011-11,2011-12,M2_gbm_poisson,2.958352,0,0.000000,A,True,Forecast
20615,BLUE POLKADOT PASSPORT COVER,2011-11,2011-12,M2_gbm_poisson,53.046891,75,35.000000,C,True,Forecast
20616,CHERRY BLOSSOM PASSPORT COVER,2011-11,2011-12,M2_gbm_poisson,30.280835,25,11.333333,C,True,Forecast
20617,FIRST CLASS PASSPORT COVER,2011-11,2011-12,M2_gbm_poisson,15.719489,12,6.000000,C,True,Forecast
20618,QUEEN OF THE SKIES PASSPORT COVER,2011-11,2011-12,M2_gbm_poisson,17.065464,10,5.333333,C,True,Forecast
20619,TROPICAL PASSPORT COVER,2011-11,2011-12,M2_gbm_poisson,15.218347,8,5.333333,C,True,Forecast
20622,VIPPASSPORT COVER,2011-11,2011-12,M2_gbm_poisson,19.695282,17,7.000000,B,True,Forecast
20652,BLUE POLKADOT LUGGAGE TAG,2011-11,2011-12,M2_gbm_poisson,46.150356,47,22.000000,C,True,Forecast
20653,CHERRY BLOSSOM LUGGAGE TAG,2011-11,2011-12,M2_gbm_poisson,17.506933,14,5.000000,C,True,Forecast
20654,FIRST CLASS LUGGAGE TAG,2011-11,2011-12,M2_gbm_poisson,30.499800,23,9.333333,C,True,Forecast
20655,QUEEN OF SKIES LUGGAGE TAG,2011-11,2011-12,M2_gbm_poisson,17.628763,10,7.666667,C,True,Forecast
20657,TROPICAL LUGGAGE TAG,2011-11,2011-12,M2_gbm_poisson,15.249272,9,5.333333,C,True,Forecast
20658,RED SPOTTY LUGGAGE TAG,2011-11,2011-12,M2_gbm_poisson,5.683215,0,2.666667,B,True,Forecast
20659,ECONOMY LUGGAGE TAG,2011-11,2011-12,M2_gbm_poisson,31.440757,21,13.666667,C,True,Forecast
20661,BLUE SPOTTY PURSE,2011-11,2011-12,M2_gbm_poisson,12.156765,5,4.333333,C,True,Forecast
20662,FIRST CLASS HOLIDAY PURSE,2011-11,2011-12,M2_gbm_poisson,3.491593,0,1.000000,C,True,Forecast
20663,QUEEN OF THE SKIES HOLIDAY PURSE,2011-11,2011-12,M2_gbm_poisson,3.491593,0,0.333333,C,True,Forecast
20664,TROPICAL HOLIDAY PURSE,2011-11,2011-12,M2_gbm_poisson,3.135932,0,0.000000,C,True,Forecast
20665,RED RETROSPOT PURSE,2011-11,2011-12,M2_gbm_poisson,20.591996,5,19.000000,A,True,Forecast
20666,ECONOMY HOLIDAY PURSE,2011-11,2011-12,M2_gbm_poisson,2.006944,0,0.000000,C,True,Forecast
20667,CHERRY BLOSSOM PURSE,2011-11,2011-12,M2_gbm_poisson,3.130582,0,0.000000,C,True,Forecast
20668,DISCO BALL CHRISTMAS DECORATION,2011-11,2011-12,M2_gbm_poisson,1640.395962,4329,2338.000000,B,True,Forecast
20669,RED HEART LUGGAGE TAG,2011-11,2011-12,M2_gbm_poisson,41.594775,28,26.666667,C,True,Forecast
20670,VIP HOLIDAY PURSE,2011-11,2011-12,M2_gbm_poisson,4.205931,2,1.333333,C,True,Forecast
20674,GREEN POLKADOT BOWL,2011-11,2011-12,M2_gbm_poisson,70.381817,107,129.000000,A,True,Forecast
20675,BLUE POLKADOT BOWL,2011-11,2011-12,M2_gbm_poisson,121.292327,173,209.666667,A,True,Forecast
20676,RED RETROSPOT BOWL,2011-11,2011-12,M2_gbm_poisson,229.347026,454,296.000000,A,True,Forecast
20677,PINK POLKADOT BOWL,2011-11,2011-12,M2_gbm_poisson,139.129135,209,210.000000,A,True,Forecast
20678,LARGE BLACK DIAMANTE HAIRSLIDE,2011-11,2011-12,M2_gbm_poisson,30.958231,0,1.333333,C,True,Forecast
20679,EDWARDIAN PARASOL RED,2011-11,2011-12,M2_gbm_poisson,101.617488,162,189.000000,A,True,Forecast
20682,RED RETROSPOT CHILDRENS UMBRELLA,2011-11,2011-12,M2_gbm_poisson,85.063496,124,147.000000,A,True,Forecast
20684,STRAWBERRY DREAM CHILDS UMBRELLA,2011-11,2011-12,M2_gbm_poisson,2.064227,0,0.000000,B,True,Forecast
20685,DOORMAT RED RETROSPOT,2011-11,2011-12,M2_gbm_poisson,223.354020,339,241.000000,A,True,Forecast
20686,DOLLY MIXTURE CHILDREN'S UMBRELLA,2011-11,2011-12,M2_gbm_poisson,49.115823,62,40.000000,B,True,Forecast
20694,FLORAL PINK MONSTER,2011-11,2011-12,M2_gbm_poisson,9.516632,1,4.333333,C,True,Forecast
20695,FLORAL BLUE MONSTER,2011-11,2011-12,M2_gbm_poisson,4.826633,1,1.000000,C,True,Forecast
20696,FLORAL SOFT CAR TOY,2011-11,2011-12,M2_gbm_poisson,11.495389,3,6.000000,C,True,Forecast
20697,LITTLE GREEN MONSTER SOFT TOY,2011-11,2011-12,M2_gbm_poisson,8.952681,4,3.000000,C,True,Forecast
20698,LITTLE PINK MONSTER SOFT TOY,2011-11,2011-12,M2_gbm_poisson,11.725992,6,3.666667,C,True,Forecast
20699,MOUSEY LONG LEGS SOFT TOY,2011-11,2011-12,M2_gbm_poisson,5.112400,3,1.000000,C,True,Forecast
20700,GREEN CAT FLORAL CUSHION COVER,2011-11,2011-12,M2_gbm_poisson,6.526302,0,6.333333,B,True,Forecast
20701,PINK CAT FLORAL CUSHION COVER,2011-11,2011-12,M2_gbm_poisson,2.100929,0,0.000000,C,True,Forecast
20702,PINK PADDED MOBILE,2011-11,2011-12,M2_gbm_poisson,5.274137,0,2.000000,B,True,Forecast
20704,MR ROBOT SOFT TOY,2011-11,2011-12,M2_gbm_poisson,11.009346,3,6.666667,B,True,Forecast
20705,MRS ROBOT SOFT TOY,2011-11,2011-12,M2_gbm_poisson,6.883450,1,3.000000,C,True,Forecast
20707,CRAZY DAISY HEART DECORATION,2011-11,2011-12,M2_gbm_poisson,29.642537,16,12.333333,B,True,Forecast
20711,JUMBO BAG TOYS,2011-11,2011-12,M2_gbm_poisson,189.445820,391,362.000000,A,True,Forecast
20712,JUMBO BAG WOODLAND ANIMALS,2011-11,2011-12,M2_gbm_poisson,460.187170,772,1055.666667,A,True,Forecast
20713,JUMBO BAG OWLS,2011-11,2011-12,M2_gbm_poisson,525.802126,689,1196.333333,A,True,Forecast
20716,PARTY FOOD SHOPPER BAG,2011-11,2011-12,M2_gbm_poisson,2.006944,0,0.000000,B,True,Forecast
20717,STRAWBERRY SHOPPER BAG,2011-11,2011-12,M2_gbm_poisson,111.728731,234,143.333333,A,True,Forecast
20718,RED RETROSPOT SHOPPER BAG,2011-11,2011-12,M2_gbm_poisson,248.520814,505,348.333333,A,True,Forecast
20719,WOODLAND CHARLOTTE BAG,2011-11,2011-12,M2_gbm_poisson,536.866669,1018,1020.333333,A,True,Forecast
20723,STRAWBERRY CHARLOTTE BAG,2011-11,2011-12,M2_gbm_poisson,417.669863,935,914.000000,A,True,Forecast
20724,RED RETROSPOT CHARLOTTE BAG,2011-11,2011-12,M2_gbm_poisson,969.296519,2209,1887.333333,A,True,Forecast
20725,LUNCH BAG RED RETROSPOT,2011-11,2011-12,M2_gbm_poisson,1013.822299,1992,1685.666667,A,True,Forecast
20726,LUNCH BAG WOODLAND,2011-11,2011-12,M2_gbm_poisson,391.505214,697,694.666667,A,True,Forecast
20727,LUNCH BAG  BLACK SKULL.,2011-11,2011-12,M2_gbm_poisson,854.205813,1207,1195.000000,A,True,Forecast
20728,LUNCH BAG CARS BLUE,2011-11,2011-12,M2_gbm_poisson,566.963756,935,938.000000,A,True,Forecast
20731,POSY CANDY BAG,2011-11,2011-12,M2_gbm_poisson,2.006944,0,0.000000,B,True,Forecast
20733,GOLD MINI TAPE MEASURE,2011-11,2011-12,M2_gbm_poisson,54.143378,63,50.666667,B,True,Forecast
20735,BLACK MINI TAPE MEASURE,2011-11,2011-12,M2_gbm_poisson,15.022596,6,5.666667,B,True,Forecast
20748,KENSINGTON COFFEE SET,2011-11,2011-12,M2_gbm_poisson,16.476304,14,7.666667,A,True,Forecast
20749,ASSORTED COLOUR MINI CASES,2011-11,2011-12,M2_gbm_poisson,120.589566,281,187.000000,A,True,Forecast
20750,RED RETROSPOT MINI CASES,2011-11,2011-12,M2_gbm_poisson,110.822782,212,158.666667,A,True,Forecast
20751,FUNKY WASHING UP GLOVES ASSORTED,2011-11,2011-12,M2_gbm_poisson,58.161519,50,56.666667,A,True,Forecast
20752,BLUE POLKADOT WASHING UP GLOVES,2011-11,2011-12,M2_gbm_poisson,41.594775,25,25.000000,B,True,Forecast
20754,RETROSPOT RED WASHING UP GLOVES,2011-11,2011-12,M2_gbm_poisson,55.664898,43,66.333333,A,True,Forecast
20755,BLUE PAISLEY POCKET BOOK,2011-11,2011-12,M2_gbm_poisson,54.671169,87,48.666667,B,True,Forecast
20756,GREEN FERN POCKET BOOK,2011-11,2011-12,M2_gbm_poisson,23.419757,13,10.000000,C,True,Forecast
20757,RED DAISY POCKET BOOK,2011-11,2011-12,M2_gbm_poisson,48.015438,60,24.333333,C,True,Forecast
20758,ABSTRACT CIRCLES POCKET BOOK,2011-11,2011-12,M2_gbm_poisson,40.461781,37,20.000000,C,True,Forecast
20759,CHRYSANTHEMUM POCKET BOOK,2011-11,2011-12,M2_gbm_poisson,30.953891,26,11.666667,C,True,Forecast
20760,GARDEN PATH POCKET BOOK,2011-11,2011-12,M2_gbm_poisson,27.203220,18,13.333333,B,True,Forecast
20761,BLUE PAISLEY SKETCHBOOK,2011-11,2011-12,M2_gbm_poisson,20.289375,14,14.000000,B,True,Forecast
20762,GREEN FERN SKETCHBOOK,2011-11,2011-12,M2_gbm_poisson,11.801902,8,7.333333,B,True,Forecast
20763,DAISY SKETCHBOOK,2011-11,2011-12,M2_gbm_poisson,30.914835,24,10.333333,C,True,Forecast
20764,ABSTRACT CIRCLES SKETCHBOOK,2011-11,2011-12,M2_gbm_poisson,34.514227,26,16.000000,B,True,Forecast
20765,CHRYSANTHEMUM SKETCHBOOK,2011-11,2011-12,M2_gbm_poisson,19.806418,12,9.000000,B,True,Forecast
20766,GARDEN PATH SKETCHBOOK,2011-11,2011-12,M2_gbm_poisson,21.623009,14,11.333333,B,True,Forecast
20767,BLUE PAISLEY JOURNAL,2011-11,2011-12,M2_gbm_poisson,40.860409,23,18.333333,B,True,Forecast
20768,GREEN FERN JOURNAL,2011-11,2011-12,M2_gbm_poisson,43.749784,42,19.666667,B,True,Forecast
20769,DAISY JOURNAL,2011-11,2011-12,M2_gbm_poisson,22.084493,14,10.666667,C,True,Forecast
20770,ABSTRACT CIRCLE JOURNAL,2011-11,2011-12,M2_gbm_poisson,7.562185,2,2.000000,B,True,Forecast
20771,CHRYSANTHEMUM  JOURNAL,2011-11,2011-12,M2_gbm_poisson,30.150937,22,13.000000,B,True,Forecast
20772,GARDEN PATH JOURNAL,2011-11,2011-12,M2_gbm_poisson,59.184786,105,46.333333,B,True,Forecast
20773,BLUE PAISLEY NOTEBOOK,2011-11,2011-12,M2_gbm_poisson,3.699370,0,0.666667,B,True,Forecast
20774,GREEN FERN NOTEBOOK,2011-11,2011-12,M2_gbm_poisson,14.062327,0,14.666667,C,True,Forecast
20775,DAISY NOTEBOOK,2011-11,2011-12,M2_gbm_poisson,45.927104,48,29.333333,C,True,Forecast
20777,CHRYSANTHEMUM NOTEBOOK,2011-11,2011-12,M2_gbm_poisson,51.211795,56,35.666667,B,True,Forecast
20780,BLACK EAR MUFF HEADPHONES,2011-11,2011-12,M2_gbm_poisson,13.584011,10,3.666667,B,True,Forecast
20781,GOLD EAR MUFF HEADPHONES,2011-11,2011-12,M2_gbm_poisson,15.231526,10,4.000000,C,True,Forecast
20782,CAMOUFLAGE EAR MUFF HEADPHONES,2011-11,2011-12,M2_gbm_poisson,11.944800,6,3.666667,C,True,Forecast
20793,BLUE TILED TRAY,2011-11,2011-12,M2_gbm_poisson,2.443777,0,0.333333,C,True,Forecast
20794,BLUE  TILE HOOK,2011-11,2011-12,M2_gbm_poisson,12.460313,5,4.333333,C,True,Forecast
20795,LARGE BLUE PROVENCAL CERAMIC BALL,2011-11,2011-12,M2_gbm_poisson,12.798100,5,5.666667,C,True,Forecast
20796,SMALL BLUE PROVENCAL CERAMIC BALL,2011-11,2011-12,M2_gbm_poisson,11.408180,4,5.000000,C,True,Forecast
20802,SMALL GLASS SUNDAE DISH CLEAR,2011-11,2011-12,M2_gbm_poisson,37.810445,30,25.333333,B,True,Forecast
20819,SILVER TEDDY BEAR,2011-11,2011-12,M2_gbm_poisson,31.150269,25,11.666667,C,True,Forecast
20821,GOLDIE LOOKING MIRROR,2011-11,2011-12,M2_gbm_poisson,4.366355,2,0.666667,C,True,Forecast
20823,GOLD WINE GOBLET,2011-11,2011-12,M2_gbm_poisson,1.984807,0,0.000000,C,True,Forecast
20828,GLITTER BUTTERFLY CLIPS,2011-11,2011-12,M2_gbm_poisson,74.653226,124,90.666667,A,True,Forecast
20829,GLITTER HANGING BUTTERFLY STRING,2011-11,2011-12,M2_gbm_poisson,86.207122,153,103.333333,A,True,Forecast
20830,SILVER PHOTO FRAME,2011-11,2011-12,M2_gbm_poisson,5.180841,0,2.000000,B,True,Forecast
20831,GOLD PHOTO FRAME,2011-11,2011-12,M2_gbm_poisson,18.867378,12,9.666667,C,True,Forecast
20832,RED FLOCK LOVE HEART PHOTO FRAME,2011-11,2011-12,M2_gbm_poisson,64.815383,103,122.000000,C,True,Forecast
20835,FRENCH LATTICE CUSHION COVER,2011-11,2011-12,M2_gbm_poisson,16.577963,12,8.000000,C,True,Forecast
20836,FRENCH PAISLEY CUSHION COVER,2011-11,2011-12,M2_gbm_poisson,42.638378,42,30.000000,C,True,Forecast
20837,FRENCH FLORAL CUSHION COVER,2011-11,2011-12,M2_gbm_poisson,41.498338,39,19.000000,C,True,Forecast
20838,FRENCH LATTICE CUSHION COVER,2011-11,2011-12,M2_gbm_poisson,46.593123,34,51.000000,C,True,Forecast
20839,FRENCH PAISLEY CUSHION COVER,2011-11,2011-12,M2_gbm_poisson,66.484138,92,95.666667,C,True,Forecast
20840,FRENCH FLORAL CUSHION COVER,2011-11,2011-12,M2_gbm_poisson,40.369243,30,34.000000,B,True,Forecast
20845,ZINC HEART LATTICE 2 WALL PLANTER,2011-11,2011-12,M2_gbm_poisson,2.443777,0,0.000000,C,True,Forecast
20846,ZINC HEART LATTICE T-LIGHT HOLDER,2011-11,2011-12,M2_gbm_poisson,58.784322,90,51.666667,B,True,Forecast
20847,ZINC HEART LATTICE CHARGER LARGE,2011-11,2011-12,M2_gbm_poisson,8.205221,1,2.333333,C,True,Forecast
20848,ZINC HEART LATTICE CHARGER SMALL,2011-11,2011-12,M2_gbm_poisson,5.028478,3,1.666667,C,True,Forecast
20856,DENIM PATCH PURSE PINK BUTTERFLY,2011-11,2011-12,M2_gbm_poisson,3.135932,0,0.000000,C,True,Forecast
20866,BLUE ROSE FABRIC MIRROR,2011-11,2011-12,M2_gbm_poisson,54.510308,45,77.000000,B,True,Forecast
20867,PINK ROSE FABRIC MIRROR,2011-11,2011-12,M2_gbm_poisson,30.909095,24,11.000000,B,True,Forecast
20868,SILVER FABRIC MIRROR,2011-11,2011-12,M2_gbm_poisson,94.507721,279,109.000000,C,True,Forecast
20869,GOLD FABRIC MIRROR,2011-11,2011-12,M2_gbm_poisson,53.582599,80,42.000000,C,True,Forecast
20886,BOX OF 9 PEBBLE CANDLES,2011-11,2011-12,M2_gbm_poisson,18.611674,5,13.333333,A,True,Forecast
20893,HANGING BAUBLE T-LIGHT HOLDER SMALL,2011-11,2011-12,M2_gbm_poisson,20.046830,8,11.666667,B,True,Forecast
20894,HANGING BAUBLE T-LIGHT HOLDER LARGE,2011-11,2011-12,M2_gbm_poisson,16.091156,13,8.000000,C,True,Forecast
20897,VINTAGE NOTEBOOK PARIS DAYS,2011-11,2011-12,M2_gbm_poisson,2.955490,0,0.000000,C,True,Forecast
20898,VINTAGE NOTEBOOK TRAVELOGUE,2011-11,2011-12,M2_gbm_poisson,4.823546,0,1.666667,C,True,Forecast
20901,VINTAGE KEEPSAKE BOX PINK FLOWER,2011-11,2011-12,M2_gbm_poisson,4.247789,1,0.333333,C,True,Forecast
20902,VINTAGE KEEPSAKE BOX PARIS DAYS,2011-11,2011-12,M2_gbm_poisson,2.639120,0,0.000000,B,True,Forecast
20903,VINTAGE KEEPSAKE BOX TRAVELOGUE,2011-11,2011-12,M2_gbm_poisson,3.933547,0,0.666667,C,True,Forecast
20914,SET/5 RED RETROSPOT LID GLASS BOWLS,2011-11,2011-12,M2_gbm_poisson,395.376997,762,557.000000,A,True,Forecast
20931,BLUE POT PLANT CANDLE,2011-11,2011-12,M2_gbm_poisson,65.578772,110,43.333333,B,True,Forecast
20932,PINK POT PLANT CANDLE,2011-11,2011-12,M2_gbm_poisson,47.941924,77,38.666667,C,True,Forecast
20933,YELLOW POT PLANT CANDLE,2011-11,2011-12,M2_gbm_poisson,4.987103,1,1.666667,B,True,Forecast
20934,SET/3 POT PLANT CANDLES,2011-11,2011-12,M2_gbm_poisson,10.128593,2,7.666667,B,True,Forecast
20935,ROUND CACTUS CANDLE,2011-11,2011-12,M2_gbm_poisson,7.796329,5,2.000000,C,True,Forecast
20936,FORKED CACTUS CANDLE,2011-11,2011-12,M2_gbm_poisson,43.777888,22,18.000000,C,True,Forecast
20941,FROG CANDLE,2011-11,2011-12,M2_gbm_poisson,1.984807,0,0.000000,C,True,Forecast
20956,PORCELAIN T-LIGHT HOLDERS ASSORTED,2011-11,2011-12,M2_gbm_poisson,97.220879,237,181.333333,B,True,Forecast
20961,STRAWBERRY BATH SPONGE,2011-11,2011-12,M2_gbm_poisson,106.007189,252,137.333333,A,True,Forecast
20963,APPLE BATH SPONGE,2011-11,2011-12,M2_gbm_poisson,133.867749,275,151.000000,A,True,Forecast
20966,SANDWICH BATH SPONGE,2011-11,2011-12,M2_gbm_poisson,2.851032,0,0.000000,A,True,Forecast
20967,GREY FLORAL FELTCRAFT SHOULDER BAG,2011-11,2011-12,M2_gbm_poisson,3.502024,0,0.333333,A,True,Forecast
20969,RED FLORAL FELTCRAFT SHOULDER BAG,2011-11,2011-12,M2_gbm_poisson,173.891037,212,350.666667,A,True,Forecast
20970,PINK FLORAL FELTCRAFT SHOULDER BAG,2011-11,2011-12,M2_gbm_poisson,117.115486,236,198.333333,A,True,Forecast
20971,PINK BLUE FELT CRAFT TRINKET BOX,2011-11,2011-12,M2_gbm_poisson,939.293274,1389,2289.666667,A,True,Forecast
20972,PINK CREAM FELT CRAFT TRINKET BOX,2011-11,2011-12,M2_gbm_poisson,456.773416,1004,846.333333,A,True,Forecast
20973,12 PENCIL SMALL TUBE WOODLAND,2011-11,2011-12,M2_gbm_poisson,921.026370,1649,761.333333,A,True,Forecast
20974,12 PENCILS SMALL TUBE SKULL,2011-11,2011-12,M2_gbm_poisson,258.173985,610,620.000000,A,True,Forecast
20975,12 PENCILS SMALL TUBE RED RETROSPOT,2011-11,2011-12,M2_gbm_poisson,618.759112,895,891.000000,A,True,Forecast
20977,36 PENCILS TUBE WOODLAND,2011-11,2011-12,M2_gbm_poisson,71.235442,62,122.333333,A,True,Forecast
20978,36 PENCILS TUBE SKULLS,2011-11,2011-12,M2_gbm_poisson,151.902647,309,266.000000,A,True,Forecast
20979,36 PENCILS TUBE RED RETROSPOT,2011-11,2011-12,M2_gbm_poisson,278.364865,485,468.333333,A,True,Forecast
20980,36 PENCILS TUBE POSY,2011-11,2011-12,M2_gbm_poisson,3.135932,0,0.000000,C,True,Forecast
20981,12 PENCILS TALL TUBE WOODLAND,2011-11,2011-12,M2_gbm_poisson,164.501703,393,269.333333,B,True,Forecast
20982,12 PENCILS TALL TUBE SKULLS,2011-11,2011-12,M2_gbm_poisson,278.583031,671,395.000000,B,True,Forecast
20983,12 PENCILS TALL TUBE RED RETROSPOT,2011-11,2011-12,M2_gbm_poisson,244.901042,586,398.666667,A,True,Forecast
20984,12 PENCILS TALL TUBE POSY,2011-11,2011-12,M2_gbm_poisson,219.981046,0,413.333333,C,True,Forecast
20985,HEART CALCULATOR,2011-11,2011-12,M2_gbm_poisson,68.080274,76,86.333333,B,True,Forecast
20986,BLUE CALCULATOR RULER,2011-11,2011-12,M2_gbm_poisson,90.674507,169,135.333333,C,True,Forecast
20992,JAZZ HEARTS PURSE NOTEBOOK,2011-11,2011-12,M2_gbm_poisson,495.122416,1160,718.666667,B,True,Forecast
20996,JAZZ HEARTS ADDRESS BOOK,2011-11,2011-12,M2_gbm_poisson,260.214534,449,459.333333,B,True,Forecast
20997,ROSE DU SUD CUSHION COVER,2011-11,2011-12,M2_gbm_poisson,13.936053,7,4.666667,C,True,Forecast
20998,ROSE DU SUD OVEN GLOVE,2011-11,2011-12,M2_gbm_poisson,10.788464,0,3.333333,C,True,Forecast
21000,ROSE DU SUD COSMETICS BAG,2011-11,2011-12,M2_gbm_poisson,21.850568,15,8.000000,B,True,Forecast
21001,ROSE DU SUD WASHBAG,2011-11,2011-12,M2_gbm_poisson,20.964991,15,7.666667,C,True,Forecast
21002,ROSE DU SUD DRAWSTRING BAG,2011-11,2011-12,M2_gbm_poisson,4.010787,0,1.333333,B,True,Forecast
21003,ROSE DU SUD CUSHION COVER,2011-11,2011-12,M2_gbm_poisson,18.867535,12,9.333333,C,True,Forecast
21012,ANTIQUE ALL GLASS CANDLESTICK,2011-11,2011-12,M2_gbm_poisson,84.670168,158,104.333333,B,True,Forecast
21014,SWISS CHALET TREE DECORATION,2011-11,2011-12,M2_gbm_poisson,146.306912,307,398.000000,C,True,Forecast
21015,DARK BIRD HOUSE TREE DECORATION,2011-11,2011-12,M2_gbm_poisson,261.424086,624,423.000000,C,True,Forecast
21025,SPACE FROG,2011-11,2011-12,M2_gbm_poisson,23.490243,18,7.333333,C,True,Forecast
21026,SPACE OWL,2011-11,2011-12,M2_gbm_poisson,52.325247,56,25.333333,C,True,Forecast
21027,NINJA RABBIT PINK,2011-11,2011-12,M2_gbm_poisson,13.918125,8,7.333333,C,True,Forecast
21028,NINJA RABBIT BLACK,2011-11,2011-12,M2_gbm_poisson,29.147026,18,11.666667,C,True,Forecast
21030,SPACE CADET RED,2011-11,2011-12,M2_gbm_poisson,20.057399,17,7.333333,C,True,Forecast
21031,SPACE CADET BLACK,2011-11,2011-12,M2_gbm_poisson,14.319433,10,4.666667,C,True,Forecast
21032,SPACE CADET WHITE,2011-11,2011-12,M2_gbm_poisson,20.908093,18,7.333333,C,True,Forecast
21033,JUMBO BAG CHARLIE AND LOLA TOYS,2011-11,2011-12,M2_gbm_poisson,4.104237,0,0.333333,A,True,Forecast
21034,REX CASH+CARRY JUMBO SHOPPER,2011-11,2011-12,M2_gbm_poisson,196.480423,349,244.000000,B,True,Forecast
21035,SET/2 RED RETROSPOT TEA TOWELS,2011-11,2011-12,M2_gbm_poisson,156.481083,325,197.333333,A,True,Forecast
21039,RED SPOTTY SHOPPING BAG,2011-11,2011-12,M2_gbm_poisson,48.512622,39,38.333333,B,True,Forecast
21041,RED RETROSPOT OVEN GLOVE DOUBLE,2011-11,2011-12,M2_gbm_poisson,28.620474,14,25.333333,A,True,Forecast
21042,RED SPOTTY APRON,2011-11,2011-12,M2_gbm_poisson,28.467296,21,13.000000,A,True,Forecast
21043,APRON MODERN VINTAGE COTTON,2011-11,2011-12,M2_gbm_poisson,2.844216,0,0.000000,B,True,Forecast
21051,RIBBONS PURSE,2011-11,2011-12,M2_gbm_poisson,21.008593,21,7.000000,B,True,Forecast
21054,NURSE'S BAG SOFT TOY,2011-11,2011-12,M2_gbm_poisson,4.218493,3,1.000000,A,True,Forecast
21055,TOOL BOX SOFT TOY,2011-11,2011-12,M2_gbm_poisson,44.068428,42,20.333333,B,True,Forecast
21056,DOCTOR'S BAG SOFT TOY,2011-11,2011-12,M2_gbm_poisson,29.492836,28,10.000000,A,True,Forecast
21058,PARTY INVITES WOODLAND,2011-11,2011-12,M2_gbm_poisson,56.399232,35,78.333333,B,True,Forecast
21059,PARTY INVITES DINOSAURS,2011-11,2011-12,M2_gbm_poisson,52.867033,43,51.666667,B,True,Forecast
21060,PARTY INVITES BALLOON GIRL,2011-11,2011-12,M2_gbm_poisson,41.950721,34,32.000000,C,True,Forecast
21061,PARTY INVITES FOOTBALL,2011-11,2011-12,M2_gbm_poisson,44.856130,47,41.333333,C,True,Forecast
21062,PARTY INVITES SPACEMAN,2011-11,2011-12,M2_gbm_poisson,45.658814,43,41.666667,C,True,Forecast
21063,PARTY INVITES JAZZ HEARTS,2011-11,2011-12,M2_gbm_poisson,47.445164,33,29.666667,B,True,Forecast
21064,BOOM BOX SPEAKER BOYS,2011-11,2011-12,M2_gbm_poisson,57.952165,67,47.666667,A,True,Forecast
21065,BOOM BOX SPEAKER GIRLS,2011-11,2011-12,M2_gbm_poisson,46.611202,43,20.333333,B,True,Forecast
21066,VINTAGE RED MUG,2011-11,2011-12,M2_gbm_poisson,146.698649,487,182.000000,B,True,Forecast
21067,VINTAGE RED TEATIME MUG,2011-11,2011-12,M2_gbm_poisson,7.346024,0,2.333333,A,True,Forecast
21068,VINTAGE BILLBOARD LOVE/HATE MUG,2011-11,2011-12,M2_gbm_poisson,241.319462,650,264.000000,A,True,Forecast
21069,VINTAGE BILLBOARD TEA MUG,2011-11,2011-12,M2_gbm_poisson,13.724980,0,0.000000,A,True,Forecast
21070,VINTAGE BILLBOARD MUG,2011-11,2011-12,M2_gbm_poisson,197.702566,553,282.666667,B,True,Forecast
21071,VINTAGE BILLBOARD DRINK ME MUG,2011-11,2011-12,M2_gbm_poisson,18.221571,0,83.666667,A,True,Forecast
21078,SET/20 STRAWBERRY PAPER NAPKINS,2011-11,2011-12,M2_gbm_poisson,19.177703,0,51.000000,A,True,Forecast
21080,SET/20 RED RETROSPOT PAPER NAPKINS,2011-11,2011-12,M2_gbm_poisson,454.843082,882,897.333333,A,True,Forecast
21082,SET/20 FRUIT SALAD PAPER NAPKINS,2011-11,2011-12,M2_gbm_poisson,2.006944,0,0.000000,B,True,Forecast
21084,SET/6 COLLAGE PAPER CUPS,2011-11,2011-12,M2_gbm_poisson,96.688727,92,148.000000,C,True,Forecast
21086,SET/6 RED SPOTTY PAPER CUPS,2011-11,2011-12,M2_gbm_poisson,248.550985,541,546.333333,A,True,Forecast
21088,SET/6 FRUIT SALAD PAPER CUPS,2011-11,2011-12,M2_gbm_poisson,44.550857,58,65.666667,B,True,Forecast
21089,SET/6 GREEN SPRING PAPER CUPS,2011-11,2011-12,M2_gbm_poisson,3.154028,0,0.000000,C,True,Forecast
21090,SET/6 COLLAGE PAPER PLATES,2011-11,2011-12,M2_gbm_poisson,87.926106,86,115.666667,B,True,Forecast
21094,SET/6 RED SPOTTY PAPER PLATES,2011-11,2011-12,M2_gbm_poisson,305.977462,346,574.333333,A,True,Forecast
21095,SET/6 POSIES PAPER PLATES,2011-11,2011-12,M2_gbm_poisson,1.984807,0,0.000000,C,True,Forecast
21096,SET/6 FRUIT SALAD  PAPER PLATES,2011-11,2011-12,M2_gbm_poisson,34.611783,26,25.666667,B,True,Forecast
21098,CHRISTMAS TOILET ROLL,2011-11,2011-12,M2_gbm_poisson,296.348524,333,867.666667,A,True,Forecast
21106,CREAM SLICE FLANNEL CHOCOLATE SPOT,2011-11,2011-12,M2_gbm_poisson,51.699557,89,42.000000,B,True,Forecast
21107,CREAM SLICE FLANNEL PINK SPOT,2011-11,2011-12,M2_gbm_poisson,76.258665,163,89.000000,A,True,Forecast
21108,FAIRY CAKE FLANNEL ASSORTED COLOUR,2011-11,2011-12,M2_gbm_poisson,839.584753,2354,1048.000000,A,True,Forecast
21109,"LARGE CAKE TOWEL, CHOCOLATE SPOTS",2011-11,2011-12,M2_gbm_poisson,45.782438,63,28.333333,A,True,Forecast
21110,LARGE CAKE TOWEL PINK SPOTS,2011-11,2011-12,M2_gbm_poisson,49.354322,55,49.333333,A,True,Forecast
21111,"SWISS ROLL TOWEL, CHOCOLATE  SPOTS",2011-11,2011-12,M2_gbm_poisson,52.659373,66,41.333333,B,True,Forecast
21112,"SWISS ROLL TOWEL, PINK  SPOTS",2011-11,2011-12,M2_gbm_poisson,60.908410,66,133.333333,A,True,Forecast
21114,LAVENDER SCENTED FABRIC HEART,2011-11,2011-12,M2_gbm_poisson,65.584753,98,99.666667,A,True,Forecast
21115,ROSE CARAVAN DOORSTOP,2011-11,2011-12,M2_gbm_poisson,53.129096,42,71.333333,A,True,Forecast
21116,OWL DOORSTOP,2011-11,2011-12,M2_gbm_poisson,95.777834,196,108.666667,A,True,Forecast
21117,BLOND DOLL DOORSTOP,2011-11,2011-12,M2_gbm_poisson,40.209790,41,20.000000,C,True,Forecast
21121,SET/10 RED POLKADOT PARTY CANDLES,2011-11,2011-12,M2_gbm_poisson,301.281906,415,565.666667,A,True,Forecast
21122,SET/10 PINK POLKADOT PARTY CANDLES,2011-11,2011-12,M2_gbm_poisson,251.260470,303,337.333333,A,True,Forecast
21123,SET/10 IVORY POLKADOT PARTY CANDLES,2011-11,2011-12,M2_gbm_poisson,70.411334,102,107.000000,B,True,Forecast
21124,SET/10 BLUE SPOTTY PARTY CANDLES,2011-11,2011-12,M2_gbm_poisson,158.566789,239,252.666667,A,True,Forecast
21125,SET 6 FOOTBALL CELEBRATION CANDLES,2011-11,2011-12,M2_gbm_poisson,56.478028,54,87.333333,B,True,Forecast
21126,SET OF 6 GIRLS CELEBRATION CANDLES,2011-11,2011-12,M2_gbm_poisson,51.815122,54,47.333333,B,True,Forecast
21128,GOLD FISHING GNOME,2011-11,2011-12,M2_gbm_poisson,7.982229,4,3.333333,C,True,Forecast
21129,SILVER FISHING GNOME,2011-11,2011-12,M2_gbm_poisson,16.592061,13,6.333333,C,True,Forecast
21131,GOLD STANDING GNOME,2011-11,2011-12,M2_gbm_poisson,10.804692,2,4.666667,B,True,Forecast
21132,SILVER STANDING GNOME,2011-11,2011-12,M2_gbm_poisson,11.827073,5,4.333333,C,True,Forecast
21135,VICTORIAN  METAL POSTCARD SPRING,2011-11,2011-12,M2_gbm_poisson,313.298110,1322,508.333333,A,True,Forecast
21136,PAINTED METAL PEARS ASSORTED,2011-11,2011-12,M2_gbm_poisson,273.673170,561,551.000000,A,True,Forecast
21137,BLACK RECORD COVER FRAME,2011-11,2011-12,M2_gbm_poisson,850.394986,2228,1193.000000,A,True,Forecast
21143,ANTIQUE GLASS HEART DECORATION,2011-11,2011-12,M2_gbm_poisson,3.135932,0,0.000000,A,True,Forecast
21145,ANTIQUE GLASS PLACE SETTING,2011-11,2011-12,M2_gbm_poisson,12.909787,10,3.333333,B,True,Forecast
21147,JINGLE BELLS TREE DECORATION,2011-11,2011-12,M2_gbm_poisson,55.449163,70,52.333333,C,True,Forecast
21154,RED RETROSPOT OVEN GLOVE,2011-11,2011-12,M2_gbm_poisson,220.999559,429,354.333333,A,True,Forecast
21155,RED RETROSPOT PEG BAG,2011-11,2011-12,M2_gbm_poisson,147.875459,244,224.666667,A,True,Forecast
21156,RETROSPOT CHILDRENS APRON,2011-11,2011-12,M2_gbm_poisson,246.817238,569,401.333333,A,True,Forecast
21157,RED SPOTTY WASHBAG,2011-11,2011-12,M2_gbm_poisson,4.034459,0,1.000000,B,True,Forecast
21158,MOODY GIRL DOOR HANGER,2011-11,2011-12,M2_gbm_poisson,127.275411,221,263.666667,B,True,Forecast
21159,MOODY BOY  DOOR HANGER,2011-11,2011-12,M2_gbm_poisson,104.213764,161,192.333333,B,True,Forecast
21161,KEEP OUT BOYS DOOR HANGER,2011-11,2011-12,M2_gbm_poisson,1.984807,0,0.000000,B,True,Forecast
21162,TOXIC AREA  DOOR HANGER,2011-11,2011-12,M2_gbm_poisson,137.877877,229,254.333333,B,True,Forecast
21163,DO NOT TOUCH MY STUFF DOOR HANGER,2011-11,2011-12,M2_gbm_poisson,32.614934,0,158.333333,B,True,Forecast
21164,HOME SWEET HOME METAL SIGN,2011-11,2011-12,M2_gbm_poisson,70.353170,88,76.333333,A,True,Forecast
21165,BEWARE OF THE CAT METAL SIGN,2011-11,2011-12,M2_gbm_poisson,245.334304,415,422.666667,A,True,Forecast
21166,COOK WITH WINE METAL SIGN,2011-11,2011-12,M2_gbm_poisson,682.220806,1340,1440.333333,A,True,Forecast
21167,WHITE SAGE INCENSE,2011-11,2011-12,M2_gbm_poisson,78.601482,211,175.000000,C,True,Forecast
21169,YOU'RE CONFUSING ME METAL SIGN,2011-11,2011-12,M2_gbm_poisson,244.985910,529,530.666667,A,True,Forecast
21171,BATHROOM METAL SIGN,2011-11,2011-12,M2_gbm_poisson,3.135932,0,0.000000,B,True,Forecast
21172,PARTY METAL SIGN,2011-11,2011-12,M2_gbm_poisson,227.290684,439,307.666667,A,True,Forecast
21174,POTTERING IN THE SHED METAL SIGN,2011-11,2011-12,M2_gbm_poisson,299.520393,570,570.666667,A,True,Forecast
21175,GIN + TONIC DIET METAL SIGN,2011-11,2011-12,M2_gbm_poisson,758.172525,1533,1165.333333,A,True,Forecast
21179,NO JUNK MAIL METAL SIGN,2011-11,2011-12,M2_gbm_poisson,19.151675,0,83.333333,B,True,Forecast
21181,PLEASE ONE PERSON METAL SIGN,2011-11,2011-12,M2_gbm_poisson,534.192494,989,1841.666667,A,True,Forecast
21187,WHITE BELL HONEYCOMB PAPER GARLAND,2011-11,2011-12,M2_gbm_poisson,4.149691,0,0.000000,B,True,Forecast
21188,3D HEARTS  HONEYCOMB PAPER GARLAND,2011-11,2011-12,M2_gbm_poisson,4.281864,0,0.000000,B,True,Forecast
21189,WHITE HONEYCOMB PAPER GARLAND,2011-11,2011-12,M2_gbm_poisson,56.393859,105,38.666667,B,True,Forecast
21190,PINK HEARTS PAPER GARLAND,2011-11,2011-12,M2_gbm_poisson,7.407961,4,1.333333,B,True,Forecast
21191,LARGE WHITE HONEYCOMB PAPER BELL,2011-11,2011-12,M2_gbm_poisson,68.155373,124,57.333333,B,True,Forecast
21192,WHITE BELL HONEYCOMB PAPER,2011-11,2011-12,M2_gbm_poisson,58.911350,57,139.333333,B,True,Forecast
21194,PINK  HONEYCOMB PAPER FAN,2011-11,2011-12,M2_gbm_poisson,53.411431,53,48.000000,C,True,Forecast
21196,ROUND WHITE CONFETTI IN TUBE,2011-11,2011-12,M2_gbm_poisson,7.800749,0,4.333333,C,True,Forecast
21197,MULTICOLOUR  CONFETTI IN TUBE,2011-11,2011-12,M2_gbm_poisson,45.083994,62,21.000000,C,True,Forecast
21198,WHITE HEART CONFETTI IN TUBE,2011-11,2011-12,M2_gbm_poisson,42.520424,62,37.666667,B,True,Forecast
21199,PINK  HEART CONFETTI IN TUBE,2011-11,2011-12,M2_gbm_poisson,41.126048,49,16.666667,B,True,Forecast
21200,MULTICOLOUR HONEYCOMB PAPER GARLAND,2011-11,2011-12,M2_gbm_poisson,87.688358,290,207.333333,B,True,Forecast
21201,TROPICAL  HONEYCOMB PAPER GARLAND,2011-11,2011-12,M2_gbm_poisson,90.178895,294,204.000000,A,True,Forecast
21202,DOLLY HONEYCOMB GARLAND,2011-11,2011-12,M2_gbm_poisson,19.290984,13,9.333333,B,True,Forecast
21204,DAISIES  HONEYCOMB GARLAND,2011-11,2011-12,M2_gbm_poisson,26.653638,14,32.333333,B,True,Forecast
21205,MULTICOLOUR 3D BALLS GARLAND,2011-11,2011-12,M2_gbm_poisson,25.989812,16,14.333333,B,True,Forecast
21206,STRAWBERRY HONEYCOMB  GARLAND,2011-11,2011-12,M2_gbm_poisson,36.103407,17,42.000000,B,True,Forecast
21207,SKULL AND CROSSBONES  GARLAND,2011-11,2011-12,M2_gbm_poisson,72.824859,64,142.333333,A,True,Forecast
21208,PASTEL COLOUR HONEYCOMB FAN,2011-11,2011-12,M2_gbm_poisson,63.711479,125,90.666667,C,True,Forecast
21209,MULTICOLOUR HONEYCOMB FAN,2011-11,2011-12,M2_gbm_poisson,64.868088,108,108.666667,B,True,Forecast
21210,SET OF 72 RETROSPOT PAPER  DOILIES,2011-11,2011-12,M2_gbm_poisson,333.182655,865,627.666667,A,True,Forecast
21211,SET OF 72 SKULL PAPER  DOILIES,2011-11,2011-12,M2_gbm_poisson,58.668555,44,102.666667,B,True,Forecast
21212,PACK OF 72 RETROSPOT CAKE CASES,2011-11,2011-12,M2_gbm_poisson,1721.502271,2621,2707.000000,A,True,Forecast
21213,PACK OF 72 SKULL CAKE CASES,2011-11,2011-12,M2_gbm_poisson,542.951908,686,1538.333333,A,True,Forecast
21215,IVORY PAPER CUP CAKE CASES,2011-11,2011-12,M2_gbm_poisson,58.512136,32,82.333333,B,True,Forecast
21216,"SET 3 RETROSPOT TEA,COFFEE,SUGAR",2011-11,2011-12,M2_gbm_poisson,102.419312,168,147.333333,A,True,Forecast
21217,RED RETROSPOT ROUND CAKE TINS,2011-11,2011-12,M2_gbm_poisson,69.597562,119,72.666667,A,True,Forecast
21218,RED SPOTTY BISCUIT TIN,2011-11,2011-12,M2_gbm_poisson,121.983717,274,158.000000,A,True,Forecast
21219,SET/4 BADGES BALLOON GIRL,2011-11,2011-12,M2_gbm_poisson,49.802854,60,42.000000,B,True,Forecast
21220,SET/4 BADGES DOGS,2011-11,2011-12,M2_gbm_poisson,46.569730,48,29.000000,C,True,Forecast
21221,SET/4 BADGES CUTE CREATURES,2011-11,2011-12,M2_gbm_poisson,19.759829,11,11.000000,C,True,Forecast
21222,SET/4 BADGES BEETLES,2011-11,2011-12,M2_gbm_poisson,40.593341,28,22.666667,C,True,Forecast
21224,SET/4 SKULL BADGES,2011-11,2011-12,M2_gbm_poisson,66.950962,101,97.333333,B,True,Forecast
21226,POCKET MIRROR WOODLAND,2011-11,2011-12,M2_gbm_poisson,13.947413,6,2.333333,C,True,Forecast
21231,SWEETHEART CERAMIC TRINKET BOX,2011-11,2011-12,M2_gbm_poisson,296.948353,741,603.333333,A,True,Forecast
21232,STRAWBERRY CERAMIC TRINKET BOX,2011-11,2011-12,M2_gbm_poisson,747.503346,1503,1178.000000,A,True,Forecast
21238,RED RETROSPOT CUP,2011-11,2011-12,M2_gbm_poisson,189.531889,296,193.666667,A,True,Forecast
21239,PINK  POLKADOT CUP,2011-11,2011-12,M2_gbm_poisson,119.760719,122,138.333333,A,True,Forecast
21240,BLUE POLKADOT CUP,2011-11,2011-12,M2_gbm_poisson,99.467605,192,135.666667,A,True,Forecast
21242,RED RETROSPOT PLATE,2011-11,2011-12,M2_gbm_poisson,118.893584,193,219.000000,A,True,Forecast
21243,PINK  POLKADOT PLATE,2011-11,2011-12,M2_gbm_poisson,91.318363,185,153.333333,A,True,Forecast
21244,BLUE POLKADOT PLATE,2011-11,2011-12,M2_gbm_poisson,19.292942,4,15.333333,A,True,Forecast
21245,GREEN POLKADOT PLATE,2011-11,2011-12,M2_gbm_poisson,50.839039,43,44.666667,A,True,Forecast
21246,RED RETROSPOT BIG BOWL,2011-11,2011-12,M2_gbm_poisson,2.633758,0,0.333333,B,True,Forecast
21248,DOOR HANGER  MUM + DADS ROOM,2011-11,2011-12,M2_gbm_poisson,41.638730,37,18.333333,B,True,Forecast
21249,WOODLAND  HEIGHT CHART STICKERS,2011-11,2011-12,M2_gbm_poisson,56.505556,71,50.000000,A,True,Forecast
21250,SET OF SKULL WALL STICKERS,2011-11,2011-12,M2_gbm_poisson,19.102004,16,7.666667,C,True,Forecast
21251,DINOSAUR HEIGHT CHART STICKER SET,2011-11,2011-12,M2_gbm_poisson,30.037833,20,14.333333,B,True,Forecast
21253,SET OF PICTURE FRAME  STICKERS,2011-11,2011-12,M2_gbm_poisson,31.288081,15,18.000000,C,True,Forecast
21257,VICTORIAN SEWING BOX MEDIUM,2011-11,2011-12,M2_gbm_poisson,66.659950,120,72.333333,A,True,Forecast
21258,VICTORIAN SEWING BOX LARGE,2011-11,2011-12,M2_gbm_poisson,61.675612,86,56.333333,A,True,Forecast
21259,VICTORIAN SEWING BOX SMALL,2011-11,2011-12,M2_gbm_poisson,73.826131,109,96.000000,A,True,Forecast
21260,FIRST AID TIN,2011-11,2011-12,M2_gbm_poisson,61.288141,56,98.666667,A,True,Forecast
21261,GREEN GOOSE FEATHER CHRISTMAS TREE,2011-11,2011-12,M2_gbm_poisson,33.794636,17,45.000000,C,True,Forecast
21262,WHITE GOOSE FEATHER CHRISTMAS TREE,2011-11,2011-12,M2_gbm_poisson,56.803030,83,58.000000,B,True,Forecast
21263,GREEN GOOSE FEATHER TREE 60CM,2011-11,2011-12,M2_gbm_poisson,49.753195,47,40.333333,C,True,Forecast
21264,WHITE GOOSE FEATHER TREE 60CM,2011-11,2011-12,M2_gbm_poisson,61.486146,119,70.333333,C,True,Forecast
21265,PINK GOOSE FEATHER TREE 60CM,2011-11,2011-12,M2_gbm_poisson,33.211236,16,26.666667,C,True,Forecast
21269,ANTIQUE CREAM CUTLERY SHELF,2011-11,2011-12,M2_gbm_poisson,4.786470,1,1.666667,B,True,Forecast
21270,ANTIQUE CREAM CUTLERY CUPBOARD,2011-11,2011-12,M2_gbm_poisson,4.147373,1,0.666667,C,True,Forecast
21272,SALLE DE BAIN HOOK,2011-11,2011-12,M2_gbm_poisson,3.135932,0,0.000000,B,True,Forecast
21275,ZINC TOP  2 DOOR WOODEN SHELF,2011-11,2011-12,M2_gbm_poisson,4.509818,1,0.333333,B,True,Forecast
21277,FRENCH STYLE EMBOSSED HEART CABINET,2011-11,2011-12,M2_gbm_poisson,8.506615,4,3.666667,B,True,Forecast
21278,VINTAGE KITCHEN PRINT PUDDINGS,2011-11,2011-12,M2_gbm_poisson,2.028496,0,0.000000,B,True,Forecast
21279,VINTAGE KITCHEN PRINT FRUITS,2011-11,2011-12,M2_gbm_poisson,9.326272,0,4.666667,B,True,Forecast
21280,VINTAGE KITCHEN PRINT VEGETABLES,2011-11,2011-12,M2_gbm_poisson,9.092297,6,2.000000,B,True,Forecast
21281,VINTAGE KITCHEN PRINT SEAFOOD,2011-11,2011-12,M2_gbm_poisson,5.579021,3,1.000000,B,True,Forecast
21284,RETROSPOT CANDLE  SMALL,2011-11,2011-12,M2_gbm_poisson,17.707187,5,14.333333,B,True,Forecast
21285,RETROSPOT CANDLE  MEDIUM,2011-11,2011-12,M2_gbm_poisson,39.485674,34,20.333333,B,True,Forecast
21286,RETROSPOT CANDLE  LARGE,2011-11,2011-12,M2_gbm_poisson,24.364925,6,18.666667,B,True,Forecast
21287,SCENTED VELVET LOUNGE CANDLE,2011-11,2011-12,M2_gbm_poisson,162.520410,564,314.000000,B,True,Forecast
21288,STRIPEY CHOCOLATE NESTING BOXES,2011-11,2011-12,M2_gbm_poisson,40.380800,22,54.000000,B,True,Forecast
21289,LARGE STRIPES CHOCOLATE GIFT BAG,2011-11,2011-12,M2_gbm_poisson,36.265595,22,53.333333,B,True,Forecast
21291,SMALL SPOTTY CHOCOLATE GIFT BAG,2011-11,2011-12,M2_gbm_poisson,58.307760,99,71.000000,B,True,Forecast
21292,SMALL STRIPES CHOCOLATE GIFT BAG,2011-11,2011-12,M2_gbm_poisson,44.166475,64,53.666667,B,True,Forecast
21293,MIRRORED DOVE WALL DECORATION,2011-11,2011-12,M2_gbm_poisson,38.783936,37,21.333333,C,True,Forecast
21294,ETCHED GLASS COASTER,2011-11,2011-12,M2_gbm_poisson,19.618938,0,25.333333,B,True,Forecast
21306,SET/4 DAISY MIRROR MAGNETS,2011-11,2011-12,M2_gbm_poisson,62.876730,108,96.000000,C,True,Forecast
21307,SET/4 BUTTERFLY MIRROR MAGNETS,2011-11,2011-12,M2_gbm_poisson,2.027923,0,0.000000,C,True,Forecast
21311,SET/4 BIRD MIRROR MAGNETS,2011-11,2011-12,M2_gbm_poisson,45.967781,45,28.000000,C,True,Forecast
21313,GLASS HEART T-LIGHT HOLDER,2011-11,2011-12,M2_gbm_poisson,109.501408,293,284.000000,A,True,Forecast
21314,SMALL GLASS HEART TRINKET POT,2011-11,2011-12,M2_gbm_poisson,209.981915,403,402.333333,A,True,Forecast
21317,GLASS SPHERE CANDLE STAND MEDIUM,2011-11,2011-12,M2_gbm_poisson,35.845593,25,20.333333,B,True,Forecast
21326,AGED GLASS SILVER T-LIGHT HOLDER,2011-11,2011-12,M2_gbm_poisson,601.011263,1141,1149.000000,A,True,Forecast
21327,SKULLS WRITING SET,2011-11,2011-12,M2_gbm_poisson,97.722105,176,102.000000,B,True,Forecast
21328,BALLOONS  WRITING SET,2011-11,2011-12,M2_gbm_poisson,108.762901,222,155.000000,B,True,Forecast
21329,DINOSAURS  WRITING SET,2011-11,2011-12,M2_gbm_poisson,102.562748,221,137.333333,B,True,Forecast
21331,MOROCCAN BEATEN METAL DISH LARGE,2011-11,2011-12,M2_gbm_poisson,4.319791,1,1.333333,C,True,Forecast
21332,MOROCCAN BEATEN METAL MIRROR,2011-11,2011-12,M2_gbm_poisson,2.666022,0,0.000000,B,True,Forecast
21336,GOLD WASHBAG,2011-11,2011-12,M2_gbm_poisson,1.984807,0,0.000000,C,True,Forecast
21340,CLASSIC METAL BIRDCAGE PLANT HOLDER,2011-11,2011-12,M2_gbm_poisson,64.789942,86,69.666667,A,True,Forecast
21344,MOROCCAN BEATEN METAL DISH,2011-11,2011-12,M2_gbm_poisson,6.628756,5,3.000000,C,True,Forecast
21349,IVY HEART WREATH,2011-11,2011-12,M2_gbm_poisson,4.997900,1,2.000000,A,True,Forecast
21351,CINAMMON & ORANGE WREATH,2011-11,2011-12,M2_gbm_poisson,28.579486,22,12.666667,A,True,Forecast
21352,EUCALYPTUS & PINECONE  WREATH,2011-11,2011-12,M2_gbm_poisson,37.916113,22,91.333333,B,True,Forecast
21354,TOAST ITS - BEST MUM,2011-11,2011-12,M2_gbm_poisson,59.555491,96,60.000000,B,True,Forecast
21355,TOAST ITS - I LOVE YOU,2011-11,2011-12,M2_gbm_poisson,26.871063,16,9.333333,A,True,Forecast
21356,TOAST ITS - FAIRY FLOWER,2011-11,2011-12,M2_gbm_poisson,84.801561,157,111.333333,B,True,Forecast
21358,TOAST ITS - HAPPY BIRTHDAY,2011-11,2011-12,M2_gbm_poisson,54.238362,59,43.333333,B,True,Forecast
21359,RELAX LARGE WOOD LETTERS,2011-11,2011-12,M2_gbm_poisson,2.937337,0,0.000000,B,True,Forecast
21360,JOY LARGE WOOD LETTERS,2011-11,2011-12,M2_gbm_poisson,2.064227,0,0.000000,B,True,Forecast
21361,LOVE LARGE WOOD LETTERS,2011-11,2011-12,M2_gbm_poisson,2.045191,0,0.000000,A,True,Forecast
21363,HOME SMALL WOOD LETTERS,2011-11,2011-12,M2_gbm_poisson,3.879572,0,2.000000,A,True,Forecast
21364,PEACE SMALL WOOD LETTERS,2011-11,2011-12,M2_gbm_poisson,3.620114,0,1.666667,A,True,Forecast
21365,MIRRORED WALL ART STARS,2011-11,2011-12,M2_gbm_poisson,36.753691,20,26.333333,C,True,Forecast
21366,MIRRORED WALL ART PHOTO FRAMES,2011-11,2011-12,M2_gbm_poisson,8.943259,4,3.333333,B,True,Forecast
21367,MIRRORED WALL ART GENTS,2011-11,2011-12,M2_gbm_poisson,19.094045,12,13.333333,C,True,Forecast
21368,MIRRORED WALL ART LADIES,2011-11,2011-12,M2_gbm_poisson,22.124349,10,12.333333,C,True,Forecast
21369,MIRRORED WALL ART SPLODGES,2011-11,2011-12,M2_gbm_poisson,14.079940,2,9.666667,C,True,Forecast
21370,MIRRORED WALL ART FOXY,2011-11,2011-12,M2_gbm_poisson,11.484165,7,2.333333,C,True,Forecast
21371,MIRRORED WALL ART POPPIES,2011-11,2011-12,M2_gbm_poisson,17.220049,4,9.333333,C,True,Forecast
21372,MIRRORED WALL ART TABLE LAMP,2011-11,2011-12,M2_gbm_poisson,19.711360,11,11.333333,C,True,Forecast
21373,MIRRORED WALL ART SNOWFLAKES,2011-11,2011-12,M2_gbm_poisson,63.869816,112,73.000000,C,True,Forecast
21374,MIRRORED WALL ART SKULLS,2011-11,2011-12,M2_gbm_poisson,39.430106,27,28.333333,C,True,Forecast
21375,LARGE CAMPHOR WOOD FIELD MUSHROOM,2011-11,2011-12,M2_gbm_poisson,5.323818,1,2.000000,C,True,Forecast
21376,LARGE  TALL CAMPHOR WOOD TOADSTOOL,2011-11,2011-12,M2_gbm_poisson,6.892685,2,2.666667,C,True,Forecast
21377,SMALL CAMPHOR WOOD FIELD  MUSHROOM,2011-11,2011-12,M2_gbm_poisson,17.301912,12,9.000000,C,True,Forecast
21378,SMALL TALL CAMPHOR WOOD TOADSTOOL,2011-11,2011-12,M2_gbm_poisson,19.420743,8,9.666667,C,True,Forecast
21379,CAMPHOR WOOD PORTOBELLO MUSHROOM,2011-11,2011-12,M2_gbm_poisson,24.058422,8,15.666667,C,True,Forecast
21380,WOODEN HAPPY BIRTHDAY GARLAND,2011-11,2011-12,M2_gbm_poisson,107.426278,95,144.000000,A,True,Forecast
21381,MINI WOODEN HAPPY BIRTHDAY GARLAND,2011-11,2011-12,M2_gbm_poisson,67.729853,86,107.666667,A,True,Forecast
21382,SET/4 SPRING FLOWER DECORATION,2011-11,2011-12,M2_gbm_poisson,71.753337,62,129.666667,C,True,Forecast
21383,PACK OF 12 STICKY BUNNIES,2011-11,2011-12,M2_gbm_poisson,49.285832,54,21.333333,B,True,Forecast
21385,IVORY HANGING DECORATION  HEART,2011-11,2011-12,M2_gbm_poisson,119.071772,121,205.000000,A,True,Forecast
21386,IVORY HANGING DECORATION  EGG,2011-11,2011-12,M2_gbm_poisson,58.498924,76,70.000000,C,True,Forecast
21389,IVORY HANGING DECORATION  BIRD,2011-11,2011-12,M2_gbm_poisson,34.071592,22,19.666667,B,True,Forecast
21390,FILIGRIS HEART WITH BUTTERFLY,2011-11,2011-12,M2_gbm_poisson,158.638726,179,416.666667,A,True,Forecast
21391,FRENCH LAVENDER SCENT HEART,2011-11,2011-12,M2_gbm_poisson,18.124667,1,14.333333,B,True,Forecast
21394,RED POLKADOT BEAKER,2011-11,2011-12,M2_gbm_poisson,126.652266,28,166.000000,B,True,Forecast
21395,BLUE POLKADOT BEAKER,2011-11,2011-12,M2_gbm_poisson,37.573557,8,9.666667,C,True,Forecast
21399,BLUE POLKADOT COFFEE MUG,2011-11,2011-12,M2_gbm_poisson,2.005555,0,0.000000,B,True,Forecast
21400,RED PUDDING SPOON,2011-11,2011-12,M2_gbm_poisson,66.852329,90,103.333333,C,True,Forecast
21401,BLUE PUDDING SPOON,2011-11,2011-12,M2_gbm_poisson,71.342612,70,98.000000,C,True,Forecast
21402,RED  EGG  SPOON,2011-11,2011-12,M2_gbm_poisson,80.568477,213,145.000000,C,True,Forecast
21403,BLUE EGG  SPOON,2011-11,2011-12,M2_gbm_poisson,106.903787,271,183.666667,C,True,Forecast
21407,BROWN CHECK CAT DOORSTOP,2011-11,2011-12,M2_gbm_poisson,18.555230,4,24.000000,A,True,Forecast
21408,SPOTTY PINK DUCK DOORSTOP,2011-11,2011-12,M2_gbm_poisson,38.616974,27,21.666667,B,True,Forecast
21411,GINGHAM HEART  DOORSTOP RED,2011-11,2011-12,M2_gbm_poisson,58.792308,71,56.666667,A,True,Forecast
21413,PERIWINKLE T-LIGHT HOLDER,2011-11,2011-12,M2_gbm_poisson,8.551676,4,2.666667,B,True,Forecast
21415,CLAM SHELL SMALL,2011-11,2011-12,M2_gbm_poisson,31.521074,15,26.333333,C,True,Forecast
21417,COCKLE SHELL DISH,2011-11,2011-12,M2_gbm_poisson,35.107716,22,23.666667,C,True,Forecast
21418,STARFISH SOAP DISH,2011-11,2011-12,M2_gbm_poisson,6.690094,0,3.333333,C,True,Forecast
21420,OYSTER TRINKET BOX,2011-11,2011-12,M2_gbm_poisson,8.830879,4,2.333333,C,True,Forecast
21422,PORCELAIN ROSE SMALL,2011-11,2011-12,M2_gbm_poisson,59.307852,24,273.666667,B,True,Forecast
21424,WOODLAND STORAGE BOX LARGE,2011-11,2011-12,M2_gbm_poisson,25.975937,0,23.000000,B,True,Forecast
21425,SKULLS STORAGE BOX LARGE,2011-11,2011-12,M2_gbm_poisson,25.518525,16,10.000000,B,True,Forecast
21426,WOODLAND STORAGE BOX SMALL,2011-11,2011-12,M2_gbm_poisson,41.333253,36,26.333333,B,True,Forecast
21427,SKULLS STORAGE BOX SMALL,2011-11,2011-12,M2_gbm_poisson,31.368331,19,16.333333,C,True,Forecast
21428,SET3 BOOK BOX GREEN GINGHAM FLOWER,2011-11,2011-12,M2_gbm_poisson,92.126291,170,124.666667,A,True,Forecast
21429,RED GINGHAM ROSE JEWELLERY BOX,2011-11,2011-12,M2_gbm_poisson,176.877789,318,242.000000,A,True,Forecast
21430,SET/3 RED GINGHAM ROSE STORAGE BOX,2011-11,2011-12,M2_gbm_poisson,168.323881,183,203.000000,A,True,Forecast
21439,BASKET OF TOADSTOOLS,2011-11,2011-12,M2_gbm_poisson,75.404506,186,73.000000,B,True,Forecast
21441,BLUE BIRDHOUSE DECORATION,2011-11,2011-12,M2_gbm_poisson,30.271894,19,14.666667,C,True,Forecast
21442,GREEN BIRDHOUSE DECORATION,2011-11,2011-12,M2_gbm_poisson,33.204798,17,20.666667,C,True,Forecast
21445,12 PINK ROSE PEG PLACE SETTINGS,2011-11,2011-12,M2_gbm_poisson,2.043465,0,0.000000,B,True,Forecast
21446,12 RED ROSE PEG PLACE SETTINGS,2011-11,2011-12,M2_gbm_poisson,47.464659,52,53.000000,B,True,Forecast
21447,12 IVORY ROSE PEG PLACE SETTINGS,2011-11,2011-12,M2_gbm_poisson,9.266281,0,13.666667,A,True,Forecast
21448,12 DAISY PEGS IN WOOD BOX,2011-11,2011-12,M2_gbm_poisson,10.838335,0,3.666667,B,True,Forecast
21452,TOADSTOOL MONEY BOX,2011-11,2011-12,M2_gbm_poisson,60.491963,76,55.666667,A,True,Forecast
21454,PAINTED PINK RABBIT,2011-11,2011-12,M2_gbm_poisson,13.735013,4,5.000000,C,True,Forecast
21455,PAINTED YELLOW WOODEN DAISY,2011-11,2011-12,M2_gbm_poisson,16.823286,3,4.666667,C,True,Forecast
21456,2 PICTURE BOOK EGGS EASTER CHICKS,2011-11,2011-12,M2_gbm_poisson,2.971204,0,0.000000,C,True,Forecast
21457,2 PICTURE BOOK EGGS EASTER DUCKS,2011-11,2011-12,M2_gbm_poisson,16.569031,12,4.000000,C,True,Forecast
21458,2 PICTURE BOOK EGGS EASTER BUNNY,2011-11,2011-12,M2_gbm_poisson,14.477605,12,4.000000,C,True,Forecast
21462,"NURSERY A,B,C PAINTED LETTERS",2011-11,2011-12,M2_gbm_poisson,14.694518,5,9.000000,B,True,Forecast
21463,MIRRORED DISCO BALL,2011-11,2011-12,M2_gbm_poisson,68.190069,104,95.666667,A,True,Forecast
21464,DISCO BALL ROTATOR BATTERY OPERATED,2011-11,2011-12,M2_gbm_poisson,41.942160,39,30.000000,B,True,Forecast
21465,PINK FLOWER CROCHET FOOD COVER,2011-11,2011-12,M2_gbm_poisson,24.660349,12,16.666667,B,True,Forecast
21466,RED FLOWER CROCHET FOOD COVER,2011-11,2011-12,M2_gbm_poisson,35.978818,28,15.000000,B,True,Forecast
21467,CHERRY CROCHET FOOD COVER,2011-11,2011-12,M2_gbm_poisson,10.838454,3,5.333333,B,True,Forecast
21468,BUTTERFLY CROCHET FOOD COVER,2011-11,2011-12,M2_gbm_poisson,8.478308,3,3.666667,B,True,Forecast
21469,POLKA DOT RAFFIA FOOD COVER,2011-11,2011-12,M2_gbm_poisson,12.300424,3,6.666667,B,True,Forecast
21470,FLOWER VINE RAFFIA FOOD COVER,2011-11,2011-12,M2_gbm_poisson,40.362807,24,21.000000,A,True,Forecast
21471,STRAWBERRY RAFFIA FOOD COVER,2011-11,2011-12,M2_gbm_poisson,46.099392,26,27.333333,A,True,Forecast
21472,LADYBIRD + BEE RAFFIA FOOD COVER,2011-11,2011-12,M2_gbm_poisson,2.064227,0,0.000000,A,True,Forecast
21473,SWEETHEART CREAM STEEL TABLE RECT,2011-11,2011-12,M2_gbm_poisson,4.126432,1,1.666667,B,True,Forecast
21476,STEEL SWEETHEART ROUND TABLE CREAM,2011-11,2011-12,M2_gbm_poisson,3.586519,0,1.000000,B,True,Forecast
21479,WHITE SKULL HOT WATER BOTTLE,2011-11,2011-12,M2_gbm_poisson,487.536597,911,510.000000,A,True,Forecast
21481,FAWN BLUE HOT WATER BOTTLE,2011-11,2011-12,M2_gbm_poisson,254.805985,537,421.333333,A,True,Forecast
21484,CHICK GREY HOT WATER BOTTLE,2011-11,2011-12,M2_gbm_poisson,231.371900,450,296.333333,A,True,Forecast
21485,RETROSPOT HEART HOT WATER BOTTLE,2011-11,2011-12,M2_gbm_poisson,467.800895,770,656.666667,A,True,Forecast
21494,ROTATING LEAVES T-LIGHT HOLDER,2011-11,2011-12,M2_gbm_poisson,203.030431,388,357.000000,A,True,Forecast
21495,SKULLS AND CROSSBONES WRAP,2011-11,2011-12,M2_gbm_poisson,267.566807,1075,775.000000,A,True,Forecast
21497,FANCY FONTS BIRTHDAY WRAP,2011-11,2011-12,M2_gbm_poisson,382.792867,925,1041.666667,A,True,Forecast
21498,RED RETROSPOT WRAP,2011-11,2011-12,M2_gbm_poisson,546.119315,1200,1058.333333,A,True,Forecast
21499,BLUE POLKADOT WRAP,2011-11,2011-12,M2_gbm_poisson,239.505123,825,683.333333,A,True,Forecast
21500,PINK POLKADOT WRAP,2011-11,2011-12,M2_gbm_poisson,185.473100,650,608.333333,A,True,Forecast
21503,TOYBOX  WRAP,2011-11,2011-12,M2_gbm_poisson,45.025255,50,41.666667,C,True,Forecast
21504,SKULLS GREETING CARD,2011-11,2011-12,M2_gbm_poisson,109.828467,126,225.666667,B,True,Forecast
21506,"FANCY FONT BIRTHDAY CARD,",2011-11,2011-12,M2_gbm_poisson,218.030647,430,536.666667,A,True,Forecast
21507,"ELEPHANT, BIRTHDAY CARD,",2011-11,2011-12,M2_gbm_poisson,186.078044,470,326.000000,B,True,Forecast
21508,VINTAGE KID DOLLY CARD,2011-11,2011-12,M2_gbm_poisson,88.981073,203,166.333333,B,True,Forecast
21509,COWBOYS AND INDIANS BIRTHDAY CARD,2011-11,2011-12,M2_gbm_poisson,165.478589,300,321.333333,B,True,Forecast
21518,BANK ACCOUNT  GREETING  CARD,2011-11,2011-12,M2_gbm_poisson,2.043465,0,0.000000,C,True,Forecast
21519,GIN & TONIC DIET GREETING CARD,2011-11,2011-12,M2_gbm_poisson,118.567360,365,282.333333,B,True,Forecast
21520,BOOZE & WOMEN GREETING CARD,2011-11,2011-12,M2_gbm_poisson,32.053728,14,25.000000,C,True,Forecast
21523,DOORMAT FANCY FONT HOME SWEET HOME,2011-11,2011-12,M2_gbm_poisson,188.877950,226,276.333333,A,True,Forecast
21524,DOORMAT SPOTTY HOME SWEET HOME,2011-11,2011-12,M2_gbm_poisson,97.132098,150,200.666667,A,True,Forecast
21528,DAIRY MAID TRADITIONAL TEAPOT,2011-11,2011-12,M2_gbm_poisson,21.126842,10,14.333333,A,True,Forecast
21530,DAIRY MAID TOASTRACK,2011-11,2011-12,M2_gbm_poisson,61.123482,81,84.666667,C,True,Forecast
21531,RED RETROSPOT SUGAR JAM BOWL,2011-11,2011-12,M2_gbm_poisson,73.706014,106,149.000000,A,True,Forecast
21533,RETRO SPOT LARGE MILK JUG,2011-11,2011-12,M2_gbm_poisson,64.917072,75,69.333333,A,True,Forecast
21534,DAIRY MAID LARGE MILK JUG,2011-11,2011-12,M2_gbm_poisson,43.859716,24,25.666667,A,True,Forecast
21535,RED RETROSPOT SMALL MILK JUG,2011-11,2011-12,M2_gbm_poisson,130.213145,132,215.000000,A,True,Forecast
21537,RED RETROSPOT PUDDING BOWL,2011-11,2011-12,M2_gbm_poisson,43.047056,50,22.000000,A,True,Forecast
21539,RED RETROSPOT BUTTER DISH,2011-11,2011-12,M2_gbm_poisson,22.653670,1,73.333333,A,True,Forecast
21544,SKULLS  WATER TRANSFER TATTOOS,2011-11,2011-12,M2_gbm_poisson,119.975646,213,202.333333,A,True,Forecast
21555,CERAMIC STRAWBERRY TRINKET TRAY,2011-11,2011-12,M2_gbm_poisson,28.544399,17,12.666667,B,True,Forecast
21556,CERAMIC STRAWBERRY MONEY BOX,2011-11,2011-12,M2_gbm_poisson,6.690194,4,1.666667,A,True,Forecast
21557,SET OF 6 FUNKY BEAKERS,2011-11,2011-12,M2_gbm_poisson,41.787115,35,19.666667,B,True,Forecast
21558,SKULL LUNCH BOX WITH CUTLERY,2011-11,2011-12,M2_gbm_poisson,120.140906,216,203.000000,A,True,Forecast
21559,STRAWBERRY LUNCH BOX WITH CUTLERY,2011-11,2011-12,M2_gbm_poisson,180.871482,257,322.333333,A,True,Forecast
21561,DINOSAUR LUNCH BOX WITH CUTLERY,2011-11,2011-12,M2_gbm_poisson,60.470381,39,99.333333,A,True,Forecast
21562,HAWAIIAN GRASS SKIRT,2011-11,2011-12,M2_gbm_poisson,37.468067,25,40.666667,C,True,Forecast
21563,RED HEART SHAPE LOVE BUCKET,2011-11,2011-12,M2_gbm_poisson,66.461846,127,66.333333,A,True,Forecast
21564,PINK  HEART SHAPE LOVE BUCKET,2011-11,2011-12,M2_gbm_poisson,39.609067,23,18.333333,A,True,Forecast
21576,LETS GO SHOPPING COTTON TOTE BAG,2011-11,2011-12,M2_gbm_poisson,33.846104,18,18.000000,B,True,Forecast
21577,SAVE THE PLANET COTTON TOTE BAG,2011-11,2011-12,M2_gbm_poisson,52.494652,53,42.000000,A,True,Forecast
21578,WOODLAND DESIGN  COTTON TOTE BAG,2011-11,2011-12,M2_gbm_poisson,18.316931,1,3.333333,A,True,Forecast
21579,LOLITA  DESIGN  COTTON TOTE BAG,2011-11,2011-12,M2_gbm_poisson,17.409150,5,11.333333,B,True,Forecast
21580,RABBIT  DESIGN  COTTON TOTE BAG,2011-11,2011-12,M2_gbm_poisson,27.297378,17,12.333333,B,True,Forecast
21581,SKULLS  DESIGN  COTTON TOTE BAG,2011-11,2011-12,M2_gbm_poisson,33.461624,18,28.333333,B,True,Forecast
21584,RETROSPOT SMALL TUBE MATCHES,2011-11,2011-12,M2_gbm_poisson,84.670168,159,107.333333,A,True,Forecast
21586,KINGS CHOICE GIANT TUBE MATCHES,2011-11,2011-12,M2_gbm_poisson,72.848914,288,102.000000,A,True,Forecast
21587,COSY HOUR GIANT TUBE MATCHES,2011-11,2011-12,M2_gbm_poisson,13.205748,0,15.000000,A,True,Forecast
21588,RETROSPOT GIANT TUBE MATCHES,2011-11,2011-12,M2_gbm_poisson,227.691104,561,308.000000,A,True,Forecast
21591,COSY HOUR CIGAR BOX MATCHES,2011-11,2011-12,M2_gbm_poisson,231.113255,475,351.333333,A,True,Forecast
21592,RETROSPOT CIGAR BOX MATCHES,2011-11,2011-12,M2_gbm_poisson,206.059711,459,232.000000,A,True,Forecast
21609,SET 12 LAVENDER  BOTANICAL T-LIGHTS,2011-11,2011-12,M2_gbm_poisson,4.281864,0,0.000000,A,True,Forecast
21613,S/12 VANILLA  BOTANICAL T-LIGHTS,2011-11,2011-12,M2_gbm_poisson,21.911048,0,18.000000,B,True,Forecast
21615,4 LAVENDER BOTANICAL DINNER CANDLES,2011-11,2011-12,M2_gbm_poisson,207.525013,472,202.666667,B,True,Forecast
21616,4 PEAR BOTANICAL DINNER CANDLES,2011-11,2011-12,M2_gbm_poisson,207.525013,457,200.333333,B,True,Forecast
21617,4 LILY  BOTANICAL DINNER CANDLES,2011-11,2011-12,M2_gbm_poisson,78.891441,165,99.000000,B,True,Forecast
21618,4 WILDFLOWER BOTANICAL CANDLES,2011-11,2011-12,M2_gbm_poisson,62.271214,102,69.666667,B,True,Forecast
21619,4 VANILLA BOTANICAL CANDLES,2011-11,2011-12,M2_gbm_poisson,231.225031,510,235.000000,B,True,Forecast
21620,SET OF 4 ROSE BOTANICAL CANDLES,2011-11,2011-12,M2_gbm_poisson,183.638368,337,149.666667,B,True,Forecast
21621,VINTAGE UNION JACK BUNTING,2011-11,2011-12,M2_gbm_poisson,96.712877,120,126.333333,A,True,Forecast
21622,VINTAGE UNION JACK CUSHION COVER,2011-11,2011-12,M2_gbm_poisson,13.175430,3,9.000000,A,True,Forecast
21623,VINTAGE UNION JACK MEMOBOARD,2011-11,2011-12,M2_gbm_poisson,76.485243,173,87.333333,A,True,Forecast
21624,VINTAGE UNION JACK DOORSTOP,2011-11,2011-12,M2_gbm_poisson,37.222602,27,19.666667,A,True,Forecast
21625,VINTAGE UNION JACK APRON,2011-11,2011-12,M2_gbm_poisson,43.164822,42,30.333333,A,True,Forecast
21626,VINTAGE UNION JACK PENNANT,2011-11,2011-12,M2_gbm_poisson,23.670785,12,18.000000,B,True,Forecast
21627,ELEPHANT CARNIVAL POUFFE,2011-11,2011-12,M2_gbm_poisson,5.278872,0,3.333333,B,True,Forecast
21628,TRIANGULAR POUFFE VINTAGE,2011-11,2011-12,M2_gbm_poisson,9.735051,3,7.333333,B,True,Forecast
21629,SQUARE FLOOR CUSHION VINTAGE RED,2011-11,2011-12,M2_gbm_poisson,27.145731,21,13.333333,B,True,Forecast
21630,FLOOR CUSHION ELEPHANT CARNIVAL,2011-11,2011-12,M2_gbm_poisson,14.505785,5,12.000000,B,True,Forecast
21631,HIPPY CHIC DECORATIVE PARASOL,2011-11,2011-12,M2_gbm_poisson,4.183783,1,0.333333,B,True,Forecast
21633,SUNFLOWER DECORATIVE PARASOL,2011-11,2011-12,M2_gbm_poisson,10.441761,6,2.333333,B,True,Forecast
21634,ASSORTED MINI MADRAS NOTEBOOK,2011-11,2011-12,M2_gbm_poisson,30.894819,0,24.000000,B,True,Forecast
21635,MADRAS NOTEBOOK LARGE,2011-11,2011-12,M2_gbm_poisson,2.006944,0,0.000000,C,True,Forecast
21636,MADRAS NOTEBOOK MEDIUM,2011-11,2011-12,M2_gbm_poisson,86.923592,140,148.000000,C,True,Forecast
21637,ASSORTED SANSKRIT MINI NOTEBOOK,2011-11,2011-12,M2_gbm_poisson,4.554971,0,0.333333,B,True,Forecast
21638,ASSORTED TUTTI FRUTTI NOTEBOOK,2011-11,2011-12,M2_gbm_poisson,49.198714,59,43.000000,B,True,Forecast
21640,ASSORTED TUTTI FRUTTI  FOB NOTEBOOK,2011-11,2011-12,M2_gbm_poisson,65.993872,121,97.666667,B,True,Forecast
21641,ASSORTED TUTTI FRUTTI KEYRING BALL,2011-11,2011-12,M2_gbm_poisson,14.334037,0,208.666667,C,True,Forecast
21642,ASSORTED TUTTI FRUTTI PEN,2011-11,2011-12,M2_gbm_poisson,212.871582,459,455.333333,B,True,Forecast
21643,ASSORTED TUTTI FRUTTI MIRROR,2011-11,2011-12,M2_gbm_poisson,48.756639,106,56.333333,B,True,Forecast
21644,ASSORTED TUTTI FRUTTI HEART BOX,2011-11,2011-12,M2_gbm_poisson,24.391194,18,9.333333,B,True,Forecast
21647,ASSORTED TUTTI FRUTTI LARGE PURSE,2011-11,2011-12,M2_gbm_poisson,16.868649,8,9.000000,B,True,Forecast
21648,ASSORTED TUTTI FRUTTI SMALL PURSE,2011-11,2011-12,M2_gbm_poisson,64.872840,93,117.000000,A,True,Forecast
21650,ASSORTED TUTTI FRUTTI BRACELET,2011-11,2011-12,M2_gbm_poisson,165.376218,386,306.000000,C,True,Forecast
21654,RIDGED GLASS FINGER BOWL,2011-11,2011-12,M2_gbm_poisson,3.986073,0,1.333333,C,True,Forecast
21658,GLASS  BEURRE DISH,2011-11,2011-12,M2_gbm_poisson,2.538184,0,0.000000,A,True,Forecast
21662,VINTAGE GLASS COFFEE CADDY,2011-11,2011-12,M2_gbm_poisson,2.443777,0,0.000000,B,True,Forecast
21664,RIDGED GLASS STORAGE JAR CREAM LID,2011-11,2011-12,M2_gbm_poisson,3.891679,0,1.000000,B,True,Forecast
21666,RIDGED GLASS T-LIGHT HOLDER,2011-11,2011-12,M2_gbm_poisson,53.213333,83,41.000000,B,True,Forecast
21668,RED STRIPE CERAMIC DRAWER KNOB,2011-11,2011-12,M2_gbm_poisson,276.608097,438,462.333333,A,True,Forecast
21669,BLUE STRIPE CERAMIC DRAWER KNOB,2011-11,2011-12,M2_gbm_poisson,272.025830,437,471.333333,A,True,Forecast
21670,BLUE SPOT CERAMIC DRAWER KNOB,2011-11,2011-12,M2_gbm_poisson,238.303849,515,444.333333,A,True,Forecast
21671,RED SPOT CERAMIC DRAWER KNOB,2011-11,2011-12,M2_gbm_poisson,199.676765,404,343.333333,A,True,Forecast
21672,WHITE SPOT RED CERAMIC DRAWER KNOB,2011-11,2011-12,M2_gbm_poisson,161.194489,212,354.000000,A,True,Forecast
21673,WHITE SPOT BLUE CERAMIC DRAWER KNOB,2011-11,2011-12,M2_gbm_poisson,198.104950,268,354.666667,A,True,Forecast
21675,BUTTERFLIES STICKERS,2011-11,2011-12,M2_gbm_poisson,58.835406,88,62.333333,B,True,Forecast
21676,FLOWERS  STICKERS,2011-11,2011-12,M2_gbm_poisson,40.856194,26,19.333333,C,True,Forecast
21677,HEARTS  STICKERS,2011-11,2011-12,M2_gbm_poisson,66.031970,119,88.000000,B,True,Forecast
21678,PAISLEY PATTERN  STICKERS,2011-11,2011-12,M2_gbm_poisson,36.576109,31,17.000000,C,True,Forecast
21679,SKULLS  STICKERS,2011-11,2011-12,M2_gbm_poisson,78.310213,155,138.000000,A,True,Forecast
21680,WOODLAND  STICKERS,2011-11,2011-12,M2_gbm_poisson,69.030371,103,136.333333,B,True,Forecast
21682,LARGE MEDINA STAMPED METAL BOWL,2011-11,2011-12,M2_gbm_poisson,33.163883,16,24.333333,B,True,Forecast
21683,MEDIUM MEDINA STAMPED METAL BOWL,2011-11,2011-12,M2_gbm_poisson,29.225444,10,38.333333,B,True,Forecast
21684,SMALL MEDINA STAMPED METAL BOWL,2011-11,2011-12,M2_gbm_poisson,55.858321,50,33.000000,B,True,Forecast
21686,MEDINA STAMPED METAL STOOL,2011-11,2011-12,M2_gbm_poisson,3.009280,0,1.000000,B,True,Forecast
21688,SILVER PLATE CANDLE BOWL SMALL,2011-11,2011-12,M2_gbm_poisson,39.686580,31,20.333333,B,True,Forecast
21689,SILVER VANILLA  FLOWER CANDLE POT,2011-11,2011-12,M2_gbm_poisson,11.909201,3,7.666667,B,True,Forecast
21693,SMALL HAMMERED SILVER CANDLEPOT,2011-11,2011-12,M2_gbm_poisson,49.491856,46,50.333333,B,True,Forecast
21694,SMALL REGAL  SILVER CANDLEPOT,2011-11,2011-12,M2_gbm_poisson,31.917807,32,15.333333,B,True,Forecast
21695,SMALL SILVER FLOWER CANDLE POT,2011-11,2011-12,M2_gbm_poisson,50.359816,49,42.666667,B,True,Forecast
21696,SMALL SILVER TRELLIS CANDLEPOT,2011-11,2011-12,M2_gbm_poisson,19.961590,14,9.666667,B,True,Forecast
21698,MOCK LOBSTER FRIDGE MAGNET,2011-11,2011-12,M2_gbm_poisson,53.677970,56,53.000000,C,True,Forecast
21700,BIG DOUGHNUT FRIDGE MAGNETS,2011-11,2011-12,M2_gbm_poisson,20.237805,2,11.666667,A,True,Forecast
21703,BAG 125g SWIRLY MARBLES,2011-11,2011-12,M2_gbm_poisson,717.273130,1711,1267.000000,A,True,Forecast
21704,BAG 250g SWIRLY MARBLES,2011-11,2011-12,M2_gbm_poisson,298.754454,744,573.666667,A,True,Forecast
21705,BAG 500g SWIRLY MARBLES,2011-11,2011-12,M2_gbm_poisson,77.986104,142,96.000000,B,True,Forecast
21706,FOLDING UMBRELLA RED/WHITE POLKADOT,2011-11,2011-12,M2_gbm_poisson,33.165230,18,26.333333,A,True,Forecast
21707,FOLDING UMBRELLA BLACKBLUE POLKADOT,2011-11,2011-12,M2_gbm_poisson,32.292515,27,13.666667,A,True,Forecast
21708,FOLDING UMBRELLA CREAM POLKADOT,2011-11,2011-12,M2_gbm_poisson,24.935780,12,24.000000,B,True,Forecast
21709,FOLDING UMBRELLA CHOCOLATE POLKADOT,2011-11,2011-12,M2_gbm_poisson,20.079575,13,12.000000,B,True,Forecast
21710,FOLDING UMBRELLA PINKWHITE POLKADOT,2011-11,2011-12,M2_gbm_poisson,20.086163,10,10.666667,B,True,Forecast
21711,FOLDING UMBRELLA WHITE/RED POLKADOT,2011-11,2011-12,M2_gbm_poisson,20.479693,7,18.000000,B,True,Forecast
21713,CITRONELLA CANDLE FLOWERPOT,2011-11,2011-12,M2_gbm_poisson,36.168582,21,18.666667,A,True,Forecast
21714,CITRONELLA CANDLE GARDEN POT,2011-11,2011-12,M2_gbm_poisson,53.646286,54,47.666667,A,True,Forecast
21715,GIRLS VINTAGE TIN SEASIDE BUCKET,2011-11,2011-12,M2_gbm_poisson,50.272213,56,40.666667,A,True,Forecast
21716,BOYS VINTAGE TIN SEASIDE BUCKET,2011-11,2011-12,M2_gbm_poisson,60.558625,101,44.000000,A,True,Forecast
21718,RED METAL BEACH SPADE,2011-11,2011-12,M2_gbm_poisson,48.617098,48,28.666667,A,True,Forecast
21719,LOVELY BONBON STICKER SHEET,2011-11,2011-12,M2_gbm_poisson,39.337511,28,23.666667,C,True,Forecast
21720,CAKE SHOP  STICKER SHEET,2011-11,2011-12,M2_gbm_poisson,2.006944,0,0.000000,B,True,Forecast
21721,CANDY SHOP  STICKER SHEET,2011-11,2011-12,M2_gbm_poisson,5.191500,0,1.666667,B,True,Forecast
21722,SWEET PUDDING STICKER SHEET,2011-11,2011-12,M2_gbm_poisson,14.086946,5,4.666667,C,True,Forecast
21723,ALPHABET HEARTS STICKER SHEET,2011-11,2011-12,M2_gbm_poisson,32.410566,20,11.333333,C,True,Forecast
21724,PANDA AND BUNNIES STICKER SHEET,2011-11,2011-12,M2_gbm_poisson,57.866626,93,41.666667,C,True,Forecast
21725,SWEETIES  STICKERS,2011-11,2011-12,M2_gbm_poisson,20.469688,15,6.666667,B,True,Forecast
21726,MULTI HEARTS  STICKERS,2011-11,2011-12,M2_gbm_poisson,26.847711,22,10.333333,C,True,Forecast
21730,GLASS STAR FROSTED T-LIGHT HOLDER,2011-11,2011-12,M2_gbm_poisson,56.018749,84,43.666667,A,True,Forecast
21731,RED TOADSTOOL LED NIGHT LIGHT,2011-11,2011-12,M2_gbm_poisson,863.358455,1879,1399.333333,A,True,Forecast
21733,RED HANGING HEART T-LIGHT HOLDER,2011-11,2011-12,M2_gbm_poisson,706.644629,1546,882.000000,A,True,Forecast
21735,TWO DOOR CURIO CABINET,2011-11,2011-12,M2_gbm_poisson,4.576644,0,3.333333,A,True,Forecast
21738,COSY SLIPPER SHOES SMALL  RED,2011-11,2011-12,M2_gbm_poisson,4.010787,0,1.333333,B,True,Forecast
21739,COSY SLIPPER SHOES SMALL GREEN,2011-11,2011-12,M2_gbm_poisson,61.135358,69,51.000000,C,True,Forecast
21741,COSY SLIPPER SHOES LARGE GREEN,2011-11,2011-12,M2_gbm_poisson,20.863918,9,13.666667,B,True,Forecast
21742,LARGE ROUND WICKER PLATTER,2011-11,2011-12,M2_gbm_poisson,50.437463,68,36.333333,B,True,Forecast
21743,STAR PORTABLE TABLE LIGHT,2011-11,2011-12,M2_gbm_poisson,5.149590,0,0.666667,A,True,Forecast
21744,SNOWFLAKE PORTABLE TABLE LIGHT,2011-11,2011-12,M2_gbm_poisson,105.825889,252,153.000000,B,True,Forecast
21745,GAOLERS KEYS DECORATIVE GARDEN,2011-11,2011-12,M2_gbm_poisson,66.392932,96,108.000000,A,True,Forecast
21746,SMALL RED RETROSPOT WINDMILL,2011-11,2011-12,M2_gbm_poisson,54.184165,52,34.666667,A,True,Forecast
21747,SMALL SKULL WINDMILL,2011-11,2011-12,M2_gbm_poisson,20.705291,14,8.333333,B,True,Forecast
21749,LARGE RED RETROSPOT WINDMILL,2011-11,2011-12,M2_gbm_poisson,25.368857,18,8.666667,A,True,Forecast
21750,LARGE SKULL WINDMILL,2011-11,2011-12,M2_gbm_poisson,6.027710,1,1.333333,C,True,Forecast
21754,HOME BUILDING BLOCK WORD,2011-11,2011-12,M2_gbm_poisson,114.854913,236,195.666667,A,True,Forecast
21755,LOVE BUILDING BLOCK WORD,2011-11,2011-12,M2_gbm_poisson,106.847971,180,154.333333,A,True,Forecast
21756,BATH BUILDING BLOCK WORD,2011-11,2011-12,M2_gbm_poisson,54.433089,63,46.666667,A,True,Forecast
21758,VINTAGE SHELLS PRINT,2011-11,2011-12,M2_gbm_poisson,13.537174,12,5.666667,C,True,Forecast
21761,WOOD AND GLASS MEDICINE CABINET,2011-11,2011-12,M2_gbm_poisson,3.124579,1,0.666667,B,True,Forecast
21763,VINTAGE WOODEN BAR STOOL,2011-11,2011-12,M2_gbm_poisson,2.045191,0,0.000000,B,True,Forecast
21770,OPEN CLOSED METAL SIGN,2011-11,2011-12,M2_gbm_poisson,107.941948,146,167.333333,A,True,Forecast
21773,DECORATIVE ROSE BATHROOM BOTTLE,2011-11,2011-12,M2_gbm_poisson,69.562511,142,73.000000,B,True,Forecast
21774,DECORATIVE CATS BATHROOM BOTTLE,2011-11,2011-12,M2_gbm_poisson,60.332480,59,106.000000,B,True,Forecast
21775,DECORATIVE FLORE BATHROOM BOTTLE,2011-11,2011-12,M2_gbm_poisson,51.519639,46,43.000000,B,True,Forecast
21781,MA CAMPAGNE CUTLERY BOX,2011-11,2011-12,M2_gbm_poisson,2.019177,0,0.000000,A,True,Forecast
21784,SHOE SHINE BOX,2011-11,2011-12,M2_gbm_poisson,2.383144,0,0.333333,A,True,Forecast
21786,POLKADOT RAIN HAT,2011-11,2011-12,M2_gbm_poisson,88.127805,159,175.000000,B,True,Forecast
21787,RAIN PONCHO RETROSPOT,2011-11,2011-12,M2_gbm_poisson,617.853810,1641,1671.000000,A,True,Forecast
21788,KIDS RAIN MAC BLUE,2011-11,2011-12,M2_gbm_poisson,68.142587,45,120.333333,B,True,Forecast
21789,KIDS RAIN MAC PINK,2011-11,2011-12,M2_gbm_poisson,62.854350,44,95.000000,B,True,Forecast
21790,VINTAGE SNAP CARDS,2011-11,2011-12,M2_gbm_poisson,1056.665304,2738,2250.000000,A,True,Forecast
21791,VINTAGE HEADS AND TAILS CARD GAME,2011-11,2011-12,M2_gbm_poisson,648.232732,1509,962.000000,A,True,Forecast
21792,CLASSIC FRENCH STYLE BASKET GREEN,2011-11,2011-12,M2_gbm_poisson,2.937337,0,0.000000,B,True,Forecast
21793,CLASSIC FRENCH STYLE BASKET BROWN,2011-11,2011-12,M2_gbm_poisson,50.798440,45,36.666667,C,True,Forecast
21794,CLASSIC FRENCH STYLE BASKET NATURAL,2011-11,2011-12,M2_gbm_poisson,24.176348,0,37.000000,B,True,Forecast
21801,CHRISTMAS TREE DECORATION WITH BELL,2011-11,2011-12,M2_gbm_poisson,15.166138,0,110.666667,B,True,Forecast
21802,CHRISTMAS TREE HEART DECORATION,2011-11,2011-12,M2_gbm_poisson,69.526656,71,320.000000,B,True,Forecast
21803,CHRISTMAS TREE STAR DECORATION,2011-11,2011-12,M2_gbm_poisson,226.188018,566,468.000000,B,True,Forecast
21804,WHITE CHRISTMAS GARLAND STARS TREES,2011-11,2011-12,M2_gbm_poisson,91.347250,139,68.333333,B,True,Forecast
21807,WHITE CHRISTMAS STAR DECORATION,2011-11,2011-12,M2_gbm_poisson,42.732442,12,39.333333,B,True,Forecast
21808,"CHRISTMAS GARLAND STARS,TREES",2011-11,2011-12,M2_gbm_poisson,51.298513,65,48.666667,B,True,Forecast
21809,CHRISTMAS HANGING TREE WITH BELL,2011-11,2011-12,M2_gbm_poisson,105.550411,128,556.666667,B,True,Forecast
21810,CHRISTMAS HANGING STAR WITH BELL,2011-11,2011-12,M2_gbm_poisson,1167.412439,3177,1688.000000,B,True,Forecast
21811,HANGING HEART WITH BELL,2011-11,2011-12,M2_gbm_poisson,673.444710,1416,1407.666667,B,True,Forecast
21812,GARLAND WITH HEARTS AND BELLS,2011-11,2011-12,M2_gbm_poisson,78.153595,136,95.000000,B,True,Forecast
21813,GARLAND WITH STARS AND BELLS,2011-11,2011-12,M2_gbm_poisson,101.731588,195,123.666667,B,True,Forecast
21814,HEART T-LIGHT HOLDER,2011-11,2011-12,M2_gbm_poisson,36.347622,33,13.000000,B,True,Forecast
21815,STAR  T-LIGHT HOLDER,2011-11,2011-12,M2_gbm_poisson,31.935878,19,16.666667,B,True,Forecast
21816,CHRISTMAS TREE T-LIGHT HOLDER,2011-11,2011-12,M2_gbm_poisson,19.119919,6,10.333333,C,True,Forecast
21817,GLITTER CHRISTMAS TREE,2011-11,2011-12,M2_gbm_poisson,72.727362,170,270.333333,C,True,Forecast
21818,GLITTER CHRISTMAS HEART,2011-11,2011-12,M2_gbm_poisson,647.203379,1253,735.666667,B,True,Forecast
21819,GLITTER CHRISTMAS STAR,2011-11,2011-12,M2_gbm_poisson,716.928809,1462,724.000000,B,True,Forecast
21820,GLITTER HEART GARLAND WITH BELLS,2011-11,2011-12,M2_gbm_poisson,76.041166,146,68.000000,B,True,Forecast
21821,GLITTER STAR GARLAND WITH BELLS,2011-11,2011-12,M2_gbm_poisson,66.943699,125,63.666667,B,True,Forecast
21822,GLITTER CHRISTMAS TREE WITH BELLS,2011-11,2011-12,M2_gbm_poisson,251.866346,443,183.333333,C,True,Forecast
21823,PAINTED METAL HEART WITH HOLLY BELL,2011-11,2011-12,M2_gbm_poisson,31.356377,3,413.666667,B,True,Forecast
21824,PAINTED METAL STAR WITH HOLLY BELLS,2011-11,2011-12,M2_gbm_poisson,151.076546,363,602.000000,B,True,Forecast
21828,EIGHT PIECE SNAKE  SET,2011-11,2011-12,M2_gbm_poisson,60.008870,85,48.333333,B,True,Forecast
21829,DINOSAUR KEYRINGS ASSORTED,2011-11,2011-12,M2_gbm_poisson,128.723684,0,448.000000,B,True,Forecast
21830,ASSORTED CREEPY CRAWLIES,2011-11,2011-12,M2_gbm_poisson,36.429508,1,98.000000,B,True,Forecast
21832,CHOCOLATE CALCULATOR,2011-11,2011-12,M2_gbm_poisson,90.701074,172,108.666667,A,True,Forecast
21833,CAMOUFLAGE LED TORCH,2011-11,2011-12,M2_gbm_poisson,203.515849,378,408.333333,A,True,Forecast
21841,BABY MOUSE RED GINGHAM DRESS,2011-11,2011-12,M2_gbm_poisson,33.599779,16,22.333333,B,True,Forecast
21843,RED RETROSPOT CAKE STAND,2011-11,2011-12,M2_gbm_poisson,187.506315,437,213.000000,A,True,Forecast
21844,RED RETROSPOT MUG,2011-11,2011-12,M2_gbm_poisson,76.437897,112,171.000000,A,True,Forecast
21845,DAIRY MAID STRIPE MUG,2011-11,2011-12,M2_gbm_poisson,79.020152,108,128.000000,B,True,Forecast
21846,PINK DIAMANTE PEN IN GIFT BOX,2011-11,2011-12,M2_gbm_poisson,31.127877,26,12.333333,A,True,Forecast
21847,GREEN  DIAMANTE PEN IN GIFT BOX,2011-11,2011-12,M2_gbm_poisson,6.636687,2,2.000000,C,True,Forecast
21849,SILVER DIAMANTE PEN IN GIFT BOX,2011-11,2011-12,M2_gbm_poisson,20.739748,16,7.000000,B,True,Forecast
21850,BLUE  DIAMANTE PEN IN GIFT BOX,2011-11,2011-12,M2_gbm_poisson,17.482569,11,5.333333,C,True,Forecast
21851,LILAC DIAMANTE PEN IN GIFT BOX,2011-11,2011-12,M2_gbm_poisson,10.058464,5,5.000000,B,True,Forecast
21864,UNION JACK FLAG PASSPORT COVER,2011-11,2011-12,M2_gbm_poisson,47.756408,26,41.666667,A,True,Forecast
21865,PINK UNION JACK  PASSPORT COVER,2011-11,2011-12,M2_gbm_poisson,31.648183,22,10.666667,B,True,Forecast
21866,UNION JACK FLAG LUGGAGE TAG,2011-11,2011-12,M2_gbm_poisson,53.131568,65,52.666667,B,True,Forecast
21867,PINK UNION JACK  LUGGAGE TAG,2011-11,2011-12,M2_gbm_poisson,42.562157,33,18.666667,B,True,Forecast
21868,POTTING SHED TEA MUG,2011-11,2011-12,M2_gbm_poisson,82.358900,137,49.333333,A,True,Forecast
21870,I CAN ONLY PLEASE ONE PERSON MUG,2011-11,2011-12,M2_gbm_poisson,2.666022,0,0.000000,A,True,Forecast
21871,SAVE THE PLANET MUG,2011-11,2011-12,M2_gbm_poisson,349.241799,747,553.000000,A,True,Forecast
21872,GLAMOROUS  MUG,2011-11,2011-12,M2_gbm_poisson,194.997294,495,269.333333,A,True,Forecast
21873,IF YOU CAN'T STAND THE HEAT MUG,2011-11,2011-12,M2_gbm_poisson,92.769719,33,244.333333,B,True,Forecast
21874,GIN AND TONIC MUG,2011-11,2011-12,M2_gbm_poisson,252.485681,661,548.333333,A,True,Forecast
21875,KINGS CHOICE MUG,2011-11,2011-12,M2_gbm_poisson,77.867002,108,72.333333,A,True,Forecast
21876,POTTERING MUG,2011-11,2011-12,M2_gbm_poisson,153.634490,245,387.333333,A,True,Forecast
21877,HOME SWEET HOME MUG,2011-11,2011-12,M2_gbm_poisson,281.733256,378,646.666667,A,True,Forecast
21878,PACK OF 6 SANDCASTLE FLAGS ASSORTED,2011-11,2011-12,M2_gbm_poisson,48.506443,40,23.000000,A,True,Forecast
21879,HEARTS GIFT TAPE,2011-11,2011-12,M2_gbm_poisson,32.252939,7,23.000000,C,True,Forecast
21880,RED RETROSPOT TAPE,2011-11,2011-12,M2_gbm_poisson,72.005104,124,177.000000,C,True,Forecast
21881,CUTE CATS TAPE,2011-11,2011-12,M2_gbm_poisson,40.938230,32,28.000000,C,True,Forecast
21882,SKULLS TAPE,2011-11,2011-12,M2_gbm_poisson,46.726182,50,32.000000,C,True,Forecast
21883,STARS GIFT TAPE,2011-11,2011-12,M2_gbm_poisson,64.313135,97,103.000000,B,True,Forecast
21884,CAKES AND BOWS GIFT  TAPE,2011-11,2011-12,M2_gbm_poisson,38.884093,28,27.666667,C,True,Forecast
21888,BINGO SET,2011-11,2011-12,M2_gbm_poisson,163.489836,306,281.000000,A,True,Forecast
21889,WOODEN BOX OF DOMINOES,2011-11,2011-12,M2_gbm_poisson,683.781162,1463,1100.000000,A,True,Forecast
21890,S/6 WOODEN SKITTLES IN COTTON BAG,2011-11,2011-12,M2_gbm_poisson,94.338973,152,116.333333,A,True,Forecast
21891,TRADITIONAL WOODEN SKIPPING ROPE,2011-11,2011-12,M2_gbm_poisson,641.085331,1422,990.333333,A,True,Forecast
21892,TRADITIONAL WOODEN CATCH CUP GAME,2011-11,2011-12,M2_gbm_poisson,274.464278,614,419.000000,A,True,Forecast
21894,POTTING SHED SEED ENVELOPES,2011-11,2011-12,M2_gbm_poisson,57.609219,70,46.333333,B,True,Forecast
21896,POTTING SHED TWINE,2011-11,2011-12,M2_gbm_poisson,34.266289,25,12.333333,A,True,Forecast
21899,"KEY FOB , GARAGE DESIGN",2011-11,2011-12,M2_gbm_poisson,103.963670,127,139.666667,A,True,Forecast
21900,"KEY FOB , SHED",2011-11,2011-12,M2_gbm_poisson,137.499273,173,185.666667,A,True,Forecast
21901,"KEY FOB , BACK DOOR",2011-11,2011-12,M2_gbm_poisson,103.963670,130,138.666667,A,True,Forecast
21902,"KEY FOB , FRONT  DOOR",2011-11,2011-12,M2_gbm_poisson,85.483732,156,134.000000,B,True,Forecast
21903,MAN FLU METAL SIGN,2011-11,2011-12,M2_gbm_poisson,64.533374,103,78.000000,A,True,Forecast
21905,MORE BUTTER METAL SIGN,2011-11,2011-12,M2_gbm_poisson,66.019420,110,86.666667,B,True,Forecast
21906,PHARMACIE FIRST AID TIN,2011-11,2011-12,M2_gbm_poisson,32.358257,18,53.333333,A,True,Forecast
21907,I'M ON HOLIDAY METAL SIGN,2011-11,2011-12,M2_gbm_poisson,108.723006,94,126.666667,A,True,Forecast
21908,CHOCOLATE THIS WAY METAL SIGN,2011-11,2011-12,M2_gbm_poisson,192.092293,248,409.666667,A,True,Forecast
21912,VINTAGE SNAKES & LADDERS,2011-11,2011-12,M2_gbm_poisson,113.990184,176,140.666667,A,True,Forecast
21913,VINTAGE SEASIDE JIGSAW PUZZLES,2011-11,2011-12,M2_gbm_poisson,45.221423,25,31.333333,A,True,Forecast
21914,BLUE HARMONICA IN BOX,2011-11,2011-12,M2_gbm_poisson,701.265787,1662,1116.666667,A,True,Forecast
21915,RED  HARMONICA IN BOX,2011-11,2011-12,M2_gbm_poisson,1658.820423,3644,3327.666667,A,True,Forecast
21916,SET 12 RETRO WHITE CHALK STICKS,2011-11,2011-12,M2_gbm_poisson,183.335046,231,393.333333,A,True,Forecast
21917,SET 12 KIDS  WHITE CHALK STICKS,2011-11,2011-12,M2_gbm_poisson,174.859387,215,473.333333,B,True,Forecast
21918,SET 12 KIDS COLOUR  CHALK STICKS,2011-11,2011-12,M2_gbm_poisson,317.308926,425,394.333333,A,True,Forecast
21922,UNION STRIPE WITH FRINGE  HAMMOCK,2011-11,2011-12,M2_gbm_poisson,19.124577,6,11.333333,A,True,Forecast
21925,UNION STRIPE CUSHION COVER,2011-11,2011-12,M2_gbm_poisson,17.158753,1,12.666667,B,True,Forecast
21926,RED/CREAM STRIPE CUSHION COVER,2011-11,2011-12,M2_gbm_poisson,40.798842,25,32.000000,B,True,Forecast
21927,BLUE/CREAM STRIPE CUSHION COVER,2011-11,2011-12,M2_gbm_poisson,44.379697,39,53.000000,B,True,Forecast
21928,JUMBO BAG SCANDINAVIAN PAISLEY,2011-11,2011-12,M2_gbm_poisson,399.639777,765,803.666667,A,True,Forecast
21929,JUMBO BAG PINK VINTAGE PAISLEY,2011-11,2011-12,M2_gbm_poisson,397.562166,716,759.666667,A,True,Forecast
21930,JUMBO STORAGE BAG SKULLS,2011-11,2011-12,M2_gbm_poisson,318.992140,617,694.666667,A,True,Forecast
21931,JUMBO STORAGE BAG SUKI,2011-11,2011-12,M2_gbm_poisson,841.764675,1177,1249.000000,A,True,Forecast
21932,SCANDINAVIAN PAISLEY PICNIC BAG,2011-11,2011-12,M2_gbm_poisson,144.542298,182,128.000000,A,True,Forecast
21933,PINK VINTAGE PAISLEY PICNIC BAG,2011-11,2011-12,M2_gbm_poisson,126.533110,131,103.666667,A,True,Forecast
21934,SKULL SHOULDER BAG,2011-11,2011-12,M2_gbm_poisson,232.657365,492,288.000000,A,True,Forecast
21935,SUKI  SHOULDER BAG,2011-11,2011-12,M2_gbm_poisson,253.570190,546,372.666667,A,True,Forecast
21936,RED RETROSPOT PICNIC BAG,2011-11,2011-12,M2_gbm_poisson,72.740069,45,92.000000,A,True,Forecast
21937,STRAWBERRY   PICNIC BAG,2011-11,2011-12,M2_gbm_poisson,4.910536,1,0.333333,A,True,Forecast
21942,SKULLS DESIGN FLANNEL,2011-11,2011-12,M2_gbm_poisson,54.737222,83,40.333333,B,True,Forecast
21943,CAKES AND RABBITS DESIGN FLANNEL,2011-11,2011-12,M2_gbm_poisson,20.286025,6,9.000000,C,True,Forecast
21944,KITTENS DESIGN FLANNEL,2011-11,2011-12,M2_gbm_poisson,54.151921,72,32.000000,C,True,Forecast
21945,STRAWBERRIES  DESIGN FLANNEL,2011-11,2011-12,M2_gbm_poisson,58.486631,80,53.000000,B,True,Forecast
21946,PARTY TIME DESIGN FLANNEL,2011-11,2011-12,M2_gbm_poisson,13.620487,3,5.666667,C,True,Forecast
21947,SET OF 6 HEART CHOPSTICKS,2011-11,2011-12,M2_gbm_poisson,54.926346,60,49.666667,B,True,Forecast
21948,SET OF 6 CAKE CHOPSTICKS,2011-11,2011-12,M2_gbm_poisson,50.355629,48,36.666667,B,True,Forecast
21949,SET OF 6 STRAWBERRY CHOPSTICKS,2011-11,2011-12,M2_gbm_poisson,51.837731,52,42.333333,B,True,Forecast
21955,DOORMAT UNION JACK GUNS AND ROSES,2011-11,2011-12,M2_gbm_poisson,41.405537,27,58.000000,A,True,Forecast
21967,PACK OF 12 SKULL TISSUES,2011-11,2011-12,M2_gbm_poisson,148.592262,277,328.333333,A,True,Forecast
21972,SET OF 36 DINOSAUR PAPER DOILIES,2011-11,2011-12,M2_gbm_poisson,48.688979,57,29.333333,B,True,Forecast
21973,SET OF 36 MUSHROOM PAPER DOILIES,2011-11,2011-12,M2_gbm_poisson,17.045364,5,8.666667,B,True,Forecast
21974,SET OF 36 PAISLEY FLOWER DOILIES,2011-11,2011-12,M2_gbm_poisson,157.485848,276,269.333333,A,True,Forecast
21975,PACK OF 60 DINOSAUR CAKE CASES,2011-11,2011-12,M2_gbm_poisson,491.101403,756,1040.333333,A,True,Forecast
21976,PACK OF 60 MUSHROOM CAKE CASES,2011-11,2011-12,M2_gbm_poisson,256.617924,271,353.000000,A,True,Forecast
21977,PACK OF 60 PINK PAISLEY CAKE CASES,2011-11,2011-12,M2_gbm_poisson,980.448116,1426,1700.000000,A,True,Forecast
21980,PACK OF 12 RED RETROSPOT TISSUES,2011-11,2011-12,M2_gbm_poisson,259.378768,326,622.000000,A,True,Forecast
21981,PACK OF 12 WOODLAND TISSUES,2011-11,2011-12,M2_gbm_poisson,152.337288,252,329.333333,A,True,Forecast
21982,PACK OF 12 SUKI TISSUES,2011-11,2011-12,M2_gbm_poisson,309.105551,924,552.000000,A,True,Forecast
21983,PACK OF 12 BLUE PAISLEY TISSUES,2011-11,2011-12,M2_gbm_poisson,100.430039,177,240.000000,B,True,Forecast
21984,PACK OF 12 PINK PAISLEY TISSUES,2011-11,2011-12,M2_gbm_poisson,141.503103,142,301.333333,A,True,Forecast
21985,PACK OF 12 HEARTS DESIGN TISSUES,2011-11,2011-12,M2_gbm_poisson,299.867017,500,639.666667,A,True,Forecast
21986,PACK OF 12 PINK POLKADOT TISSUES,2011-11,2011-12,M2_gbm_poisson,117.240046,144,233.666667,A,True,Forecast
21987,PACK OF 6 SKULL PAPER CUPS,2011-11,2011-12,M2_gbm_poisson,110.393331,381,235.333333,B,True,Forecast
21988,PACK OF 6 SKULL PAPER PLATES,2011-11,2011-12,M2_gbm_poisson,117.481259,337,209.666667,A,True,Forecast
21989,PACK OF 20 SKULL PAPER NAPKINS,2011-11,2011-12,M2_gbm_poisson,113.513989,193,177.000000,A,True,Forecast
21990,MODERN FLORAL STATIONERY SET,2011-11,2011-12,M2_gbm_poisson,179.968731,342,250.666667,B,True,Forecast
21991,BOHEMIAN COLLAGE STATIONERY SET,2011-11,2011-12,M2_gbm_poisson,70.140422,126,75.333333,B,True,Forecast
21992,VINTAGE PAISLEY STATIONERY SET,2011-11,2011-12,M2_gbm_poisson,141.573280,153,277.333333,A,True,Forecast
21993,FLORAL FOLK STATIONERY SET,2011-11,2011-12,M2_gbm_poisson,198.448945,435,277.333333,B,True,Forecast
22016,Dotcomgiftshop Gift Voucher £100.00,2011-11,2011-12,M2_gbm_poisson,4.323304,0,0.000000,C,True,Forecast
22023,EMPIRE BIRTHDAY CARD,2011-11,2011-12,M2_gbm_poisson,66.004122,129,91.000000,B,True,Forecast
22024,RAINY LADIES BIRTHDAY CARD,2011-11,2011-12,M2_gbm_poisson,87.698010,203,201.333333,B,True,Forecast
22025,RING OF ROSES BIRTHDAY CARD,2011-11,2011-12,M2_gbm_poisson,79.136712,109,145.000000,B,True,Forecast
22026,BANQUET BIRTHDAY  CARD,2011-11,2011-12,M2_gbm_poisson,85.640996,143,135.666667,B,True,Forecast
22027,TEA PARTY BIRTHDAY CARD,2011-11,2011-12,M2_gbm_poisson,213.405829,477,460.000000,A,True,Forecast
22028,PENNY FARTHING BIRTHDAY CARD,2011-11,2011-12,M2_gbm_poisson,165.463256,406,303.000000,B,True,Forecast
22029,SPACEBOY BIRTHDAY CARD,2011-11,2011-12,M2_gbm_poisson,312.744437,676,776.666667,A,True,Forecast
22030,SWALLOWS GREETING CARD,2011-11,2011-12,M2_gbm_poisson,482.417388,1010,421.666667,A,True,Forecast
22031,BOTANICAL LAVENDER BIRTHDAY CARD,2011-11,2011-12,M2_gbm_poisson,47.259772,51,29.666667,C,True,Forecast
22032,BOTANICAL LILY GREETING CARD,2011-11,2011-12,M2_gbm_poisson,50.962253,50,41.000000,C,True,Forecast
22033,BOTANICAL ROSE GREETING CARD,2011-11,2011-12,M2_gbm_poisson,5.340326,1,0.333333,C,True,Forecast
22034,ROBIN CHRISTMAS CARD,2011-11,2011-12,M2_gbm_poisson,6.596124,2,0.666667,C,True,Forecast
22035,VINTAGE CARAVAN GREETING CARD,2011-11,2011-12,M2_gbm_poisson,13.593687,0,30.666667,B,True,Forecast
22037,ROBOT BIRTHDAY CARD,2011-11,2011-12,M2_gbm_poisson,192.661578,310,350.666667,B,True,Forecast
22038,BOTANICAL LAVENDER GIFT WRAP,2011-11,2011-12,M2_gbm_poisson,43.880783,50,41.666667,C,True,Forecast
22039,BOTANICAL LILY GIFT WRAP,2011-11,2011-12,M2_gbm_poisson,14.604870,0,58.333333,C,True,Forecast
22040,BOTANICAL ROSE GIFT WRAP,2011-11,2011-12,M2_gbm_poisson,52.232945,50,41.666667,B,True,Forecast
22041,"RECORD FRAME 7"" SINGLE SIZE",2011-11,2011-12,M2_gbm_poisson,294.362795,644,493.333333,A,True,Forecast
22042,CHRISTMAS CARD SINGING ANGEL,2011-11,2011-12,M2_gbm_poisson,53.466855,73,60.333333,C,True,Forecast
22043,CHRISTMAS CARD SCREEN PRINT,2011-11,2011-12,M2_gbm_poisson,133.752328,434,348.000000,C,True,Forecast
22044,CHRISTMAS CARD STACK OF PRESENTS,2011-11,2011-12,M2_gbm_poisson,57.700864,36,216.000000,C,True,Forecast
22045,SPACEBOY GIFT WRAP,2011-11,2011-12,M2_gbm_poisson,258.734853,875,816.666667,A,True,Forecast
22046,TEA PARTY  WRAPPING PAPER,2011-11,2011-12,M2_gbm_poisson,94.160832,275,216.666667,B,True,Forecast
22047,EMPIRE GIFT WRAP,2011-11,2011-12,M2_gbm_poisson,148.743420,500,358.333333,B,True,Forecast
22048,BIRTHDAY BANQUET GIFT WRAP,2011-11,2011-12,M2_gbm_poisson,54.918540,75,83.333333,B,True,Forecast
22049,WRAP CHRISTMAS SCREEN PRINT,2011-11,2011-12,M2_gbm_poisson,25.355406,0,225.000000,C,True,Forecast
22050,PINK PAISLEY ROSE GIFT WRAP,2011-11,2011-12,M2_gbm_poisson,64.999269,50,100.000000,B,True,Forecast
22051,BLUE SCANDINAVIAN PAISLEY WRAP,2011-11,2011-12,M2_gbm_poisson,56.066977,125,75.000000,B,True,Forecast
22052,VINTAGE CARAVAN GIFT WRAP,2011-11,2011-12,M2_gbm_poisson,2.027923,0,0.000000,B,True,Forecast
22053,EMPIRE DESIGN ROSETTE,2011-11,2011-12,M2_gbm_poisson,21.448798,11,10.333333,A,True,Forecast
22055,MINI CAKE STAND  HANGING STRAWBERY,2011-11,2011-12,M2_gbm_poisson,56.944416,82,81.333333,A,True,Forecast
22057,CERAMIC PLATE STRAWBERRY DESIGN,2011-11,2011-12,M2_gbm_poisson,56.590310,67,37.000000,A,True,Forecast
22059,CERAMIC STRAWBERRY DESIGN MUG,2011-11,2011-12,M2_gbm_poisson,68.718897,135,65.666667,A,True,Forecast
22061,LARGE CAKE STAND  HANGING STRAWBERY,2011-11,2011-12,M2_gbm_poisson,41.827200,45,24.333333,A,True,Forecast
22062,CERAMIC BOWL WITH LOVE HEART DESIGN,2011-11,2011-12,M2_gbm_poisson,16.432073,0,34.666667,B,True,Forecast
22063,CERAMIC BOWL WITH STRAWBERRY DESIGN,2011-11,2011-12,M2_gbm_poisson,35.791575,26,14.666667,A,True,Forecast
22064,PINK DOUGHNUT TRINKET POT,2011-11,2011-12,M2_gbm_poisson,96.390379,232,122.000000,A,True,Forecast
22065,CHRISTMAS PUDDING TRINKET POT,2011-11,2011-12,M2_gbm_poisson,796.731173,1804,1984.333333,B,True,Forecast
22066,LOVE HEART TRINKET POT,2011-11,2011-12,M2_gbm_poisson,122.078138,401,273.666667,B,True,Forecast
22067,CHOC TRUFFLE GOLD TRINKET POT,2011-11,2011-12,M2_gbm_poisson,46.292997,52,30.000000,B,True,Forecast
22068,BLACK PIRATE TREASURE CHEST,2011-11,2011-12,M2_gbm_poisson,54.802773,56,54.000000,B,True,Forecast
22069,BROWN  PIRATE TREASURE CHEST,2011-11,2011-12,M2_gbm_poisson,60.588110,75,46.000000,B,True,Forecast
22070,SMALL RED RETROSPOT MUG IN BOX,2011-11,2011-12,M2_gbm_poisson,221.490727,529,213.666667,A,True,Forecast
22071,SMALL WHITE RETROSPOT MUG IN BOX,2011-11,2011-12,M2_gbm_poisson,187.211968,507,200.333333,A,True,Forecast
22072,RED RETROSPOT TEA CUP AND SAUCER,2011-11,2011-12,M2_gbm_poisson,46.278985,40,31.333333,A,True,Forecast
22074,6 RIBBONS SHIMMERING PINKS,2011-11,2011-12,M2_gbm_poisson,65.760123,79,75.000000,B,True,Forecast
22075,6 RIBBONS ELEGANT CHRISTMAS,2011-11,2011-12,M2_gbm_poisson,159.825959,343,229.000000,B,True,Forecast
22076,6 RIBBONS EMPIRE,2011-11,2011-12,M2_gbm_poisson,88.841610,152,135.000000,B,True,Forecast
22077,6 RIBBONS RUSTIC CHARM,2011-11,2011-12,M2_gbm_poisson,675.377014,1177,1166.333333,A,True,Forecast
22078,RIBBON REEL LACE DESIGN,2011-11,2011-12,M2_gbm_poisson,101.956960,213,161.666667,A,True,Forecast
22079,RIBBON REEL HEARTS DESIGN,2011-11,2011-12,M2_gbm_poisson,110.090944,172,195.333333,A,True,Forecast
22080,RIBBON REEL SPOTS DESIGN,2011-11,2011-12,M2_gbm_poisson,117.773449,215,203.666667,A,True,Forecast
22081,RIBBON REEL FLORA + FAUNA,2011-11,2011-12,M2_gbm_poisson,60.177386,69,77.000000,B,True,Forecast
22082,RIBBON REEL STRIPES DESIGN,2011-11,2011-12,M2_gbm_poisson,184.848953,394,324.000000,A,True,Forecast
22083,PAPER CHAIN KIT RETROSPOT,2011-11,2011-12,M2_gbm_poisson,294.936358,653,462.000000,A,True,Forecast
22084,PAPER CHAIN KIT EMPIRE,2011-11,2011-12,M2_gbm_poisson,9.835420,0,3.666667,A,True,Forecast
22085,PAPER CHAIN KIT SKULLS,2011-11,2011-12,M2_gbm_poisson,39.833386,28,32.333333,A,True,Forecast
22086,PAPER CHAIN KIT 50'S CHRISTMAS,2011-11,2011-12,M2_gbm_poisson,2000.727483,7898,4475.666667,A,True,Forecast
22087,PAPER BUNTING WHITE LACE,2011-11,2011-12,M2_gbm_poisson,360.376591,580,193.333333,A,True,Forecast
22088,PAPER BUNTING COLOURED LACE,2011-11,2011-12,M2_gbm_poisson,2.946980,0,0.000000,A,True,Forecast
22089,PAPER BUNTING VINTAGE PAISLEY,2011-11,2011-12,M2_gbm_poisson,66.034633,111,76.666667,A,True,Forecast
22090,PAPER BUNTING RETROSPOT,2011-11,2011-12,M2_gbm_poisson,329.967507,327,313.666667,A,True,Forecast
22091,EMPIRE TISSUE BOX,2011-11,2011-12,M2_gbm_poisson,194.578442,338,377.333333,B,True,Forecast
22092,BLUE PAISLEY TISSUE BOX,2011-11,2011-12,M2_gbm_poisson,69.812956,155,130.000000,C,True,Forecast
22093,MOTORING TISSUE BOX,2011-11,2011-12,M2_gbm_poisson,174.712098,287,349.333333,C,True,Forecast
22094,RED RETROSPOT TISSUE BOX,2011-11,2011-12,M2_gbm_poisson,221.648535,525,422.000000,B,True,Forecast
22095,LADS ONLY TISSUE BOX,2011-11,2011-12,M2_gbm_poisson,176.854098,409,258.666667,B,True,Forecast
22096,PINK PAISLEY SQUARE TISSUE BOX,2011-11,2011-12,M2_gbm_poisson,85.822886,168,306.666667,C,True,Forecast
22097,SWALLOW SQUARE TISSUE BOX,2011-11,2011-12,M2_gbm_poisson,137.400341,147,256.666667,C,True,Forecast
22098,BOUDOIR SQUARE TISSUE BOX,2011-11,2011-12,M2_gbm_poisson,149.076488,226,435.333333,B,True,Forecast
22099,CARAVAN SQUARE TISSUE BOX,2011-11,2011-12,M2_gbm_poisson,116.093262,124,245.666667,B,True,Forecast
22100,SKULLS SQUARE TISSUE BOX,2011-11,2011-12,M2_gbm_poisson,69.183624,195,117.000000,C,True,Forecast
22101,MIRROR MOSAIC VOTIVE HOLDER,2011-11,2011-12,M2_gbm_poisson,75.539489,102,287.666667,B,True,Forecast
22102,MIRROR MOSAIC T-LIGHT HOLDER,2011-11,2011-12,M2_gbm_poisson,42.546602,22,510.000000,C,True,Forecast
22103,MIRROR MOSAIC T-LIGHT HOLDER ROUND,2011-11,2011-12,M2_gbm_poisson,26.771621,0,330.666667,B,True,Forecast
22104,MIRROR MOSAIC CANDLE PLATE,2011-11,2011-12,M2_gbm_poisson,40.399336,22,29.333333,C,True,Forecast
22105,MIRROR MOSAIC GOBLET CANDLE HOLDER,2011-11,2011-12,M2_gbm_poisson,36.153219,4,166.333333,C,True,Forecast
22106,MIRROR MOSAIC HURRICANE LAMP,2011-11,2011-12,M2_gbm_poisson,28.701794,14,91.000000,B,True,Forecast
22107,PIZZA PLATE IN BOX,2011-11,2011-12,M2_gbm_poisson,90.976238,162,96.333333,A,True,Forecast
22108,PING! MICROWAVE PLATE,2011-11,2011-12,M2_gbm_poisson,34.180296,27,16.000000,C,True,Forecast
22109,FULL ENGLISH BREAKFAST PLATE,2011-11,2011-12,M2_gbm_poisson,108.883805,248,176.666667,A,True,Forecast
22110,BIRD HOUSE HOT WATER BOTTLE,2011-11,2011-12,M2_gbm_poisson,123.706631,277,162.666667,A,True,Forecast
22111,SCOTTIE DOG HOT WATER BOTTLE,2011-11,2011-12,M2_gbm_poisson,637.590825,982,837.000000,A,True,Forecast
22112,CHOCOLATE HOT WATER BOTTLE,2011-11,2011-12,M2_gbm_poisson,817.691406,1600,1063.666667,A,True,Forecast
22113,GREY HEART HOT WATER BOTTLE,2011-11,2011-12,M2_gbm_poisson,349.406724,681,563.000000,A,True,Forecast
22114,HOT WATER BOTTLE TEA AND SYMPATHY,2011-11,2011-12,M2_gbm_poisson,870.503277,1815,1276.333333,A,True,Forecast
22115,METAL SIGN EMPIRE TEA,2011-11,2011-12,M2_gbm_poisson,133.706357,204,233.333333,A,True,Forecast
22116,METAL SIGN HIS DINNER IS SERVED,2011-11,2011-12,M2_gbm_poisson,68.442253,93,75.000000,C,True,Forecast
22117,METAL SIGN HER DINNER IS SERVED,2011-11,2011-12,M2_gbm_poisson,26.898096,12,270.666667,B,True,Forecast
22118,JOY WOODEN BLOCK LETTERS,2011-11,2011-12,M2_gbm_poisson,39.444911,31,29.000000,B,True,Forecast
22119,PEACE WOODEN BLOCK LETTERS,2011-11,2011-12,M2_gbm_poisson,42.322305,30,31.000000,A,True,Forecast
22120,WELCOME  WOODEN BLOCK LETTERS,2011-11,2011-12,M2_gbm_poisson,50.625872,80,44.666667,A,True,Forecast
22121,NOEL WOODEN BLOCK LETTERS,2011-11,2011-12,M2_gbm_poisson,62.746012,87,57.333333,A,True,Forecast
22123,PING MICROWAVE APRON,2011-11,2011-12,M2_gbm_poisson,51.735915,54,50.666667,B,True,Forecast
22124,SET OF 2 TEA TOWELS PING MICROWAVE,2011-11,2011-12,M2_gbm_poisson,21.969301,14,13.000000,C,True,Forecast
22125,UNION JACK HOT WATER BOTTLE,2011-11,2011-12,M2_gbm_poisson,14.525985,12,4.000000,A,True,Forecast
22128,PARTY CONES CANDY ASSORTED,2011-11,2011-12,M2_gbm_poisson,59.373519,133,202.333333,A,True,Forecast
22129,PARTY CONES CANDY TREE DECORATION,2011-11,2011-12,M2_gbm_poisson,140.844647,295,140.666667,B,True,Forecast
22130,PARTY CONE CHRISTMAS DECORATION,2011-11,2011-12,M2_gbm_poisson,308.982753,960,526.000000,A,True,Forecast
22131,FOOD CONTAINER SET 3 LOVE HEART,2011-11,2011-12,M2_gbm_poisson,102.930986,201,197.000000,A,True,Forecast
22132,RED LOVE HEART SHAPE CUP,2011-11,2011-12,M2_gbm_poisson,68.152828,153,107.666667,B,True,Forecast
22133,PINK LOVE HEART SHAPE CUP,2011-11,2011-12,M2_gbm_poisson,54.649808,37,80.333333,B,True,Forecast
22134,MINI LADLE LOVE HEART RED,2011-11,2011-12,M2_gbm_poisson,57.788081,59,38.000000,C,True,Forecast
22135,MINI LADLE LOVE HEART PINK,2011-11,2011-12,M2_gbm_poisson,54.143378,65,53.333333,C,True,Forecast
22136,LOVE HEART SOCK HANGER,2011-11,2011-12,M2_gbm_poisson,8.257459,0,6.666667,B,True,Forecast
22137,BATHROOM SET LOVE HEART DESIGN,2011-11,2011-12,M2_gbm_poisson,2.666022,0,0.000000,B,True,Forecast
22138,BAKING SET 9 PIECE RETROSPOT,2011-11,2011-12,M2_gbm_poisson,686.770749,1145,854.666667,A,True,Forecast
22139,RETROSPOT TEA SET CERAMIC 11 PC,2011-11,2011-12,M2_gbm_poisson,513.370389,830,589.333333,A,True,Forecast
22141,CHRISTMAS CRAFT TREE TOP ANGEL,2011-11,2011-12,M2_gbm_poisson,485.068458,969,712.333333,B,True,Forecast
22142,CHRISTMAS CRAFT WHITE FAIRY,2011-11,2011-12,M2_gbm_poisson,449.548819,888,916.333333,B,True,Forecast
22144,CHRISTMAS CRAFT LITTLE FRIENDS,2011-11,2011-12,M2_gbm_poisson,722.040307,1428,1027.000000,A,True,Forecast
22147,FELTCRAFT BUTTERFLY HEARTS,2011-11,2011-12,M2_gbm_poisson,156.638262,72,981.000000,A,True,Forecast
22148,EASTER CRAFT 4 CHICKS,2011-11,2011-12,M2_gbm_poisson,23.819926,15,10.333333,A,True,Forecast
22149,FELTCRAFT 6 FLOWER FRIENDS,2011-11,2011-12,M2_gbm_poisson,214.795773,40,788.000000,A,True,Forecast
22150,3 STRIPEY MICE FELTCRAFT,2011-11,2011-12,M2_gbm_poisson,202.746587,419,331.333333,A,True,Forecast
22151,PLACE SETTING WHITE HEART,2011-11,2011-12,M2_gbm_poisson,409.459134,687,785.000000,A,True,Forecast
22152,PLACE SETTING WHITE STAR,2011-11,2011-12,M2_gbm_poisson,243.386491,931,487.333333,B,True,Forecast
22153,ANGEL DECORATION STARS ON DRESS,2011-11,2011-12,M2_gbm_poisson,295.533990,814,595.333333,B,True,Forecast
22154,ANGEL DECORATION 3 BUTTONS,2011-11,2011-12,M2_gbm_poisson,389.749979,1083,674.666667,B,True,Forecast
22155,STAR DECORATION RUSTIC,2011-11,2011-12,M2_gbm_poisson,325.723773,846,566.666667,B,True,Forecast
22156,HEART DECORATION WITH PEARLS,2011-11,2011-12,M2_gbm_poisson,140.458457,263,198.333333,A,True,Forecast
22157,ANGEL DECORATION WITH LACE PADDED,2011-11,2011-12,M2_gbm_poisson,3.156296,0,0.000000,B,True,Forecast
22158,3 HEARTS HANGING DECORATION RUSTIC,2011-11,2011-12,M2_gbm_poisson,636.746251,1295,762.000000,A,True,Forecast
22161,HEART DECORATION RUSTIC HANGING,2011-11,2011-12,M2_gbm_poisson,326.500136,626,821.000000,B,True,Forecast
22162,HEART GARLAND RUSTIC PADDED,2011-11,2011-12,M2_gbm_poisson,35.499914,34,12.666667,A,True,Forecast
22163,HEART STRING MEMO HOLDER HANGING,2011-11,2011-12,M2_gbm_poisson,169.633483,393,253.666667,B,True,Forecast
22164,STRING OF STARS CARD HOLDER,2011-11,2011-12,M2_gbm_poisson,36.564550,37,16.333333,C,True,Forecast
22165,"DIAMANTE HEART SHAPED WALL MIRROR,",2011-11,2011-12,M2_gbm_poisson,33.111307,22,18.000000,A,True,Forecast
22166,WALL MIRROR RECTANGLE DIAMANTE PINK,2011-11,2011-12,M2_gbm_poisson,15.880117,11,9.000000,B,True,Forecast
22167,OVAL WALL MIRROR DIAMANTE,2011-11,2011-12,M2_gbm_poisson,27.625856,20,12.000000,A,True,Forecast
22169,FAMILY ALBUM WHITE PICTURE FRAME,2011-11,2011-12,M2_gbm_poisson,77.836570,123,152.666667,A,True,Forecast
22170,PICTURE FRAME WOOD TRIPLE PORTRAIT,2011-11,2011-12,M2_gbm_poisson,74.262271,110,117.333333,A,True,Forecast
22171,3 HOOK PHOTO SHELF ANTIQUE WHITE,2011-11,2011-12,M2_gbm_poisson,67.014264,101,46.666667,A,True,Forecast
22173,METAL 4 HOOK HANGER FRENCH CHATEAU,2011-11,2011-12,M2_gbm_poisson,175.085986,319,221.333333,A,True,Forecast
22174,PHOTO CUBE,2011-11,2011-12,M2_gbm_poisson,187.304084,417,275.333333,A,True,Forecast
22175,PINK OWL SOFT TOY,2011-11,2011-12,M2_gbm_poisson,135.006559,292,161.666667,A,True,Forecast
22176,BLUE OWL SOFT TOY,2011-11,2011-12,M2_gbm_poisson,33.323429,0,64.000000,B,True,Forecast
22178,VICTORIAN GLASS HANGING T-LIGHT,2011-11,2011-12,M2_gbm_poisson,1011.916893,1806,2125.333333,A,True,Forecast
22179,SET 10 LIGHTS NIGHT OWL,2011-11,2011-12,M2_gbm_poisson,75.727432,138,104.666667,A,True,Forecast
22180,RETROSPOT LAMP,2011-11,2011-12,M2_gbm_poisson,13.934898,1,26.000000,A,True,Forecast
22181,SNOWSTORM PHOTO FRAME FRIDGE MAGNET,2011-11,2011-12,M2_gbm_poisson,76.765904,137,76.000000,B,True,Forecast
22182,CAKE STAND VICTORIAN FILIGREE SMALL,2011-11,2011-12,M2_gbm_poisson,31.132158,18,23.000000,B,True,Forecast
22183,CAKE STAND VICTORIAN FILIGREE MED,2011-11,2011-12,M2_gbm_poisson,4.343365,1,0.333333,A,True,Forecast
22185,SLATE TILE NATURAL HANGING,2011-11,2011-12,M2_gbm_poisson,87.043654,197,134.000000,A,True,Forecast
22186,RED STAR CARD HOLDER,2011-11,2011-12,M2_gbm_poisson,142.911586,288,252.333333,A,True,Forecast
22187,GREEN CHRISTMAS TREE CARD HOLDER,2011-11,2011-12,M2_gbm_poisson,260.597719,565,382.000000,A,True,Forecast
22188,BLACK HEART CARD HOLDER,2011-11,2011-12,M2_gbm_poisson,134.569545,232,251.000000,A,True,Forecast
22189,CREAM HEART CARD HOLDER,2011-11,2011-12,M2_gbm_poisson,284.323047,458,523.666667,A,True,Forecast
22190,LOCAL CAFE MUG,2011-11,2011-12,M2_gbm_poisson,49.723383,55,40.333333,B,True,Forecast
22191,IVORY DINER WALL CLOCK,2011-11,2011-12,M2_gbm_poisson,77.092480,98,114.000000,A,True,Forecast
22192,BLUE DINER WALL CLOCK,2011-11,2011-12,M2_gbm_poisson,70.405628,71,92.333333,A,True,Forecast
22193,RED DINER WALL CLOCK,2011-11,2011-12,M2_gbm_poisson,78.040066,116,201.666667,A,True,Forecast
22194,BLACK DINER WALL CLOCK,2011-11,2011-12,M2_gbm_poisson,2.346098,0,0.000000,B,True,Forecast
22195,LARGE HEART MEASURING SPOONS,2011-11,2011-12,M2_gbm_poisson,152.442831,294,216.000000,A,True,Forecast
22196,SMALL HEART MEASURING SPOONS,2011-11,2011-12,M2_gbm_poisson,197.922335,423,337.666667,A,True,Forecast
22197,SMALL POPCORN HOLDER,2011-11,2011-12,M2_gbm_poisson,2295.965380,12452,7517.000000,A,True,Forecast
22199,FRYING PAN RED RETROSPOT,2011-11,2011-12,M2_gbm_poisson,41.199042,35,33.000000,A,True,Forecast
22200,FRYING PAN PINK POLKADOT,2011-11,2011-12,M2_gbm_poisson,40.043511,34,37.333333,A,True,Forecast
22201,FRYING PAN BLUE POLKADOT,2011-11,2011-12,M2_gbm_poisson,20.037825,9,13.000000,B,True,Forecast
22203,MILK PAN RED RETROSPOT,2011-11,2011-12,M2_gbm_poisson,41.787115,33,24.000000,A,True,Forecast
22204,MILK PAN BLUE POLKADOT,2011-11,2011-12,M2_gbm_poisson,14.189800,4,6.333333,B,True,Forecast
22206,"MUG , DOTCOMGIFTSHOP.COM",2011-11,2011-12,M2_gbm_poisson,4.737313,1,0.333333,C,True,Forecast
22207,FRYING PAN UNION FLAG,2011-11,2011-12,M2_gbm_poisson,94.824423,188,158.666667,A,True,Forecast
22208,WOOD STAMP SET THANK YOU,2011-11,2011-12,M2_gbm_poisson,169.624664,367,209.333333,B,True,Forecast
22209,WOOD STAMP SET HAPPY BIRTHDAY,2011-11,2011-12,M2_gbm_poisson,72.700321,88,84.000000,B,True,Forecast
22210,WOOD STAMP SET BEST WISHES,2011-11,2011-12,M2_gbm_poisson,91.808611,155,183.666667,B,True,Forecast
22211,WOOD STAMP SET FLOWERS,2011-11,2011-12,M2_gbm_poisson,96.158425,202,131.333333,B,True,Forecast
22212,FOUR HOOK  WHITE LOVEBIRDS,2011-11,2011-12,M2_gbm_poisson,84.745003,130,109.000000,A,True,Forecast
22214,CANDLE PLATE LACE WHITE,2011-11,2011-12,M2_gbm_poisson,8.621067,2,2.666667,B,True,Forecast
22215,CAKE STAND WHITE TWO TIER LACE,2011-11,2011-12,M2_gbm_poisson,21.743998,11,24.000000,A,True,Forecast
22216,T-LIGHT HOLDER WHITE LACE,2011-11,2011-12,M2_gbm_poisson,29.747333,16,16.000000,B,True,Forecast
22217,T-LIGHT HOLDER HANGING LACE,2011-11,2011-12,M2_gbm_poisson,55.974514,93,45.333333,B,True,Forecast
22219,LOVEBIRD HANGING DECORATION WHITE,2011-11,2011-12,M2_gbm_poisson,267.315697,683,395.000000,A,True,Forecast
22220,CAKE STAND LOVEBIRD 2 TIER WHITE,2011-11,2011-12,M2_gbm_poisson,31.969460,27,16.000000,A,True,Forecast
22221,CAKE STAND LOVEBIRD 2 TIER PINK,2011-11,2011-12,M2_gbm_poisson,13.473666,6,6.333333,A,True,Forecast
22222,CAKE PLATE LOVEBIRD WHITE,2011-11,2011-12,M2_gbm_poisson,50.875098,41,38.333333,A,True,Forecast
22223,CAKE PLATE LOVEBIRD PINK,2011-11,2011-12,M2_gbm_poisson,16.777798,9,7.666667,B,True,Forecast
22224,WHITE LOVEBIRD LANTERN,2011-11,2011-12,M2_gbm_poisson,56.107380,77,54.666667,A,True,Forecast
22227,HANGING HEART MIRROR DECORATION,2011-11,2011-12,M2_gbm_poisson,98.276501,233,178.666667,A,True,Forecast
22228,BUNNY WOODEN PAINTED WITH BIRD,2011-11,2011-12,M2_gbm_poisson,56.628187,33,54.666667,B,True,Forecast
22229,BUNNY WOODEN PAINTED WITH FLOWER,2011-11,2011-12,M2_gbm_poisson,42.665797,8,35.333333,C,True,Forecast
22230,JIGSAW TREE WITH WATERING CAN,2011-11,2011-12,M2_gbm_poisson,100.438874,71,146.333333,C,True,Forecast
22231,JIGSAW TREE WITH BIRDHOUSE,2011-11,2011-12,M2_gbm_poisson,57.912627,59,57.333333,B,True,Forecast
22232,JIGSAW TOADSTOOLS 3 PIECE,2011-11,2011-12,M2_gbm_poisson,54.852975,58,68.000000,B,True,Forecast
22233,JIGSAW RABBIT AND BIRDHOUSE,2011-11,2011-12,M2_gbm_poisson,49.945900,19,52.000000,B,True,Forecast
22236,CAKE STAND 3 TIER MAGIC GARDEN,2011-11,2011-12,M2_gbm_poisson,40.731205,46,21.666667,A,True,Forecast
22241,GARLAND WOODEN HAPPY EASTER,2011-11,2011-12,M2_gbm_poisson,22.308104,15,8.666667,A,True,Forecast
22243,5 HOOK HANGER RED MAGIC TOADSTOOL,2011-11,2011-12,M2_gbm_poisson,34.843691,27,16.333333,A,True,Forecast
22244,3 HOOK HANGER MAGIC GARDEN,2011-11,2011-12,M2_gbm_poisson,10.490882,0,46.333333,A,True,Forecast
22245,"HOOK, 1 HANGER ,MAGIC GARDEN",2011-11,2011-12,M2_gbm_poisson,3.135932,0,0.333333,A,True,Forecast
22246,"GARLAND, MAGIC GARDEN 1.8M",2011-11,2011-12,M2_gbm_poisson,53.977469,53,29.000000,B,True,Forecast
22247,BUNNY DECORATION MAGIC GARDEN,2011-11,2011-12,M2_gbm_poisson,7.586596,4,1.666667,B,True,Forecast
22248,DECORATION  PINK CHICK MAGIC GARDEN,2011-11,2011-12,M2_gbm_poisson,29.034016,17,11.666667,C,True,Forecast
22249,DECORATION WHITE CHICK MAGIC GARDEN,2011-11,2011-12,M2_gbm_poisson,14.087358,6,2.333333,B,True,Forecast
22250,DECORATION  BUTTERFLY  MAGIC GARDEN,2011-11,2011-12,M2_gbm_poisson,14.163855,7,4.000000,B,True,Forecast
22251,BIRDHOUSE DECORATION MAGIC GARDEN,2011-11,2011-12,M2_gbm_poisson,32.744696,23,9.666667,B,True,Forecast
22252,BIRDCAGE DECORATION TEALIGHT HOLDER,2011-11,2011-12,M2_gbm_poisson,55.064886,82,59.666667,C,True,Forecast
22254,FELT TOADSTOOL LARGE,2011-11,2011-12,M2_gbm_poisson,35.758773,30,16.333333,B,True,Forecast
22255,FELT TOADSTOOL  SMALL,2011-11,2011-12,M2_gbm_poisson,57.866626,100,52.666667,B,True,Forecast
22256,FELT FARM ANIMAL CHICKEN,2011-11,2011-12,M2_gbm_poisson,4.354799,0,0.333333,B,True,Forecast
22257,FELT FARM ANIMAL SHEEP,2011-11,2011-12,M2_gbm_poisson,5.015571,0,2.000000,C,True,Forecast
22258,FELT FARM ANIMAL RABBIT,2011-11,2011-12,M2_gbm_poisson,17.887340,13,4.333333,B,True,Forecast
22260,FELT EGG COSY BLUE RABBIT,2011-11,2011-12,M2_gbm_poisson,40.771187,35,17.333333,B,True,Forecast
22261,FELT EGG COSY WHITE RABBIT,2011-11,2011-12,M2_gbm_poisson,32.299048,26,13.000000,B,True,Forecast
22262,FELT EGG COSY CHICKEN,2011-11,2011-12,M2_gbm_poisson,53.762218,45,42.333333,B,True,Forecast
22263,FELT EGG COSY LADYBIRD,2011-11,2011-12,M2_gbm_poisson,22.577340,16,7.333333,C,True,Forecast
22264,FELT FARM ANIMAL WHITE BUNNY,2011-11,2011-12,M2_gbm_poisson,3.544358,0,0.333333,B,True,Forecast
22265,EASTER DECORATION NATURAL CHICK,2011-11,2011-12,M2_gbm_poisson,17.853610,14,8.000000,B,True,Forecast
22266,EASTER DECORATION HANGING BUNNY,2011-11,2011-12,M2_gbm_poisson,98.310535,137,339.333333,C,True,Forecast
22267,EASTER DECORATION EGG BUNNY,2011-11,2011-12,M2_gbm_poisson,59.614303,70,90.666667,B,True,Forecast
22268,EASTER DECORATION SITTING BUNNY,2011-11,2011-12,M2_gbm_poisson,145.602624,98,127.000000,B,True,Forecast
22269,EGG CUP NATURAL CHICKEN,2011-11,2011-12,M2_gbm_poisson,69.229782,94,154.666667,B,True,Forecast
22270,HAPPY EASTER HANGING DECORATION,2011-11,2011-12,M2_gbm_poisson,15.045351,6,9.666667,B,True,Forecast
22271,FELTCRAFT DOLL ROSIE,2011-11,2011-12,M2_gbm_poisson,144.412494,269,222.333333,A,True,Forecast
22273,FELTCRAFT DOLL MOLLY,2011-11,2011-12,M2_gbm_poisson,331.489479,302,979.666667,A,True,Forecast
22274,FELTCRAFT DOLL EMILY,2011-11,2011-12,M2_gbm_poisson,109.556418,252,188.000000,A,True,Forecast
22276,WASH BAG VINTAGE ROSE PAISLEY,2011-11,2011-12,M2_gbm_poisson,15.610968,3,11.666667,A,True,Forecast
22277,COSMETIC BAG VINTAGE ROSE PAISLEY,2011-11,2011-12,M2_gbm_poisson,47.556471,25,59.333333,B,True,Forecast
22278,OVERNIGHT BAG VINTAGE ROSE PAISLEY,2011-11,2011-12,M2_gbm_poisson,58.068971,71,49.666667,A,True,Forecast
22279,POCKET BAG BLUE PAISLEY RED SPOT,2011-11,2011-12,M2_gbm_poisson,72.104629,146,57.666667,B,True,Forecast
22280,POCKET BAG PINK PAISELY BROWN SPOT,2011-11,2011-12,M2_gbm_poisson,46.968369,47,22.333333,B,True,Forecast
22281,EASTER TREE YELLOW BIRDS,2011-11,2011-12,M2_gbm_poisson,4.366355,2,0.666667,A,True,Forecast
22282,12 EGG HOUSE PAINTED WOOD,2011-11,2011-12,M2_gbm_poisson,32.133066,22,17.000000,A,True,Forecast
22283,6 EGG HOUSE PAINTED WOOD,2011-11,2011-12,M2_gbm_poisson,33.292258,22,20.666667,A,True,Forecast
22284,HEN HOUSE DECORATION,2011-11,2011-12,M2_gbm_poisson,48.573635,43,53.666667,A,True,Forecast
22285,"DECORATION HEN ON NEST, HANGING",2011-11,2011-12,M2_gbm_poisson,33.255765,21,35.666667,A,True,Forecast
22286,"DECORATION , WOBBLY RABBIT , METAL",2011-11,2011-12,M2_gbm_poisson,69.459599,61,94.000000,B,True,Forecast
22287,"DECORATION , WOBBLY CHICKEN, METAL",2011-11,2011-12,M2_gbm_poisson,59.021510,66,75.333333,B,True,Forecast
22288,HANGING METAL RABBIT DECORATION,2011-11,2011-12,M2_gbm_poisson,7.586596,3,1.333333,B,True,Forecast
22289,"DECORATION , HANGING METAL CHICKEN",2011-11,2011-12,M2_gbm_poisson,5.155920,1,0.333333,C,True,Forecast
22291,"SPRING DEC , HANGING CHICK CREAM",2011-11,2011-12,M2_gbm_poisson,18.720918,2,18.666667,A,True,Forecast
22292,HANGING CHICK  YELLOW DECORATION,2011-11,2011-12,M2_gbm_poisson,20.091654,9,13.333333,A,True,Forecast
22293,HANGING CHICK GREEN DECORATION,2011-11,2011-12,M2_gbm_poisson,23.321926,8,16.666667,B,True,Forecast
22294,HEART FILIGREE DOVE  SMALL,2011-11,2011-12,M2_gbm_poisson,255.178112,428,577.333333,A,True,Forecast
22295,HEART FILIGREE DOVE LARGE,2011-11,2011-12,M2_gbm_poisson,136.336061,337,261.666667,A,True,Forecast
22296,HEART IVORY TRELLIS LARGE,2011-11,2011-12,M2_gbm_poisson,124.634317,202,188.333333,A,True,Forecast
22297,HEART IVORY TRELLIS SMALL,2011-11,2011-12,M2_gbm_poisson,186.326800,314,299.666667,A,True,Forecast
22299,PIG KEYRING WITH LIGHT & SOUND,2011-11,2011-12,M2_gbm_poisson,108.206725,260,135.666667,A,True,Forecast
22300,COFFEE MUG DOG + BALL DESIGN,2011-11,2011-12,M2_gbm_poisson,202.342592,524,228.666667,A,True,Forecast
22301,COFFEE MUG CAT + BIRD DESIGN,2011-11,2011-12,M2_gbm_poisson,203.410495,527,271.000000,A,True,Forecast
22302,COFFEE MUG PEARS  DESIGN,2011-11,2011-12,M2_gbm_poisson,188.914191,588,291.333333,A,True,Forecast
22303,COFFEE MUG APPLES DESIGN,2011-11,2011-12,M2_gbm_poisson,220.103258,629,311.333333,A,True,Forecast
22304,COFFEE MUG BLUE PAISLEY DESIGN,2011-11,2011-12,M2_gbm_poisson,175.412202,466,162.333333,A,True,Forecast
22305,COFFEE MUG PINK PAISLEY DESIGN,2011-11,2011-12,M2_gbm_poisson,32.782614,23,14.666667,A,True,Forecast
22306,SILVER MUG BONE CHINA TREE OF LIFE,2011-11,2011-12,M2_gbm_poisson,176.826522,406,327.666667,B,True,Forecast
22307,GOLD MUG BONE CHINA TREE OF LIFE,2011-11,2011-12,M2_gbm_poisson,140.370491,302,213.333333,B,True,Forecast
22308,TEA COSY BLUE STRIPE,2011-11,2011-12,M2_gbm_poisson,45.925078,42,25.333333,B,True,Forecast
22309,TEA COSY RED  STRIPE,2011-11,2011-12,M2_gbm_poisson,53.269840,47,71.000000,B,True,Forecast
22310,IVORY KNITTED MUG COSY,2011-11,2011-12,M2_gbm_poisson,86.012854,234,112.333333,B,True,Forecast
22311,OFFICE MUG WARMER BLACK+SILVER,2011-11,2011-12,M2_gbm_poisson,147.664094,410,212.000000,A,True,Forecast
22312,OFFICE MUG WARMER POLKADOT,2011-11,2011-12,M2_gbm_poisson,82.304614,161,75.000000,A,True,Forecast
22313,OFFICE MUG WARMER PINK,2011-11,2011-12,M2_gbm_poisson,56.247420,42,110.333333,B,True,Forecast
22314,OFFICE MUG WARMER CHOC+BLUE,2011-11,2011-12,M2_gbm_poisson,50.627740,42,43.000000,B,True,Forecast
22315,200 RED + WHITE BENDY STRAWS,2011-11,2011-12,M2_gbm_poisson,58.866997,70,79.000000,B,True,Forecast
22316,200 BENDY SKULL STRAWS,2011-11,2011-12,M2_gbm_poisson,32.158491,28,10.666667,B,True,Forecast
22317,FIVE CATS HANGING DECORATION,2011-11,2011-12,M2_gbm_poisson,20.773657,11,14.000000,B,True,Forecast
22318,FIVE HEART HANGING DECORATION,2011-11,2011-12,M2_gbm_poisson,26.864185,11,22.666667,A,True,Forecast
22319,HAIRCLIPS FORTIES FABRIC ASSORTED,2011-11,2011-12,M2_gbm_poisson,53.654424,60,72.333333,B,True,Forecast
22320,BIRDS MOBILE VINTAGE DESIGN,2011-11,2011-12,M2_gbm_poisson,42.803752,23,24.666667,B,True,Forecast
22321,BIRD DECORATION RED RETROSPOT,2011-11,2011-12,M2_gbm_poisson,54.109669,81,68.333333,B,True,Forecast
22322,BIRD DECORATION GREEN POLKADOT,2011-11,2011-12,M2_gbm_poisson,22.731087,6,11.333333,B,True,Forecast
22324,BLUE POLKADOT KIDS BAG,2011-11,2011-12,M2_gbm_poisson,26.055169,12,42.666667,B,True,Forecast
22325,MOBILE VINTAGE HEARTS,2011-11,2011-12,M2_gbm_poisson,39.776674,31,18.333333,B,True,Forecast
22326,ROUND SNACK BOXES SET OF4 WOODLAND,2011-11,2011-12,M2_gbm_poisson,488.736215,952,818.000000,A,True,Forecast
22327,ROUND SNACK BOXES SET OF 4 SKULLS,2011-11,2011-12,M2_gbm_poisson,92.223295,155,137.666667,A,True,Forecast
22328,ROUND SNACK BOXES SET OF 4 FRUITS,2011-11,2011-12,M2_gbm_poisson,292.347181,546,458.666667,A,True,Forecast
22329,ROUND CONTAINER SET OF 5 RETROSPOT,2011-11,2011-12,M2_gbm_poisson,67.729853,89,108.333333,A,True,Forecast
22331,WOODLAND PARTY BAG + STICKER SET,2011-11,2011-12,M2_gbm_poisson,97.206486,146,189.333333,A,True,Forecast
22332,SKULLS PARTY BAG + STICKER SET,2011-11,2011-12,M2_gbm_poisson,65.641768,90,90.000000,A,True,Forecast
22333,RETROSPOT PARTY BAG + STICKER SET,2011-11,2011-12,M2_gbm_poisson,220.693817,400,387.000000,A,True,Forecast
22334,DINOSAUR PARTY BAG + STICKER SET,2011-11,2011-12,M2_gbm_poisson,52.683991,57,46.000000,B,True,Forecast
22335,HEART DECORATION PAINTED ZINC,2011-11,2011-12,M2_gbm_poisson,123.130683,152,157.333333,A,True,Forecast
22336,DOVE DECORATION PAINTED ZINC,2011-11,2011-12,M2_gbm_poisson,28.235286,0,610.666667,B,True,Forecast
22337,ANGEL DECORATION PAINTED ZINC,2011-11,2011-12,M2_gbm_poisson,130.042685,255,171.666667,B,True,Forecast
22338,STAR DECORATION PAINTED ZINC,2011-11,2011-12,M2_gbm_poisson,902.938763,2000,1322.666667,B,True,Forecast
22339,CHRISTMAS TREE PAINTED ZINC,2011-11,2011-12,M2_gbm_poisson,195.156947,546,706.000000,C,True,Forecast
22340,NOEL GARLAND PAINTED ZINC,2011-11,2011-12,M2_gbm_poisson,284.899685,722,408.333333,C,True,Forecast
22341,LOVE GARLAND PAINTED ZINC,2011-11,2011-12,M2_gbm_poisson,25.555498,11,26.000000,A,True,Forecast
22342,HOME GARLAND PAINTED ZINC,2011-11,2011-12,M2_gbm_poisson,61.323954,62,106.333333,B,True,Forecast
22343,PARTY PIZZA DISH RED RETROSPOT,2011-11,2011-12,M2_gbm_poisson,50.879941,56,58.666667,B,True,Forecast
22344,PARTY PIZZA DISH PINK POLKADOT,2011-11,2011-12,M2_gbm_poisson,28.880428,19,14.666667,C,True,Forecast
22345,PARTY PIZZA DISH BLUE POLKADOT,2011-11,2011-12,M2_gbm_poisson,26.918303,18,10.666667,C,True,Forecast
22346,PARTY PIZZA DISH GREEN POLKADOT,2011-11,2011-12,M2_gbm_poisson,21.850994,21,7.000000,C,True,Forecast
22348,TEA BAG PLATE RED RETROSPOT,2011-11,2011-12,M2_gbm_poisson,214.482810,462,332.000000,A,True,Forecast
22349,DOG BOWL CHASING BALL DESIGN,2011-11,2011-12,M2_gbm_poisson,51.846879,37,78.000000,A,True,Forecast
22350,ILLUSTRATED CAT BOWL,2011-11,2011-12,M2_gbm_poisson,48.806937,33,57.666667,A,True,Forecast
22351,DOTCOMGIFTSHOP TEA TOWEL,2011-11,2011-12,M2_gbm_poisson,2.064227,0,0.000000,C,True,Forecast
22352,LUNCH BOX WITH CUTLERY RETROSPOT,2011-11,2011-12,M2_gbm_poisson,140.287624,181,295.000000,A,True,Forecast
22354,RETROSPOT PADDED SEAT CUSHION,2011-11,2011-12,M2_gbm_poisson,34.572820,16,33.666667,A,True,Forecast
22355,CHARLOTTE BAG SUKI DESIGN,2011-11,2011-12,M2_gbm_poisson,811.603918,2088,1615.333333,A,True,Forecast
22356,CHARLOTTE BAG PINK POLKADOT,2011-11,2011-12,M2_gbm_poisson,643.805958,1384,965.666667,A,True,Forecast
22357,KINGS CHOICE BISCUIT TIN,2011-11,2011-12,M2_gbm_poisson,57.958063,79,39.000000,A,True,Forecast
22358,KINGS CHOICE TEA CADDY,2011-11,2011-12,M2_gbm_poisson,51.483008,63,41.666667,A,True,Forecast
22359,GLASS JAR KINGS CHOICE,2011-11,2011-12,M2_gbm_poisson,29.527688,15,16.000000,A,True,Forecast
22360,GLASS JAR ENGLISH CONFECTIONERY,2011-11,2011-12,M2_gbm_poisson,62.729821,50,71.666667,A,True,Forecast
22361,GLASS JAR DAISY FRESH COTTON WOOL,2011-11,2011-12,M2_gbm_poisson,62.077004,75,65.000000,A,True,Forecast
22362,GLASS JAR PEACOCK BATH SALTS,2011-11,2011-12,M2_gbm_poisson,44.390076,31,31.333333,B,True,Forecast
22363,GLASS JAR MARMALADE,2011-11,2011-12,M2_gbm_poisson,21.981983,8,14.333333,B,True,Forecast
22364,GLASS JAR DIGESTIVE BISCUITS,2011-11,2011-12,M2_gbm_poisson,47.939531,40,58.666667,A,True,Forecast
22365,DOORMAT RESPECTABLE HOUSE,2011-11,2011-12,M2_gbm_poisson,70.849092,135,150.666667,A,True,Forecast
22366,DOORMAT AIRMAIL,2011-11,2011-12,M2_gbm_poisson,70.079414,82,132.000000,A,True,Forecast
22367,CHILDRENS APRON SPACEBOY DESIGN,2011-11,2011-12,M2_gbm_poisson,304.893095,675,457.333333,A,True,Forecast
22371,AIRLINE BAG VINTAGE TOKYO 78,2011-11,2011-12,M2_gbm_poisson,98.145866,175,130.666667,A,True,Forecast
22372,AIRLINE BAG VINTAGE WORLD CHAMPION,2011-11,2011-12,M2_gbm_poisson,47.001681,49,37.666667,B,True,Forecast
22374,AIRLINE BAG VINTAGE JET SET RED,2011-11,2011-12,M2_gbm_poisson,65.139197,75,72.666667,A,True,Forecast
22375,AIRLINE BAG VINTAGE JET SET BROWN,2011-11,2011-12,M2_gbm_poisson,46.653891,36,42.666667,B,True,Forecast
22376,AIRLINE BAG VINTAGE JET SET WHITE,2011-11,2011-12,M2_gbm_poisson,43.954100,28,31.333333,B,True,Forecast
22377,BOTTLE BAG RETROSPOT,2011-11,2011-12,M2_gbm_poisson,38.730597,19,45.000000,A,True,Forecast
22378,WALL TIDY RETROSPOT,2011-11,2011-12,M2_gbm_poisson,59.895300,89,49.666667,A,True,Forecast
22379,RECYCLING BAG RETROSPOT,2011-11,2011-12,M2_gbm_poisson,326.228517,396,687.333333,A,True,Forecast
22380,TOY TIDY SPACEBOY,2011-11,2011-12,M2_gbm_poisson,71.150335,107,95.666667,A,True,Forecast
22381,TOY TIDY PINK POLKADOT,2011-11,2011-12,M2_gbm_poisson,165.499112,161,369.666667,A,True,Forecast
22382,LUNCH BAG SPACEBOY DESIGN,2011-11,2011-12,M2_gbm_poisson,707.629285,1529,1090.333333,A,True,Forecast
22383,LUNCH BAG SUKI  DESIGN,2011-11,2011-12,M2_gbm_poisson,532.250325,947,885.000000,A,True,Forecast
22384,LUNCH BAG PINK POLKADOT,2011-11,2011-12,M2_gbm_poisson,523.406808,912,719.666667,A,True,Forecast
22385,JUMBO BAG SPACEBOY DESIGN,2011-11,2011-12,M2_gbm_poisson,422.729669,773,748.333333,A,True,Forecast
22386,JUMBO BAG PINK POLKADOT,2011-11,2011-12,M2_gbm_poisson,1577.936987,1641,2519.333333,A,True,Forecast
22389,PAPERWEIGHT SAVE THE PLANET,2011-11,2011-12,M2_gbm_poisson,35.427308,17,50.666667,C,True,Forecast
22390,PAPERWEIGHT CHILDHOOD MEMORIES,2011-11,2011-12,M2_gbm_poisson,33.690014,25,15.666667,B,True,Forecast
22391,PAPERWEIGHT HOME SWEET HOME,2011-11,2011-12,M2_gbm_poisson,14.911176,11,7.333333,C,True,Forecast
22393,PAPERWEIGHT VINTAGE COLLAGE,2011-11,2011-12,M2_gbm_poisson,43.082621,31,24.333333,B,True,Forecast
22394,PAPERWEIGHT KINGS CHOICE,2011-11,2011-12,M2_gbm_poisson,14.312359,11,7.000000,C,True,Forecast
22395,PAPERWEIGHT VINTAGE PAISLEY,2011-11,2011-12,M2_gbm_poisson,14.911176,11,6.333333,C,True,Forecast
22396,MAGNETS PACK OF 4 RETRO PHOTO,2011-11,2011-12,M2_gbm_poisson,75.158018,132,127.333333,B,True,Forecast
22398,MAGNETS PACK OF 4 SWALLOWS,2011-11,2011-12,M2_gbm_poisson,183.295162,376,382.000000,B,True,Forecast
22399,MAGNETS PACK OF 4 CHILDHOOD MEMORY,2011-11,2011-12,M2_gbm_poisson,28.193684,5,24.000000,A,True,Forecast
22400,MAGNETS PACK OF 4 HOME SWEET HOME,2011-11,2011-12,M2_gbm_poisson,113.667712,248,196.000000,B,True,Forecast
22402,MAGNETS PACK OF 4 VINTAGE COLLAGE,2011-11,2011-12,M2_gbm_poisson,107.734504,245,225.333333,B,True,Forecast
22403,MAGNETS PACK OF 4 VINTAGE LABELS,2011-11,2011-12,M2_gbm_poisson,69.904836,117,113.666667,C,True,Forecast
22405,MONEY BOX POCKET MONEY DESIGN,2011-11,2011-12,M2_gbm_poisson,35.141714,22,17.333333,B,True,Forecast
22406,MONEY BOX KINGS CHOICE DESIGN,2011-11,2011-12,M2_gbm_poisson,44.665574,43,26.333333,B,True,Forecast
22407,MONEY BOX FIRST ADE DESIGN,2011-11,2011-12,M2_gbm_poisson,15.115869,8,3.666667,C,True,Forecast
22408,MONEY BOX CONFECTIONERY DESIGN,2011-11,2011-12,M2_gbm_poisson,36.221419,26,18.333333,C,True,Forecast
22409,MONEY BOX BISCUITS DESIGN,2011-11,2011-12,M2_gbm_poisson,22.991144,4,19.000000,B,True,Forecast
22410,MONEY BOX HOUSEKEEPING DESIGN,2011-11,2011-12,M2_gbm_poisson,24.646806,8,23.000000,B,True,Forecast
22411,JUMBO SHOPPER VINTAGE RED PAISLEY,2011-11,2011-12,M2_gbm_poisson,837.573360,1475,1324.333333,A,True,Forecast
22412,METAL SIGN NEIGHBOURHOOD WITCH,2011-11,2011-12,M2_gbm_poisson,39.326615,20,57.000000,A,True,Forecast
22413,METAL SIGN TAKE IT OR LEAVE IT,2011-11,2011-12,M2_gbm_poisson,147.062506,126,213.666667,A,True,Forecast
22414,DOORMAT NEIGHBOURHOOD WITCH,2011-11,2011-12,M2_gbm_poisson,30.411552,17,51.666667,A,True,Forecast
22416,SET OF 36 DOILIES SPACEBOY DESIGN,2011-11,2011-12,M2_gbm_poisson,38.528498,30,42.000000,B,True,Forecast
22417,PACK OF 60 SPACEBOY CAKE CASES,2011-11,2011-12,M2_gbm_poisson,338.029560,673,665.333333,A,True,Forecast
22418,10 COLOUR SPACEBOY PEN,2011-11,2011-12,M2_gbm_poisson,360.138065,805,740.666667,A,True,Forecast
22419,LIPSTICK PEN RED,2011-11,2011-12,M2_gbm_poisson,259.691272,637,377.333333,B,True,Forecast
22420,LIPSTICK PEN BABY PINK,2011-11,2011-12,M2_gbm_poisson,154.362963,329,176.000000,C,True,Forecast
22421,LIPSTICK PEN FUSCHIA,2011-11,2011-12,M2_gbm_poisson,255.242710,517,433.333333,B,True,Forecast
22422,TOOTHPASTE TUBE PEN,2011-11,2011-12,M2_gbm_poisson,102.562748,210,117.333333,B,True,Forecast
22423,REGENCY CAKESTAND 3 TIER,2011-11,2011-12,M2_gbm_poisson,553.789323,1052,969.000000,A,True,Forecast
22424,ENAMEL BREAD BIN CREAM,2011-11,2011-12,M2_gbm_poisson,66.110048,73,84.333333,A,True,Forecast
22425,ENAMEL COLANDER CREAM,2011-11,2011-12,M2_gbm_poisson,48.016919,44,38.666667,B,True,Forecast
22426,ENAMEL WASH BOWL CREAM,2011-11,2011-12,M2_gbm_poisson,49.804301,47,58.666667,A,True,Forecast
22427,ENAMEL FLOWER JUG CREAM,2011-11,2011-12,M2_gbm_poisson,29.876402,12,115.000000,A,True,Forecast
22428,ENAMEL FIRE BUCKET CREAM,2011-11,2011-12,M2_gbm_poisson,33.336281,20,19.000000,B,True,Forecast
22429,ENAMEL MEASURING JUG CREAM,2011-11,2011-12,M2_gbm_poisson,72.646314,73,104.000000,A,True,Forecast
22430,ENAMEL WATERING CAN CREAM,2011-11,2011-12,M2_gbm_poisson,43.906073,40,32.333333,A,True,Forecast
22431,WATERING CAN BLUE ELEPHANT,2011-11,2011-12,M2_gbm_poisson,89.008723,130,67.666667,A,True,Forecast
22432,WATERING CAN PINK BUNNY,2011-11,2011-12,M2_gbm_poisson,45.371767,61,38.666667,A,True,Forecast
22433,WATERING CAN GREEN DINOSAUR,2011-11,2011-12,M2_gbm_poisson,59.318212,115,53.666667,A,True,Forecast
22434,BALLOON PUMP WITH 10 BALLOONS,2011-11,2011-12,M2_gbm_poisson,53.045339,61,63.666667,A,True,Forecast
22435,SET OF 9 HEART SHAPED BALLOONS,2011-11,2011-12,M2_gbm_poisson,107.482357,252,138.333333,A,True,Forecast
22436,12 COLOURED PARTY BALLOONS,2011-11,2011-12,M2_gbm_poisson,125.475211,330,215.333333,B,True,Forecast
22437,SET OF 9 BLACK SKULL BALLOONS,2011-11,2011-12,M2_gbm_poisson,128.031249,256,228.333333,A,True,Forecast
22438,BALLOON ART MAKE YOUR OWN FLOWERS,2011-11,2011-12,M2_gbm_poisson,44.760387,44,20.333333,B,True,Forecast
22439,6 ROCKET BALLOONS,2011-11,2011-12,M2_gbm_poisson,100.933019,182,191.666667,B,True,Forecast
22440,BALLOON WATER BOMB PACK OF 35,2011-11,2011-12,M2_gbm_poisson,132.330847,298,169.666667,B,True,Forecast
22441,GROW YOUR OWN BASIL IN ENAMEL MUG,2011-11,2011-12,M2_gbm_poisson,90.185794,165,129.333333,A,True,Forecast
22442,GROW YOUR OWN FLOWERS SET OF 3,2011-11,2011-12,M2_gbm_poisson,17.247777,13,8.000000,A,True,Forecast
22443,GROW YOUR OWN HERBS SET OF 3,2011-11,2011-12,M2_gbm_poisson,2.687294,0,0.000000,A,True,Forecast
22445,PENCIL CASE LIFE IS BEAUTIFUL,2011-11,2011-12,M2_gbm_poisson,54.072352,60,42.333333,A,True,Forecast
22446,PIN CUSHION BABUSHKA PINK,2011-11,2011-12,M2_gbm_poisson,61.271691,82,60.333333,B,True,Forecast
22447,PIN CUSHION BABUSHKA BLUE,2011-11,2011-12,M2_gbm_poisson,6.708172,3,2.000000,C,True,Forecast
22448,PIN CUSHION BABUSHKA RED,2011-11,2011-12,M2_gbm_poisson,22.382687,14,14.333333,B,True,Forecast
22449,SILK PURSE BABUSHKA PINK,2011-11,2011-12,M2_gbm_poisson,47.294212,28,54.000000,A,True,Forecast
22450,SILK PURSE BABUSHKA BLUE,2011-11,2011-12,M2_gbm_poisson,30.258976,20,10.333333,B,True,Forecast
22452,MEASURING TAPE BABUSHKA PINK,2011-11,2011-12,M2_gbm_poisson,47.878931,24,82.666667,B,True,Forecast
22453,MEASURING TAPE BABUSHKA BLUE,2011-11,2011-12,M2_gbm_poisson,40.132751,31,19.000000,B,True,Forecast
22454,MEASURING TAPE BABUSHKA RED,2011-11,2011-12,M2_gbm_poisson,25.963355,16,11.000000,A,True,Forecast
22456,NATURAL SLATE CHALKBOARD LARGE,2011-11,2011-12,M2_gbm_poisson,107.589333,145,169.333333,A,True,Forecast
22457,NATURAL SLATE HEART CHALKBOARD,2011-11,2011-12,M2_gbm_poisson,500.690921,804,738.666667,A,True,Forecast
22460,EMBOSSED GLASS TEALIGHT HOLDER,2011-11,2011-12,M2_gbm_poisson,156.576403,377,255.666667,A,True,Forecast
22461,SAVOY ART DECO CLOCK,2011-11,2011-12,M2_gbm_poisson,3.049283,0,0.000000,B,True,Forecast
22464,HANGING METAL HEART LANTERN,2011-11,2011-12,M2_gbm_poisson,169.262704,347,280.666667,A,True,Forecast
22465,HANGING METAL STAR LANTERN,2011-11,2011-12,M2_gbm_poisson,145.118638,310,269.000000,A,True,Forecast
22466,FAIRY TALE COTTAGE NIGHTLIGHT,2011-11,2011-12,M2_gbm_poisson,215.842889,442,298.333333,A,True,Forecast
22467,GUMBALL COAT RACK,2011-11,2011-12,M2_gbm_poisson,461.512552,1007,882.666667,A,True,Forecast
22468,BABUSHKA LIGHTS STRING OF 10,2011-11,2011-12,M2_gbm_poisson,57.157269,90,63.000000,A,True,Forecast
22469,HEART OF WICKER SMALL,2011-11,2011-12,M2_gbm_poisson,899.201016,2625,1894.333333,A,True,Forecast
22470,HEART OF WICKER LARGE,2011-11,2011-12,M2_gbm_poisson,710.918131,1716,1158.000000,A,True,Forecast
22471,TV DINNER TRAY AIR HOSTESS,2011-11,2011-12,M2_gbm_poisson,41.330780,23,28.666667,B,True,Forecast
22472,TV DINNER TRAY DOLLY GIRL,2011-11,2011-12,M2_gbm_poisson,36.949222,32,16.333333,A,True,Forecast
22473,TV DINNER TRAY VINTAGE PAISLEY,2011-11,2011-12,M2_gbm_poisson,38.855013,35,23.000000,B,True,Forecast
22474,SPACEBOY TV DINNER TRAY,2011-11,2011-12,M2_gbm_poisson,43.781391,44,24.333333,A,True,Forecast
22475,SKULL DESIGN TV DINNER TRAY,2011-11,2011-12,M2_gbm_poisson,56.105417,71,46.666667,B,True,Forecast
22476,EMPIRE UNION JACK TV DINNER TRAY,2011-11,2011-12,M2_gbm_poisson,45.479485,45,31.000000,A,True,Forecast
22477,WATERING CAN GARDEN MARKER,2011-11,2011-12,M2_gbm_poisson,63.482022,110,48.666667,B,True,Forecast
22478,BIRDHOUSE GARDEN MARKER,2011-11,2011-12,M2_gbm_poisson,53.530661,61,68.000000,A,True,Forecast
22479,DAISY GARDEN MARKER,2011-11,2011-12,M2_gbm_poisson,30.843540,19,15.333333,B,True,Forecast
22480,RED TEA TOWEL CLASSIC DESIGN,2011-11,2011-12,M2_gbm_poisson,3.135932,0,0.000000,B,True,Forecast
22481,BLACK TEA TOWEL CLASSIC DESIGN,2011-11,2011-12,M2_gbm_poisson,51.837731,52,51.333333,C,True,Forecast
22482,BLUE TEA TOWEL CLASSIC DESIGN,2011-11,2011-12,M2_gbm_poisson,2.006944,0,0.000000,B,True,Forecast
22483,RED GINGHAM TEDDY BEAR,2011-11,2011-12,M2_gbm_poisson,69.628165,109,76.666667,A,True,Forecast
22485,SET OF 2 WOODEN MARKET CRATES,2011-11,2011-12,M2_gbm_poisson,46.803010,58,43.333333,A,True,Forecast
22486,PLASMATRONIC LAMP,2011-11,2011-12,M2_gbm_poisson,10.156275,5,4.666667,C,True,Forecast
22487,WHITE WOOD GARDEN PLANT LADDER,2011-11,2011-12,M2_gbm_poisson,54.270600,65,62.000000,A,True,Forecast
22488,NATURAL SLATE RECTANGLE CHALKBOARD,2011-11,2011-12,M2_gbm_poisson,192.245881,323,298.333333,A,True,Forecast
22489,PACK OF 12 TRADITIONAL CRAYONS,2011-11,2011-12,M2_gbm_poisson,401.187204,999,979.000000,A,True,Forecast
22491,PACK OF 12 COLOURED PENCILS,2011-11,2011-12,M2_gbm_poisson,206.554463,477,298.333333,A,True,Forecast
22492,MINI PAINT SET VINTAGE,2011-11,2011-12,M2_gbm_poisson,1586.181061,3188,3258.666667,A,True,Forecast
22493,PAINT YOUR OWN CANVAS SET,2011-11,2011-12,M2_gbm_poisson,159.330992,204,164.000000,A,True,Forecast
22494,EMERGENCY FIRST AID TIN,2011-11,2011-12,M2_gbm_poisson,69.074402,94,76.666667,B,True,Forecast
22495,SET OF 2 ROUND TINS CAMEMBERT,2011-11,2011-12,M2_gbm_poisson,40.344444,25,23.000000,B,True,Forecast
22496,SET OF 2 ROUND TINS DUTCH CHEESE,2011-11,2011-12,M2_gbm_poisson,39.179984,25,23.000000,B,True,Forecast
22497,SET OF 2 TINS VINTAGE BATHROOM,2011-11,2011-12,M2_gbm_poisson,15.564727,5,10.666667,A,True,Forecast
22498,WOODEN REGATTA BUNTING,2011-11,2011-12,M2_gbm_poisson,28.412152,17,13.333333,A,True,Forecast
22499,WOODEN UNION JACK BUNTING,2011-11,2011-12,M2_gbm_poisson,46.350971,46,31.666667,A,True,Forecast
22500,SET OF 2 TINS JARDIN DE PROVENCE,2011-11,2011-12,M2_gbm_poisson,16.107874,11,11.333333,B,True,Forecast
22501,PICNIC BASKET WICKER LARGE,2011-11,2011-12,M2_gbm_poisson,29.410741,16,23.000000,A,True,Forecast
22502,PICNIC BASKET WICKER SMALL,2011-11,2011-12,M2_gbm_poisson,6.383773,0,2.333333,A,True,Forecast
22503,CABIN BAG VINTAGE PAISLEY,2011-11,2011-12,M2_gbm_poisson,9.454354,3,6.333333,B,True,Forecast
22504,CABIN BAG VINTAGE RETROSPOT,2011-11,2011-12,M2_gbm_poisson,19.892541,25,10.333333,A,True,Forecast
22505,MEMO BOARD COTTAGE DESIGN,2011-11,2011-12,M2_gbm_poisson,89.541581,152,118.666667,A,True,Forecast
22507,MEMO BOARD RETROSPOT  DESIGN,2011-11,2011-12,M2_gbm_poisson,137.952637,186,279.000000,A,True,Forecast
22508,DOORSTOP RETROSPOT HEART,2011-11,2011-12,M2_gbm_poisson,106.893368,138,346.000000,A,True,Forecast
22509,SEWING BOX RETROSPOT DESIGN,2011-11,2011-12,M2_gbm_poisson,14.365037,13,8.333333,A,True,Forecast
22510,GINGHAM BABUSHKA DOORSTOP,2011-11,2011-12,M2_gbm_poisson,23.987054,16,10.666667,C,True,Forecast
22511,RETROSPOT BABUSHKA DOORSTOP,2011-11,2011-12,M2_gbm_poisson,21.397346,22,7.666667,C,True,Forecast
22512,DOORSTOP RACING CAR DESIGN,2011-11,2011-12,M2_gbm_poisson,15.407796,12,9.000000,C,True,Forecast
22513,DOORSTOP FOOTBALL DESIGN,2011-11,2011-12,M2_gbm_poisson,17.354496,10,12.000000,B,True,Forecast
22514,CHILDS GARDEN SPADE BLUE,2011-11,2011-12,M2_gbm_poisson,33.371606,23,10.000000,B,True,Forecast
22515,CHILDS GARDEN SPADE PINK,2011-11,2011-12,M2_gbm_poisson,27.204425,18,9.333333,B,True,Forecast
22516,CHILDS GARDEN RAKE BLUE,2011-11,2011-12,M2_gbm_poisson,20.001260,15,5.000000,B,True,Forecast
22517,CHILDS GARDEN RAKE PINK,2011-11,2011-12,M2_gbm_poisson,18.383425,13,6.666667,B,True,Forecast
22519,CHILDS GARDEN BRUSH PINK,2011-11,2011-12,M2_gbm_poisson,2.123744,0,0.000000,B,True,Forecast
22522,CHILDS GARDEN FORK BLUE,2011-11,2011-12,M2_gbm_poisson,37.767875,18,19.000000,B,True,Forecast
22523,CHILDS GARDEN FORK PINK,2011-11,2011-12,M2_gbm_poisson,45.640568,27,23.000000,B,True,Forecast
22526,WHEELBARROW FOR CHILDREN,2011-11,2011-12,M2_gbm_poisson,14.295888,7,7.666667,A,True,Forecast
22529,MAGIC DRAWING SLATE GO TO THE FAIR,2011-11,2011-12,M2_gbm_poisson,71.493163,160,148.000000,C,True,Forecast
22530,MAGIC DRAWING SLATE DOLLY GIRL,2011-11,2011-12,M2_gbm_poisson,265.602581,744,584.666667,A,True,Forecast
22531,MAGIC DRAWING SLATE CIRCUS PARADE,2011-11,2011-12,M2_gbm_poisson,186.078044,448,332.666667,B,True,Forecast
22532,MAGIC DRAWING SLATE LEAP FROG,2011-11,2011-12,M2_gbm_poisson,80.865116,69,150.666667,C,True,Forecast
22533,MAGIC DRAWING SLATE BAKE A CAKE,2011-11,2011-12,M2_gbm_poisson,78.850353,72,122.000000,B,True,Forecast
22534,MAGIC DRAWING SLATE SPACEBOY,2011-11,2011-12,M2_gbm_poisson,253.991531,507,559.333333,A,True,Forecast
22535,MAGIC DRAWING SLATE BUNNIES,2011-11,2011-12,M2_gbm_poisson,97.463253,181,247.000000,B,True,Forecast
22536,MAGIC DRAWING SLATE PURDEY,2011-11,2011-12,M2_gbm_poisson,129.970309,116,286.666667,B,True,Forecast
22537,MAGIC DRAWING SLATE DINOSAUR,2011-11,2011-12,M2_gbm_poisson,140.099180,338,266.000000,B,True,Forecast
22538,MINI JIGSAW GO TO THE FAIR,2011-11,2011-12,M2_gbm_poisson,23.023923,12,13.333333,C,True,Forecast
22539,MINI JIGSAW DOLLY GIRL,2011-11,2011-12,M2_gbm_poisson,113.123117,359,370.000000,B,True,Forecast
22540,MINI JIGSAW CIRCUS PARADE,2011-11,2011-12,M2_gbm_poisson,64.878155,128,82.333333,B,True,Forecast
22541,MINI JIGSAW LEAP FROG,2011-11,2011-12,M2_gbm_poisson,48.843086,31,30.666667,C,True,Forecast
22543,MINI JIGSAW BAKE A CAKE,2011-11,2011-12,M2_gbm_poisson,64.204163,10,109.666667,B,True,Forecast
22544,MINI JIGSAW SPACEBOY,2011-11,2011-12,M2_gbm_poisson,218.855275,484,420.000000,B,True,Forecast
22545,MINI JIGSAW BUNNIES,2011-11,2011-12,M2_gbm_poisson,64.301729,48,123.666667,B,True,Forecast
22546,MINI JIGSAW PURDEY,2011-11,2011-12,M2_gbm_poisson,113.390421,323,246.666667,B,True,Forecast
22547,MINI JIGSAW DINOSAUR,2011-11,2011-12,M2_gbm_poisson,50.338366,56,32.666667,C,True,Forecast
22548,HEADS AND TAILS SPORTING FUN,2011-11,2011-12,M2_gbm_poisson,119.780806,75,264.333333,B,True,Forecast
22549,PICTURE DOMINOES,2011-11,2011-12,M2_gbm_poisson,308.965361,757,459.000000,A,True,Forecast
22550,HOLIDAY FUN LUDO,2011-11,2011-12,M2_gbm_poisson,71.909138,80,110.666667,A,True,Forecast
22551,PLASTERS IN TIN SPACEBOY,2011-11,2011-12,M2_gbm_poisson,554.111572,1249,874.666667,A,True,Forecast
22553,PLASTERS IN TIN SKULLS,2011-11,2011-12,M2_gbm_poisson,278.306778,622,586.333333,A,True,Forecast
22554,PLASTERS IN TIN WOODLAND ANIMALS,2011-11,2011-12,M2_gbm_poisson,572.407517,1173,948.666667,A,True,Forecast
22555,PLASTERS IN TIN STRONGMAN,2011-11,2011-12,M2_gbm_poisson,295.786289,643,638.666667,A,True,Forecast
22556,PLASTERS IN TIN CIRCUS PARADE,2011-11,2011-12,M2_gbm_poisson,331.387075,735,645.333333,A,True,Forecast
22557,PLASTERS IN TIN VINTAGE PAISLEY,2011-11,2011-12,M2_gbm_poisson,274.202600,599,502.333333,A,True,Forecast
22558,CLOTHES PEGS RETROSPOT PACK 24,2011-11,2011-12,M2_gbm_poisson,323.535963,634,724.666667,A,True,Forecast
22559,SEASIDE FLYING DISC,2011-11,2011-12,M2_gbm_poisson,36.249678,28,15.666667,B,True,Forecast
22560,TRADITIONAL MODELLING CLAY,2011-11,2011-12,M2_gbm_poisson,591.788477,1307,972.666667,A,True,Forecast
22561,WOODEN SCHOOL COLOURING SET,2011-11,2011-12,M2_gbm_poisson,410.800291,847,703.666667,A,True,Forecast
22562,MONSTERS STENCIL CRAFT,2011-11,2011-12,M2_gbm_poisson,108.217686,223,206.333333,A,True,Forecast
22563,HAPPY STENCIL CRAFT,2011-11,2011-12,M2_gbm_poisson,169.446561,306,281.666667,A,True,Forecast
22564,ALPHABET STENCIL CRAFT,2011-11,2011-12,M2_gbm_poisson,272.296140,556,256.000000,B,True,Forecast
22565,FELTCRAFT HAIRBANDS PINK AND WHITE,2011-11,2011-12,M2_gbm_poisson,90.116021,179,104.000000,B,True,Forecast
22566,FELTCRAFT HAIRBAND PINK AND PURPLE,2011-11,2011-12,M2_gbm_poisson,96.312633,243,122.333333,B,True,Forecast
22567,20 DOLLY PEGS RETROSPOT,2011-11,2011-12,M2_gbm_poisson,84.000288,120,149.333333,A,True,Forecast
22568,FELTCRAFT CUSHION OWL,2011-11,2011-12,M2_gbm_poisson,276.904355,468,519.333333,A,True,Forecast
22569,FELTCRAFT CUSHION BUTTERFLY,2011-11,2011-12,M2_gbm_poisson,45.691557,0,264.333333,A,True,Forecast
22570,FELTCRAFT CUSHION RABBIT,2011-11,2011-12,M2_gbm_poisson,73.684219,41,320.333333,A,True,Forecast
22571,ROCKING HORSE RED CHRISTMAS,2011-11,2011-12,M2_gbm_poisson,304.868478,757,510.666667,A,True,Forecast
22572,ROCKING HORSE GREEN CHRISTMAS,2011-11,2011-12,M2_gbm_poisson,226.928986,486,344.000000,B,True,Forecast
22573,STAR WOODEN CHRISTMAS DECORATION,2011-11,2011-12,M2_gbm_poisson,294.820291,731,672.666667,B,True,Forecast
22574,HEART WOODEN CHRISTMAS DECORATION,2011-11,2011-12,M2_gbm_poisson,372.135295,918,490.333333,B,True,Forecast
22575,METAL MERRY CHRISTMAS WREATH,2011-11,2011-12,M2_gbm_poisson,76.896051,146,158.333333,A,True,Forecast
22576,SWALLOW WOODEN CHRISTMAS DECORATION,2011-11,2011-12,M2_gbm_poisson,242.392170,542,317.333333,B,True,Forecast
22577,WOODEN HEART CHRISTMAS SCANDINAVIAN,2011-11,2011-12,M2_gbm_poisson,1977.514272,5001,3109.666667,A,True,Forecast
22578,WOODEN STAR CHRISTMAS SCANDINAVIAN,2011-11,2011-12,M2_gbm_poisson,1924.634885,5365,2982.666667,B,True,Forecast
22579,WOODEN TREE CHRISTMAS SCANDINAVIAN,2011-11,2011-12,M2_gbm_poisson,822.031063,2503,1643.333333,B,True,Forecast
22580,ADVENT CALENDAR GINGHAM SACK,2011-11,2011-12,M2_gbm_poisson,263.376409,559,372.333333,A,True,Forecast
22581,WOOD STOCKING CHRISTMAS SCANDISPOT,2011-11,2011-12,M2_gbm_poisson,234.104847,521,342.000000,B,True,Forecast
22582,PACK OF 6 SWEETIE GIFT BOXES,2011-11,2011-12,M2_gbm_poisson,58.165577,37,119.000000,A,True,Forecast
22583,PACK OF 6 HANDBAG GIFT BOXES,2011-11,2011-12,M2_gbm_poisson,42.277980,29,30.333333,A,True,Forecast
22584,PACK OF 6 PANNETONE GIFT BOXES,2011-11,2011-12,M2_gbm_poisson,137.681061,270,271.333333,A,True,Forecast
22585,PACK OF 6 BIRDY GIFT TAGS,2011-11,2011-12,M2_gbm_poisson,387.443637,790,792.000000,A,True,Forecast
22586,FELTCRAFT HAIRBAND PINK AND BLUE,2011-11,2011-12,M2_gbm_poisson,73.955002,101,92.666667,B,True,Forecast
22587,FELTCRAFT HAIRBAND RED AND BLUE,2011-11,2011-12,M2_gbm_poisson,101.636180,248,152.333333,B,True,Forecast
22588,CARD HOLDER GINGHAM HEART,2011-11,2011-12,M2_gbm_poisson,77.845178,131,124.000000,A,True,Forecast
22589,CARDHOLDER GINGHAM STAR,2011-11,2011-12,M2_gbm_poisson,66.811487,126,90.666667,B,True,Forecast
22591,CARDHOLDER GINGHAM CHRISTMAS TREE,2011-11,2011-12,M2_gbm_poisson,88.642692,175,121.666667,B,True,Forecast
22592,CARDHOLDER HOLLY WREATH METAL,2011-11,2011-12,M2_gbm_poisson,120.683026,271,174.333333,A,True,Forecast
22593,CHRISTMAS GINGHAM STAR,2011-11,2011-12,M2_gbm_poisson,290.263993,694,513.666667,B,True,Forecast
22594,CHRISTMAS GINGHAM TREE,2011-11,2011-12,M2_gbm_poisson,360.635180,773,453.333333,B,True,Forecast
22595,GINGHAM HEART DECORATION,2011-11,2011-12,M2_gbm_poisson,565.534642,953,1429.333333,A,True,Forecast
22596,CHRISTMAS STAR WISH LIST CHALKBOARD,2011-11,2011-12,M2_gbm_poisson,356.860829,890,787.333333,B,True,Forecast
22597,MUSICAL ZINC HEART DECORATION,2011-11,2011-12,M2_gbm_poisson,622.540201,1275,748.666667,B,True,Forecast
22598,CHRISTMAS MUSICAL ZINC TREE,2011-11,2011-12,M2_gbm_poisson,155.198343,392,288.333333,C,True,Forecast
22599,CHRISTMAS MUSICAL ZINC STAR,2011-11,2011-12,M2_gbm_poisson,326.627358,836,562.333333,B,True,Forecast
22600,CHRISTMAS RETROSPOT STAR WOOD,2011-11,2011-12,M2_gbm_poisson,226.023763,455,379.666667,B,True,Forecast
22601,CHRISTMAS RETROSPOT ANGEL WOOD,2011-11,2011-12,M2_gbm_poisson,245.856934,455,621.000000,B,True,Forecast
22602,CHRISTMAS RETROSPOT HEART WOOD,2011-11,2011-12,M2_gbm_poisson,196.270820,399,370.666667,A,True,Forecast
22603,CHRISTMAS RETROSPOT TREE WOOD,2011-11,2011-12,M2_gbm_poisson,191.266568,426,320.333333,B,True,Forecast
22604,SET OF 4 NAPKIN CHARMS CUTLERY,2011-11,2011-12,M2_gbm_poisson,58.175511,91,60.666667,A,True,Forecast
22605,WOODEN CROQUET GARDEN SET,2011-11,2011-12,M2_gbm_poisson,49.262707,54,36.333333,A,True,Forecast
22606,WOODEN SKITTLES GARDEN SET,2011-11,2011-12,M2_gbm_poisson,9.609310,1,6.333333,A,True,Forecast
22607,WOODEN ROUNDERS GARDEN SET,2011-11,2011-12,M2_gbm_poisson,56.004736,67,37.333333,A,True,Forecast
22608,PENS ASSORTED FUNKY JEWELED,2011-11,2011-12,M2_gbm_poisson,256.342253,681,541.000000,C,True,Forecast
22609,PENS ASSORTED SPACEBALL,2011-11,2011-12,M2_gbm_poisson,469.079152,1228,752.333333,B,True,Forecast
22610,PENS ASSORTED FUNNY FACE,2011-11,2011-12,M2_gbm_poisson,877.839155,1658,1345.000000,A,True,Forecast
22611,VINTAGE UNION JACK SHOPPING BAG,2011-11,2011-12,M2_gbm_poisson,20.574512,5,19.333333,A,True,Forecast
22613,PACK OF 20 SPACEBOY NAPKINS,2011-11,2011-12,M2_gbm_poisson,59.318729,54,85.000000,B,True,Forecast
22614,PACK OF 12 SPACEBOY TISSUES,2011-11,2011-12,M2_gbm_poisson,177.961344,298,396.666667,B,True,Forecast
22615,PACK OF 12 CIRCUS PARADE TISSUES,2011-11,2011-12,M2_gbm_poisson,86.520363,80,195.666667,C,True,Forecast
22616,PACK OF 12 LONDON TISSUES,2011-11,2011-12,M2_gbm_poisson,1013.895663,2979,2044.000000,A,True,Forecast
22617,BAKING SET SPACEBOY DESIGN,2011-11,2011-12,M2_gbm_poisson,343.606357,679,337.000000,A,True,Forecast
22619,SET OF 6 SOLDIER SKITTLES,2011-11,2011-12,M2_gbm_poisson,195.460086,419,297.000000,A,True,Forecast
22620,4 TRADITIONAL SPINNING TOPS,2011-11,2011-12,M2_gbm_poisson,284.153123,674,468.333333,A,True,Forecast
22621,TRADITIONAL KNITTING NANCY,2011-11,2011-12,M2_gbm_poisson,690.049190,1425,907.666667,A,True,Forecast
22622,BOX OF VINTAGE ALPHABET BLOCKS,2011-11,2011-12,M2_gbm_poisson,89.121420,194,152.666667,A,True,Forecast
22623,BOX OF VINTAGE JIGSAW BLOCKS,2011-11,2011-12,M2_gbm_poisson,85.304429,126,137.333333,A,True,Forecast
22624,IVORY KITCHEN SCALES,2011-11,2011-12,M2_gbm_poisson,130.548006,154,197.000000,A,True,Forecast
22625,RED KITCHEN SCALES,2011-11,2011-12,M2_gbm_poisson,102.082461,147,162.333333,A,True,Forecast
22626,BLACK KITCHEN SCALES,2011-11,2011-12,M2_gbm_poisson,42.467796,26,36.000000,A,True,Forecast
22627,MINT KITCHEN SCALES,2011-11,2011-12,M2_gbm_poisson,72.615785,104,109.000000,A,True,Forecast
22628,PICNIC BOXES SET OF 3 RETROSPOT,2011-11,2011-12,M2_gbm_poisson,45.358758,51,46.333333,A,True,Forecast
22629,SPACEBOY LUNCH BOX,2011-11,2011-12,M2_gbm_poisson,663.492725,1460,1140.000000,A,True,Forecast
22630,DOLLY GIRL LUNCH BOX,2011-11,2011-12,M2_gbm_poisson,516.122331,884,929.000000,A,True,Forecast
22631,CIRCUS PARADE LUNCH BOX,2011-11,2011-12,M2_gbm_poisson,236.843118,410,385.666667,A,True,Forecast
22632,HAND WARMER RED RETROSPOT,2011-11,2011-12,M2_gbm_poisson,639.365506,1352,1035.000000,A,True,Forecast
22633,HAND WARMER UNION JACK,2011-11,2011-12,M2_gbm_poisson,688.690037,1129,1086.666667,A,True,Forecast
22634,CHILDS BREAKFAST SET SPACEBOY,2011-11,2011-12,M2_gbm_poisson,66.540614,107,69.000000,A,True,Forecast
22635,CHILDS BREAKFAST SET DOLLY GIRL,2011-11,2011-12,M2_gbm_poisson,56.754117,86,55.333333,A,True,Forecast
22636,CHILDS BREAKFAST SET CIRCUS PARADE,2011-11,2011-12,M2_gbm_poisson,57.807301,89,52.333333,A,True,Forecast
22637,PIGGY BANK RETROSPOT,2011-11,2011-12,M2_gbm_poisson,148.375235,124,470.666667,A,True,Forecast
22638,SET OF 4 NAPKIN CHARMS CROWNS,2011-11,2011-12,M2_gbm_poisson,32.825902,20,16.666667,C,True,Forecast
22639,SET OF 4 NAPKIN CHARMS HEARTS,2011-11,2011-12,M2_gbm_poisson,63.484267,85,81.666667,B,True,Forecast
22640,SET OF 4 NAPKIN CHARMS 3 KEYS,2011-11,2011-12,M2_gbm_poisson,27.311196,17,13.666667,C,True,Forecast
22641,SET OF 4 NAPKIN CHARMS INSTRUMENT,2011-11,2011-12,M2_gbm_poisson,21.121715,11,13.333333,C,True,Forecast
22642,SET OF 4 NAPKIN CHARMS STARS,2011-11,2011-12,M2_gbm_poisson,46.194959,37,40.666667,B,True,Forecast
22643,SET OF 4 NAPKIN CHARMS LEAVES,2011-11,2011-12,M2_gbm_poisson,31.774264,32,14.333333,C,True,Forecast
22644,CERAMIC CHERRY CAKE MONEY BANK,2011-11,2011-12,M2_gbm_poisson,99.210098,214,145.333333,A,True,Forecast
22645,CERAMIC HEART FAIRY CAKE MONEY BANK,2011-11,2011-12,M2_gbm_poisson,114.921169,257,193.333333,A,True,Forecast
22646,CERAMIC STRAWBERRY CAKE MONEY BANK,2011-11,2011-12,M2_gbm_poisson,261.075148,581,409.666667,A,True,Forecast
22647,CERAMIC LOVE HEART MONEY BANK,2011-11,2011-12,M2_gbm_poisson,23.884016,15,12.666667,C,True,Forecast
22649,STRAWBERRY FAIRY CAKE TEAPOT,2011-11,2011-12,M2_gbm_poisson,52.015955,55,45.333333,A,True,Forecast
22650,CERAMIC PIRATE CHEST MONEY BANK,2011-11,2011-12,M2_gbm_poisson,84.670168,153,102.000000,B,True,Forecast
22651,GENTLEMAN SHIRT REPAIR KIT,2011-11,2011-12,M2_gbm_poisson,90.289208,136,175.333333,B,True,Forecast
22652,TRAVEL SEWING KIT,2011-11,2011-12,M2_gbm_poisson,77.781843,40,419.666667,A,True,Forecast
22653,BUTTON BOX,2011-11,2011-12,M2_gbm_poisson,161.663649,325,257.333333,A,True,Forecast
22654,DELUXE SEWING KIT,2011-11,2011-12,M2_gbm_poisson,90.163971,177,120.333333,A,True,Forecast
22655,VINTAGE RED KITCHEN CABINET,2011-11,2011-12,M2_gbm_poisson,5.629861,1,2.333333,A,True,Forecast
22656,VINTAGE BLUE KITCHEN CABINET,2011-11,2011-12,M2_gbm_poisson,2.547010,0,0.333333,A,True,Forecast
22659,LUNCH BOX I LOVE LONDON,2011-11,2011-12,M2_gbm_poisson,401.938298,965,899.333333,A,True,Forecast
22660,DOORMAT I LOVE LONDON,2011-11,2011-12,M2_gbm_poisson,52.162306,66,69.000000,A,True,Forecast
22661,CHARLOTTE BAG DOLLY GIRL DESIGN,2011-11,2011-12,M2_gbm_poisson,296.209238,424,416.333333,A,True,Forecast
22662,LUNCH BAG DOLLY GIRL DESIGN,2011-11,2011-12,M2_gbm_poisson,340.803538,551,507.000000,A,True,Forecast
22663,JUMBO BAG DOLLY GIRL DESIGN,2011-11,2011-12,M2_gbm_poisson,199.519083,290,283.666667,A,True,Forecast
22664,TOY TIDY DOLLY GIRL DESIGN,2011-11,2011-12,M2_gbm_poisson,53.734260,65,46.333333,B,True,Forecast
22665,RECIPE BOX BLUE SKETCHBOOK DESIGN,2011-11,2011-12,M2_gbm_poisson,61.312008,57,105.666667,A,True,Forecast
22666,RECIPE BOX PANTRY YELLOW DESIGN,2011-11,2011-12,M2_gbm_poisson,748.034847,1219,1011.333333,A,True,Forecast
22667,RECIPE BOX RETROSPOT,2011-11,2011-12,M2_gbm_poisson,202.625570,328,296.333333,A,True,Forecast
22668,PINK BABY BUNTING,2011-11,2011-12,M2_gbm_poisson,87.364977,76,166.666667,A,True,Forecast
22669,RED BABY BUNTING,2011-11,2011-12,M2_gbm_poisson,66.445290,86,111.000000,A,True,Forecast
22670,FRENCH WC SIGN BLUE METAL,2011-11,2011-12,M2_gbm_poisson,101.458855,154,149.333333,A,True,Forecast
22671,FRENCH LAUNDRY SIGN BLUE METAL,2011-11,2011-12,M2_gbm_poisson,51.820547,39,43.000000,B,True,Forecast
22672,FRENCH BATHROOM SIGN BLUE METAL,2011-11,2011-12,M2_gbm_poisson,64.122315,80,70.000000,A,True,Forecast
22673,FRENCH GARDEN SIGN BLUE METAL,2011-11,2011-12,M2_gbm_poisson,42.607984,33,45.666667,B,True,Forecast
22674,FRENCH TOILET SIGN BLUE METAL,2011-11,2011-12,M2_gbm_poisson,61.349379,66,52.333333,B,True,Forecast
22675,FRENCH KITCHEN SIGN BLUE METAL,2011-11,2011-12,M2_gbm_poisson,55.106993,43,42.666667,B,True,Forecast
22676,FRENCH BLUE METAL DOOR SIGN 1,2011-11,2011-12,M2_gbm_poisson,72.003699,141,116.333333,B,True,Forecast
22677,FRENCH BLUE METAL DOOR SIGN 2,2011-11,2011-12,M2_gbm_poisson,64.812523,82,94.666667,B,True,Forecast
22678,FRENCH BLUE METAL DOOR SIGN 3,2011-11,2011-12,M2_gbm_poisson,58.350974,57,73.666667,B,True,Forecast
22679,FRENCH BLUE METAL DOOR SIGN 4,2011-11,2011-12,M2_gbm_poisson,54.327106,61,61.666667,B,True,Forecast
22680,FRENCH BLUE METAL DOOR SIGN 5,2011-11,2011-12,M2_gbm_poisson,63.331356,101,78.333333,B,True,Forecast
22681,FRENCH BLUE METAL DOOR SIGN 6,2011-11,2011-12,M2_gbm_poisson,60.168153,95,61.333333,B,True,Forecast
22682,FRENCH BLUE METAL DOOR SIGN 7,2011-11,2011-12,M2_gbm_poisson,55.446289,68,54.333333,B,True,Forecast
22683,FRENCH BLUE METAL DOOR SIGN 8,2011-11,2011-12,M2_gbm_poisson,51.734332,47,51.666667,B,True,Forecast
22684,FRENCH BLUE METAL DOOR SIGN 9,2011-11,2011-12,M2_gbm_poisson,49.212288,44,35.333333,B,True,Forecast
22685,FRENCH BLUE METAL DOOR SIGN 0,2011-11,2011-12,M2_gbm_poisson,45.830336,54,35.666667,B,True,Forecast
22686,FRENCH BLUE METAL DOOR SIGN No,2011-11,2011-12,M2_gbm_poisson,60.752134,52,97.666667,B,True,Forecast
22687,DOORMAT CHRISTMAS VILLAGE,2011-11,2011-12,M2_gbm_poisson,120.438490,22,178.666667,B,True,Forecast
22688,DOORMAT PEACE ON EARTH BLUE,2011-11,2011-12,M2_gbm_poisson,53.413386,12,217.333333,B,True,Forecast
22689,DOORMAT MERRY CHRISTMAS RED,2011-11,2011-12,M2_gbm_poisson,81.718150,72,185.666667,A,True,Forecast
22690,DOORMAT HOME SWEET HOME BLUE,2011-11,2011-12,M2_gbm_poisson,79.023528,74,140.000000,A,True,Forecast
22691,DOORMAT WELCOME SUNRISE,2011-11,2011-12,M2_gbm_poisson,38.199023,35,62.333333,A,True,Forecast
22692,DOORMAT WELCOME TO OUR HOME,2011-11,2011-12,M2_gbm_poisson,72.090876,76,186.333333,A,True,Forecast
22693,GROW A FLYTRAP OR SUNFLOWER IN TIN,2011-11,2011-12,M2_gbm_poisson,542.802869,1133,818.000000,A,True,Forecast
22694,WICKER STAR,2011-11,2011-12,M2_gbm_poisson,255.005659,594,358.333333,A,True,Forecast
22695,WICKER WREATH SMALL,2011-11,2011-12,M2_gbm_poisson,72.520127,104,129.333333,B,True,Forecast
22696,WICKER WREATH LARGE,2011-11,2011-12,M2_gbm_poisson,81.991297,140,145.000000,B,True,Forecast
22697,GREEN REGENCY TEACUP AND SAUCER,2011-11,2011-12,M2_gbm_poisson,350.305290,523,658.666667,A,True,Forecast
22698,PINK REGENCY TEACUP AND SAUCER,2011-11,2011-12,M2_gbm_poisson,310.080062,453,603.666667,A,True,Forecast
22699,ROSES REGENCY TEACUP AND SAUCER,2011-11,2011-12,M2_gbm_poisson,451.225475,614,832.000000,A,True,Forecast
22700,BLACK AND WHITE DOG BOWL,2011-11,2011-12,M2_gbm_poisson,3.859888,0,1.000000,B,True,Forecast
22701,PINK DOG BOWL,2011-11,2011-12,M2_gbm_poisson,43.289667,35,22.000000,B,True,Forecast
22702,BLACK AND WHITE CAT BOWL,2011-11,2011-12,M2_gbm_poisson,10.351331,6,6.333333,B,True,Forecast
22703,PINK CAT BOWL,2011-11,2011-12,M2_gbm_poisson,53.747585,58,42.000000,C,True,Forecast
22704,WRAP RED APPLES,2011-11,2011-12,M2_gbm_poisson,200.502745,350,441.666667,B,True,Forecast
22705,WRAP GREEN PEARS,2011-11,2011-12,M2_gbm_poisson,91.702011,100,166.666667,B,True,Forecast
22706,WRAP COWBOYS,2011-11,2011-12,M2_gbm_poisson,69.892652,25,125.000000,B,True,Forecast
22707,WRAP MONSTER FUN,2011-11,2011-12,M2_gbm_poisson,69.750611,200,125.000000,C,True,Forecast
22708,WRAP DOLLY GIRL,2011-11,2011-12,M2_gbm_poisson,114.485517,375,308.333333,B,True,Forecast
22709,WRAP WEDDING DAY,2011-11,2011-12,M2_gbm_poisson,28.791730,0,125.000000,C,True,Forecast
22710,WRAP I LOVE LONDON,2011-11,2011-12,M2_gbm_poisson,136.024417,275,500.000000,B,True,Forecast
22711,WRAP CIRCUS PARADE,2011-11,2011-12,M2_gbm_poisson,99.593249,150,241.666667,B,True,Forecast
22712,CARD DOLLY GIRL,2011-11,2011-12,M2_gbm_poisson,261.774818,399,439.333333,B,True,Forecast
22713,CARD I LOVE LONDON,2011-11,2011-12,M2_gbm_poisson,115.116249,133,322.333333,B,True,Forecast
22714,CARD BIRTHDAY COWBOY,2011-11,2011-12,M2_gbm_poisson,187.414384,659,372.000000,B,True,Forecast
22715,CARD WEDDING DAY,2011-11,2011-12,M2_gbm_poisson,48.376667,6,87.000000,C,True,Forecast
22716,CARD CIRCUS PARADE,2011-11,2011-12,M2_gbm_poisson,113.447856,110,244.666667,B,True,Forecast
22717,CARD DOG AND BALL,2011-11,2011-12,M2_gbm_poisson,66.104826,88,94.333333,C,True,Forecast
22718,CARD CAT AND TREE,2011-11,2011-12,M2_gbm_poisson,67.932003,109,140.333333,C,True,Forecast
22720,SET OF 3 CAKE TINS PANTRY DESIGN,2011-11,2011-12,M2_gbm_poisson,386.664063,574,806.666667,A,True,Forecast
22721,SET OF 3 CAKE TINS SKETCHBOOK,2011-11,2011-12,M2_gbm_poisson,50.708668,51,44.000000,B,True,Forecast
22722,SET OF 6 SPICE TINS PANTRY DESIGN,2011-11,2011-12,M2_gbm_poisson,334.055645,529,821.333333,A,True,Forecast
22723,SET OF 6 HERB TINS SKETCHBOOK,2011-11,2011-12,M2_gbm_poisson,46.765405,44,27.000000,B,True,Forecast
22725,ALARM CLOCK BAKELIKE CHOCOLATE,2011-11,2011-12,M2_gbm_poisson,154.790691,259,273.000000,A,True,Forecast
22726,ALARM CLOCK BAKELIKE GREEN,2011-11,2011-12,M2_gbm_poisson,554.283170,1002,915.000000,A,True,Forecast
22727,ALARM CLOCK BAKELIKE RED,2011-11,2011-12,M2_gbm_poisson,528.034211,958,936.333333,A,True,Forecast
22728,ALARM CLOCK BAKELIKE PINK,2011-11,2011-12,M2_gbm_poisson,407.755791,545,696.666667,A,True,Forecast
22729,ALARM CLOCK BAKELIKE ORANGE,2011-11,2011-12,M2_gbm_poisson,52.121232,24,146.333333,A,True,Forecast
22730,ALARM CLOCK BAKELIKE IVORY,2011-11,2011-12,M2_gbm_poisson,232.662608,438,418.000000,A,True,Forecast
22731,3D CHRISTMAS STAMPS STICKERS,2011-11,2011-12,M2_gbm_poisson,117.504483,217,302.000000,B,True,Forecast
22732,3D VINTAGE CHRISTMAS STICKERS,2011-11,2011-12,M2_gbm_poisson,255.891981,519,432.333333,B,True,Forecast
22733,3D TRADITIONAL CHRISTMAS STICKERS,2011-11,2011-12,M2_gbm_poisson,229.184832,478,423.000000,B,True,Forecast
22734,SET OF 6 RIBBONS VINTAGE CHRISTMAS,2011-11,2011-12,M2_gbm_poisson,648.766391,1214,915.000000,A,True,Forecast
22735,RIBBON REEL SOCKS AND MITTENS,2011-11,2011-12,M2_gbm_poisson,105.135512,200,166.333333,B,True,Forecast
22736,RIBBON REEL MAKING SNOWMEN,2011-11,2011-12,M2_gbm_poisson,173.530355,353,276.000000,B,True,Forecast
22737,RIBBON REEL CHRISTMAS PRESENT,2011-11,2011-12,M2_gbm_poisson,194.009732,434,347.333333,A,True,Forecast
22738,RIBBON REEL SNOWY VILLAGE,2011-11,2011-12,M2_gbm_poisson,233.525441,420,533.000000,A,True,Forecast
22739,RIBBON REEL CHRISTMAS SOCK BAUBLE,2011-11,2011-12,M2_gbm_poisson,238.660868,449,399.666667,A,True,Forecast
22740,POLKADOT PEN,2011-11,2011-12,M2_gbm_poisson,24.558898,0,29.666667,A,True,Forecast
22741,FUNKY DIVA PEN,2011-11,2011-12,M2_gbm_poisson,406.435057,692,873.666667,A,True,Forecast
22742,MAKE YOUR OWN PLAYTIME CARD KIT,2011-11,2011-12,M2_gbm_poisson,47.677155,38,38.333333,B,True,Forecast
22743,MAKE YOUR OWN FLOWERPOWER CARD KIT,2011-11,2011-12,M2_gbm_poisson,54.173720,57,59.333333,A,True,Forecast
22744,MAKE YOUR OWN MONSOON CARD KIT,2011-11,2011-12,M2_gbm_poisson,57.870784,78,55.333333,A,True,Forecast
22745,POPPY'S PLAYHOUSE BEDROOM,2011-11,2011-12,M2_gbm_poisson,124.136577,247,194.333333,A,True,Forecast
22746,POPPY'S PLAYHOUSE LIVINGROOM,2011-11,2011-12,M2_gbm_poisson,82.804221,147,127.333333,A,True,Forecast
22747,POPPY'S PLAYHOUSE BATHROOM,2011-11,2011-12,M2_gbm_poisson,65.361620,73,79.000000,A,True,Forecast
22748,POPPY'S PLAYHOUSE KITCHEN,2011-11,2011-12,M2_gbm_poisson,141.713738,282,213.666667,A,True,Forecast
22749,FELTCRAFT PRINCESS CHARLOTTE DOLL,2011-11,2011-12,M2_gbm_poisson,196.364460,361,327.000000,A,True,Forecast
22750,FELTCRAFT PRINCESS LOLA DOLL,2011-11,2011-12,M2_gbm_poisson,175.921045,291,279.666667,A,True,Forecast
22751,FELTCRAFT PRINCESS OLIVIA DOLL,2011-11,2011-12,M2_gbm_poisson,110.479630,161,263.000000,A,True,Forecast
22752,SET 7 BABUSHKA NESTING BOXES,2011-11,2011-12,M2_gbm_poisson,99.332388,253,158.666667,A,True,Forecast
22753,SMALL YELLOW BABUSHKA NOTEBOOK,2011-11,2011-12,M2_gbm_poisson,95.146922,181,79.000000,B,True,Forecast
22754,SMALL RED BABUSHKA NOTEBOOK,2011-11,2011-12,M2_gbm_poisson,102.562748,220,129.000000,B,True,Forecast
22755,SMALL PURPLE BABUSHKA NOTEBOOK,2011-11,2011-12,M2_gbm_poisson,94.870859,203,97.666667,B,True,Forecast
22756,LARGE YELLOW BABUSHKA NOTEBOOK,2011-11,2011-12,M2_gbm_poisson,53.046891,71,32.666667,B,True,Forecast
22757,LARGE RED BABUSHKA NOTEBOOK,2011-11,2011-12,M2_gbm_poisson,55.908505,87,53.000000,B,True,Forecast
22758,LARGE PURPLE BABUSHKA NOTEBOOK,2011-11,2011-12,M2_gbm_poisson,65.672628,111,62.666667,B,True,Forecast
22759,SET OF 3 NOTEBOOKS IN PARCEL,2011-11,2011-12,M2_gbm_poisson,486.760338,911,926.000000,A,True,Forecast
22760,"TRAY, BREAKFAST IN BED",2011-11,2011-12,M2_gbm_poisson,7.286232,0,18.000000,B,True,Forecast
22761,CHEST 7 DRAWER MA CAMPAGNE,2011-11,2011-12,M2_gbm_poisson,6.524696,3,3.333333,C,True,Forecast
22762,CUPBOARD 3 DRAWER MA CAMPAGNE,2011-11,2011-12,M2_gbm_poisson,19.282523,13,11.666667,B,True,Forecast
22763,KEY CABINET MA CAMPAGNE,2011-11,2011-12,M2_gbm_poisson,32.496997,22,18.666667,A,True,Forecast
22766,PHOTO FRAME CORNICE,2011-11,2011-12,M2_gbm_poisson,195.914624,264,412.333333,A,True,Forecast
22767,TRIPLE PHOTO FRAME CORNICE,2011-11,2011-12,M2_gbm_poisson,61.203901,75,106.333333,A,True,Forecast
22768,FAMILY PHOTO FRAME CORNICE,2011-11,2011-12,M2_gbm_poisson,71.932552,94,126.000000,A,True,Forecast
22770,MIRROR CORNICE,2011-11,2011-12,M2_gbm_poisson,14.584317,7,9.666667,B,True,Forecast
22771,CLEAR DRAWER KNOB ACRYLIC EDWARDIAN,2011-11,2011-12,M2_gbm_poisson,297.557299,585,541.333333,A,True,Forecast
22772,PINK DRAWER KNOB ACRYLIC EDWARDIAN,2011-11,2011-12,M2_gbm_poisson,135.048178,248,244.333333,A,True,Forecast
22773,GREEN DRAWER KNOB ACRYLIC EDWARDIAN,2011-11,2011-12,M2_gbm_poisson,75.667583,116,144.333333,B,True,Forecast
22774,RED DRAWER KNOB ACRYLIC EDWARDIAN,2011-11,2011-12,M2_gbm_poisson,98.473719,189,173.666667,B,True,Forecast
22775,PURPLE DRAWERKNOB ACRYLIC EDWARDIAN,2011-11,2011-12,M2_gbm_poisson,171.901272,375,284.333333,B,True,Forecast
22776,SWEETHEART CAKESTAND 3 TIER,2011-11,2011-12,M2_gbm_poisson,70.399728,84,88.333333,A,True,Forecast
22777,GLASS CLOCHE LARGE,2011-11,2011-12,M2_gbm_poisson,2.104160,0,0.000000,B,True,Forecast
22778,GLASS CLOCHE SMALL,2011-11,2011-12,M2_gbm_poisson,56.306810,83,63.666667,B,True,Forecast
22779,WOODEN OWLS LIGHT GARLAND,2011-11,2011-12,M2_gbm_poisson,66.974988,99,108.333333,A,True,Forecast
22780,LIGHT GARLAND BUTTERFILES PINK,2011-11,2011-12,M2_gbm_poisson,61.418125,84,80.000000,A,True,Forecast
22781,GUMBALL MAGAZINE RACK,2011-11,2011-12,M2_gbm_poisson,52.556386,62,53.000000,A,True,Forecast
22782,SET 3 WICKER STORAGE BASKETS,2011-11,2011-12,M2_gbm_poisson,11.159222,8,5.333333,B,True,Forecast
22783,SET 3 WICKER OVAL BASKETS W LIDS,2011-11,2011-12,M2_gbm_poisson,2.096131,0,0.000000,B,True,Forecast
22784,LANTERN CREAM GAZEBO,2011-11,2011-12,M2_gbm_poisson,82.340678,130,96.333333,A,True,Forecast
22785,SQUARECUSHION COVER PINK UNION FLAG,2011-11,2011-12,M2_gbm_poisson,13.870127,8,7.333333,B,True,Forecast
22786,CUSHION COVER PINK UNION JACK,2011-11,2011-12,M2_gbm_poisson,10.178609,7,7.333333,B,True,Forecast
22788,BROCANTE COAT RACK,2011-11,2011-12,M2_gbm_poisson,2.045191,0,0.000000,A,True,Forecast
22789,T-LIGHT HOLDER SWEETHEART HANGING,2011-11,2011-12,M2_gbm_poisson,28.667643,12,34.000000,B,True,Forecast
22791,T-LIGHT GLASS FLUTED ANTIQUE,2011-11,2011-12,M2_gbm_poisson,582.772441,1325,942.666667,A,True,Forecast
22792,FLUTED ANTIQUE CANDLE HOLDER,2011-11,2011-12,M2_gbm_poisson,335.408423,819,442.666667,B,True,Forecast
22794,SWEETHEART WIRE MAGAZINE RACK,2011-11,2011-12,M2_gbm_poisson,30.883900,18,18.333333,B,True,Forecast
22795,SWEETHEART RECIPE BOOK STAND,2011-11,2011-12,M2_gbm_poisson,85.573084,155,141.000000,A,True,Forecast
22796,PHOTO FRAME 3 CLASSIC HANGING,2011-11,2011-12,M2_gbm_poisson,52.896471,67,52.666667,A,True,Forecast
22797,CHEST OF DRAWERS GINGHAM HEART,2011-11,2011-12,M2_gbm_poisson,23.458768,16,11.333333,B,True,Forecast
22798,ANTIQUE GLASS DRESSING TABLE POT,2011-11,2011-12,M2_gbm_poisson,107.040533,156,188.666667,A,True,Forecast
22799,SWEETHEART WIRE FRUIT BOWL,2011-11,2011-12,M2_gbm_poisson,18.749728,12,9.666667,B,True,Forecast
22800,ANTIQUE TALL SWIRLGLASS TRINKET POT,2011-11,2011-12,M2_gbm_poisson,67.562684,89,70.333333,B,True,Forecast
22801,ANTIQUE GLASS PEDESTAL BOWL,2011-11,2011-12,M2_gbm_poisson,77.851563,137,107.000000,B,True,Forecast
22802,FAUX FUR CHOCOLATE THROW,2011-11,2011-12,M2_gbm_poisson,12.820253,9,5.666667,B,True,Forecast
22803,IVORY EMBROIDERED QUILT,2011-11,2011-12,M2_gbm_poisson,3.582739,1,0.666667,B,True,Forecast
22804,CANDLEHOLDER PINK HANGING HEART,2011-11,2011-12,M2_gbm_poisson,350.659408,787,358.333333,A,True,Forecast
22805,BLUE DRAWER KNOB ACRYLIC EDWARDIAN,2011-11,2011-12,M2_gbm_poisson,95.939889,147,159.333333,B,True,Forecast
22806,SET OF 6 T-LIGHTS WEDDING CAKE,2011-11,2011-12,M2_gbm_poisson,27.870678,19,19.000000,C,True,Forecast
22807,SET OF 6 T-LIGHTS TOADSTOOLS,2011-11,2011-12,M2_gbm_poisson,61.243376,78,51.000000,B,True,Forecast
22808,SET OF 6 T-LIGHTS EASTER CHICKS,2011-11,2011-12,M2_gbm_poisson,5.224297,4,1.666667,B,True,Forecast
22809,SET OF 6 T-LIGHTS SANTA,2011-11,2011-12,M2_gbm_poisson,229.659488,468,308.666667,A,True,Forecast
22810,SET OF 6 T-LIGHTS SNOWMEN,2011-11,2011-12,M2_gbm_poisson,172.685195,360,217.666667,A,True,Forecast
22811,SET OF 6 T-LIGHTS CACTI,2011-11,2011-12,M2_gbm_poisson,84.437175,195,152.333333,C,True,Forecast
22812,PACK 3 BOXES CHRISTMAS PANNETONE,2011-11,2011-12,M2_gbm_poisson,121.610813,136,435.666667,A,True,Forecast
22813,PACK 3 BOXES BIRD PANNETONE,2011-11,2011-12,M2_gbm_poisson,142.750120,244,343.000000,A,True,Forecast
22814,CARD PARTY GAMES,2011-11,2011-12,M2_gbm_poisson,95.042453,190,164.666667,C,True,Forecast
22815,CARD PSYCHEDELIC APPLES,2011-11,2011-12,M2_gbm_poisson,144.083944,290,282.000000,C,True,Forecast
22816,CARD MOTORBIKE SANTA,2011-11,2011-12,M2_gbm_poisson,626.005755,1482,987.000000,B,True,Forecast
22817,CARD SUKI BIRTHDAY,2011-11,2011-12,M2_gbm_poisson,157.221350,380,227.333333,C,True,Forecast
22818,CARD CHRISTMAS VILLAGE,2011-11,2011-12,M2_gbm_poisson,626.005755,1376,947.666667,B,True,Forecast
22819,"BIRTHDAY CARD, RETRO SPOT",2011-11,2011-12,M2_gbm_poisson,148.139579,337,294.333333,C,True,Forecast
22820,GIFT BAG BIRTHDAY,2011-11,2011-12,M2_gbm_poisson,39.640430,16,38.000000,C,True,Forecast
22821,GIFT BAG PSYCHEDELIC APPLES,2011-11,2011-12,M2_gbm_poisson,65.045420,106,91.000000,C,True,Forecast
22822,CREAM WALL PLANTER HEART SHAPED,2011-11,2011-12,M2_gbm_poisson,23.160331,11,9.333333,B,True,Forecast
22823,CHEST NATURAL WOOD 20 DRAWERS,2011-11,2011-12,M2_gbm_poisson,5.335741,4,2.333333,B,True,Forecast
22824,3 TIER SWEETHEART GARDEN SHELF,2011-11,2011-12,M2_gbm_poisson,5.639740,1,2.333333,B,True,Forecast
22825,DECORATIVE PLANT POT WITH FRIEZE,2011-11,2011-12,M2_gbm_poisson,11.552789,2,4.333333,C,True,Forecast
22826,LOVE SEAT ANTIQUE WHITE METAL,2011-11,2011-12,M2_gbm_poisson,19.129253,16,10.666667,B,True,Forecast
22827,RUSTIC  SEVENTEEN DRAWER SIDEBOARD,2011-11,2011-12,M2_gbm_poisson,5.816505,2,3.333333,A,True,Forecast
22828,REGENCY MIRROR WITH SHUTTERS,2011-11,2011-12,M2_gbm_poisson,3.644177,2,1.000000,B,True,Forecast
22829,SWEETHEART WIRE WALL TIDY,2011-11,2011-12,M2_gbm_poisson,12.228805,1,8.333333,B,True,Forecast
22831,WHITE BROCANTE SOAP DISH,2011-11,2011-12,M2_gbm_poisson,41.616832,29,34.000000,B,True,Forecast
22832,BROCANTE SHELF WITH HOOKS,2011-11,2011-12,M2_gbm_poisson,25.975976,21,11.333333,B,True,Forecast
22834,HAND WARMER BABUSHKA DESIGN,2011-11,2011-12,M2_gbm_poisson,106.007189,252,177.000000,A,True,Forecast
22835,HOT WATER BOTTLE I AM SO POORLY,2011-11,2011-12,M2_gbm_poisson,544.007987,996,599.666667,A,True,Forecast
22837,HOT WATER BOTTLE BABUSHKA,2011-11,2011-12,M2_gbm_poisson,4.896730,0,3.000000,A,True,Forecast
22838,3 TIER CAKE TIN RED AND CREAM,2011-11,2011-12,M2_gbm_poisson,48.558032,95,64.666667,A,True,Forecast
22839,3 TIER CAKE TIN GREEN AND CREAM,2011-11,2011-12,M2_gbm_poisson,37.651939,40,43.666667,A,True,Forecast
22840,ROUND CAKE TIN VINTAGE RED,2011-11,2011-12,M2_gbm_poisson,65.179713,76,77.333333,A,True,Forecast
22841,ROUND CAKE TIN VINTAGE GREEN,2011-11,2011-12,M2_gbm_poisson,39.268562,38,47.333333,A,True,Forecast
22842,BISCUIT TIN VINTAGE RED,2011-11,2011-12,M2_gbm_poisson,43.518177,42,47.333333,A,True,Forecast
22843,BISCUIT TIN VINTAGE GREEN,2011-11,2011-12,M2_gbm_poisson,32.144271,17,30.333333,B,True,Forecast
22844,VINTAGE CREAM DOG FOOD CONTAINER,2011-11,2011-12,M2_gbm_poisson,66.911456,98,69.666667,A,True,Forecast
22845,VINTAGE CREAM CAT FOOD CONTAINER,2011-11,2011-12,M2_gbm_poisson,56.101816,64,53.333333,A,True,Forecast
22846,BREAD BIN DINER STYLE RED,2011-11,2011-12,M2_gbm_poisson,51.545529,69,66.000000,A,True,Forecast
22847,BREAD BIN DINER STYLE IVORY,2011-11,2011-12,M2_gbm_poisson,65.586476,91,108.333333,A,True,Forecast
22848,BREAD BIN DINER STYLE PINK,2011-11,2011-12,M2_gbm_poisson,8.542317,0,13.666667,A,True,Forecast
22849,BREAD BIN DINER STYLE MINT,2011-11,2011-12,M2_gbm_poisson,3.059523,0,0.333333,A,True,Forecast
22851,SET 20 NAPKINS FAIRY CAKES DESIGN,2011-11,2011-12,M2_gbm_poisson,121.310255,214,176.000000,B,True,Forecast
22852,DOG BOWL VINTAGE CREAM,2011-11,2011-12,M2_gbm_poisson,45.634011,33,33.666667,B,True,Forecast
22853,CAT BOWL VINTAGE CREAM,2011-11,2011-12,M2_gbm_poisson,46.182459,44,35.000000,B,True,Forecast
22854,CREAM SWEETHEART EGG HOLDER,2011-11,2011-12,M2_gbm_poisson,3.430904,0,0.666667,A,True,Forecast
22855,FINE WICKER HEART,2011-11,2011-12,M2_gbm_poisson,3.231829,0,0.000000,A,True,Forecast
22856,ASSORTED EASTER DECORATIONS  BELLS,2011-11,2011-12,M2_gbm_poisson,29.319613,26,16.000000,B,True,Forecast
22857,ASSORTED EASTER GIFT TAGS,2011-11,2011-12,M2_gbm_poisson,8.595807,0,4.000000,B,True,Forecast
22858,EASTER TIN KEEPSAKE,2011-11,2011-12,M2_gbm_poisson,4.989641,0,1.000000,B,True,Forecast
22859,EASTER TIN BUNNY BOUQUET,2011-11,2011-12,M2_gbm_poisson,40.063309,31,52.333333,B,True,Forecast
22860,EASTER TIN CHICKS PINK DAISY,2011-11,2011-12,M2_gbm_poisson,9.579525,6,3.000000,B,True,Forecast
22863,SOAP DISH BROCANTE,2011-11,2011-12,M2_gbm_poisson,47.512901,43,24.333333,B,True,Forecast
22865,HAND WARMER OWL DESIGN,2011-11,2011-12,M2_gbm_poisson,923.383134,2523,2092.000000,A,True,Forecast
22866,HAND WARMER SCOTTY DOG DESIGN,2011-11,2011-12,M2_gbm_poisson,838.067287,2360,1647.000000,A,True,Forecast
22867,HAND WARMER BIRD DESIGN,2011-11,2011-12,M2_gbm_poisson,808.506899,1655,1326.333333,A,True,Forecast
22868,NUMBER TILE COTTAGE GARDEN 0,2011-11,2011-12,M2_gbm_poisson,6.911924,3,2.000000,C,True,Forecast
22869,NUMBER TILE COTTAGE GARDEN 1,2011-11,2011-12,M2_gbm_poisson,7.285876,3,3.333333,C,True,Forecast
22870,NUMBER TILE COTTAGE GARDEN 2,2011-11,2011-12,M2_gbm_poisson,8.632645,3,3.333333,C,True,Forecast
22871,NUMBER TILE COTTAGE GARDEN 3,2011-11,2011-12,M2_gbm_poisson,5.256151,1,1.000000,C,True,Forecast
22872,NUMBER TILE COTTAGE GARDEN 4,2011-11,2011-12,M2_gbm_poisson,4.716900,1,1.000000,C,True,Forecast
22873,NUMBER TILE COTTAGE GARDEN 5,2011-11,2011-12,M2_gbm_poisson,3.996024,1,0.666667,C,True,Forecast
22874,NUMBER TILE COTTAGE GARDEN 6,2011-11,2011-12,M2_gbm_poisson,5.497853,1,1.333333,C,True,Forecast
22875,NUMBER TILE COTTAGE GARDEN 7,2011-11,2011-12,M2_gbm_poisson,2.851032,0,0.333333,C,True,Forecast
22876,NUMBER TILE COTTAGE GARDEN 8,2011-11,2011-12,M2_gbm_poisson,5.550114,0,0.666667,C,True,Forecast
22877,NUMBER TILE COTTAGE GARDEN 9,2011-11,2011-12,M2_gbm_poisson,3.859888,0,1.000000,C,True,Forecast
22878,NUMBER TILE COTTAGE GARDEN No,2011-11,2011-12,M2_gbm_poisson,4.969783,2,1.666667,C,True,Forecast
22879,NUMBER TILE VINTAGE FONT 0,2011-11,2011-12,M2_gbm_poisson,3.932092,0,1.666667,C,True,Forecast
22880,NUMBER TILE VINTAGE FONT 1,2011-11,2011-12,M2_gbm_poisson,9.512180,2,3.666667,C,True,Forecast
22881,NUMBER TILE VINTAGE FONT 2,2011-11,2011-12,M2_gbm_poisson,10.545002,2,4.000000,C,True,Forecast
22882,NUMBER TILE VINTAGE FONT 3,2011-11,2011-12,M2_gbm_poisson,8.810921,3,2.333333,C,True,Forecast
22883,NUMBER TILE VINTAGE FONT 4,2011-11,2011-12,M2_gbm_poisson,7.072212,2,2.333333,C,True,Forecast
22884,NUMBER TILE VINTAGE FONT 5,2011-11,2011-12,M2_gbm_poisson,9.676296,5,3.000000,C,True,Forecast
22885,NUMBER TILE VINTAGE FONT 6,2011-11,2011-12,M2_gbm_poisson,6.947015,3,2.000000,C,True,Forecast
22886,NUMBER TILE VINTAGE FONT 7,2011-11,2011-12,M2_gbm_poisson,6.264205,1,2.000000,C,True,Forecast
22887,NUMBER TILE VINTAGE FONT 8,2011-11,2011-12,M2_gbm_poisson,4.412604,0,1.666667,C,True,Forecast
22888,NUMBER TILE VINTAGE FONT 9,2011-11,2011-12,M2_gbm_poisson,6.949809,2,2.000000,C,True,Forecast
22889,NUMBER TILE VINTAGE FONT No,2011-11,2011-12,M2_gbm_poisson,11.766107,4,4.000000,C,True,Forecast
22890,NOVELTY BISCUITS CAKE STAND 3 TIER,2011-11,2011-12,M2_gbm_poisson,47.274352,60,35.666667,A,True,Forecast
22891,TEA FOR ONE POLKADOT,2011-11,2011-12,M2_gbm_poisson,44.702710,50,37.000000,B,True,Forecast
22892,SET OF SALT AND PEPPER TOADSTOOLS,2011-11,2011-12,M2_gbm_poisson,91.105516,78,178.666667,B,True,Forecast
22893,MINI CAKE STAND T-LIGHT HOLDER,2011-11,2011-12,M2_gbm_poisson,61.188066,62,135.666667,C,True,Forecast
22894,TABLECLOTH RED APPLES DESIGN,2011-11,2011-12,M2_gbm_poisson,19.364630,11,13.000000,A,True,Forecast
22895,SET OF 2 TEA TOWELS APPLE AND PEARS,2011-11,2011-12,M2_gbm_poisson,106.991577,163,165.333333,A,True,Forecast
22896,PEG BAG APPLES DESIGN,2011-11,2011-12,M2_gbm_poisson,65.700926,106,88.666667,A,True,Forecast
22897,OVEN MITT APPLES DESIGN,2011-11,2011-12,M2_gbm_poisson,94.555764,187,146.333333,B,True,Forecast
22898,CHILDRENS APRON APPLES DESIGN,2011-11,2011-12,M2_gbm_poisson,190.721356,422,255.666667,A,True,Forecast
22899,CHILDREN'S APRON DOLLY GIRL,2011-11,2011-12,M2_gbm_poisson,161.902115,335,236.333333,A,True,Forecast
22900,SET 2 TEA TOWELS I LOVE LONDON,2011-11,2011-12,M2_gbm_poisson,223.368296,407,353.666667,A,True,Forecast
22902,TOTE BAG I LOVE LONDON,2011-11,2011-12,M2_gbm_poisson,69.367478,116,124.333333,B,True,Forecast
22903,CALENDAR FAMILY FAVOURITES,2011-11,2011-12,M2_gbm_poisson,44.973128,50,24.000000,B,True,Forecast
22904,CALENDAR PAPER CUT DESIGN,2011-11,2011-12,M2_gbm_poisson,102.178826,125,183.666667,A,True,Forecast
22905,CALENDAR IN SEASON DESIGN,2011-11,2011-12,M2_gbm_poisson,82.854161,151,95.000000,B,True,Forecast
22906,12 MESSAGE CARDS WITH ENVELOPES,2011-11,2011-12,M2_gbm_poisson,98.132488,235,161.333333,A,True,Forecast
22907,PACK OF 20 NAPKINS PANTRY DESIGN,2011-11,2011-12,M2_gbm_poisson,290.001964,288,467.000000,A,True,Forecast
22908,PACK OF 20 NAPKINS RED APPLES,2011-11,2011-12,M2_gbm_poisson,154.287664,148,215.000000,B,True,Forecast
22909,SET OF 20 VINTAGE CHRISTMAS NAPKINS,2011-11,2011-12,M2_gbm_poisson,919.936388,2395,2070.333333,A,True,Forecast
22910,PAPER CHAIN KIT VINTAGE CHRISTMAS,2011-11,2011-12,M2_gbm_poisson,1954.887779,3822,2384.666667,A,True,Forecast
22911,PAPER CHAIN KIT LONDON,2011-11,2011-12,M2_gbm_poisson,63.056488,112,52.333333,B,True,Forecast
22912,YELLOW COAT RACK PARIS FASHION,2011-11,2011-12,M2_gbm_poisson,21.419950,13,13.333333,B,True,Forecast
22913,RED COAT RACK PARIS FASHION,2011-11,2011-12,M2_gbm_poisson,18.784331,8,9.000000,B,True,Forecast
22914,BLUE COAT RACK PARIS FASHION,2011-11,2011-12,M2_gbm_poisson,23.436801,11,13.000000,B,True,Forecast
22915,ASSORTED BOTTLE TOP  MAGNETS,2011-11,2011-12,M2_gbm_poisson,115.015902,285,190.666667,C,True,Forecast
22916,HERB MARKER THYME,2011-11,2011-12,M2_gbm_poisson,58.659018,75,66.666667,C,True,Forecast
22917,HERB MARKER ROSEMARY,2011-11,2011-12,M2_gbm_poisson,62.326052,90,71.000000,C,True,Forecast
22918,HERB MARKER PARSLEY,2011-11,2011-12,M2_gbm_poisson,59.596369,89,68.333333,C,True,Forecast
22919,HERB MARKER MINT,2011-11,2011-12,M2_gbm_poisson,56.039244,72,61.000000,C,True,Forecast
22920,HERB MARKER BASIL,2011-11,2011-12,M2_gbm_poisson,76.302065,81,59.333333,C,True,Forecast
22921,HERB MARKER CHIVES,2011-11,2011-12,M2_gbm_poisson,60.168499,72,72.333333,C,True,Forecast
22922,FRIDGE MAGNETS US DINER ASSORTED,2011-11,2011-12,M2_gbm_poisson,66.638502,88,115.000000,B,True,Forecast
22923,FRIDGE MAGNETS LES ENFANTS ASSORTED,2011-11,2011-12,M2_gbm_poisson,61.615507,87,83.000000,C,True,Forecast
22924,FRIDGE MAGNETS LA VIE EN ROSE,2011-11,2011-12,M2_gbm_poisson,65.413868,90,114.000000,C,True,Forecast
22925,BLUE GIANT GARDEN THERMOMETER,2011-11,2011-12,M2_gbm_poisson,12.183760,0,22.333333,B,True,Forecast
22927,GREEN GIANT GARDEN THERMOMETER,2011-11,2011-12,M2_gbm_poisson,6.530087,0,8.666667,B,True,Forecast
22928,YELLOW GIANT GARDEN THERMOMETER,2011-11,2011-12,M2_gbm_poisson,47.926823,53,34.333333,C,True,Forecast
22929,SCHOOL DESK AND CHAIR,2011-11,2011-12,M2_gbm_poisson,3.481676,0,2.000000,C,True,Forecast
22930,BAKING MOULD HEART MILK CHOCOLATE,2011-11,2011-12,M2_gbm_poisson,59.071199,92,66.000000,B,True,Forecast
22931,BAKING MOULD HEART WHITE CHOCOLATE,2011-11,2011-12,M2_gbm_poisson,34.112648,18,18.000000,B,True,Forecast
22932,BAKING MOULD TOFFEE CUP CHOCOLATE,2011-11,2011-12,M2_gbm_poisson,20.934557,7,13.000000,B,True,Forecast
22933,BAKING MOULD EASTER EGG MILK CHOC,2011-11,2011-12,M2_gbm_poisson,5.018863,1,1.333333,B,True,Forecast
22934,BAKING MOULD EASTER EGG WHITE CHOC,2011-11,2011-12,M2_gbm_poisson,7.769519,1,3.000000,B,True,Forecast
22935,BAKING MOULD ROSE MILK CHOCOLATE,2011-11,2011-12,M2_gbm_poisson,27.052574,15,9.333333,B,True,Forecast
22936,BAKING MOULD ROSE WHITE CHOCOLATE,2011-11,2011-12,M2_gbm_poisson,15.995607,7,8.000000,C,True,Forecast
22937,BAKING MOULD CHOCOLATE CUPCAKES,2011-11,2011-12,M2_gbm_poisson,29.930923,12,38.000000,B,True,Forecast
22938,CUPCAKE LACE PAPER SET 6,2011-11,2011-12,M2_gbm_poisson,147.604582,398,222.000000,A,True,Forecast
22939,APRON APPLE DELIGHT,2011-11,2011-12,M2_gbm_poisson,50.415599,57,37.000000,B,True,Forecast
22940,FELTCRAFT CHRISTMAS FAIRY,2011-11,2011-12,M2_gbm_poisson,214.967118,395,366.000000,A,True,Forecast
22941,CHRISTMAS LIGHTS 10 REINDEER,2011-11,2011-12,M2_gbm_poisson,219.270012,432,441.000000,A,True,Forecast
22942,CHRISTMAS LIGHTS 10 SANTAS,2011-11,2011-12,M2_gbm_poisson,76.848021,134,134.666667,A,True,Forecast
22943,CHRISTMAS LIGHTS 10 VINTAGE BAUBLES,2011-11,2011-12,M2_gbm_poisson,97.047528,162,314.000000,A,True,Forecast
22944,CHRISTMAS METAL POSTCARD WITH BELLS,2011-11,2011-12,M2_gbm_poisson,563.105750,1464,1063.666667,B,True,Forecast
22945,CHRISTMAS METAL TAGS ASSORTED,2011-11,2011-12,M2_gbm_poisson,337.912903,772,647.000000,A,True,Forecast
22946,WOODEN ADVENT CALENDAR CREAM,2011-11,2011-12,M2_gbm_poisson,70.244174,109,95.000000,A,True,Forecast
22947,WOODEN ADVENT CALENDAR RED,2011-11,2011-12,M2_gbm_poisson,211.227518,511,236.000000,A,True,Forecast
22948,METAL DECORATION NAUGHTY CHILDREN,2011-11,2011-12,M2_gbm_poisson,97.490800,207,150.333333,B,True,Forecast
22949,36 DOILIES DOLLY GIRL,2011-11,2011-12,M2_gbm_poisson,57.320355,65,80.666667,B,True,Forecast
22950,36 DOILIES VINTAGE CHRISTMAS,2011-11,2011-12,M2_gbm_poisson,308.228830,17,1113.666667,A,True,Forecast
22951,60 CAKE CASES DOLLY GIRL DESIGN,2011-11,2011-12,M2_gbm_poisson,338.341581,735,812.000000,A,True,Forecast
22952,60 CAKE CASES VINTAGE CHRISTMAS,2011-11,2011-12,M2_gbm_poisson,1990.199409,4347,3952.000000,A,True,Forecast
22953,BIRTHDAY PARTY CORDON BARRIER TAPE,2011-11,2011-12,M2_gbm_poisson,42.737856,39,31.333333,C,True,Forecast
22954,HEN PARTY CORDON BARRIER TAPE,2011-11,2011-12,M2_gbm_poisson,21.184196,7,12.333333,C,True,Forecast
22955,36 FOIL STAR CAKE CASES,2011-11,2011-12,M2_gbm_poisson,99.929912,271,149.000000,B,True,Forecast
22956,36 FOIL HEART CAKE CASES,2011-11,2011-12,M2_gbm_poisson,66.170435,73,101.666667,B,True,Forecast
22957,SET 3 PAPER VINTAGE CHICK PAPER EGG,2011-11,2011-12,M2_gbm_poisson,4.576549,0,2.000000,A,True,Forecast
22959,WRAP CHRISTMAS VILLAGE,2011-11,2011-12,M2_gbm_poisson,684.162820,1950,1316.666667,B,True,Forecast
22960,JAM MAKING SET WITH JARS,2011-11,2011-12,M2_gbm_poisson,491.393741,1036,858.333333,A,True,Forecast
22961,JAM MAKING SET PRINTED,2011-11,2011-12,M2_gbm_poisson,936.212830,1574,1607.333333,A,True,Forecast
22962,JAM JAR WITH PINK LID,2011-11,2011-12,M2_gbm_poisson,151.868136,311,255.666667,B,True,Forecast
22963,JAM JAR WITH GREEN LID,2011-11,2011-12,M2_gbm_poisson,107.537126,175,221.666667,B,True,Forecast
22964,3 PIECE SPACEBOY COOKIE CUTTER SET,2011-11,2011-12,M2_gbm_poisson,130.637451,276,230.666667,A,True,Forecast
22965,3 TRADITIONAl BISCUIT CUTTERS  SET,2011-11,2011-12,M2_gbm_poisson,87.546494,178,132.666667,B,True,Forecast
22966,GINGERBREAD MAN COOKIE CUTTER,2011-11,2011-12,M2_gbm_poisson,554.503171,1146,922.666667,A,True,Forecast
22967,SET 3 SONG BIRD PAPER EGGS ASSORTED,2011-11,2011-12,M2_gbm_poisson,2.164536,0,0.000000,A,True,Forecast
22968,ROSE COTTAGE KEEPSAKE BOX,2011-11,2011-12,M2_gbm_poisson,39.367891,40,18.666667,A,True,Forecast
22969,HOMEMADE JAM SCENTED CANDLES,2011-11,2011-12,M2_gbm_poisson,435.326527,608,1132.000000,A,True,Forecast
22970,LONDON BUS COFFEE MUG,2011-11,2011-12,M2_gbm_poisson,177.584617,302,332.666667,A,True,Forecast
22971,QUEENS GUARD COFFEE MUG,2011-11,2011-12,M2_gbm_poisson,105.687712,231,162.000000,A,True,Forecast
22972,CHILDREN'S SPACEBOY MUG,2011-11,2011-12,M2_gbm_poisson,78.207328,122,146.666667,B,True,Forecast
22973,CHILDREN'S CIRCUS PARADE MUG,2011-11,2011-12,M2_gbm_poisson,67.983832,130,92.000000,B,True,Forecast
22974,CHILDRENS DOLLY GIRL MUG,2011-11,2011-12,M2_gbm_poisson,71.389663,121,101.000000,B,True,Forecast
22975,SPACEBOY CHILDRENS EGG CUP,2011-11,2011-12,M2_gbm_poisson,64.222342,96,69.000000,B,True,Forecast
22976,CIRCUS PARADE CHILDRENS EGG CUP,2011-11,2011-12,M2_gbm_poisson,58.923071,86,51.000000,B,True,Forecast
22977,DOLLY GIRL CHILDRENS EGG CUP,2011-11,2011-12,M2_gbm_poisson,49.231640,40,36.000000,B,True,Forecast
22978,PANTRY ROLLING PIN,2011-11,2011-12,M2_gbm_poisson,138.436571,88,359.333333,B,True,Forecast
22979,PANTRY WASHING UP BRUSH,2011-11,2011-12,M2_gbm_poisson,290.885122,379,488.000000,B,True,Forecast
22980,PANTRY SCRUBBING BRUSH,2011-11,2011-12,M2_gbm_poisson,94.550834,120,139.666667,B,True,Forecast
22981,PANTRY APPLE CORER,2011-11,2011-12,M2_gbm_poisson,48.024901,43,30.666667,C,True,Forecast
22982,PANTRY PASTRY BRUSH,2011-11,2011-12,M2_gbm_poisson,68.652354,103,82.666667,C,True,Forecast
22983,CARD BILLBOARD FONT,2011-11,2011-12,M2_gbm_poisson,263.983510,405,488.666667,B,True,Forecast
22984,CARD GINGHAM ROSE,2011-11,2011-12,M2_gbm_poisson,102.469405,113,226.333333,C,True,Forecast
22985,"WRAP, BILLBOARD FONTS DESIGN",2011-11,2011-12,M2_gbm_poisson,90.418016,175,183.333333,B,True,Forecast
22986,GINGHAM ROSE WRAP,2011-11,2011-12,M2_gbm_poisson,115.926541,400,341.666667,B,True,Forecast
22987,"WRAP , SUMMER ROSE DESIGN",2011-11,2011-12,M2_gbm_poisson,9.407218,0,9.000000,C,True,Forecast
22988,SOLDIERS EGG CUP,2011-11,2011-12,M2_gbm_poisson,419.520910,908,788.000000,A,True,Forecast
22989,SET 2 PANTRY DESIGN TEA TOWELS,2011-11,2011-12,M2_gbm_poisson,110.331621,104,181.666667,A,True,Forecast
22990,COTTON APRON PANTRY DESIGN,2011-11,2011-12,M2_gbm_poisson,44.818465,36,34.000000,B,True,Forecast
22991,GIRAFFE WOODEN RULER,2011-11,2011-12,M2_gbm_poisson,313.230788,430,510.000000,B,True,Forecast
22992,REVOLVER WOODEN RULER,2011-11,2011-12,M2_gbm_poisson,428.747704,901,751.333333,B,True,Forecast
22993,SET OF 4 PANTRY JELLY MOULDS,2011-11,2011-12,M2_gbm_poisson,863.978631,1687,1397.333333,A,True,Forecast
22994,TRAVEL CARD WALLET RETROSPOT,2011-11,2011-12,M2_gbm_poisson,135.111592,289,263.333333,C,True,Forecast
22995,TRAVEL CARD WALLET SUKI,2011-11,2011-12,M2_gbm_poisson,137.419499,192,203.000000,C,True,Forecast
22996,TRAVEL CARD WALLET VINTAGE TICKET,2011-11,2011-12,M2_gbm_poisson,271.901832,586,530.666667,C,True,Forecast
22997,TRAVEL CARD WALLET UNION JACK,2011-11,2011-12,M2_gbm_poisson,157.312635,373,302.000000,C,True,Forecast
22998,TRAVEL CARD WALLET KEEP CALM,2011-11,2011-12,M2_gbm_poisson,974.110770,1656,1519.000000,B,True,Forecast
22999,TRAVEL CARD WALLET VINTAGE LEAF,2011-11,2011-12,M2_gbm_poisson,97.846294,237,269.666667,C,True,Forecast
23000,TRAVEL CARD WALLET TRANSPORT,2011-11,2011-12,M2_gbm_poisson,181.628052,330,371.000000,C,True,Forecast
23002,TRAVEL CARD WALLET SKULLS,2011-11,2011-12,M2_gbm_poisson,135.276402,319,289.000000,C,True,Forecast
23003,TRAVEL CARD WALLET VINTAGE ROSE,2011-11,2011-12,M2_gbm_poisson,2.211038,0,0.000000,C,True,Forecast
23004,TRAVEL CARD WALLET PANTRY,2011-11,2011-12,M2_gbm_poisson,137.548105,270,231.333333,C,True,Forecast
23005,TRAVEL CARD WALLET I LOVE LONDON,2011-11,2011-12,M2_gbm_poisson,542.559478,1276,924.000000,C,True,Forecast
23006,TRAVEL CARD WALLET FLOWER MEADOW,2011-11,2011-12,M2_gbm_poisson,84.317278,156,179.333333,C,True,Forecast
23007,SPACEBOY BABY GIFT SET,2011-11,2011-12,M2_gbm_poisson,52.549863,61,58.666667,A,True,Forecast
23008,DOLLY GIRL BABY GIFT SET,2011-11,2011-12,M2_gbm_poisson,37.964525,37,37.333333,A,True,Forecast
23009,I LOVE LONDON BABY GIFT SET,2011-11,2011-12,M2_gbm_poisson,46.880396,54,42.333333,B,True,Forecast
23010,CIRCUS PARADE BABY GIFT SET,2011-11,2011-12,M2_gbm_poisson,41.877344,46,25.666667,B,True,Forecast
23012,GLASS APOTHECARY BOTTLE PERFUME,2011-11,2011-12,M2_gbm_poisson,116.832549,213,227.333333,C,True,Forecast
23013,GLASS APOTHECARY BOTTLE TONIC,2011-11,2011-12,M2_gbm_poisson,118.359651,180,196.000000,C,True,Forecast
23014,GLASS APOTHECARY BOTTLE ELIXIR,2011-11,2011-12,M2_gbm_poisson,79.926548,108,171.666667,C,True,Forecast
23015,CORDIAL GLASS JUG,2011-11,2011-12,M2_gbm_poisson,11.806274,4,3.666667,C,True,Forecast
23016,GLASS TWIST BON BON JAR,2011-11,2011-12,M2_gbm_poisson,22.041428,9,15.666667,C,True,Forecast
23017,APOTHECARY MEASURING JAR,2011-11,2011-12,M2_gbm_poisson,19.508958,11,12.333333,C,True,Forecast
23018,LARGE APOTHECARY MEASURING JAR,2011-11,2011-12,M2_gbm_poisson,13.134036,3,6.333333,C,True,Forecast
23019,SMALL APOTHECARY MEASURING JAR,2011-11,2011-12,M2_gbm_poisson,16.628582,5,10.666667,C,True,Forecast
23020,GLASS  SONGBIRD STORAGE JAR,2011-11,2011-12,M2_gbm_poisson,35.892285,20,28.333333,C,True,Forecast
23021,GLASS BONNE JAM JAR,2011-11,2011-12,M2_gbm_poisson,24.895418,8,23.333333,C,True,Forecast
23022,SMALL BONNE JAM JAR  T-LIGHT HOLDER,2011-11,2011-12,M2_gbm_poisson,51.705743,79,55.666667,C,True,Forecast
23023,RIDGED BONNE JAM JAR T-LIGHT HOLDER,2011-11,2011-12,M2_gbm_poisson,46.573602,55,47.000000,C,True,Forecast
23024,LARGE BONNE JAM JAR  T-LIGHT HOLDER,2011-11,2011-12,M2_gbm_poisson,37.351182,36,37.333333,C,True,Forecast
23025,DRAWER KNOB VINTAGE GLASS BALL,2011-11,2011-12,M2_gbm_poisson,52.584041,47,77.000000,C,True,Forecast
23026,DRAWER KNOB VINTAGE GLASS STAR,2011-11,2011-12,M2_gbm_poisson,59.606281,63,83.666667,C,True,Forecast
23027,DRAWER KNOB VINTAGE GLASS HEXAGON,2011-11,2011-12,M2_gbm_poisson,49.274809,66,61.333333,C,True,Forecast
23028,DRAWER KNOB CRACKLE GLAZE BLUE,2011-11,2011-12,M2_gbm_poisson,32.276835,2,139.000000,C,True,Forecast
23029,DRAWER KNOB CRACKLE GLAZE GREEN,2011-11,2011-12,M2_gbm_poisson,117.583381,171,219.000000,C,True,Forecast
23031,DRAWER KNOB CRACKLE GLAZE PINK,2011-11,2011-12,M2_gbm_poisson,115.738695,158,230.333333,C,True,Forecast
23032,DRAWER KNOB CRACKLE GLAZE IVORY,2011-11,2011-12,M2_gbm_poisson,153.780914,137,418.666667,C,True,Forecast
23033,DRAWER KNOB CERAMIC RED,2011-11,2011-12,M2_gbm_poisson,79.781237,152,154.000000,C,True,Forecast
23034,DRAWER KNOB CERAMIC BLACK,2011-11,2011-12,M2_gbm_poisson,91.433003,130,178.333333,C,True,Forecast
23035,DRAWER KNOB CERAMIC IVORY,2011-11,2011-12,M2_gbm_poisson,223.739331,464,359.333333,C,True,Forecast
23036,T-LIGHT HOLDER SILVER PETIT FOUR,2011-11,2011-12,M2_gbm_poisson,48.476092,51,41.333333,C,True,Forecast
23037,CANDLE HOLDER SILVER MADELINE,2011-11,2011-12,M2_gbm_poisson,43.168415,28,33.000000,C,True,Forecast
23038,T-LIGHT HOLDER SILVER SAUCER,2011-11,2011-12,M2_gbm_poisson,15.040981,3,5.666667,C,True,Forecast
23039,T-LIGHT HOLDER SILVER HEART HANDLE,2011-11,2011-12,M2_gbm_poisson,53.385578,57,37.666667,C,True,Forecast
23040,PAPER LANTERN 9 POINT SNOW STAR,2011-11,2011-12,M2_gbm_poisson,45.003375,27,65.666667,C,True,Forecast
23041,PAPER LANTERN 9 POINT SNOW STAR,2011-11,2011-12,M2_gbm_poisson,49.406736,51,65.333333,C,True,Forecast
23042,PAPER LANTERN 7 POINT SNOW STAR,2011-11,2011-12,M2_gbm_poisson,35.988284,35,24.000000,C,True,Forecast
23043,PAPER LANTERN 9 POINT HOLLY STAR L,2011-11,2011-12,M2_gbm_poisson,34.972777,33,20.666667,C,True,Forecast
23044,PAPER LANTERN 9 POINT HOLLY STAR S,2011-11,2011-12,M2_gbm_poisson,26.607138,15,19.666667,C,True,Forecast
23045,PAPER LANTERN 5 POINT STAR MOON,2011-11,2011-12,M2_gbm_poisson,41.055234,43,32.000000,C,True,Forecast
23046,PAPER LANTERN 9 POINT DELUXE STAR,2011-11,2011-12,M2_gbm_poisson,46.362097,23,104.666667,C,True,Forecast
23047,PAPER LANTERN 5 POINT SEQUIN STAR,2011-11,2011-12,M2_gbm_poisson,16.219295,6,9.333333,C,True,Forecast
23048,SET OF 10 LANTERNS FAIRY LIGHT STAR,2011-11,2011-12,M2_gbm_poisson,65.198565,79,152.666667,C,True,Forecast
23049,RECYCLED ACAPULCO MAT RED,2011-11,2011-12,M2_gbm_poisson,31.806934,22,18.333333,B,True,Forecast
23050,RECYCLED ACAPULCO MAT GREEN,2011-11,2011-12,M2_gbm_poisson,21.658458,8,21.333333,B,True,Forecast
23051,RECYCLED ACAPULCO MAT BLUE,2011-11,2011-12,M2_gbm_poisson,17.454365,8,13.000000,B,True,Forecast
23052,RECYCLED ACAPULCO MAT TURQUOISE,2011-11,2011-12,M2_gbm_poisson,31.893869,18,21.333333,B,True,Forecast
23053,RECYCLED ACAPULCO MAT PINK,2011-11,2011-12,M2_gbm_poisson,12.996252,2,11.000000,B,True,Forecast
23054,RECYCLED ACAPULCO MAT LAVENDER,2011-11,2011-12,M2_gbm_poisson,11.636156,2,11.000000,B,True,Forecast
23055,IVORY CHANDELIER T-LIGHT HOLDER,2011-11,2011-12,M2_gbm_poisson,57.607501,242,201.000000,C,True,Forecast
23056,FLOWERS CHANDELIER T-LIGHT HOLDER,2011-11,2011-12,M2_gbm_poisson,56.091953,242,294.333333,C,True,Forecast
23057,BEADED CHANDELIER T-LIGHT HOLDER,2011-11,2011-12,M2_gbm_poisson,59.842233,241,207.666667,C,True,Forecast
23058,CHRISTMAS HANGING SNOWFLAKE,2011-11,2011-12,M2_gbm_poisson,170.422501,313,142.000000,C,True,Forecast
23060,HEART BEADED TRELLIS DECORATION,2011-11,2011-12,M2_gbm_poisson,45.746143,41,39.666667,C,True,Forecast
23061,VINTAGE EMBOSSED HEART,2011-11,2011-12,M2_gbm_poisson,83.964693,86,101.000000,C,True,Forecast
23064,CINDERELLA CHANDELIER,2011-11,2011-12,M2_gbm_poisson,41.127808,100,66.333333,C,True,Forecast
23065,LARGE DECO JEWELLERY STAND,2011-11,2011-12,M2_gbm_poisson,10.126146,0,21.000000,B,True,Forecast
23066,SMALL DECO JEWELLERY STAND,2011-11,2011-12,M2_gbm_poisson,9.681711,0,20.000000,C,True,Forecast
23067,HANGING ENGRAVED METAL HEART,2011-11,2011-12,M2_gbm_poisson,49.923931,44,41.000000,C,True,Forecast
23068,ALUMINIUM STAMPED HEART,2011-11,2011-12,M2_gbm_poisson,66.104510,106,115.666667,C,True,Forecast
23069,EDWARDIAN PHOTO FRAME,2011-11,2011-12,M2_gbm_poisson,21.541599,14,13.333333,C,True,Forecast
23070,EDWARDIAN HEART PHOTO FRAME,2011-11,2011-12,M2_gbm_poisson,33.070231,20,24.000000,C,True,Forecast
23071,MARIE ANTOINETTE TRINKET BOX GOLD,2011-11,2011-12,M2_gbm_poisson,16.125978,0,93.000000,C,True,Forecast
23072,MARIE ANTOINETTE TRINKET BOX SILVER,2011-11,2011-12,M2_gbm_poisson,15.723198,0,105.000000,C,True,Forecast
23073,GEORGIAN TRINKET BOX,2011-11,2011-12,M2_gbm_poisson,39.796404,26,26.333333,C,True,Forecast
23074,EMBOSSED HEART TRINKET BOX,2011-11,2011-12,M2_gbm_poisson,63.506861,67,76.000000,C,True,Forecast
23075,PARLOUR CERAMIC WALL HOOK,2011-11,2011-12,M2_gbm_poisson,52.076855,72,58.000000,C,True,Forecast
23076,ICE CREAM SUNDAE LIP GLOSS,2011-11,2011-12,M2_gbm_poisson,544.396707,1212,1054.666667,B,True,Forecast
23077,DOUGHNUT LIP GLOSS,2011-11,2011-12,M2_gbm_poisson,879.239796,2522,1803.000000,B,True,Forecast
23078,ICE CREAM PEN LIP GLOSS,2011-11,2011-12,M2_gbm_poisson,568.527297,1130,858.666667,B,True,Forecast
23079,TOADSTOOL BEDSIDE LIGHT,2011-11,2011-12,M2_gbm_poisson,43.896327,55,40.000000,C,True,Forecast
23080,RED METAL BOX TOP SECRET,2011-11,2011-12,M2_gbm_poisson,135.146375,308,178.666667,C,True,Forecast
23081,GREEN METAL BOX ARMY SUPPLIES,2011-11,2011-12,M2_gbm_poisson,65.889521,106,102.000000,C,True,Forecast
23082,SET 6 PAPER TABLE LANTERN HEARTS,2011-11,2011-12,M2_gbm_poisson,251.512572,533,386.666667,B,True,Forecast
23083,SET 6 PAPER TABLE LANTERN STARS,2011-11,2011-12,M2_gbm_poisson,354.400603,718,469.666667,C,True,Forecast
23084,RABBIT NIGHT LIGHT,2011-11,2011-12,M2_gbm_poisson,2375.595148,14913,7150.333333,B,True,Forecast
23085,ANTIQUE SILVER BAUBLE LAMP,2011-11,2011-12,M2_gbm_poisson,65.916305,119,104.333333,C,True,Forecast
23086,ZINC  STAR T-LIGHT HOLDER,2011-11,2011-12,M2_gbm_poisson,101.039987,261,191.333333,C,True,Forecast
23087,ZINC  HEART T-LIGHT HOLDER,2011-11,2011-12,M2_gbm_poisson,65.107237,82,149.000000,C,True,Forecast
23088,ZINC HEART FLOWER T-LIGHT HOLDER,2011-11,2011-12,M2_gbm_poisson,59.200679,58,106.000000,C,True,Forecast
23089,GLASS BON BON JAR,2011-11,2011-12,M2_gbm_poisson,204.232093,350,387.333333,C,True,Forecast
23090,VINTAGE GLASS T-LIGHT HOLDER,2011-11,2011-12,M2_gbm_poisson,244.226527,555,386.000000,C,True,Forecast
23091,ZINC HERB GARDEN CONTAINER,2011-11,2011-12,M2_gbm_poisson,19.868552,3,40.333333,B,True,Forecast
23092,LARGE ANTIQUE WHITE PHOTO FRAME,2011-11,2011-12,M2_gbm_poisson,57.043492,61,97.666667,C,True,Forecast
23093,SMALL PARISIENNE HEART PHOTO FRAME,2011-11,2011-12,M2_gbm_poisson,63.180599,55,124.666667,C,True,Forecast
23094,LE GRAND TRAY CHIC SET,2011-11,2011-12,M2_gbm_poisson,23.591226,12,14.666667,C,True,Forecast
23096,PETIT TRAY CHIC,2011-11,2011-12,M2_gbm_poisson,135.094986,270,215.666667,C,True,Forecast
23099,FRENCH CARRIAGE LANTERN,2011-11,2011-12,M2_gbm_poisson,24.316589,14,17.333333,C,True,Forecast
23100,SILVER BELLS TABLE DECORATION,2011-11,2011-12,M2_gbm_poisson,289.365640,645,506.333333,C,True,Forecast
23101,SILVER STARS TABLE DECORATION,2011-11,2011-12,M2_gbm_poisson,253.997949,539,497.000000,C,True,Forecast
23102,SILVER HEARTS TABLE DECORATION,2011-11,2011-12,M2_gbm_poisson,106.460011,149,210.666667,C,True,Forecast
23103,JINGLE BELL HEART DECORATION,2011-11,2011-12,M2_gbm_poisson,474.098607,1095,864.666667,C,True,Forecast
23104,IVORY CAFE HANGING LAMP,2011-11,2011-12,M2_gbm_poisson,39.318592,47,20.333333,C,True,Forecast
23106,ZINC HEARTS PLANT POT HOLDER,2011-11,2011-12,M2_gbm_poisson,40.709692,30,28.000000,C,True,Forecast
23107,WHITE HEARTS WIRE PLANT POT HOLDER,2011-11,2011-12,M2_gbm_poisson,32.325448,13,43.000000,C,True,Forecast
23108,SET OF 10 LED DOLLY LIGHTS,2011-11,2011-12,M2_gbm_poisson,195.175115,288,401.000000,B,True,Forecast
23109,PACK OF SIX LED TEA LIGHTS,2011-11,2011-12,M2_gbm_poisson,286.142219,674,433.000000,C,True,Forecast
23110,PARISIENNE KEY CABINET,2011-11,2011-12,M2_gbm_poisson,72.036207,97,92.000000,C,True,Forecast
23111,PARISIENNE SEWING BOX,2011-11,2011-12,M2_gbm_poisson,42.905063,32,44.333333,B,True,Forecast
23112,PARISIENNE CURIO CABINET,2011-11,2011-12,M2_gbm_poisson,52.023059,46,59.666667,C,True,Forecast
23113,PANTRY CHOPPING BOARD,2011-11,2011-12,M2_gbm_poisson,93.639604,45,381.666667,C,True,Forecast
23114,VINTAGE LEAF CHOPPING BOARD,2011-11,2011-12,M2_gbm_poisson,46.485083,49,46.000000,C,True,Forecast
23115,RED APPLES CHOPPING BOARD,2011-11,2011-12,M2_gbm_poisson,52.386545,61,46.666667,C,True,Forecast
23116,VEGETABLE GARDEN CHOPPING BOARD,2011-11,2011-12,M2_gbm_poisson,36.492883,21,24.666667,C,True,Forecast
23117,POPPY FIELDS CHOPPING BOARD,2011-11,2011-12,M2_gbm_poisson,45.849128,41,29.000000,C,True,Forecast
23118,PARISIENNE JEWELLERY DRAWER,2011-11,2011-12,M2_gbm_poisson,69.515189,73,109.333333,B,True,Forecast
23119,PACK OF 6 LARGE FRUIT STRAWS,2011-11,2011-12,M2_gbm_poisson,136.224637,141,203.000000,C,True,Forecast
23120,PACK OF 6 SMALL FRUIT STRAWS,2011-11,2011-12,M2_gbm_poisson,124.447212,155,178.666667,C,True,Forecast
23121,PACK OF 6 COCKTAIL PARASOL STRAWS,2011-11,2011-12,M2_gbm_poisson,177.585976,257,190.333333,C,True,Forecast
23122,PARTY CHARMS 50 PIECES,2011-11,2011-12,M2_gbm_poisson,145.369516,196,148.333333,C,True,Forecast
23123,COCKTAIL SWORDS 50 PIECES,2011-11,2011-12,M2_gbm_poisson,68.625169,111,111.000000,C,True,Forecast
23124,18PC WOODEN CUTLERY SET DISPOSABLE,2011-11,2011-12,M2_gbm_poisson,20.892000,1,9.000000,C,True,Forecast
23125,6PC WOOD PLATE SET DISPOSABLE,2011-11,2011-12,M2_gbm_poisson,19.683432,5,9.666667,C,True,Forecast
23126,FELTCRAFT GIRL AMELIE KIT,2011-11,2011-12,M2_gbm_poisson,103.898238,213,177.666667,B,True,Forecast
23127,FELTCRAFT GIRL NICOLE KIT,2011-11,2011-12,M2_gbm_poisson,79.811012,146,101.333333,B,True,Forecast
23128,FELTCRAFT BOY JEAN-PAUL KIT,2011-11,2011-12,M2_gbm_poisson,52.983475,57,46.333333,B,True,Forecast
23129,HEART SHAPED HOLLY WREATH,2011-11,2011-12,M2_gbm_poisson,123.719399,249,286.333333,C,True,Forecast
23130,MISTLETOE HEART WREATH GREEN,2011-11,2011-12,M2_gbm_poisson,128.655371,268,240.666667,C,True,Forecast
23131,MISTLETOE HEART WREATH CREAM,2011-11,2011-12,M2_gbm_poisson,72.814003,107,133.666667,C,True,Forecast
23132,SMALL IVORY HEART WALL ORGANISER,2011-11,2011-12,M2_gbm_poisson,90.872604,217,240.000000,C,True,Forecast
23133,LARGE IVORY HEART WALL ORGANISER,2011-11,2011-12,M2_gbm_poisson,84.037597,164,178.000000,C,True,Forecast
23134,LARGE ZINC HEART WALL ORGANISER,2011-11,2011-12,M2_gbm_poisson,4.788924,0,0.666667,B,True,Forecast
23135,SMALL ZINC HEART WALL ORGANISER,2011-11,2011-12,M2_gbm_poisson,29.851495,1,148.333333,C,True,Forecast
23136,IVORY WIRE SWEETHEART LETTER TRAY,2011-11,2011-12,M2_gbm_poisson,24.008044,7,10.000000,C,True,Forecast
23137,ZINC WIRE SWEETHEART LETTER TRAY,2011-11,2011-12,M2_gbm_poisson,34.559741,10,6.666667,C,True,Forecast
23138,SINGLE WIRE HOOK IVORY HEART,2011-11,2011-12,M2_gbm_poisson,50.592484,38,46.000000,C,True,Forecast
23139,SINGLE WIRE HOOK PINK HEART,2011-11,2011-12,M2_gbm_poisson,44.137438,26,12.666667,C,True,Forecast
23140,TRIPLE WIRE HOOK IVORY HEART,2011-11,2011-12,M2_gbm_poisson,81.783443,1,10.666667,C,True,Forecast
23141,TRIPLE WIRE HOOK PINK HEART,2011-11,2011-12,M2_gbm_poisson,5.548611,1,1.333333,C,True,Forecast
23142,IVORY WIRE KITCHEN ORGANISER,2011-11,2011-12,M2_gbm_poisson,12.028051,2,4.000000,C,True,Forecast
23143,ZINC WIRE KITCHEN ORGANISER,2011-11,2011-12,M2_gbm_poisson,6.962055,4,1.333333,C,True,Forecast
23144,ZINC T-LIGHT HOLDER STARS SMALL,2011-11,2011-12,M2_gbm_poisson,323.228086,768,645.666667,B,True,Forecast
23145,ZINC T-LIGHT HOLDER STAR LARGE,2011-11,2011-12,M2_gbm_poisson,117.820031,233,287.333333,C,True,Forecast
23146,TRIPLE HOOK ANTIQUE IVORY ROSE,2011-11,2011-12,M2_gbm_poisson,66.618869,93,89.666667,C,True,Forecast
23147,SINGLE ANTIQUE ROSE HOOK IVORY,2011-11,2011-12,M2_gbm_poisson,123.117027,162,199.000000,C,True,Forecast
23148,MINIATURE ANTIQUE ROSE HOOK IVORY,2011-11,2011-12,M2_gbm_poisson,137.252098,277,219.333333,C,True,Forecast
23149,ANTIQUE IVORY WIRE BOWL SMALL,2011-11,2011-12,M2_gbm_poisson,17.796510,9,8.333333,C,True,Forecast
23150,IVORY SWEETHEART SOAP DISH,2011-11,2011-12,M2_gbm_poisson,39.224286,26,18.666667,C,True,Forecast
23151,ZINC SWEETHEART SOAP DISH,2011-11,2011-12,M2_gbm_poisson,10.950713,3,3.333333,C,True,Forecast
23152,IVORY SWEETHEART WIRE LETTER RACK,2011-11,2011-12,M2_gbm_poisson,49.813583,35,65.000000,C,True,Forecast
23153,ZINC SWEETHEART WIRE LETTER RACK,2011-11,2011-12,M2_gbm_poisson,44.614063,40,29.333333,C,True,Forecast
23154,SET OF 4 JAM JAR MAGNETS,2011-11,2011-12,M2_gbm_poisson,210.332735,461,346.666667,B,True,Forecast
23155,KNICKERBOCKERGLORY MAGNET ASSORTED,2011-11,2011-12,M2_gbm_poisson,82.460325,175,154.333333,B,True,Forecast
23156,SET OF 5 MINI GROCERY MAGNETS,2011-11,2011-12,M2_gbm_poisson,113.856340,159,205.666667,B,True,Forecast
23157,SET OF 6 NATIVITY MAGNETS,2011-11,2011-12,M2_gbm_poisson,292.065503,669,663.000000,C,True,Forecast
23158,SET OF 5 LUCKY CAT MAGNETS,2011-11,2011-12,M2_gbm_poisson,182.286344,295,310.666667,B,True,Forecast
23159,SET OF 5 PANCAKE DAY MAGNETS,2011-11,2011-12,M2_gbm_poisson,139.346876,236,219.333333,B,True,Forecast
23160,REGENCY TEA SPOON,2011-11,2011-12,M2_gbm_poisson,59.421838,33,139.333333,C,True,Forecast
23161,REGENCY CAKE FORK,2011-11,2011-12,M2_gbm_poisson,95.471719,78,152.666667,C,True,Forecast
23162,REGENCY TEA STRAINER,2011-11,2011-12,M2_gbm_poisson,101.937494,149,216.333333,B,True,Forecast
23163,REGENCY SUGAR TONGS,2011-11,2011-12,M2_gbm_poisson,97.568984,70,211.333333,C,True,Forecast
23164,REGENCY CAKE SLICE,2011-11,2011-12,M2_gbm_poisson,61.560284,96,79.333333,C,True,Forecast
23165,LARGE CERAMIC TOP STORAGE JAR,2011-11,2011-12,M2_gbm_poisson,207.276354,340,333.333333,B,True,Forecast
23166,MEDIUM CERAMIC TOP STORAGE JAR,2011-11,2011-12,M2_gbm_poisson,299.308920,659,418.333333,A,True,Forecast
23167,SMALL CERAMIC TOP STORAGE JAR,2011-11,2011-12,M2_gbm_poisson,271.752010,627,544.000000,B,True,Forecast
23168,CLASSIC CAFE SUGAR DISPENSER,2011-11,2011-12,M2_gbm_poisson,274.667558,624,489.000000,C,True,Forecast
23169,CLASSIC GLASS COOKIE JAR,2011-11,2011-12,M2_gbm_poisson,177.096698,316,298.333333,C,True,Forecast
23170,REGENCY TEA PLATE ROSES,2011-11,2011-12,M2_gbm_poisson,349.230810,312,654.333333,B,True,Forecast
23171,REGENCY TEA PLATE GREEN,2011-11,2011-12,M2_gbm_poisson,353.307666,335,531.333333,B,True,Forecast
23172,REGENCY TEA PLATE PINK,2011-11,2011-12,M2_gbm_poisson,193.862710,221,424.666667,B,True,Forecast
23173,REGENCY TEAPOT ROSES,2011-11,2011-12,M2_gbm_poisson,155.852410,117,219.333333,A,True,Forecast
23174,REGENCY SUGAR BOWL GREEN,2011-11,2011-12,M2_gbm_poisson,159.958415,114,205.333333,B,True,Forecast
23175,REGENCY MILK JUG PINK,2011-11,2011-12,M2_gbm_poisson,175.845502,151,232.666667,B,True,Forecast
23176,ABC TREASURE BOOK BOX,2011-11,2011-12,M2_gbm_poisson,234.755970,568,335.333333,B,True,Forecast
23177,TREASURE ISLAND BOOK BOX,2011-11,2011-12,M2_gbm_poisson,239.566920,601,321.000000,B,True,Forecast
23178,JAM CLOCK MAGNET,2011-11,2011-12,M2_gbm_poisson,40.170302,32,27.333333,C,True,Forecast
23179,CLOCK MAGNET MUM'S KITCHEN,2011-11,2011-12,M2_gbm_poisson,44.078378,50,20.000000,C,True,Forecast
23180,MUM'S KITCHEN CLOCK,2011-11,2011-12,M2_gbm_poisson,19.296161,11,11.000000,C,True,Forecast
23181,BULL DOG BOTTLE TOP WALL CLOCK,2011-11,2011-12,M2_gbm_poisson,34.939163,25,19.333333,C,True,Forecast
23182,TOILET SIGN OCCUPIED OR VACANT,2011-11,2011-12,M2_gbm_poisson,228.021542,328,309.000000,B,True,Forecast
23183,MOTHER'S KITCHEN SPOON REST,2011-11,2011-12,M2_gbm_poisson,32.749559,19,26.000000,C,True,Forecast
23184,BULL DOG BOTTLE OPENER,2011-11,2011-12,M2_gbm_poisson,75.435563,130,94.333333,B,True,Forecast
23185,FRENCH STYLE STORAGE JAR JAM,2011-11,2011-12,M2_gbm_poisson,56.460488,107,62.666667,C,True,Forecast
23186,FRENCH STYLE STORAGE JAR CAFE,2011-11,2011-12,M2_gbm_poisson,154.656482,479,340.333333,C,True,Forecast
23187,FRENCH STYLE STORAGE JAR BONBONS,2011-11,2011-12,M2_gbm_poisson,128.178631,10,329.333333,C,True,Forecast
23188,VINTAGE  2 METER FOLDING RULER,2011-11,2011-12,M2_gbm_poisson,414.908373,1047,785.000000,C,True,Forecast
23189,SET OF 12 FORK CANDLES,2011-11,2011-12,M2_gbm_poisson,138.725691,183,262.666667,C,True,Forecast
23190,BUNDLE OF 3 SCHOOL EXERCISE BOOKS,2011-11,2011-12,M2_gbm_poisson,131.941085,171,209.666667,C,True,Forecast
23191,BUNDLE OF 3 RETRO NOTE BOOKS,2011-11,2011-12,M2_gbm_poisson,182.842486,271,349.000000,C,True,Forecast
23192,BUNDLE OF 3 ALPHABET EXERCISE BOOKS,2011-11,2011-12,M2_gbm_poisson,335.106507,690,582.333333,C,True,Forecast
23193,BUFFALO BILL TREASURE BOOK BOX,2011-11,2011-12,M2_gbm_poisson,234.229516,524,258.666667,B,True,Forecast
23194,GYMKHANA TREASURE BOOK BOX,2011-11,2011-12,M2_gbm_poisson,233.883491,555,284.000000,B,True,Forecast
23196,VINTAGE LEAF MAGNETIC NOTEPAD,2011-11,2011-12,M2_gbm_poisson,212.964741,339,357.666667,C,True,Forecast
23197,SKETCHBOOK MAGNETIC SHOPPING LIST,2011-11,2011-12,M2_gbm_poisson,168.274371,307,269.333333,C,True,Forecast
23198,PANTRY MAGNETIC  SHOPPING LIST,2011-11,2011-12,M2_gbm_poisson,332.332791,642,629.666667,C,True,Forecast
23199,JUMBO BAG APPLES,2011-11,2011-12,M2_gbm_poisson,987.767658,1553,1575.000000,A,True,Forecast
23200,JUMBO BAG PEARS,2011-11,2011-12,M2_gbm_poisson,448.607474,717,798.000000,B,True,Forecast
23201,JUMBO BAG ALPHABET,2011-11,2011-12,M2_gbm_poisson,1140.882627,1951,1735.333333,A,True,Forecast
23202,JUMBO BAG VINTAGE LEAF,2011-11,2011-12,M2_gbm_poisson,977.877418,1573,1331.000000,A,True,Forecast
23203,JUMBO BAG VINTAGE DOILY,2011-11,2011-12,M2_gbm_poisson,2068.141058,3987,3019.333333,A,True,Forecast
23204,CHARLOTTE BAG APPLES DESIGN,2011-11,2011-12,M2_gbm_poisson,499.894314,993,839.666667,B,True,Forecast
23205,CHARLOTTE BAG VINTAGE ALPHABET,2011-11,2011-12,M2_gbm_poisson,375.259873,822,762.333333,B,True,Forecast
23206,LUNCH BAG APPLE DESIGN,2011-11,2011-12,M2_gbm_poisson,943.703369,1265,1185.333333,A,True,Forecast
23207,LUNCH BAG ALPHABET DESIGN,2011-11,2011-12,M2_gbm_poisson,507.953362,885,670.666667,B,True,Forecast
23208,LUNCH BAG VINTAGE LEAF DESIGN,2011-11,2011-12,M2_gbm_poisson,360.092070,709,638.000000,B,True,Forecast
23209,LUNCH BAG VINTAGE DOILY,2011-11,2011-12,M2_gbm_poisson,993.092528,1609,1547.000000,A,True,Forecast
23210,WHITE ROCKING HORSE HAND PAINTED,2011-11,2011-12,M2_gbm_poisson,363.523841,887,664.666667,C,True,Forecast
23211,RED ROCKING HORSE HAND PAINTED,2011-11,2011-12,M2_gbm_poisson,269.606735,639,488.666667,C,True,Forecast
23212,HEART WREATH DECORATION WITH BELL,2011-11,2011-12,M2_gbm_poisson,251.952963,543,477.333333,C,True,Forecast
23213,STAR WREATH DECORATION WITH BELL,2011-11,2011-12,M2_gbm_poisson,255.123109,533,422.000000,C,True,Forecast
23214,JINGLE BELL HEART ANTIQUE GOLD,2011-11,2011-12,M2_gbm_poisson,119.614062,232,210.000000,C,True,Forecast
23215,JINGLE BELL HEART ANTIQUE SILVER,2011-11,2011-12,M2_gbm_poisson,645.763690,1546,833.666667,C,True,Forecast
23216,LAUREL HEART ANTIQUE GOLD,2011-11,2011-12,M2_gbm_poisson,67.104709,94,136.666667,C,True,Forecast
23217,LAUREL HEART ANTIQUE SILVER,2011-11,2011-12,M2_gbm_poisson,128.359453,232,320.666667,C,True,Forecast
23218,LAUREL STAR ANTIQUE GOLD,2011-11,2011-12,M2_gbm_poisson,67.654248,143,100.333333,C,True,Forecast
23219,LAUREL STAR ANTIQUE SILVER,2011-11,2011-12,M2_gbm_poisson,84.670168,160,116.333333,C,True,Forecast
23220,REINDEER HEART DECORATION GOLD,2011-11,2011-12,M2_gbm_poisson,154.352800,365,287.333333,C,True,Forecast
23221,REINDEER HEART DECORATION SILVER,2011-11,2011-12,M2_gbm_poisson,243.309514,595,417.000000,C,True,Forecast
23222,CHRISTMAS TREE HANGING GOLD,2011-11,2011-12,M2_gbm_poisson,100.420801,239,236.666667,C,True,Forecast
23223,CHRISTMAS TREE HANGING SILVER,2011-11,2011-12,M2_gbm_poisson,114.071209,225,229.333333,C,True,Forecast
23224,CHERUB HEART DECORATION GOLD,2011-11,2011-12,M2_gbm_poisson,83.758632,187,209.000000,C,True,Forecast
23225,CHERUB HEART DECORATION SILVER,2011-11,2011-12,M2_gbm_poisson,230.020201,442,380.666667,C,True,Forecast
23226,FILIGREE HEART DAISY WHITE,2011-11,2011-12,M2_gbm_poisson,113.154520,168,127.333333,C,True,Forecast
23227,FILIGREE HEART BUTTERFLY WHITE,2011-11,2011-12,M2_gbm_poisson,148.808305,277,232.666667,C,True,Forecast
23228,FILIGREE HEART BIRD WHITE,2011-11,2011-12,M2_gbm_poisson,150.752444,307,241.333333,C,True,Forecast
23229,VINTAGE DONKEY TAIL GAME,2011-11,2011-12,M2_gbm_poisson,224.858750,461,334.333333,C,True,Forecast
23230,WRAP ALPHABET DESIGN,2011-11,2011-12,M2_gbm_poisson,252.180209,900,683.333333,B,True,Forecast
23231,WRAP DOILEY DESIGN,2011-11,2011-12,M2_gbm_poisson,219.344438,550,641.333333,B,True,Forecast
23232,WRAP VINTAGE LEAF DESIGN,2011-11,2011-12,M2_gbm_poisson,399.975437,1025,1033.333333,B,True,Forecast
23233,WRAP POPPIES  DESIGN,2011-11,2011-12,M2_gbm_poisson,157.303812,225,533.333333,C,True,Forecast
23234,BISCUIT TIN VINTAGE CHRISTMAS,2011-11,2011-12,M2_gbm_poisson,218.695219,347,397.666667,C,True,Forecast
23235,STORAGE TIN VINTAGE LEAF,2011-11,2011-12,M2_gbm_poisson,39.982033,19,41.000000,C,True,Forecast
23236,STORAGE TIN VINTAGE DOILY,2011-11,2011-12,M2_gbm_poisson,258.102814,294,367.666667,C,True,Forecast
23237,SET OF 4 KNICK KNACK TINS LEAF,2011-11,2011-12,M2_gbm_poisson,91.450468,166,139.666667,C,True,Forecast
23238,SET OF 4 KNICK KNACK TINS LONDON,2011-11,2011-12,M2_gbm_poisson,174.869423,274,264.000000,C,True,Forecast
23239,SET OF 4 KNICK KNACK TINS POPPIES,2011-11,2011-12,M2_gbm_poisson,64.233916,87,85.333333,C,True,Forecast
23240,SET OF 4 KNICK KNACK TINS DOILY,2011-11,2011-12,M2_gbm_poisson,320.994004,567,623.666667,C,True,Forecast
23241,TREASURE TIN GYMKHANA DESIGN,2011-11,2011-12,M2_gbm_poisson,199.318578,286,363.000000,C,True,Forecast
23242,TREASURE TIN BUFFALO BILL,2011-11,2011-12,M2_gbm_poisson,131.368261,141,212.000000,C,True,Forecast
23243,SET OF TEA COFFEE SUGAR TINS PANTRY,2011-11,2011-12,M2_gbm_poisson,363.276636,469,950.333333,C,True,Forecast
23244,ROUND STORAGE TIN VINTAGE LEAF,2011-11,2011-12,M2_gbm_poisson,92.934312,157,90.333333,C,True,Forecast
23245,SET OF 3 REGENCY CAKE TINS,2011-11,2011-12,M2_gbm_poisson,573.661992,775,858.666667,C,True,Forecast
23247,BISCUIT TIN 50'S CHRISTMAS,2011-11,2011-12,M2_gbm_poisson,349.582902,686,563.333333,C,True,Forecast
23249,VINTAGE RED ENAMEL TRIM PLATE,2011-11,2011-12,M2_gbm_poisson,69.725333,68,107.333333,C,True,Forecast
23250,VINTAGE RED TRIM ENAMEL BOWL,2011-11,2011-12,M2_gbm_poisson,102.588419,223,201.666667,C,True,Forecast
23251,VINTAGE RED ENAMEL TRIM MUG,2011-11,2011-12,M2_gbm_poisson,131.382269,232,235.000000,C,True,Forecast
23252,VINTAGE RED ENAMEL TRIM JUG,2011-11,2011-12,M2_gbm_poisson,63.040455,72,80.333333,C,True,Forecast
23253,16 PIECE CUTLERY SET PANTRY DESIGN,2011-11,2011-12,M2_gbm_poisson,20.840394,14,18.333333,B,True,Forecast
23254,CHILDRENS CUTLERY DOLLY GIRL,2011-11,2011-12,M2_gbm_poisson,175.071376,317,218.000000,B,True,Forecast
23255,CHILDRENS CUTLERY CIRCUS PARADE,2011-11,2011-12,M2_gbm_poisson,85.373805,114,127.666667,B,True,Forecast
23256,CHILDRENS CUTLERY SPACEBOY,2011-11,2011-12,M2_gbm_poisson,197.384179,345,259.000000,B,True,Forecast
23263,SET OF 3 WOODEN HEART DECORATIONS,2011-11,2011-12,M2_gbm_poisson,591.884838,1124,895.000000,C,True,Forecast
23264,SET OF 3 WOODEN SLEIGH DECORATIONS,2011-11,2011-12,M2_gbm_poisson,296.403472,633,517.000000,C,True,Forecast
23265,SET OF 3 WOODEN TREE DECORATIONS,2011-11,2011-12,M2_gbm_poisson,301.091636,656,489.000000,C,True,Forecast
23266,SET OF 3 WOODEN STOCKING DECORATION,2011-11,2011-12,M2_gbm_poisson,300.849433,653,531.333333,C,True,Forecast
23267,SET OF 4 SANTA PLACE SETTINGS,2011-11,2011-12,M2_gbm_poisson,176.786716,382,315.666667,C,True,Forecast
23268,SET OF 2 CERAMIC CHRISTMAS REINDEER,2011-11,2011-12,M2_gbm_poisson,35.945929,3,185.666667,C,True,Forecast
23269,SET OF 2 CERAMIC CHRISTMAS TREES,2011-11,2011-12,M2_gbm_poisson,111.301113,259,222.000000,C,True,Forecast
23270,SET OF 2 CERAMIC PAINTED HEARTS,2011-11,2011-12,M2_gbm_poisson,134.772918,192,188.666667,C,True,Forecast
23271,CHRISTMAS TABLE SILVER CANDLE SPIKE,2011-11,2011-12,M2_gbm_poisson,227.363639,472,512.333333,C,True,Forecast
23272,TREE T-LIGHT HOLDER WILLIE WINKIE,2011-11,2011-12,M2_gbm_poisson,52.381001,54,67.333333,C,True,Forecast
23273,HEART T-LIGHT HOLDER WILLIE WINKIE,2011-11,2011-12,M2_gbm_poisson,108.989710,195,216.666667,C,True,Forecast
23274,STAR T-LIGHT HOLDER WILLIE WINKIE,2011-11,2011-12,M2_gbm_poisson,119.733917,247,321.000000,C,True,Forecast
23275,SET OF 3 HANGING OWLS OLLIE BEAK,2011-11,2011-12,M2_gbm_poisson,685.676242,1514,833.666667,C,True,Forecast
23280,FOLDING BUTTERFLY MIRROR HOT PINK,2011-11,2011-12,M2_gbm_poisson,122.637190,212,157.333333,C,True,Forecast
23281,FOLDING BUTTERFLY MIRROR RED,2011-11,2011-12,M2_gbm_poisson,62.134746,80,68.000000,C,True,Forecast
23282,FOLDING BUTTERFLY MIRROR IVORY,2011-11,2011-12,M2_gbm_poisson,72.408859,111,96.666667,C,True,Forecast
23283,DOORMAT VINTAGE LEAF,2011-11,2011-12,M2_gbm_poisson,73.898292,105,146.333333,B,True,Forecast
23284,DOORMAT KEEP CALM AND COME IN,2011-11,2011-12,M2_gbm_poisson,548.710834,729,1002.666667,A,True,Forecast
23285,PINK VINTAGE SPOT BEAKER,2011-11,2011-12,M2_gbm_poisson,277.879872,66,777.333333,C,True,Forecast
23286,BLUE VINTAGE SPOT BEAKER,2011-11,2011-12,M2_gbm_poisson,291.357881,195,811.000000,C,True,Forecast
23287,RED VINTAGE SPOT BEAKER,2011-11,2011-12,M2_gbm_poisson,105.663011,86,148.666667,C,True,Forecast
23288,GREEN VINTAGE SPOT BEAKER,2011-11,2011-12,M2_gbm_poisson,232.998950,178,800.333333,C,True,Forecast
23289,DOLLY GIRL CHILDRENS BOWL,2011-11,2011-12,M2_gbm_poisson,150.430890,201,241.666667,C,True,Forecast
23290,SPACEBOY CHILDRENS BOWL,2011-11,2011-12,M2_gbm_poisson,232.738989,478,430.000000,C,True,Forecast
23291,DOLLY GIRL CHILDRENS CUP,2011-11,2011-12,M2_gbm_poisson,152.076356,201,233.666667,C,True,Forecast
23292,SPACEBOY CHILDRENS CUP,2011-11,2011-12,M2_gbm_poisson,204.765509,330,337.666667,C,True,Forecast
23293,SET OF 12 FAIRY CAKE BAKING CASES,2011-11,2011-12,M2_gbm_poisson,928.155332,1678,1520.666667,C,True,Forecast
23294,SET OF 6 SNACK LOAF BAKING CASES,2011-11,2011-12,M2_gbm_poisson,444.568886,734,743.000000,C,True,Forecast
23295,SET OF 12 MINI LOAF BAKING CASES,2011-11,2011-12,M2_gbm_poisson,503.840180,934,1035.333333,C,True,Forecast
23296,SET OF 6 TEA TIME BAKING CASES,2011-11,2011-12,M2_gbm_poisson,488.582204,954,799.333333,C,True,Forecast
23297,SET 40 HEART SHAPE PETIT FOUR CASES,2011-11,2011-12,M2_gbm_poisson,51.909310,9,261.000000,C,True,Forecast
23298,SPOTTY BUNTING,2011-11,2011-12,M2_gbm_poisson,638.185352,889,800.666667,A,True,Forecast
23299,FOOD COVER WITH BEADS SET 2,2011-11,2011-12,M2_gbm_poisson,37.607906,20,38.666667,B,True,Forecast
23300,GARDENERS KNEELING PAD CUP OF TEA,2011-11,2011-12,M2_gbm_poisson,726.659940,1535,966.000000,B,True,Forecast
23301,GARDENERS KNEELING PAD KEEP CALM,2011-11,2011-12,M2_gbm_poisson,1063.535743,2754,1624.000000,B,True,Forecast
23302,KNEELING MAT HOUSEWORK  DESIGN,2011-11,2011-12,M2_gbm_poisson,110.916829,241,148.666667,C,True,Forecast
23303,SET 4 PICNIC CUTLERY FONDANT,2011-11,2011-12,M2_gbm_poisson,38.651951,27,17.666667,C,True,Forecast
23304,SET 4 PICNIC CUTLERY CHERRY,2011-11,2011-12,M2_gbm_poisson,36.782048,39,15.666667,C,True,Forecast
23305,SET 4 PICNIC CUTLERY BLUEBERRY,2011-11,2011-12,M2_gbm_poisson,39.364461,31,19.333333,C,True,Forecast
23306,SET OF 36 DOILIES PANTRY DESIGN,2011-11,2011-12,M2_gbm_poisson,123.035095,69,243.666667,C,True,Forecast
23307,SET OF 60 PANTRY DESIGN CAKE CASES,2011-11,2011-12,M2_gbm_poisson,762.083147,887,1622.666667,C,True,Forecast
23308,SET OF 60 VINTAGE LEAF CAKE CASES,2011-11,2011-12,M2_gbm_poisson,400.896596,447,702.666667,C,True,Forecast
23309,SET OF 60 I LOVE LONDON CAKE CASES,2011-11,2011-12,M2_gbm_poisson,862.029395,1552,1416.666667,C,True,Forecast
23310,BUBBLEGUM RING ASSORTED,2011-11,2011-12,M2_gbm_poisson,1557.603067,2117,2332.333333,C,True,Forecast
23311,VINTAGE CHRISTMAS STOCKING,2011-11,2011-12,M2_gbm_poisson,479.260008,865,660.333333,C,True,Forecast
23312,VINTAGE CHRISTMAS GIFT SACK,2011-11,2011-12,M2_gbm_poisson,187.304087,428,352.000000,C,True,Forecast
23313,VINTAGE CHRISTMAS BUNTING,2011-11,2011-12,M2_gbm_poisson,631.729854,1249,762.000000,C,True,Forecast
23314,VINTAGE CHRISTMAS TABLECLOTH,2011-11,2011-12,M2_gbm_poisson,63.021006,80,84.666667,C,True,Forecast
23315,IVORY REFECTORY CLOCK,2011-11,2011-12,M2_gbm_poisson,40.786642,43,35.666667,C,True,Forecast
23316,RED REFECTORY CLOCK,2011-11,2011-12,M2_gbm_poisson,46.884885,44,47.333333,C,True,Forecast
23317,BLUE REFECTORY CLOCK,2011-11,2011-12,M2_gbm_poisson,42.286064,38,33.666667,C,True,Forecast
23318,BOX OF 6 MINI VINTAGE CRACKERS,2011-11,2011-12,M2_gbm_poisson,564.542748,1302,1050.666667,C,True,Forecast
23319,BOX OF 6 MINI 50'S CRACKERS,2011-11,2011-12,M2_gbm_poisson,668.278237,1378,1077.666667,C,True,Forecast
23320,GIANT 50'S CHRISTMAS CRACKER,2011-11,2011-12,M2_gbm_poisson,447.727219,801,663.666667,C,True,Forecast
23321,SMALL WHITE HEART OF WICKER,2011-11,2011-12,M2_gbm_poisson,712.751780,1394,977.000000,C,True,Forecast
23322,LARGE WHITE HEART OF WICKER,2011-11,2011-12,M2_gbm_poisson,477.919506,821,667.666667,C,True,Forecast
23323,WHITE WICKER STAR,2011-11,2011-12,M2_gbm_poisson,254.723134,533,379.333333,C,True,Forecast
23324,RUSTIC STRAWBERRY JAM POT LARGE,2011-11,2011-12,M2_gbm_poisson,49.862886,47,89.000000,C,True,Forecast
23325,RUSTIC STRAWBERRY JAM POT SMALL,2011-11,2011-12,M2_gbm_poisson,62.421550,70,126.000000,C,True,Forecast
23326,HANGING MINI COLOURED BOTTLES,2011-11,2011-12,M2_gbm_poisson,150.484364,183,566.000000,C,True,Forecast
23327,HANGING CLEAR MINI BOTTLE,2011-11,2011-12,M2_gbm_poisson,106.554401,290,443.666667,C,True,Forecast
23328,SET 6 SCHOOL MILK BOTTLES IN CRATE,2011-11,2011-12,M2_gbm_poisson,428.319282,921,670.666667,C,True,Forecast
23329,DECORATIVE WICKER HEART LARGE,2011-11,2011-12,M2_gbm_poisson,251.642679,527,445.666667,C,True,Forecast
23330,DECORATIVE WICKER HEART MEDIUM,2011-11,2011-12,M2_gbm_poisson,276.956811,674,505.666667,C,True,Forecast
23331,DECORATIVE WICKER HEART SMALL,2011-11,2011-12,M2_gbm_poisson,168.947100,400,370.333333,C,True,Forecast
23332,IVORY WICKER HEART LARGE,2011-11,2011-12,M2_gbm_poisson,249.956275,578,524.666667,C,True,Forecast
23333,IVORY WICKER HEART MEDIUM,2011-11,2011-12,M2_gbm_poisson,340.618512,823,562.666667,C,True,Forecast
23334,IVORY WICKER HEART SMALL,2011-11,2011-12,M2_gbm_poisson,225.982589,510,556.333333,C,True,Forecast
23335,EGG FRYING PAN IVORY,2011-11,2011-12,M2_gbm_poisson,61.633332,84,63.000000,C,True,Forecast
23336,EGG FRYING PAN PINK,2011-11,2011-12,M2_gbm_poisson,48.887526,39,50.000000,C,True,Forecast
23337,EGG FRYING PAN MINT,2011-11,2011-12,M2_gbm_poisson,53.330743,59,41.666667,C,True,Forecast
23338,EGG FRYING PAN RED,2011-11,2011-12,M2_gbm_poisson,64.118447,89,68.333333,C,True,Forecast
23339,EGG FRYING PAN BLUE,2011-11,2011-12,M2_gbm_poisson,47.268200,51,38.000000,C,True,Forecast
23340,VINTAGE CHRISTMAS CAKE FRILL,2011-11,2011-12,M2_gbm_poisson,175.658891,205,702.000000,C,True,Forecast
23341,PINK DINER WALL CLOCK,2011-11,2011-12,M2_gbm_poisson,46.017428,39,59.000000,C,True,Forecast
23342,MINT DINER WALL CLOCK,2011-11,2011-12,M2_gbm_poisson,58.746049,57,87.000000,C,True,Forecast
23343,JUMBO BAG VINTAGE CHRISTMAS,2011-11,2011-12,M2_gbm_poisson,948.317613,2205,1539.333333,C,True,Forecast
23344,JUMBO BAG 50'S CHRISTMAS,2011-11,2011-12,M2_gbm_poisson,1822.152226,4057,2708.333333,C,True,Forecast
23345,DOLLY GIRL BEAKER,2011-11,2011-12,M2_gbm_poisson,192.919514,165,449.333333,C,True,Forecast
23346,SPACEBOY BEAKER,2011-11,2011-12,M2_gbm_poisson,278.155856,281,519.333333,C,True,Forecast
23347,I LOVE LONDON BEAKER,2011-11,2011-12,M2_gbm_poisson,70.434222,119,178.333333,C,True,Forecast
23348,CHILDRENS TOY COOKING UTENSIL SET,2011-11,2011-12,M2_gbm_poisson,112.894523,206,224.333333,C,True,Forecast
23349,ROLL WRAP VINTAGE CHRISTMAS,2011-11,2011-12,M2_gbm_poisson,555.572171,1146,940.333333,C,True,Forecast
23350,ROLL WRAP VINTAGE SPOT,2011-11,2011-12,M2_gbm_poisson,384.683788,852,744.666667,C,True,Forecast
23351,ROLL WRAP 50'S CHRISTMAS,2011-11,2011-12,M2_gbm_poisson,695.007621,1378,1017.000000,C,True,Forecast
23352,ROLL WRAP 50'S RED CHRISTMAS,2011-11,2011-12,M2_gbm_poisson,261.914774,556,501.333333,C,True,Forecast
23353,6 GIFT TAGS VINTAGE CHRISTMAS,2011-11,2011-12,M2_gbm_poisson,615.330914,1288,1122.666667,C,True,Forecast
23354,6 GIFT TAGS 50'S CHRISTMAS,2011-11,2011-12,M2_gbm_poisson,626.077982,1273,1114.666667,C,True,Forecast
23355,HOT WATER BOTTLE KEEP CALM,2011-11,2011-12,M2_gbm_poisson,1078.703713,2349,1669.333333,C,True,Forecast
23356,LOVE HOT WATER BOTTLE,2011-11,2011-12,M2_gbm_poisson,653.475723,1084,724.333333,C,True,Forecast
23357,HOT WATER BOTTLE SEX BOMB,2011-11,2011-12,M2_gbm_poisson,73.046293,119,122.000000,C,True,Forecast
23358,HOT STUFF HOT WATER BOTTLE,2011-11,2011-12,M2_gbm_poisson,82.507187,184,151.000000,C,True,Forecast
23359,SET OF 12 T-LIGHTS VINTAGE DOILY,2011-11,2011-12,M2_gbm_poisson,109.726832,232,242.666667,C,True,Forecast
23360,SET 8 CANDLES VINTAGE DOILY,2011-11,2011-12,M2_gbm_poisson,130.430205,229,291.000000,C,True,Forecast
23365,SET 12 COLOUR PENCILS LOVE LONDON,2011-11,2011-12,M2_gbm_poisson,359.692915,934,597.000000,C,True,Forecast
23366,SET 12 COLOURING PENCILS DOILY,2011-11,2011-12,M2_gbm_poisson,689.756708,1197,672.000000,C,True,Forecast
23367,SET 12 COLOUR PENCILS SPACEBOY,2011-11,2011-12,M2_gbm_poisson,850.286151,1464,991.666667,C,True,Forecast
23368,SET 12 COLOUR PENCILS DOLLY GIRL,2011-11,2011-12,M2_gbm_poisson,519.795667,904,747.000000,C,True,Forecast
23369,SET 36 COLOUR PENCILS LOVE LONDON,2011-11,2011-12,M2_gbm_poisson,232.332200,480,333.666667,C,True,Forecast
23370,SET 36 COLOURING PENCILS DOILY,2011-11,2011-12,M2_gbm_poisson,274.770026,570,480.333333,C,True,Forecast
23371,SET 36 COLOUR PENCILS SPACEBOY,2011-11,2011-12,M2_gbm_poisson,388.927071,844,540.000000,C,True,Forecast
23372,SET 36 COLOUR PENCILS DOLLY GIRL,2011-11,2011-12,M2_gbm_poisson,263.895627,633,446.666667,C,True,Forecast
23373,VINTAGE CHRISTMAS PAPER GIFT BAG,2011-11,2011-12,M2_gbm_poisson,142.880914,295,493.666667,C,True,Forecast
23374,RED SPOT PAPER GIFT BAG,2011-11,2011-12,M2_gbm_poisson,220.771172,463,664.000000,C,True,Forecast
23375,50'S CHRISTMAS PAPER GIFT BAG,2011-11,2011-12,M2_gbm_poisson,183.269900,349,424.666667,C,True,Forecast
23376,PACK OF 12 VINTAGE CHRISTMAS TISSUE,2011-11,2011-12,M2_gbm_poisson,512.696557,1134,945.333333,C,True,Forecast
23377,PACK OF 12 DOLLY GIRL TISSUES,2011-11,2011-12,M2_gbm_poisson,228.710914,312,433.666667,C,True,Forecast
23378,PACK OF 12 50'S CHRISTMAS TISSUES,2011-11,2011-12,M2_gbm_poisson,718.275575,1440,1265.666667,C,True,Forecast
23379,PACK OF 12 RED APPLE TISSUES,2011-11,2011-12,M2_gbm_poisson,170.707589,161,396.666667,C,True,Forecast
23380,PACK OF 12 VINTAGE DOILY TISSUES,2011-11,2011-12,M2_gbm_poisson,250.279386,530,733.666667,C,True,Forecast
23381,PACK OF 12 VINTAGE LEAF TISSUES,2011-11,2011-12,M2_gbm_poisson,129.444892,152,471.666667,C,True,Forecast
23382,BOX OF 6 CHRISTMAS CAKE DECORATIONS,2011-11,2011-12,M2_gbm_poisson,402.712485,701,506.666667,C,True,Forecast
23388,WOODLAND MINI BACKPACK,2011-11,2011-12,M2_gbm_poisson,121.319205,175,262.000000,C,True,Forecast
23389,SPACEBOY MINI BACKPACK,2011-11,2011-12,M2_gbm_poisson,195.558520,342,354.333333,C,True,Forecast
23390,DOLLY GIRL MINI BACKPACK,2011-11,2011-12,M2_gbm_poisson,94.795749,108,220.666667,C,True,Forecast
23391,I LOVE LONDON MINI BACKPACK,2011-11,2011-12,M2_gbm_poisson,102.109531,156,121.000000,C,True,Forecast
23392,SPACEBOY ROCKET LOLLY MAKERS,2011-11,2011-12,M2_gbm_poisson,123.659143,180,203.666667,C,True,Forecast
23393,HOME SWEET HOME CUSHION COVER,2011-11,2011-12,M2_gbm_poisson,138.033432,244,254.666667,C,True,Forecast
23394,POSTE FRANCE CUSHION COVER,2011-11,2011-12,M2_gbm_poisson,120.997599,177,137.333333,C,True,Forecast
23395,BELLE JARDINIERE CUSHION COVER,2011-11,2011-12,M2_gbm_poisson,134.229932,235,231.333333,C,True,Forecast
23396,LE JARDIN BOTANIQUE CUSHION COVER,2011-11,2011-12,M2_gbm_poisson,133.623999,198,207.000000,C,True,Forecast
23397,FOOT STOOL HOME SWEET HOME,2011-11,2011-12,M2_gbm_poisson,113.902222,177,159.333333,C,True,Forecast
23398,HANGING HEART BONHEUR,2011-11,2011-12,M2_gbm_poisson,93.781966,139,177.666667,C,True,Forecast
23399,HOME SWEET HOME HANGING HEART,2011-11,2011-12,M2_gbm_poisson,244.105798,492,623.666667,C,True,Forecast
23400,SHELF WITH 4 HOOKS HOME SWEET HOME,2011-11,2011-12,M2_gbm_poisson,58.565724,37,152.666667,C,True,Forecast
23401,RUSTIC MIRROR WITH LACE HEART,2011-11,2011-12,M2_gbm_poisson,53.083235,41,101.333333,C,True,Forecast
23402,HOME SWEET HOME 3 PEG HANGER,2011-11,2011-12,M2_gbm_poisson,55.829915,52,92.666667,C,True,Forecast
23403,LETTER HOLDER HOME SWEET HOME,2011-11,2011-12,M2_gbm_poisson,121.725149,207,196.000000,C,True,Forecast
23404,HOME SWEET HOME BLACKBOARD,2011-11,2011-12,M2_gbm_poisson,169.752796,299,275.000000,C,True,Forecast
23405,HOME SWEET HOME 2 DRAWER CABINET,2011-11,2011-12,M2_gbm_poisson,63.428826,74,77.000000,C,True,Forecast
23406,HOME SWEET HOME KEY HOLDER,2011-11,2011-12,M2_gbm_poisson,114.707776,197,147.333333,C,True,Forecast
23407,SET OF 2 TRAYS HOME SWEET HOME,2011-11,2011-12,M2_gbm_poisson,64.370682,78,80.333333,C,True,Forecast
23408,PHOTO FRAME LINEN AND LACE SMALL,2011-11,2011-12,M2_gbm_poisson,72.079530,96,99.000000,C,True,Forecast
23409,PHOTO FRAME LINEN AND LACE LARGE,2011-11,2011-12,M2_gbm_poisson,50.476860,46,67.666667,C,True,Forecast
23410,CURIO CABINET LINEN AND LACE,2011-11,2011-12,M2_gbm_poisson,16.428181,4,12.000000,C,True,Forecast
23411,TRELLIS COAT RACK,2011-11,2011-12,M2_gbm_poisson,49.334968,33,73.666667,C,True,Forecast
23412,HEART MIRROR ANTIQUE WHITE,2011-11,2011-12,M2_gbm_poisson,13.608059,0,119.333333,C,True,Forecast
23413,VINTAGE COFFEE GRINDER BOX,2011-11,2011-12,M2_gbm_poisson,44.761296,33,52.000000,C,True,Forecast
23414,ZINC BOX SIGN HOME,2011-11,2011-12,M2_gbm_poisson,44.198103,44,47.000000,C,True,Forecast
23415,HOME SWEET HOME HOOK,2011-11,2011-12,M2_gbm_poisson,71.872538,105,74.333333,C,True,Forecast
23416,CHAMBRE HOOK,2011-11,2011-12,M2_gbm_poisson,24.493357,12,30.000000,C,True,Forecast
23417,BATHROOM HOOK,2011-11,2011-12,M2_gbm_poisson,33.141161,19,23.666667,C,True,Forecast
23418,LAVENDER TOILETTE BOTTLE,2011-11,2011-12,M2_gbm_poisson,68.913770,66,175.000000,C,True,Forecast
23419,HOME SWEET HOME BOTTLE,2011-11,2011-12,M2_gbm_poisson,82.752849,103,149.666667,C,True,Forecast
23420,PANTRY HOOK TEA STRAINER,2011-11,2011-12,M2_gbm_poisson,48.090410,35,54.333333,C,True,Forecast
23421,PANTRY HOOK SPATULA,2011-11,2011-12,M2_gbm_poisson,50.210783,40,53.000000,C,True,Forecast
23422,PANTRY HOOK BALLOON WHISK,2011-11,2011-12,M2_gbm_poisson,54.340649,49,69.666667,C,True,Forecast
23423,PANTRY 3 HOOK ROLLING PIN HANGER,2011-11,2011-12,M2_gbm_poisson,58.817589,63,69.666667,C,True,Forecast
23424,GINGHAM RECIPE BOOK BOX,2011-11,2011-12,M2_gbm_poisson,91.687001,114,144.333333,C,True,Forecast
23425,STORAGE TIN HOME SWEET HOME,2011-11,2011-12,M2_gbm_poisson,50.636306,46,57.333333,C,True,Forecast
23426,METAL SIGN DROP YOUR PANTS,2011-11,2011-12,M2_gbm_poisson,197.985577,432,401.666667,C,True,Forecast
23427,STOOL HOME SWEET HOME,2011-11,2011-12,M2_gbm_poisson,27.242069,12,78.000000,C,True,Forecast
23428,IVORY RETRO KITCHEN WALL CLOCK,2011-11,2011-12,M2_gbm_poisson,70.609604,41,13.666667,C,True,Forecast
23429,RED RETRO KITCHEN WALL CLOCK,2011-11,2011-12,M2_gbm_poisson,63.966439,31,10.333333,C,True,Forecast
23430,BLUE RETRO KITCHEN WALL CLOCK,2011-11,2011-12,M2_gbm_poisson,52.755959,21,7.000000,C,True,Forecast
23431,NATURAL HANGING QUILTED HEARTS,2011-11,2011-12,M2_gbm_poisson,111.835584,156,279.000000,C,True,Forecast
23432,PRETTY HANGING QUILTED HEARTS,2011-11,2011-12,M2_gbm_poisson,85.113274,132,405.333333,C,True,Forecast
23433,HANGING QUILTED PATCHWORK APPLES,2011-11,2011-12,M2_gbm_poisson,126.418137,240,386.000000,C,True,Forecast
23434,3 RAFFIA RIBBONS 50'S CHRISTMAS,2011-11,2011-12,M2_gbm_poisson,359.628366,877,647.000000,C,True,Forecast
23435,3 RAFFIA RIBBONS VINTAGE CHRISTMAS,2011-11,2011-12,M2_gbm_poisson,132.935242,189,254.000000,C,True,Forecast
23436,VINTAGE CHRISTMAS GIFT BAG LARGE,2011-11,2011-12,M2_gbm_poisson,199.638069,300,578.000000,C,True,Forecast
23437,50'S CHRISTMAS GIFT BAG LARGE,2011-11,2011-12,M2_gbm_poisson,272.347720,496,616.666667,C,True,Forecast
23438,RED SPOT GIFT BAG LARGE,2011-11,2011-12,M2_gbm_poisson,181.569151,389,547.666667,C,True,Forecast
23439,HAND WARMER RED LOVE HEART,2011-11,2011-12,M2_gbm_poisson,773.529322,1602,1167.666667,C,True,Forecast
23440,PAINT YOUR OWN EGGS IN CRATE,2011-11,2011-12,M2_gbm_poisson,60.956101,19,6.333333,C,True,Forecast
23441,HAND PAINTED HANGING EASTER EGG,2011-11,2011-12,M2_gbm_poisson,185.262709,20,6.666667,C,True,Forecast
23442,12 HANGING EGGS HAND PAINTED,2011-11,2011-12,M2_gbm_poisson,88.009047,31,10.333333,C,True,Forecast
23444,Next Day Carriage,2011-11,2011-12,M2_gbm_poisson,31.110512,25,13.000000,C,True,Forecast
23445,ICE CREAM BUBBLES,2011-11,2011-12,M2_gbm_poisson,213.301964,482,799.666667,C,True,Forecast
23446,BLUE BUNNY EASTER EGG BASKET,2011-11,2011-12,M2_gbm_poisson,21.189321,0,4.333333,C,True,Forecast
23447,PINK BUNNY EASTER EGG BASKET,2011-11,2011-12,M2_gbm_poisson,17.004977,0,4.666667,C,True,Forecast
23448,CREAM BUNNY EASTER EGG BASKET,2011-11,2011-12,M2_gbm_poisson,26.497210,12,8.333333,C,True,Forecast
23449,SET OF 6 EASTER RAINBOW CHICKS,2011-11,2011-12,M2_gbm_poisson,44.692878,12,4.000000,C,True,Forecast
23451,SQUARE MINI PORTRAIT FRAME,2011-11,2011-12,M2_gbm_poisson,112.542616,161,78.666667,C,True,Forecast
23452,HEART MINI PORTRAIT FRAME,2011-11,2011-12,M2_gbm_poisson,154.129951,282,151.666667,C,True,Forecast
23453,OVAL  MINI PORTRAIT FRAME,2011-11,2011-12,M2_gbm_poisson,102.100953,172,94.333333,C,True,Forecast
23454,THREE MINI HANGING FRAMES,2011-11,2011-12,M2_gbm_poisson,86.508323,113,51.000000,C,True,Forecast
23455,SMALL PARLOUR PICTURE FRAME,2011-11,2011-12,M2_gbm_poisson,60.181489,92,62.000000,C,True,Forecast
23456,MEDIUM PARLOUR PICTURE FRAME,2011-11,2011-12,M2_gbm_poisson,58.625793,74,50.333333,C,True,Forecast
23457,LARGE PARLOUR PICTURE FRAME,2011-11,2011-12,M2_gbm_poisson,65.541116,63,31.666667,C,True,Forecast
23458,DOLLY CABINET 3 DRAWERS,2011-11,2011-12,M2_gbm_poisson,29.804824,30,14.000000,C,True,Forecast
23459,DOLLY CABINET 2 DRAWERS,2011-11,2011-12,M2_gbm_poisson,22.947383,14,9.333333,C,True,Forecast
23460,SWEETHEART WALL TIDY,2011-11,2011-12,M2_gbm_poisson,44.919086,51,24.333333,C,True,Forecast
23461,SWEETHEART BIRD HOUSE,2011-11,2011-12,M2_gbm_poisson,70.147030,83,67.333333,C,True,Forecast
23462,ROCOCO WALL MIRROR WHITE,2011-11,2011-12,M2_gbm_poisson,36.780734,32,26.000000,C,True,Forecast
23463,VINTAGE ZINC WATERING CAN,2011-11,2011-12,M2_gbm_poisson,20.202553,8,3.333333,C,True,Forecast
23464,VINTAGE ZINC WATERING CAN SMALL,2011-11,2011-12,M2_gbm_poisson,25.553846,12,4.333333,C,True,Forecast
23465,TUSCAN VILLA BIRD FEEDER,2011-11,2011-12,M2_gbm_poisson,28.241433,16,9.333333,C,True,Forecast
23466,TUSCAN VILLA DOVECOTE BIRD FEEDER,2011-11,2011-12,M2_gbm_poisson,34.281161,28,17.000000,C,True,Forecast
23467,VINTAGE ZINC PLANTER,2011-11,2011-12,M2_gbm_poisson,24.084775,8,6.666667,C,True,Forecast
23468,TUSCAN VILLA BIRD TABLE,2011-11,2011-12,M2_gbm_poisson,24.882821,8,6.333333,C,True,Forecast
23469,CARD HOLDER LOVE BIRD SMALL,2011-11,2011-12,M2_gbm_poisson,80.362160,100,106.333333,C,True,Forecast
23470,CARD HOLDER LOVE BIRD LARGE,2011-11,2011-12,M2_gbm_poisson,65.605427,77,74.666667,C,True,Forecast
23471,SIX DRAWER OFFICE TIDY,2011-11,2011-12,M2_gbm_poisson,31.822190,18,20.666667,C,True,Forecast
23472,NINE DRAWER OFFICE TIDY,2011-11,2011-12,M2_gbm_poisson,30.095456,18,16.666667,C,True,Forecast
23473,WOODLAND SMALL RED FELT HEART,2011-11,2011-12,M2_gbm_poisson,168.548923,347,202.000000,C,True,Forecast
23474,WOODLAND SMALL BLUE FELT HEART,2011-11,2011-12,M2_gbm_poisson,132.342843,216,86.000000,C,True,Forecast
23475,WOODLAND SMALL PINK FELT HEART,2011-11,2011-12,M2_gbm_poisson,175.402777,223,82.666667,C,True,Forecast
23476,WOODLAND LARGE RED FELT HEART,2011-11,2011-12,M2_gbm_poisson,100.659397,167,68.333333,C,True,Forecast
23477,WOODLAND LARGE BLUE FELT HEART,2011-11,2011-12,M2_gbm_poisson,61.102998,67,30.666667,C,True,Forecast
23478,WOODLAND LARGE PINK FELT HEART,2011-11,2011-12,M2_gbm_poisson,66.246130,68,91.000000,C,True,Forecast
23479,WIRE EGG BASKET,2011-11,2011-12,M2_gbm_poisson,54.877191,77,35.000000,C,True,Forecast
23480,MINI LIGHTS WOODLAND MUSHROOMS,2011-11,2011-12,M2_gbm_poisson,563.468397,1036,519.666667,C,True,Forecast
23481,PEARLISED IVORY HEART SMALL,2011-11,2011-12,M2_gbm_poisson,90.496828,138,68.000000,C,True,Forecast
23482,PEARLISED IVORY HEART LARGE,2011-11,2011-12,M2_gbm_poisson,93.541368,127,126.666667,C,True,Forecast
23483,HANGING  BUTTERFLY T-LIGHT HOLDER,2011-11,2011-12,M2_gbm_poisson,261.511000,603,368.333333,C,True,Forecast
23484,HEART TRELLIS TRIPLE T-LIGHT HOLDER,2011-11,2011-12,M2_gbm_poisson,49.721723,50,57.666667,C,True,Forecast
23485,BOTANICAL GARDENS WALL CLOCK,2011-11,2011-12,M2_gbm_poisson,53.946265,78,83.666667,C,True,Forecast
23486,ANTIQUE HEART SHELF UNIT,2011-11,2011-12,M2_gbm_poisson,52.547728,78,38.333333,C,True,Forecast
23487,SWEET HEART CAKE CARRIER,2011-11,2011-12,M2_gbm_poisson,42.831705,44,25.666667,C,True,Forecast
23489,VINTAGE BELLS GARLAND,2011-11,2011-12,M2_gbm_poisson,243.915067,526,249.000000,C,True,Forecast
23490,T-LIGHT HOLDER HANGING LOVE BIRD,2011-11,2011-12,M2_gbm_poisson,174.438029,345,166.000000,C,True,Forecast
23491,VINTAGE JINGLE BELLS HEART,2011-11,2011-12,M2_gbm_poisson,90.706775,132,66.333333,C,True,Forecast
23492,VINTAGE JINGLE BELLS WREATH,2011-11,2011-12,M2_gbm_poisson,41.799728,51,23.000000,C,True,Forecast
23493,VINTAGE DOILY TRAVEL SEWING KIT,2011-11,2011-12,M2_gbm_poisson,1079.304540,2003,1173.333333,C,True,Forecast
23494,VINTAGE DOILY DELUXE SEWING KIT,2011-11,2011-12,M2_gbm_poisson,182.940161,379,217.333333,C,True,Forecast
23495,SET OF 3 PANTRY WOODEN SPOONS,2011-11,2011-12,M2_gbm_poisson,122.665757,174,59.666667,C,True,Forecast
23496,PANTRY KITCHEN THERMOMETER,2011-11,2011-12,M2_gbm_poisson,64.306537,78,27.333333,C,True,Forecast
23497,CLASSIC CHROME BICYCLE BELL,2011-11,2011-12,M2_gbm_poisson,854.795748,1337,505.666667,C,True,Forecast
23498,CLASSIC BICYCLE CLIPS,2011-11,2011-12,M2_gbm_poisson,464.198735,517,172.333333,C,True,Forecast
23499,SET 12 VINTAGE DOILY CHALK,2011-11,2011-12,M2_gbm_poisson,388.035771,999,364.666667,C,True,Forecast
23500,KEY RING BASEBALL BOOT ASSORTED,2011-11,2011-12,M2_gbm_poisson,322.650140,679,450.333333,C,True,Forecast
23501,KEY RING BASEBALL BOOT UNION JACK,2011-11,2011-12,M2_gbm_poisson,263.379796,502,446.000000,C,True,Forecast
23502,PLAYING CARDS VINTAGE DOILY,2011-11,2011-12,M2_gbm_poisson,127.741950,240,226.333333,C,True,Forecast
23503,PLAYING CARDS KEEP CALM & CARRY ON,2011-11,2011-12,M2_gbm_poisson,632.659113,1267,1142.000000,C,True,Forecast
23504,PLAYING CARDS JUBILEE UNION JACK,2011-11,2011-12,M2_gbm_poisson,382.739159,778,606.666667,C,True,Forecast
23505,PLAYING CARDS I LOVE LONDON,2011-11,2011-12,M2_gbm_poisson,257.649569,543,372.333333,C,True,Forecast
23506,MINI PLAYING CARDS SPACEBOY,2011-11,2011-12,M2_gbm_poisson,384.816170,533,866.000000,C,True,Forecast
23507,MINI PLAYING CARDS BUFFALO BILL,2011-11,2011-12,M2_gbm_poisson,763.653175,1171,943.333333,C,True,Forecast
23508,MINI PLAYING CARDS DOLLY GIRL,2011-11,2011-12,M2_gbm_poisson,521.097108,566,854.333333,C,True,Forecast
23509,MINI PLAYING CARDS FUN FAIR,2011-11,2011-12,M2_gbm_poisson,116.894850,112,349.333333,C,True,Forecast
23510,MINI PLAYING CARDS GYMKHANA,2011-11,2011-12,M2_gbm_poisson,596.603584,1315,831.000000,C,True,Forecast
23511,EMBROIDERED RIBBON REEL EMILY,2011-11,2011-12,M2_gbm_poisson,111.680122,149,184.000000,C,True,Forecast
23512,EMBROIDERED RIBBON REEL ROSIE,2011-11,2011-12,M2_gbm_poisson,72.662451,73,162.666667,C,True,Forecast
23513,EMBROIDERED RIBBON REEL SUSIE,2011-11,2011-12,M2_gbm_poisson,81.436491,77,185.000000,C,True,Forecast
23514,EMBROIDERED RIBBON REEL SALLY,2011-11,2011-12,M2_gbm_poisson,96.008328,125,155.000000,C,True,Forecast
23515,EMBROIDERED RIBBON REEL DAISY,2011-11,2011-12,M2_gbm_poisson,87.470247,99,186.666667,C,True,Forecast
23516,EMBROIDERED RIBBON REEL SOPHIE,2011-11,2011-12,M2_gbm_poisson,54.283440,35,94.333333,C,True,Forecast
23517,EMBROIDERED RIBBON REEL REBECCA,2011-11,2011-12,M2_gbm_poisson,60.304645,64,108.666667,C,True,Forecast
23518,EMBROIDERED RIBBON REEL RACHEL,2011-11,2011-12,M2_gbm_poisson,55.431033,33,118.333333,C,True,Forecast
23519,EMBROIDERED RIBBON REEL CLAIRE,2011-11,2011-12,M2_gbm_poisson,47.963573,30,74.666667,C,True,Forecast
23520,EMBROIDERED RIBBON REEL RUBY,2011-11,2011-12,M2_gbm_poisson,35.107942,15,53.333333,C,True,Forecast
23521,WALL ART CAT AND BIRD,2011-11,2011-12,M2_gbm_poisson,71.240781,90,135.666667,C,True,Forecast
23522,WALL ART DOG AND BALL,2011-11,2011-12,M2_gbm_poisson,64.439528,66,113.333333,C,True,Forecast
23523,WALL ART TREASURE AHOY,2011-11,2011-12,M2_gbm_poisson,59.691182,61,115.333333,C,True,Forecast
23524,WALL ART HORSE & PONY,2011-11,2011-12,M2_gbm_poisson,100.343707,176,149.333333,C,True,Forecast
23525,WALL ART BUFFALO BILL,2011-11,2011-12,M2_gbm_poisson,93.592097,54,186.666667,C,True,Forecast
23526,WALL ART DOG LICENCE,2011-11,2011-12,M2_gbm_poisson,177.127259,325,279.000000,C,True,Forecast
23527,WALL ART ANIMALS AND NATURE,2011-11,2011-12,M2_gbm_poisson,83.504320,118,134.666667,C,True,Forecast
23528,WALL ART SPACEBOY,2011-11,2011-12,M2_gbm_poisson,87.258177,129,157.333333,C,True,Forecast
23529,WALL ART DOLLY GIRL,2011-11,2011-12,M2_gbm_poisson,104.668843,160,210.000000,C,True,Forecast
23530,WALL ART ONLY ONE PERSON,2011-11,2011-12,M2_gbm_poisson,169.271659,323,276.000000,C,True,Forecast
23531,WALL ART BIG LOVE,2011-11,2011-12,M2_gbm_poisson,172.846980,310,274.666667,C,True,Forecast
23532,WALL ART WORK REST AND PLAY,2011-11,2011-12,M2_gbm_poisson,41.868177,26,65.333333,C,True,Forecast
23533,WALL ART GARDEN HAVEN,2011-11,2011-12,M2_gbm_poisson,34.087953,15,65.000000,C,True,Forecast
23534,WALL ART STOP FOR TEA,2011-11,2011-12,M2_gbm_poisson,269.801859,529,428.666667,C,True,Forecast
23535,WALL ART BICYCLE SAFETY,2011-11,2011-12,M2_gbm_poisson,236.213284,439,345.666667,C,True,Forecast
23536,WALL ART VILLAGE SHOW,2011-11,2011-12,M2_gbm_poisson,112.581599,147,199.000000,C,True,Forecast
23537,WALL ART I LOVE LONDON,2011-11,2011-12,M2_gbm_poisson,52.861586,58,36.666667,C,True,Forecast
23538,WALL ART VINTAGE HEART,2011-11,2011-12,M2_gbm_poisson,46.512171,23,109.333333,C,True,Forecast
23539,WALL ART LOVES' SECRET,2011-11,2011-12,M2_gbm_poisson,47.415101,36,80.000000,C,True,Forecast
23540,WALL ART THE MAGIC FOREST,2011-11,2011-12,M2_gbm_poisson,27.316821,8,49.666667,C,True,Forecast
23541,WALL ART CLASSIC PUDDINGS,2011-11,2011-12,M2_gbm_poisson,175.531481,313,288.000000,C,True,Forecast
23542,WALL ART 70'S ALPHABET,2011-11,2011-12,M2_gbm_poisson,98.022828,157,122.666667,C,True,Forecast
23543,WALL ART KEEP CALM,2011-11,2011-12,M2_gbm_poisson,107.819655,161,170.666667,C,True,Forecast
23544,WALL ART MID CENTURY MODERN,2011-11,2011-12,M2_gbm_poisson,28.649293,13,53.000000,C,True,Forecast
23545,WRAP RED VINTAGE DOILY,2011-11,2011-12,M2_gbm_poisson,160.764469,450,533.333333,C,True,Forecast
23546,WRAP PAISLEY PARK,2011-11,2011-12,M2_gbm_poisson,209.359145,650,658.333333,C,True,Forecast
23547,WRAP FLOWER SHOP,2011-11,2011-12,M2_gbm_poisson,93.750746,175,291.666667,C,True,Forecast
23548,WRAP MAGIC FOREST,2011-11,2011-12,M2_gbm_poisson,72.969986,175,175.000000,C,True,Forecast
23549,WRAP BIRD GARDEN,2011-11,2011-12,M2_gbm_poisson,90.363929,200,283.333333,C,True,Forecast
23550,WRAP ALPHABET POSTER,2011-11,2011-12,M2_gbm_poisson,118.341529,250,316.666667,C,True,Forecast
23551,PACK OF 12 PAISLEY PARK TISSUES,2011-11,2011-12,M2_gbm_poisson,230.366306,473,574.333333,C,True,Forecast
23552,BICYCLE PUNCTURE REPAIR KIT,2011-11,2011-12,M2_gbm_poisson,432.426311,623,207.666667,C,True,Forecast
23553,LANDMARK FRAME CAMDEN TOWN,2011-11,2011-12,M2_gbm_poisson,74.347748,77,142.666667,C,True,Forecast
23554,LANDMARK FRAME OXFORD STREET,2011-11,2011-12,M2_gbm_poisson,56.964697,38,138.000000,C,True,Forecast
23555,LANDMARK FRAME NOTTING HILL,2011-11,2011-12,M2_gbm_poisson,52.943782,37,137.000000,C,True,Forecast
23556,LANDMARK FRAME COVENT GARDEN,2011-11,2011-12,M2_gbm_poisson,59.062090,44,141.333333,C,True,Forecast
23557,LANDMARK FRAME BAKER STREET,2011-11,2011-12,M2_gbm_poisson,37.916608,22,115.000000,C,True,Forecast
23558,LANDMARK FRAME LONDON BRIDGE,2011-11,2011-12,M2_gbm_poisson,59.062090,40,135.333333,C,True,Forecast
23559,WOODLAND BUNNIES LOLLY MAKERS,2011-11,2011-12,M2_gbm_poisson,97.471771,121,187.666667,C,True,Forecast
23560,SET OF 6 RIBBONS COUNTRY STYLE,2011-11,2011-12,M2_gbm_poisson,95.662987,49,16.333333,C,True,Forecast
23561,SET OF 6 RIBBONS PARTY,2011-11,2011-12,M2_gbm_poisson,94.808946,51,17.000000,C,True,Forecast
23562,SET OF 6 RIBBONS PERFECTLY PRETTY,2011-11,2011-12,M2_gbm_poisson,92.261233,33,11.000000,C,True,Forecast
23564,EGG CUP MILKMAID INGRID,2011-11,2011-12,M2_gbm_poisson,125.331346,220,204.666667,C,True,Forecast
23565,EGG CUP MILKMAID HELGA,2011-11,2011-12,M2_gbm_poisson,125.528993,205,125.000000,C,True,Forecast
23566,EGG CUP MILKMAID HEIDI,2011-11,2011-12,M2_gbm_poisson,178.484990,322,234.333333,C,True,Forecast
23567,EGG CUP HENRIETTA HEN PINK,2011-11,2011-12,M2_gbm_poisson,82.704774,124,67.000000,C,True,Forecast
23568,EGG CUP HENRIETTA HEN CREAM,2011-11,2011-12,M2_gbm_poisson,126.171956,219,159.000000,C,True,Forecast
23569,TRADTIONAL ALPHABET STAMP SET,2011-11,2011-12,M2_gbm_poisson,251.511496,557,232.000000,C,True,Forecast
23570,TRADITIONAL PICK UP STICKS GAME,2011-11,2011-12,M2_gbm_poisson,1027.769338,2058,788.000000,C,True,Forecast
23571,TRADITIONAL NAUGHTS & CROSSES,2011-11,2011-12,M2_gbm_poisson,937.826844,2247,870.333333,C,True,Forecast
23574,PACKING CHARGE,2011-11,2011-12,M2_gbm_poisson,15.437905,5,3.666667,C,True,Forecast
23575,SNACK TRAY PAISLEY PARK,2011-11,2011-12,M2_gbm_poisson,86.302842,29,9.666667,C,True,Forecast
23576,SNACK TRAY RED VINTAGE DOILY,2011-11,2011-12,M2_gbm_poisson,93.289845,40,13.333333,C,True,Forecast
23578,SNACK TRAY RED GINGHAM,2011-11,2011-12,M2_gbm_poisson,56.935319,19,6.333333,C,True,Forecast
23579,SNACK TRAY I LOVE LONDON,2011-11,2011-12,M2_gbm_poisson,44.106086,24,10.333333,C,True,Forecast
23580,SNACK TRAY HAPPY FOREST,2011-11,2011-12,M2_gbm_poisson,93.863373,42,14.000000,C,True,Forecast
23581,JUMBO BAG PAISLEY PARK,2011-11,2011-12,M2_gbm_poisson,1460.383126,3159,1443.666667,C,True,Forecast
23582,VINTAGE DOILY JUMBO BAG RED,2011-11,2011-12,M2_gbm_poisson,996.257696,2099,900.333333,C,True,Forecast
23583,LUNCH BAG PAISLEY PARK,2011-11,2011-12,M2_gbm_poisson,1071.630530,2316,999.000000,C,True,Forecast
23597,PAPER BUNTING PAISLEY PARK,2011-11,2011-12,M2_gbm_poisson,159.369167,110,36.666667,C,True,Forecast
23598,PAPER BUNTING VINTAGE PARTY,2011-11,2011-12,M2_gbm_poisson,194.614781,217,72.333333,C,True,Forecast
23601,SET 10 CARDS SNOWY SNOWDROPS  17100,2011-11,2011-12,M2_gbm_poisson,26.110915,7,2.666667,C,True,Forecast
23602,SET 10 CARDS 3 WISE MEN 17107,2011-11,2011-12,M2_gbm_poisson,8.987869,1,0.333333,C,True,Forecast
23603,SET 10 CARD KRAFT REINDEER 17084,2011-11,2011-12,M2_gbm_poisson,28.260380,10,4.333333,C,True,Forecast
23604,SET 10 MINI SANTA & SNOWMAN  17087,2011-11,2011-12,M2_gbm_poisson,52.230737,0,1.333333,C,True,Forecast
23605,SET 10 CARDS 12 DAYS OF XMAS 17059,2011-11,2011-12,M2_gbm_poisson,10.699678,0,1.333333,C,True,Forecast
23607,SET 10 CARDS HATS & STOCKINGS 17081,2011-11,2011-12,M2_gbm_poisson,19.013977,4,2.666667,C,True,Forecast
23608,SET 10 CARDS RUDOLPHS NOSE 17097,2011-11,2011-12,M2_gbm_poisson,13.489281,3,1.000000,C,True,Forecast
23609,SET 10 CARDS SNOWY ROBIN 17099,2011-11,2011-12,M2_gbm_poisson,8.987869,1,0.333333,C,True,Forecast
23610,SET 10 CARDS CHRISTMAS ROBIN 17095,2011-11,2011-12,M2_gbm_poisson,9.118624,1,1.000000,C,True,Forecast
23611,SET 10 CARDS RED RIDING HOOD 17214,2011-11,2011-12,M2_gbm_poisson,37.576323,21,12.000000,C,True,Forecast
23612,SET 10 MINICARDS CUTE SNOWMAN 17071,2011-11,2011-12,M2_gbm_poisson,21.957855,4,1.666667,C,True,Forecast
23613,SET 10 XMAS CARDS & BADGES 17070,2011-11,2011-12,M2_gbm_poisson,25.495306,8,3.666667,C,True,Forecast
23614,SET 10 CARDS 12 DAYS WRAP  17058,2011-11,2011-12,M2_gbm_poisson,24.084298,3,6.000000,C,True,Forecast
23615,SET 10 CARDS PRINTED GRAPHIC 17219,2011-11,2011-12,M2_gbm_poisson,10.904570,2,1.000000,C,True,Forecast
23616,SET 10 CARDS JINGLE BELLS 17217,2011-11,2011-12,M2_gbm_poisson,36.899490,5,1.666667,C,True,Forecast
23617,SET 10 CARDS SWIRLY XMAS TREE 17104,2011-11,2011-12,M2_gbm_poisson,12.541735,2,0.666667,C,True,Forecast
23619,SET 10 CARDS POINSETTIA 17093,2011-11,2011-12,M2_gbm_poisson,11.684494,1,1.333333,C,True,Forecast
23620,SET 10 CARDS PERFECT POST 17090,2011-11,2011-12,M2_gbm_poisson,19.944368,2,3.333333,C,True,Forecast
23621,SET 10 CARDS DAVID'S MADONNA 17074,2011-11,2011-12,M2_gbm_poisson,12.219653,2,0.666667,C,True,Forecast
23623,SET 10 CARD CHRISTMAS WELCOME 17112,2011-11,2011-12,M2_gbm_poisson,16.710998,4,2.666667,C,True,Forecast
23624,SET 10 CARD PERFECT NATIVITY 17089,2011-11,2011-12,M2_gbm_poisson,7.772741,2,1.333333,C,True,Forecast
23625,SET 6 CARDS SPARKLY REINDEER 17262,2011-11,2011-12,M2_gbm_poisson,13.248469,1,2.666667,C,True,Forecast
23626,SET 10 CARDS DINKY TREE 17076,2011-11,2011-12,M2_gbm_poisson,37.284078,30,11.666667,C,True,Forecast
23627,SET 10 CARDS XMAS GRAPHIC  17218,2011-11,2011-12,M2_gbm_poisson,38.887229,7,2.333333,C,True,Forecast
23628,SET 10 CARDS TRIANGLE ICONS  17220,2011-11,2011-12,M2_gbm_poisson,5.069005,0,0.333333,C,True,Forecast
23629,SET 10 CARDS DRESSING UP 17077,2011-11,2011-12,M2_gbm_poisson,25.888991,11,8.000000,C,True,Forecast
23630,SET 10 CARDS HANGING BAUBLES 17080,2011-11,2011-12,M2_gbm_poisson,6.911626,1,0.666667,C,True,Forecast
23632,SET 10 CARDS CHEERFUL ROBIN 17065,2011-11,2011-12,M2_gbm_poisson,28.741965,11,5.000000,C,True,Forecast
23633,SET 10 CARDS WORLD CHILDREN 17067,2011-11,2011-12,M2_gbm_poisson,10.904570,2,1.000000,C,True,Forecast
23634,SET 10 CARDS XMAS CHOIR 17068,2011-11,2011-12,M2_gbm_poisson,5.466298,1,1.333333,C,True,Forecast
23635,SET 10 CARDS CHRISTMAS HOLLY  17259,2011-11,2011-12,M2_gbm_poisson,5.846317,1,0.666667,C,True,Forecast
23636,SET 10 CARDS WISHING TREE 17116,2011-11,2011-12,M2_gbm_poisson,8.388419,2,1.000000,C,True,Forecast
23637,SET 10 CARDS OUT OF ORDER 17216,2011-11,2011-12,M2_gbm_poisson,21.203419,4,3.333333,C,True,Forecast
23638,SET 10 CARDS ROBIN WATERPUMP  17096,2011-11,2011-12,M2_gbm_poisson,5.479605,1,0.666667,C,True,Forecast
23639,SET 10 CARDS MAGICAL TREE 17086,2011-11,2011-12,M2_gbm_poisson,5.698393,2,1.333333,C,True,Forecast
23640,SET 10 CARDS SCOTTIE DOG 17211,2011-11,2011-12,M2_gbm_poisson,16.698499,0,2.333333,C,True,Forecast
23643,SET 10 CARDS CHRISTMAS BAUBLE 16954,2011-11,2011-12,M2_gbm_poisson,5.069005,0,0.333333,C,True,Forecast
23644,SET 10 CARDS CHRISTMAS TREE 16955,2011-11,2011-12,M2_gbm_poisson,5.466298,1,1.333333,C,True,Forecast
23645,SET 10 CHRISTMAS CARDS HOHOHO 16956,2011-11,2011-12,M2_gbm_poisson,31.288036,6,2.333333,C,True,Forecast
23646,SET 10 CARDS JINGLE BELLS 16957,2011-11,2011-12,M2_gbm_poisson,35.361536,6,2.666667,C,True,Forecast
23649,SET 10 CARDS DECK THE HALLS 16960,2011-11,2011-12,M2_gbm_poisson,12.219653,2,0.666667,C,True,Forecast
23650,SET 10 CARDS FILIGREE BAUBLE 16961,2011-11,2011-12,M2_gbm_poisson,9.557228,2,1.000000,C,True,Forecast
23652,SET 10 CARD CHRISTMAS STAMPS 16963,2011-11,2011-12,M2_gbm_poisson,12.541735,2,0.666667,C,True,Forecast
23654,SET 10 CARD SNOWMAN 16965,2011-11,2011-12,M2_gbm_poisson,10.520094,2,1.000000,C,True,Forecast
23660,HENRIETTA HEN MUG,2011-11,2011-12,M2_gbm_poisson,107.637731,179,97.333333,C,True,Forecast
23661,MILK MAIDS MUG,2011-11,2011-12,M2_gbm_poisson,80.035007,109,68.666667,C,True,Forecast
23664,FLOWER SHOP DESIGN MUG,2011-11,2011-12,M2_gbm_poisson,9.828593,1,0.333333,C,True,Forecast
23681,LUNCH BAG RED VINTAGE DOILY,2011-11,2011-12,M2_gbm_poisson,896.359630,1271,423.666667,C,True,Forecast
23691,WRAP KEEP CALM BIRTHDAY,2011-11,2011-12,M2_gbm_poisson,333.544563,875,291.666667,C,True,Forecast
23692,WRAP A PRETTY THANK YOU,2011-11,2011-12,M2_gbm_poisson,124.599422,50,16.666667,C,True,Forecast
23694,PAISLEY PARK CARD,2011-11,2011-12,M2_gbm_poisson,314.628706,274,91.333333,C,True,Forecast
23695,DOILY THANK YOU CARD,2011-11,2011-12,M2_gbm_poisson,417.857058,495,165.000000,C,True,Forecast
23697,A PRETTY THANK YOU CARD,2011-11,2011-12,M2_gbm_poisson,300.727522,358,119.333333,C,True,Forecast
23702,High Resolution Image,2011-11,2011-12,M2_gbm_poisson,8.659301,3,1.333333,C,True,Forecast
35001G,HAND OPEN SHAPE GOLD,2011-11,2011-12,M2_gbm_poisson,38.150108,30,21.000000,B,True,Forecast
35004B,SET OF 3 BLACK FLYING DUCKS,2011-11,2011-12,M2_gbm_poisson,33.400909,19,42.000000,A,True,Forecast
35004G,SET OF 3 GOLD FLYING DUCKS,2011-11,2011-12,M2_gbm_poisson,20.889637,15,9.333333,B,True,Forecast
35095A,BLUE VICTORIAN FABRIC OVAL BOX,2011-11,2011-12,M2_gbm_poisson,71.718662,204,83.333333,C,True,Forecast
35095B,RED VICTORIAN FABRIC OVAL BOX,2011-11,2011-12,M2_gbm_poisson,60.643557,91,69.333333,C,True,Forecast
35265,COLOURFUL FLOWER FRUIT BOWL,2011-11,2011-12,M2_gbm_poisson,4.001501,0,1.000000,C,True,Forecast
35400,WOODEN BOX ADVENT CALENDAR,2011-11,2011-12,M2_gbm_poisson,8.328246,5,1.666667,A,True,Forecast
35443,RASTA IN BATH W SPLIFF ASHTRAY,2011-11,2011-12,M2_gbm_poisson,5.382050,3,1.666667,C,True,Forecast
35471D,SET OF 3 BIRD LIGHT PINK FEATHER,2011-11,2011-12,M2_gbm_poisson,288.484251,718,412.333333,C,True,Forecast
35591T,TURQUOISE CHRISTMAS TREE,2011-11,2011-12,M2_gbm_poisson,4.727730,1,0.666667,C,True,Forecast
35597D,PINK/WHITE CHRISTMAS TREE 30CM,2011-11,2011-12,M2_gbm_poisson,7.127543,0,7.333333,C,True,Forecast
35598A,DUSTY PINK CHRISTMAS TREE 60CM,2011-11,2011-12,M2_gbm_poisson,12.612596,9,3.000000,C,True,Forecast
35598B,BLACK CHRISTMAS TREE 60CM,2011-11,2011-12,M2_gbm_poisson,65.551495,135,160.000000,C,True,Forecast
35598C,WHITE CHRISTMAS TREE 60CM,2011-11,2011-12,M2_gbm_poisson,5.842509,2,0.666667,C,True,Forecast
35598D,PINK/WHITE CHRISTMAS TREE 60CM,2011-11,2011-12,M2_gbm_poisson,62.952742,77,156.000000,C,True,Forecast
35599B,BLACK CHRISTMAS TREE 120CM,2011-11,2011-12,M2_gbm_poisson,51.660225,80,41.333333,C,True,Forecast
35599D,PINK AND WHITE CHRISTMAS TREE 120CM,2011-11,2011-12,M2_gbm_poisson,50.187365,80,37.666667,B,True,Forecast
35607B,BLACK FEATHER CHRISTMAS DECORATION,2011-11,2011-12,M2_gbm_poisson,5.633226,0,3.333333,C,True,Forecast
35637A,IVORY STRING CURTAIN WITH POLE,2011-11,2011-12,M2_gbm_poisson,23.607309,7,19.333333,B,True,Forecast
35637C,PINK STRING CURTAIN WITH POLE,2011-11,2011-12,M2_gbm_poisson,11.830786,3,6.666667,C,True,Forecast
35638A,PINK AND BLACK STRING CURTAIN,2011-11,2011-12,M2_gbm_poisson,6.120537,1,1.000000,C,True,Forecast
35638B,PINK/BLUE STRING CURTAIN,2011-11,2011-12,M2_gbm_poisson,5.209271,1,0.666667,C,True,Forecast
35645,VINTAGE BEAD PINK JEWEL BOX,2011-11,2011-12,M2_gbm_poisson,3.223992,0,0.333333,C,True,Forecast
35646,VINTAGE BEAD PINK EVENING BAG,2011-11,2011-12,M2_gbm_poisson,70.557113,129,84.333333,C,True,Forecast
35648,VINTAGE BEAD PINK PURSE,2011-11,2011-12,M2_gbm_poisson,78.147666,148,121.666667,C,True,Forecast
35649,VINTAGE BEAD COSMETIC BAG,2011-11,2011-12,M2_gbm_poisson,23.270185,14,10.000000,B,True,Forecast
35650,VINTAGE BEAD PINK JEWEL STAND,2011-11,2011-12,M2_gbm_poisson,2.443777,0,0.000000,C,True,Forecast
35651,VINTAGE BEAD PINK SCARF,2011-11,2011-12,M2_gbm_poisson,38.581195,33,45.333333,C,True,Forecast
35653,VINTAGE BEAD NOTEBOOK,2011-11,2011-12,M2_gbm_poisson,4.149691,0,0.000000,C,True,Forecast
35809A,ENAMEL PINK TEA CONTAINER,2011-11,2011-12,M2_gbm_poisson,2.006944,0,0.000000,B,True,Forecast
35810A,ENAMEL PINK COFFEE CONTAINER,2011-11,2011-12,M2_gbm_poisson,19.025832,0,20.666667,B,True,Forecast
35810B,ENAMEL BLUE RIM COFFEE CONTAINER,2011-11,2011-12,M2_gbm_poisson,10.097947,5,2.333333,C,True,Forecast
35815P,"ACRYLIC JEWEL SNOWFLAKE, PINK",2011-11,2011-12,M2_gbm_poisson,9.883347,0,37.666667,C,True,Forecast
35816P,"ACRYLIC JEWEL ANGEL,PINK",2011-11,2011-12,M2_gbm_poisson,3.189289,0,0.000000,C,True,Forecast
35817P,"ACRYLIC JEWEL SNOWFLAKE,PINK",2011-11,2011-12,M2_gbm_poisson,2.904496,0,0.000000,C,True,Forecast
35818B,"ACRYLIC JEWEL ICICLE, BLUE",2011-11,2011-12,M2_gbm_poisson,9.492909,1,2.333333,C,True,Forecast
35818P,"ACRYLIC JEWEL ICICLE, PINK",2011-11,2011-12,M2_gbm_poisson,59.485829,125,74.000000,C,True,Forecast
35819B,"ACRYLIC HANGING JEWEL,BLUE",2011-11,2011-12,M2_gbm_poisson,60.349580,90,85.333333,C,True,Forecast
35819P,"ACRYLIC HANGING JEWEL,PINK",2011-11,2011-12,M2_gbm_poisson,36.321421,14,31.666667,C,True,Forecast
35833P,4 PINK FLOCK CHRISTMAS BALLS,2011-11,2011-12,M2_gbm_poisson,20.871767,19,7.333333,C,True,Forecast
35909B,PINK FLOWERS RABBIT EASTER,2011-11,2011-12,M2_gbm_poisson,2.064227,0,0.000000,C,True,Forecast
35910B,PINK FLOWERS RABBIT EASTER,2011-11,2011-12,M2_gbm_poisson,5.295226,1,0.333333,C,True,Forecast
35911A,MULTICOLOUR RABBIT EGG WARMER,2011-11,2011-12,M2_gbm_poisson,19.045068,2,25.000000,C,True,Forecast
35912B,WHITE/PINK CHICK DECORATION,2011-11,2011-12,M2_gbm_poisson,19.303541,0,24.333333,C,True,Forecast
35913B,WHITE/PINK CHICK EASTER DECORATION,2011-11,2011-12,M2_gbm_poisson,9.009446,1,0.333333,C,True,Forecast
35914,PINK CHICK EGG WARMER + EGG CUP,2011-11,2011-12,M2_gbm_poisson,6.082444,0,2.666667,C,True,Forecast
35915B,BLUE KNITTED HEN,2011-11,2011-12,M2_gbm_poisson,2.983835,0,0.333333,C,True,Forecast
35916A,YELLOW FELT HANGING HEART W FLOWER,2011-11,2011-12,M2_gbm_poisson,3.831949,0,0.333333,C,True,Forecast
35916B,BLUE FELT HANGING HEART WITH FLOWER,2011-11,2011-12,M2_gbm_poisson,5.310378,0,0.666667,C,True,Forecast
35916C,PINK FELT HANGING HEART W FLOWER,2011-11,2011-12,M2_gbm_poisson,3.773214,0,0.333333,C,True,Forecast
35923,CANDY HEART HANGING DECORATION,2011-11,2011-12,M2_gbm_poisson,76.967338,130,188.666667,C,True,Forecast
35924,HANGING FAIRY CAKE DECORATION,2011-11,2011-12,M2_gbm_poisson,31.286770,13,33.000000,A,True,Forecast
35933,PINK STOCKING CHRISTMAS DECORATION,2011-11,2011-12,M2_gbm_poisson,30.858535,9,54.000000,C,True,Forecast
35953,FOLKART STAR CHRISTMAS DECORATIONS,2011-11,2011-12,M2_gbm_poisson,789.915694,1935,1030.666667,C,True,Forecast
35954,SMALL FOLKART STAR CHRISTMAS DEC,2011-11,2011-12,M2_gbm_poisson,84.785544,250,345.666667,C,True,Forecast
35961,FOLKART ZINC HEART CHRISTMAS DEC,2011-11,2011-12,M2_gbm_poisson,127.314202,250,207.333333,A,True,Forecast
35964,FOLKART CLIP ON STARS,2011-11,2011-12,M2_gbm_poisson,106.396144,269,223.333333,C,True,Forecast
35965,FOLKART HEART NAPKIN RINGS,2011-11,2011-12,M2_gbm_poisson,19.613985,12,10.000000,B,True,Forecast
35966,FOLKART CHRISTMAS TREE T-LIGHT HOLD,2011-11,2011-12,M2_gbm_poisson,3.168712,0,0.000000,C,True,Forecast
35967,FOLK ART METAL STAR T-LIGHT HOLDER,2011-11,2011-12,M2_gbm_poisson,66.113897,117,101.333333,C,True,Forecast
35968,FOLK ART METAL HEART T-LIGHT HOLDER,2011-11,2011-12,M2_gbm_poisson,35.229788,13,24.000000,C,True,Forecast
35970,ZINC FOLKART SLEIGH BELLS,2011-11,2011-12,M2_gbm_poisson,805.876615,1812,1392.000000,A,True,Forecast
35971,ROSE FOLKART HEART DECORATIONS,2011-11,2011-12,M2_gbm_poisson,65.801087,116,54.000000,B,True,Forecast
35972,DAISY FOLKART HEART DECORATION,2011-11,2011-12,M2_gbm_poisson,16.914713,4,9.000000,C,True,Forecast
37327,ASSTD MULTICOLOUR CIRCLES MUG,2011-11,2011-12,M2_gbm_poisson,30.629834,16,57.333333,C,True,Forecast
37340,MULTICOLOUR SPRING FLOWER MUG,2011-11,2011-12,M2_gbm_poisson,142.000699,294,227.333333,B,True,Forecast
37342,POLKADOT COFFEE CUP & SAUCER PINK,2011-11,2011-12,M2_gbm_poisson,4.481309,0,0.333333,B,True,Forecast
37370,RETRO COFFEE MUGS ASSORTED,2011-11,2011-12,M2_gbm_poisson,14.912575,7,4.000000,A,True,Forecast
37413,ICON MUG REVOLUTIONARY,2011-11,2011-12,M2_gbm_poisson,58.279443,97,61.333333,C,True,Forecast
37444A,YELLOW BREAKFAST CUP AND SAUCER,2011-11,2011-12,M2_gbm_poisson,2.060414,0,0.000000,C,True,Forecast
37446,MINI CAKE STAND WITH HANGING CAKES,2011-11,2011-12,M2_gbm_poisson,55.519569,62,64.333333,A,True,Forecast
37447,CERAMIC CAKE DESIGN SPOTTED PLATE,2011-11,2011-12,M2_gbm_poisson,52.025536,56,47.666667,A,True,Forecast
37448,CERAMIC CAKE DESIGN SPOTTED MUG,2011-11,2011-12,M2_gbm_poisson,70.637273,141,85.666667,A,True,Forecast
37449,CERAMIC CAKE STAND + HANGING CAKES,2011-11,2011-12,M2_gbm_poisson,45.727473,41,40.333333,A,True,Forecast
37450,CERAMIC CAKE BOWL + HANGING CAKES,2011-11,2011-12,M2_gbm_poisson,50.341012,54,46.666667,A,True,Forecast
37462E,"PET MUG, GOLDFISH",2011-11,2011-12,M2_gbm_poisson,18.610882,13,4.666667,C,True,Forecast
37467,PIG MUG IN TWO COLOUR DESIGNS,2011-11,2011-12,M2_gbm_poisson,15.506107,0,13.333333,C,True,Forecast
37468,HARDMAN MUG 3 ASSORTED,2011-11,2011-12,M2_gbm_poisson,10.009417,0,13.000000,C,True,Forecast
37471,MULTICOLOUR DOTS PLATE,2011-11,2011-12,M2_gbm_poisson,9.490651,0,5.333333,C,True,Forecast
37475,SET/4 COLOURFUL MIXING BOWLS,2011-11,2011-12,M2_gbm_poisson,19.774585,16,6.000000,C,True,Forecast
37476,CONDIMENT TRAY 4 BOWLS AND 4 SPOONS,2011-11,2011-12,M2_gbm_poisson,3.368636,0,0.666667,B,True,Forecast
37479B,CUBIC MUG FLOCK BLUE ON BROWN,2011-11,2011-12,M2_gbm_poisson,2.027923,0,0.000000,B,True,Forecast
37479P,CUBIC MUG FLOCK PINK ON BROWN,2011-11,2011-12,M2_gbm_poisson,35.191817,22,24.000000,C,True,Forecast
37489A,YELLOW/PINK FLOWER DESIGN BIG MUG,2011-11,2011-12,M2_gbm_poisson,18.372916,4,5.666667,C,True,Forecast
37489B,BLUE/YELLOW FLOWER DESIGN BIG MUG,2011-11,2011-12,M2_gbm_poisson,14.106226,4,4.666667,C,True,Forecast
37489C,GREEN/BLUE FLOWER DESIGN BIG MUG,2011-11,2011-12,M2_gbm_poisson,5.150387,0,2.666667,C,True,Forecast
37489D,PINK/GREEN FLOWER DESIGN BIG MUG,2011-11,2011-12,M2_gbm_poisson,16.998087,7,7.666667,C,True,Forecast
37491A,YELLOW/PINK CERAMIC CANDLE HOLDER,2011-11,2011-12,M2_gbm_poisson,3.891679,0,1.000000,C,True,Forecast
37491B,BLUE/YELLOW CERAMIC CANDLE HOLDER,2011-11,2011-12,M2_gbm_poisson,2.039099,0,0.000000,C,True,Forecast
37491C,GREEN/BLUE CERAMIC CANDLE HOLDER,2011-11,2011-12,M2_gbm_poisson,1.984807,0,0.000000,C,True,Forecast
37491D,PURPLE/BLUE CERAMIC CANDLE HOLDER,2011-11,2011-12,M2_gbm_poisson,2.043465,0,0.000000,C,True,Forecast
37495,FAIRY CAKE BIRTHDAY CANDLE SET,2011-11,2011-12,M2_gbm_poisson,46.577453,44,48.000000,A,True,Forecast
37500,TEA TIME TEAPOT IN GIFT BOX,2011-11,2011-12,M2_gbm_poisson,54.481405,81,58.000000,A,True,Forecast
37501,TEA TIME TEA SET IN GIFT BOX,2011-11,2011-12,M2_gbm_poisson,2.704762,0,0.000000,A,True,Forecast
40001,WHITE BAMBOO RIBS LAMPSHADE,2011-11,2011-12,M2_gbm_poisson,42.639444,15,95.666667,B,True,Forecast
40003,WHITE BAMBOO RIBS LAMPSHADE,2011-11,2011-12,M2_gbm_poisson,1.984807,0,0.000000,B,True,Forecast
40005B,BLUE ORGANDY ROUND LAMPSHADE W BEA,2011-11,2011-12,M2_gbm_poisson,13.590557,9,3.666667,C,True,Forecast
40016,CHINESE DRAGON PAPER LANTERNS,2011-11,2011-12,M2_gbm_poisson,22.338573,0,312.666667,A,True,Forecast
40046A,RED DAISY PAPER LAMPSHADE,2011-11,2011-12,M2_gbm_poisson,8.762792,0,6.000000,C,True,Forecast
44089A,PINK GAUZE BUTTERFLY LAMPSHADE,2011-11,2011-12,M2_gbm_poisson,10.819025,8,3.333333,C,True,Forecast
44089C,LILAC GAUZE BUTTERFLY LAMPSHADE,2011-11,2011-12,M2_gbm_poisson,3.927878,0,1.333333,C,True,Forecast
44091A,BLUE CRUSOE CHECK LAMPSHADE,2011-11,2011-12,M2_gbm_poisson,2.064826,0,0.000000,C,True,Forecast
44092B,BLUE WHITE PLASTIC RINGS LAMPSHADE,2011-11,2011-12,M2_gbm_poisson,3.353053,0,1.000000,C,True,Forecast
44092C,PURPLE/COPPER HANGING LAMPSHADE,2011-11,2011-12,M2_gbm_poisson,6.354500,0,2.666667,C,True,Forecast
44228,CANNABIS LEAF BEAD CURTAIN,2011-11,2011-12,M2_gbm_poisson,2.874449,0,0.000000,C,True,Forecast
44234,ASSORTED CIRCULAR MOBILE,2011-11,2011-12,M2_gbm_poisson,40.338563,37,18.666667,C,True,Forecast
44235,ASS COL CIRCLE MOBILE,2011-11,2011-12,M2_gbm_poisson,17.452229,8,4.333333,C,True,Forecast
44236,PINK/PURPLE CIRCLE CURTAIN,2011-11,2011-12,M2_gbm_poisson,3.135932,0,0.000000,C,True,Forecast
44242A,LILAC FEATHERS CURTAIN,2011-11,2011-12,M2_gbm_poisson,1.984807,0,0.000000,C,True,Forecast
44242B,PINK FEATHERS CURTAIN,2011-11,2011-12,M2_gbm_poisson,9.908508,0,10.666667,C,True,Forecast
45013,FOLDING SHOE TIDY,2011-11,2011-12,M2_gbm_poisson,3.244928,0,0.333333,C,True,Forecast
46000M,POLYESTER FILLER PAD 45x45cm,2011-11,2011-12,M2_gbm_poisson,91.076882,139,154.666667,B,True,Forecast
46000P,POLYESTER FILLER PAD 65CMx65CM,2011-11,2011-12,M2_gbm_poisson,4.989864,0,3.333333,C,True,Forecast
46000R,POLYESTER FILLER PAD 45x30cm,2011-11,2011-12,M2_gbm_poisson,29.505288,18,15.000000,C,True,Forecast
46000S,POLYESTER FILLER PAD 40x40cm,2011-11,2011-12,M2_gbm_poisson,115.198196,220,230.666667,A,True,Forecast
46000U,POLYESTER FILLER PAD 30CMx30CM,2011-11,2011-12,M2_gbm_poisson,12.984792,0,14.333333,C,True,Forecast
46118,FUNKY MONKEY CUSHION COVER,2011-11,2011-12,M2_gbm_poisson,45.962439,35,39.666667,C,True,Forecast
46138B,BLUE CHENILLE SHAGGY CUSHION COVER,2011-11,2011-12,M2_gbm_poisson,6.582060,2,1.333333,C,True,Forecast
46775D,SUNSET COLOUR CHUNKY KNITTED THROW,2011-11,2011-12,M2_gbm_poisson,9.705681,4,6.666667,B,True,Forecast
46776A,WOVEN BUBBLE GUM CUSHION COVER,2011-11,2011-12,M2_gbm_poisson,40.195566,37,31.333333,C,True,Forecast
46776B,WOVEN BERRIES CUSHION COVER,2011-11,2011-12,M2_gbm_poisson,40.195566,34,31.000000,C,True,Forecast
46776C,WOVEN FROST CUSHION COVER,2011-11,2011-12,M2_gbm_poisson,38.596656,27,20.666667,C,True,Forecast
46776D,WOVEN SUNSET CUSHION COVER,2011-11,2011-12,M2_gbm_poisson,27.976575,18,14.000000,C,True,Forecast
46776E,WOVEN CANDY CUSHION COVER,2011-11,2011-12,M2_gbm_poisson,20.380787,14,13.333333,C,True,Forecast
46776F,WOVEN ROSE GARDEN CUSHION COVER,2011-11,2011-12,M2_gbm_poisson,47.032206,38,43.000000,B,True,Forecast
47013C,WINE BOTTLE DRESSING DARK BLUE,2011-11,2011-12,M2_gbm_poisson,2.018525,0,0.000000,C,True,Forecast
47016,LIGHT DECORATION BATTERY OPERATED,2011-11,2011-12,M2_gbm_poisson,6.191079,2,0.666667,C,True,Forecast
47021G,SET/6 BEAD COASTERS GAUZE BAG GOLD,2011-11,2011-12,M2_gbm_poisson,2.027923,0,0.000000,C,True,Forecast
47310M,SMALL POP BOX FUNKY MONKEY,2011-11,2011-12,M2_gbm_poisson,57.880194,61,46.666667,C,True,Forecast
47341A,FUSCHIA TABLE RUN FLOWER,2011-11,2011-12,M2_gbm_poisson,1.984807,0,0.000000,C,True,Forecast
47341B,BLUE TABLE RUN FLOWER,2011-11,2011-12,M2_gbm_poisson,13.685738,6,5.000000,C,True,Forecast
47343A,FUSCHIA FLOWER PURSE WITH BEADS,2011-11,2011-12,M2_gbm_poisson,3.135932,0,0.000000,C,True,Forecast
47344B,BLUE FLOWER DES PURSE,2011-11,2011-12,M2_gbm_poisson,1.984807,0,0.000000,C,True,Forecast
47348A,FUSCHIA VOILE POINTY SHOE DEC,2011-11,2011-12,M2_gbm_poisson,5.680661,0,3.000000,C,True,Forecast
47351B,BLUE  VOILE LAMPSHADE,2011-11,2011-12,M2_gbm_poisson,9.034944,4,2.666667,C,True,Forecast
47367B,PAIR PADDED HANGERS PINK CHECK,2011-11,2011-12,M2_gbm_poisson,5.345133,0,2.000000,C,True,Forecast
47369A,PINK GREEN EMBROIDERY COSMETIC BAG,2011-11,2011-12,M2_gbm_poisson,5.977297,3,1.666667,C,True,Forecast
47369B,BLUE GREEN EMBROIDERY COSMETIC BAG,2011-11,2011-12,M2_gbm_poisson,9.730876,5,2.666667,C,True,Forecast
47420,ASSORTED COLOUR SUCTION CUP HOOK,2011-11,2011-12,M2_gbm_poisson,20.622525,4,15.000000,C,True,Forecast
47421,ASSORTED COLOUR LIZARD SUCTION HOOK,2011-11,2011-12,M2_gbm_poisson,66.863750,190,138.666667,C,True,Forecast
47422,ASSORTED MONKEY SUCTION CUP HOOK,2011-11,2011-12,M2_gbm_poisson,53.230368,48,72.666667,C,True,Forecast
47469,ASSORTED SHAPES PHOTO CLIP SILVER,2011-11,2011-12,M2_gbm_poisson,51.838944,142,47.666667,C,True,Forecast
47471,RAINBOW PEGS PHOTO CLIP STRING,2011-11,2011-12,M2_gbm_poisson,35.133735,33,14.666667,C,True,Forecast
47480,HANGING PHOTO CLIP ROPE LADDER,2011-11,2011-12,M2_gbm_poisson,42.653913,37,29.333333,B,True,Forecast
47481,50CM METAL STRING WITH  7 CLIPS,2011-11,2011-12,M2_gbm_poisson,16.165784,8,4.666667,C,True,Forecast
47503A,ASS FLORAL PRINT MULTI SCREWDRIVER,2011-11,2011-12,M2_gbm_poisson,209.759442,391,426.000000,C,True,Forecast
47503H,ASS FLORAL PRINT SPIRIT LEVEL,2011-11,2011-12,M2_gbm_poisson,43.066884,23,25.000000,C,True,Forecast
47504H,ENGLISH ROSE SPIRIT LEVEL,2011-11,2011-12,M2_gbm_poisson,69.624977,126,92.000000,C,True,Forecast
47504K,ENGLISH ROSE GARDEN SECATEURS,2011-11,2011-12,M2_gbm_poisson,149.514675,24,222.666667,B,True,Forecast
47518F,ICON PLACEMAT POP ART ELVIS,2011-11,2011-12,M2_gbm_poisson,69.161049,77,82.666667,C,True,Forecast
47559B,TEA TIME OVEN GLOVE,2011-11,2011-12,M2_gbm_poisson,173.047013,331,195.666667,A,True,Forecast
47563A,RETRO LONGBOARD IRONING BOARD COVER,2011-11,2011-12,M2_gbm_poisson,47.256625,29,32.333333,C,True,Forecast
47566,PARTY BUNTING,2011-11,2011-12,M2_gbm_poisson,715.447245,916,889.666667,A,True,Forecast
47566B,TEA TIME PARTY BUNTING,2011-11,2011-12,M2_gbm_poisson,41.710104,21,42.000000,A,True,Forecast
47567B,TEA TIME KITCHEN APRON,2011-11,2011-12,M2_gbm_poisson,49.173340,52,62.000000,A,True,Forecast
47574A,ENGLISH ROSE SCENTED HANGING FLOWER,2011-11,2011-12,M2_gbm_poisson,17.769031,0,28.000000,C,True,Forecast
47578A,ENGLISH ROSE SMALL SCENTED FLOWER,2011-11,2011-12,M2_gbm_poisson,49.237076,56,40.000000,C,True,Forecast
47580,TEA TIME DES TEA COSY,2011-11,2011-12,M2_gbm_poisson,25.076957,11,19.000000,A,True,Forecast
47585A,PINK FAIRY CAKE CUSHION COVER,2011-11,2011-12,M2_gbm_poisson,16.702684,9,8.666667,B,True,Forecast
47586A,PINK FAIRY CAKE CUSHION COVER,2011-11,2011-12,M2_gbm_poisson,10.659720,6,2.666667,C,True,Forecast
47590A,BLUE HAPPY BIRTHDAY BUNTING,2011-11,2011-12,M2_gbm_poisson,96.210411,125,157.000000,A,True,Forecast
47590B,PINK HAPPY BIRTHDAY BUNTING,2011-11,2011-12,M2_gbm_poisson,119.723009,126,168.666667,A,True,Forecast
47591D,PINK FAIRY CAKE CHILDRENS APRON,2011-11,2011-12,M2_gbm_poisson,309.393163,703,411.333333,A,True,Forecast
47593B,SCOTTIE DOGS BABY BIB,2011-11,2011-12,M2_gbm_poisson,153.138904,225,120.666667,C,True,Forecast
47594A,CAROUSEL DESIGN WASHBAG,2011-11,2011-12,M2_gbm_poisson,12.227114,6,7.333333,C,True,Forecast
47594B,SCOTTIES DESIGN WASHBAG,2011-11,2011-12,M2_gbm_poisson,10.183658,1,4.666667,C,True,Forecast
47599A,PINK PARTY BAGS,2011-11,2011-12,M2_gbm_poisson,54.564061,26,99.000000,A,True,Forecast
47599B,BLUE PARTY BAGS,2011-11,2011-12,M2_gbm_poisson,68.302067,186,99.666667,A,True,Forecast
48111,DOORMAT 3 SMILEY CATS,2011-11,2011-12,M2_gbm_poisson,132.222371,66,214.333333,A,True,Forecast
48116,DOORMAT MULTICOLOUR STRIPE,2011-11,2011-12,M2_gbm_poisson,43.613755,22,166.333333,A,True,Forecast
48129,DOORMAT TOPIARY,2011-11,2011-12,M2_gbm_poisson,52.707904,44,145.666667,A,True,Forecast
48138,DOORMAT UNION FLAG,2011-11,2011-12,M2_gbm_poisson,175.451361,203,385.333333,A,True,Forecast
48173C,DOORMAT BLACK FLOCK,2011-11,2011-12,M2_gbm_poisson,96.003593,111,107.333333,A,True,Forecast
48184,DOORMAT ENGLISH ROSE,2011-11,2011-12,M2_gbm_poisson,126.905550,149,267.000000,A,True,Forecast
48185,DOORMAT FAIRY CAKE,2011-11,2011-12,M2_gbm_poisson,108.844680,139,280.333333,A,True,Forecast
48187,DOORMAT NEW ENGLAND,2011-11,2011-12,M2_gbm_poisson,209.267469,243,380.333333,A,True,Forecast
48188,DOORMAT WELCOME PUPPIES,2011-11,2011-12,M2_gbm_poisson,71.332133,40,113.666667,A,True,Forecast
48194,DOORMAT HEARTS,2011-11,2011-12,M2_gbm_poisson,185.111229,206,335.333333,A,True,Forecast
51008,AFGHAN SLIPPER SOCK PAIR,2011-11,2011-12,M2_gbm_poisson,17.483244,6,10.666667,A,True,Forecast
51014A,"FEATHER PEN,HOT PINK",2011-11,2011-12,M2_gbm_poisson,360.516532,963,745.000000,B,True,Forecast
51014C,"FEATHER PEN,COAL BLACK",2011-11,2011-12,M2_gbm_poisson,309.655898,826,511.000000,B,True,Forecast
51014L,"FEATHER PEN,LIGHT PINK",2011-11,2011-12,M2_gbm_poisson,139.547634,430,328.000000,B,True,Forecast
62018,SOMBRERO,2011-11,2011-12,M2_gbm_poisson,71.081343,28,147.000000,A,True,Forecast
62074B,ELEPHANT CLIP W SUCTION CUP,2011-11,2011-12,M2_gbm_poisson,2.064826,0,0.000000,C,True,Forecast
62086A,PINK RETRO BIG FLOWER BAG,2011-11,2011-12,M2_gbm_poisson,2.006944,0,0.000000,C,True,Forecast
70006,LOVE HEART POCKET WARMER,2011-11,2011-12,M2_gbm_poisson,56.433639,68,57.666667,A,True,Forecast
70007,HI TEC ALPINE HAND WARMER,2011-11,2011-12,M2_gbm_poisson,66.856111,118,91.666667,B,True,Forecast
71038,WHITE HANGING BEADS CANDLE HOLDER,2011-11,2011-12,M2_gbm_poisson,28.254657,22,25.000000,B,True,Forecast
71050,SMALL SINGLE FLAME CANDLE HOLDER,2011-11,2011-12,M2_gbm_poisson,20.554044,18,7.000000,C,True,Forecast
71053,WHITE METAL LANTERN,2011-11,2011-12,M2_gbm_poisson,101.746225,144,142.666667,A,True,Forecast
71101E,STANDING FAIRY POLE SUPPORT,2011-11,2011-12,M2_gbm_poisson,36.453426,30,26.666667,C,True,Forecast
71143,SILVER BOOK MARK WITH BEADS,2011-11,2011-12,M2_gbm_poisson,2.006944,0,0.000000,C,True,Forecast
71270,PHOTO CLIP LINE,2011-11,2011-12,M2_gbm_poisson,35.998337,19,22.666667,C,True,Forecast
71279,PINK GLASS CANDLEHOLDER,2011-11,2011-12,M2_gbm_poisson,27.950764,18,15.666667,C,True,Forecast
71403,"PINK/WHITE ""KEEP CLEAN"" BULLET BIN",2011-11,2011-12,M2_gbm_poisson,25.851115,17,12.666667,C,True,Forecast
71406C,BLACK ORANGE SQUEEZER,2011-11,2011-12,M2_gbm_poisson,38.424275,26,20.333333,C,True,Forecast
71459,HANGING JAM JAR T-LIGHT HOLDER,2011-11,2011-12,M2_gbm_poisson,459.678271,892,921.666667,A,True,Forecast
71477,COLOUR GLASS. STAR T-LIGHT HOLDER,2011-11,2011-12,M2_gbm_poisson,493.710947,1042,840.666667,A,True,Forecast
71495A,CD WALL TIDY BLUE OFFICE,2011-11,2011-12,M2_gbm_poisson,38.040176,48,16.333333,C,True,Forecast
71495B,CD WALL TIDY RED FLOWERS,2011-11,2011-12,M2_gbm_poisson,48.875530,48,32.333333,C,True,Forecast
71496A,A4 WALL TIDY BLUE OFFICE,2011-11,2011-12,M2_gbm_poisson,7.225702,1,2.000000,C,True,Forecast
71496B,A4 WALL TIDY RED FLOWERS,2011-11,2011-12,M2_gbm_poisson,7.877728,1,3.000000,C,True,Forecast
71510,SQUARE METAL CANDLEHOLDER BASE,2011-11,2011-12,M2_gbm_poisson,15.725510,7,4.333333,C,True,Forecast
72024U,LILAC VOTIVE CANDLE,2011-11,2011-12,M2_gbm_poisson,2.018994,0,0.000000,C,True,Forecast
72122,COFFEE SCENT PILLAR CANDLE,2011-11,2011-12,M2_gbm_poisson,49.725457,61,28.333333,C,True,Forecast
72127,COLUMBIAN CANDLE ROUND,2011-11,2011-12,M2_gbm_poisson,33.915395,26,16.000000,C,True,Forecast
72128,COLUMBIAN CANDLE ROUND,2011-11,2011-12,M2_gbm_poisson,36.321000,19,20.333333,C,True,Forecast
72130,COLUMBIAN CANDLE ROUND,2011-11,2011-12,M2_gbm_poisson,32.979005,30,13.000000,C,True,Forecast
72131,COLUMBIAN CANDLE RECTANGLE,2011-11,2011-12,M2_gbm_poisson,26.502256,7,36.666667,C,True,Forecast
72132,COLUMBIAN CUBE CANDLE,2011-11,2011-12,M2_gbm_poisson,11.299329,8,3.000000,C,True,Forecast
72133,COLUMBIAN CANDLE RECTANGLE,2011-11,2011-12,M2_gbm_poisson,13.685738,6,5.666667,C,True,Forecast
72134,COLUMBIAN  CUBE CANDLE,2011-11,2011-12,M2_gbm_poisson,13.098868,0,13.333333,C,True,Forecast
72140E,BEST DAD CANDLE LETTERS,2011-11,2011-12,M2_gbm_poisson,6.710391,0,2.333333,C,True,Forecast
72225C,LAVENDER SCENT CAKE CANDLE,2011-11,2011-12,M2_gbm_poisson,57.281325,96,104.000000,C,True,Forecast
72232,FENG SHUI PILLAR CANDLE,2011-11,2011-12,M2_gbm_poisson,118.662842,328,292.000000,B,True,Forecast
72349B,SET/6 PURPLE BUTTERFLY T-LIGHTS,2011-11,2011-12,M2_gbm_poisson,70.308892,117,79.666667,A,True,Forecast
72351A,SET/6 TURQUOISE BUTTERFLY T-LIGHTS,2011-11,2011-12,M2_gbm_poisson,50.470715,40,56.666667,A,True,Forecast
72351B,SET/6 PINK  BUTTERFLY T-LIGHTS,2011-11,2011-12,M2_gbm_poisson,86.011073,74,124.333333,A,True,Forecast
72369A,PINK CLEAR GLASS CANDLE PLATE,2011-11,2011-12,M2_gbm_poisson,15.074369,4,7.333333,C,True,Forecast
72586,SET OF 6 HALLOWEEN GHOST T-LIGHTS,2011-11,2011-12,M2_gbm_poisson,36.246715,3,184.333333,C,True,Forecast
72598,SET/12 TAPER CANDLES,2011-11,2011-12,M2_gbm_poisson,73.315623,245,133.333333,C,True,Forecast
72709,IVORY SCULPTED RND CANDLE,2011-11,2011-12,M2_gbm_poisson,7.392055,4,1.333333,C,True,Forecast
72741,GRAND CHOCOLATECANDLE,2011-11,2011-12,M2_gbm_poisson,344.735979,899,718.333333,A,True,Forecast
72760B,VINTAGE CREAM 3 BASKET CAKE STAND,2011-11,2011-12,M2_gbm_poisson,37.252690,29,26.000000,A,True,Forecast
72780,BLACK SILOUETTE CANDLE PLATE,2011-11,2011-12,M2_gbm_poisson,27.599818,13,18.333333,C,True,Forecast
72783,BLACK SIL'T SQU CANDLE PLATE,2011-11,2011-12,M2_gbm_poisson,15.534641,12,4.000000,C,True,Forecast
72799C,PINK PILLAR CANDLE SILVER FLOCK,2011-11,2011-12,M2_gbm_poisson,20.865687,15,5.666667,C,True,Forecast
72799E,IVORY PILLAR CANDLE SILVER FLOCK,2011-11,2011-12,M2_gbm_poisson,50.386384,49,38.333333,B,True,Forecast
72799F,IVORY PILLAR CANDLE GOLD FLOCK,2011-11,2011-12,M2_gbm_poisson,30.540846,16,18.000000,B,True,Forecast
72800B,4 PURPLE FLOCK DINNER CANDLES,2011-11,2011-12,M2_gbm_poisson,46.606917,46,19.333333,B,True,Forecast
72800C,4 PINK DINNER CANDLE SILVER FLOCK,2011-11,2011-12,M2_gbm_poisson,34.219457,29,13.333333,C,True,Forecast
72800D,4 BLUE DINNER CANDLES SILVER FLOCK,2011-11,2011-12,M2_gbm_poisson,15.359037,9,7.666667,B,True,Forecast
72800E,4 IVORY DINNER CANDLES SILVER FLOCK,2011-11,2011-12,M2_gbm_poisson,60.588110,75,53.000000,B,True,Forecast
72801C,4 ROSE PINK DINNER CANDLES,2011-11,2011-12,M2_gbm_poisson,14.138331,4,8.666667,C,True,Forecast
72801D,4 SKY BLUE DINNER CANDLES,2011-11,2011-12,M2_gbm_poisson,14.900514,3,12.000000,C,True,Forecast
72801G,4 BURGUNDY WINE DINNER CANDLES,2011-11,2011-12,M2_gbm_poisson,13.251331,7,3.333333,C,True,Forecast
72802A,ROSE SCENT CANDLE IN JEWELLED BOX,2011-11,2011-12,M2_gbm_poisson,36.882900,36,23.666667,A,True,Forecast
72802B,OCEAN SCENT CANDLE IN JEWELLED BOX,2011-11,2011-12,M2_gbm_poisson,55.636029,165,248.000000,B,True,Forecast
72802C,VANILLA SCENT CANDLE JEWELLED BOX,2011-11,2011-12,M2_gbm_poisson,77.976825,193,343.000000,A,True,Forecast
72803A,ROSE SCENT CANDLE JEWELLED DRAWER,2011-11,2011-12,M2_gbm_poisson,21.701046,6,142.000000,B,True,Forecast
72807A,SET/3 ROSE CANDLE IN JEWELLED BOX,2011-11,2011-12,M2_gbm_poisson,56.830061,93,40.666667,A,True,Forecast
72807B,SET/3 OCEAN SCENT CANDLE JEWEL BOX,2011-11,2011-12,M2_gbm_poisson,55.140759,91,42.666667,A,True,Forecast
72807C,SET/3 VANILLA SCENTED CANDLE IN BOX,2011-11,2011-12,M2_gbm_poisson,80.912404,226,111.666667,A,True,Forecast
72811,SMALL ZINC/GLASS CANDLEHOLDER,2011-11,2011-12,M2_gbm_poisson,18.834690,18,6.000000,C,True,Forecast
72812,LARGE ZINC GLASS CANDLEHOLDER,2011-11,2011-12,M2_gbm_poisson,8.617524,3,2.666667,C,True,Forecast
72816,SET/3 CHRISTMAS DECOUPAGE CANDLES,2011-11,2011-12,M2_gbm_poisson,19.260078,0,242.333333,B,True,Forecast
72817,SET OF 2 CHRISTMAS DECOUPAGE CANDLE,2011-11,2011-12,M2_gbm_poisson,180.685244,394,356.000000,C,True,Forecast
72818,CHRISTMAS DECOUPAGE CANDLE,2011-11,2011-12,M2_gbm_poisson,29.838363,0,579.000000,C,True,Forecast
72819,CUPID DESIGN SCENTED CANDLES,2011-11,2011-12,M2_gbm_poisson,20.607077,9,16.000000,B,True,Forecast
75011,BLUE DAISY MOBILE,2011-11,2011-12,M2_gbm_poisson,17.690565,1,13.333333,C,True,Forecast
75049L,LARGE CIRCULAR MIRROR MOBILE,2011-11,2011-12,M2_gbm_poisson,317.925154,875,461.000000,A,True,Forecast
75172,PAINTED SEA SHELL METAL WINDCHIME,2011-11,2011-12,M2_gbm_poisson,2.006944,0,0.000000,C,True,Forecast
75178,ASSTD COL BUTTERFLY/CRYSTAL W/CHIME,2011-11,2011-12,M2_gbm_poisson,6.332549,0,3.333333,C,True,Forecast
77079,DOLPHIN WINDMILL,2011-11,2011-12,M2_gbm_poisson,2.043465,0,0.000000,C,True,Forecast
78033,FLAG OF ST GEORGE CHAIR,2011-11,2011-12,M2_gbm_poisson,6.159824,0,3.000000,C,True,Forecast
78034B,BLUE NETTING STORAGE HANGER,2011-11,2011-12,M2_gbm_poisson,3.544358,0,0.333333,C,True,Forecast
78124,MAGAZINE RACK GEBRA ASSORTED,2011-11,2011-12,M2_gbm_poisson,39.008650,30,28.333333,C,True,Forecast
79000,MOROCCAN TEA GLASS,2011-11,2011-12,M2_gbm_poisson,12.245215,0,4.000000,A,True,Forecast
79030D,TUMBLER BAROQUE,2011-11,2011-12,M2_gbm_poisson,20.475929,12,10.000000,C,True,Forecast
79030G,"TUMBLER, NEW ENGLAND",2011-11,2011-12,M2_gbm_poisson,2.296751,0,0.000000,B,True,Forecast
79051A,SMOKEY GREY COLOUR D.O.F. GLASS,2011-11,2011-12,M2_gbm_poisson,62.198356,116,60.666667,C,True,Forecast
79062D,"RETRO TIN ASHTRAY,REVOLUTIONARY",2011-11,2011-12,M2_gbm_poisson,3.665801,0,0.000000,C,True,Forecast
79063C,"RETRO PILL BOX KEY CHAIN,THE KING",2011-11,2011-12,M2_gbm_poisson,19.870662,2,12.333333,C,True,Forecast
79063D,"RETRO PILL BOX , REVOLUTIONARY",2011-11,2011-12,M2_gbm_poisson,13.691851,3,4.666667,C,True,Forecast
79066K,RETRO MOD TRAY,2011-11,2011-12,M2_gbm_poisson,87.719281,226,121.666667,C,True,Forecast
79071B,ENGLISH ROSE METAL WASTE BIN,2011-11,2011-12,M2_gbm_poisson,2.064227,0,0.000000,C,True,Forecast
79144B,PAINTED LIGHTBULB STAR+ MOON,2011-11,2011-12,M2_gbm_poisson,34.789259,14,24.666667,C,True,Forecast
79144C,PAINTED LIGHTBULB RAINBOW DESIGN,2011-11,2011-12,M2_gbm_poisson,28.785107,5,23.000000,C,True,Forecast
79149B,SILICON STAR BULB  BLUE,2011-11,2011-12,M2_gbm_poisson,16.229943,12,4.666667,C,True,Forecast
79151B,"SILICON CUBE 25W, BLUE",2011-11,2011-12,M2_gbm_poisson,13.470854,10,3.333333,C,True,Forecast
79157B,UBO-LIGHT TRIOBASE BLUE,2011-11,2011-12,M2_gbm_poisson,5.084877,0,1.000000,C,True,Forecast
79157V,UBO-LIGHT TRIOBASE PURPLE,2011-11,2011-12,M2_gbm_poisson,12.412269,2,1.666667,C,True,Forecast
79160,HEART SHAPE WIRELESS DOORBELL,2011-11,2011-12,M2_gbm_poisson,30.019633,20,9.333333,B,True,Forecast
79161A,ST GEORGE SET OF 10 PARTY LIGHTS,2011-11,2011-12,M2_gbm_poisson,5.842509,2,0.666667,C,True,Forecast
79163,BLACK CHAMPAGNE GLASS,2011-11,2011-12,M2_gbm_poisson,8.555368,0,6.666667,B,True,Forecast
79164,BLACK WINE GLASS,2011-11,2011-12,M2_gbm_poisson,17.980671,18,8.000000,B,True,Forecast
79190A,RETRO PLASTIC 70'S TRAY,2011-11,2011-12,M2_gbm_poisson,55.007025,90,55.333333,C,True,Forecast
79190B,RETRO PLASTIC POLKA TRAY,2011-11,2011-12,M2_gbm_poisson,53.888152,84,46.000000,C,True,Forecast
79190D,RETRO PLASTIC DAISY TRAY,2011-11,2011-12,M2_gbm_poisson,36.033459,26,22.333333,C,True,Forecast
79191B,RETRO PLASTIC POLKA TRAY,2011-11,2011-12,M2_gbm_poisson,38.857185,23,18.333333,C,True,Forecast
79191C,RETRO PLASTIC ELEPHANT TRAY,2011-11,2011-12,M2_gbm_poisson,71.326449,198,111.000000,C,True,Forecast
79191D,RETRO PLASTIC DAISY TRAY,2011-11,2011-12,M2_gbm_poisson,11.369280,7,3.000000,C,True,Forecast
79302M,"ART LIGHTS,FUNK MONKEY",2011-11,2011-12,M2_gbm_poisson,54.266298,69,63.000000,B,True,Forecast
79321,CHILLI LIGHTS,2011-11,2011-12,M2_gbm_poisson,832.444417,2092,1198.333333,A,True,Forecast
79336,LIGHT PINK FLOCK GLASS CANDLEHOLDER,2011-11,2011-12,M2_gbm_poisson,4.906607,0,2.000000,C,True,Forecast
79337,BLUE FLOCK GLASS CANDLEHOLDER,2011-11,2011-12,M2_gbm_poisson,2.064826,0,0.000000,C,True,Forecast
79403,FROSTED WHITE BASE,2011-11,2011-12,M2_gbm_poisson,8.992802,0,4.000000,C,True,Forecast
79406,FROSTED WHITE BASE,2011-11,2011-12,M2_gbm_poisson,21.082654,24,8.000000,C,True,Forecast
81950B,FLOWER BLUE CLOCK W/SUCKER,2011-11,2011-12,M2_gbm_poisson,3.168712,0,0.000000,C,True,Forecast
81950V,FLOWER PURPLE CLOCK W/SUCKER,2011-11,2011-12,M2_gbm_poisson,2.027923,0,0.000000,C,True,Forecast
81952B,ROUND BLUE CLOCK W/SUCKER,2011-11,2011-12,M2_gbm_poisson,2.018525,0,0.000000,C,True,Forecast
81952V,ROUND PURPLE CLOCK WITH SUCKER,2011-11,2011-12,M2_gbm_poisson,38.595721,10,20.000000,C,True,Forecast
81953B,ROUND BLUE CLOCK WITH SUCKER,2011-11,2011-12,M2_gbm_poisson,1.996261,0,0.000000,C,True,Forecast
81953P,ROUND ARTICULATED PINK CLOCK W/SUCK,2011-11,2011-12,M2_gbm_poisson,2.018525,0,0.000000,C,True,Forecast
82001S,VINYL RECORD FRAME SILVER,2011-11,2011-12,M2_gbm_poisson,147.675141,326,188.000000,A,True,Forecast
82011A,"BATHROOM SCALES, TROPICAL BEACH",2011-11,2011-12,M2_gbm_poisson,4.205931,2,1.333333,C,True,Forecast
82011B,BATHROOM SCALES RUBBER DUCKS,2011-11,2011-12,M2_gbm_poisson,17.270297,12,8.666667,C,True,Forecast
82011C,BATHROOM SCALES FOOTPRINTS IN SAND,2011-11,2011-12,M2_gbm_poisson,18.924677,12,10.333333,C,True,Forecast
82095,HEART BUTTONS JEWELLERY BOX,2011-11,2011-12,M2_gbm_poisson,2.045777,0,0.000000,C,True,Forecast
82482,WOODEN PICTURE FRAME WHITE FINISH,2011-11,2011-12,M2_gbm_poisson,525.923403,1095,952.666667,A,True,Forecast
82483,WOOD 2 DRAWER CABINET WHITE FINISH,2011-11,2011-12,M2_gbm_poisson,174.494317,313,238.666667,A,True,Forecast
82484,WOOD BLACK BOARD ANT WHITE FINISH,2011-11,2011-12,M2_gbm_poisson,244.310106,366,391.333333,A,True,Forecast
82486,WOOD S/3 CABINET ANT WHITE FINISH,2011-11,2011-12,M2_gbm_poisson,138.195893,286,206.666667,A,True,Forecast
82494L,WOODEN FRAME ANTIQUE WHITE,2011-11,2011-12,M2_gbm_poisson,545.060564,1099,828.333333,A,True,Forecast
82551,LAUNDRY 15C METAL SIGN,2011-11,2011-12,M2_gbm_poisson,233.407523,486,321.666667,A,True,Forecast
82552,WASHROOM METAL SIGN,2011-11,2011-12,M2_gbm_poisson,200.819418,470,284.000000,A,True,Forecast
82567,"AIRLINE LOUNGE,METAL SIGN",2011-11,2011-12,M2_gbm_poisson,64.749094,89,66.333333,B,True,Forecast
82578,KITCHEN METAL SIGN,2011-11,2011-12,M2_gbm_poisson,97.955284,83,136.333333,B,True,Forecast
82580,BATHROOM METAL SIGN,2011-11,2011-12,M2_gbm_poisson,287.932742,406,491.666667,A,True,Forecast
82581,TOILET METAL SIGN,2011-11,2011-12,M2_gbm_poisson,174.414649,309,255.666667,A,True,Forecast
82582,AREA PATROLLED METAL SIGN,2011-11,2011-12,M2_gbm_poisson,275.632602,575,513.333333,A,True,Forecast
82583,HOT BATHS METAL SIGN,2011-11,2011-12,M2_gbm_poisson,515.113976,936,1149.666667,A,True,Forecast
82600,NO SINGING METAL SIGN,2011-11,2011-12,M2_gbm_poisson,348.231650,828,620.666667,A,True,Forecast
82613A,"METAL SIGN,CUPCAKE SINGLE HOOK",2011-11,2011-12,M2_gbm_poisson,2.006944,0,0.000000,C,True,Forecast
82613B,"METAL SIGN,CUPCAKE SINGLE HOOK",2011-11,2011-12,M2_gbm_poisson,20.397551,9,10.666667,C,True,Forecast
82613C,"METAL SIGN,CUPCAKE SINGLE HOOK",2011-11,2011-12,M2_gbm_poisson,25.037270,18,13.333333,C,True,Forecast
82613D,METAL SIGN CUPCAKE SINGLE HOOK,2011-11,2011-12,M2_gbm_poisson,33.878141,20,18.333333,B,True,Forecast
82616B,FRAPPUCINO SCARF KNITTING KIT,2011-11,2011-12,M2_gbm_poisson,66.950619,86,70.666667,C,True,Forecast
82616C,MIDNIGHT GLAMOUR SCARF KNITTING KIT,2011-11,2011-12,M2_gbm_poisson,62.643392,88,61.666667,C,True,Forecast
84006,MAGIC TREE -PAPER FLOWERS,2011-11,2011-12,M2_gbm_poisson,159.970364,340,140.000000,B,True,Forecast
84012,MAGIC SHEEP WOOL GROWING FROM PAPER,2011-11,2011-12,M2_gbm_poisson,149.974016,386,226.666667,B,True,Forecast
84016,FLAG OF ST GEORGE CAR FLAG,2011-11,2011-12,M2_gbm_poisson,7.299414,0,8.333333,A,True,Forecast
84029E,RED WOOLLY HOTTIE WHITE HEART.,2011-11,2011-12,M2_gbm_poisson,791.269994,1286,785.666667,A,True,Forecast
84029G,KNITTED UNION FLAG HOT WATER BOTTLE,2011-11,2011-12,M2_gbm_poisson,355.977418,704,424.000000,A,True,Forecast
84030E,ENGLISH ROSE HOT WATER BOTTLE,2011-11,2011-12,M2_gbm_poisson,205.340625,425,305.333333,A,True,Forecast
84031A,CHARLIE+LOLA RED HOT WATER BOTTLE,2011-11,2011-12,M2_gbm_poisson,51.628413,45,39.000000,A,True,Forecast
84031B,CHARLIE LOLA BLUE HOT WATER BOTTLE,2011-11,2011-12,M2_gbm_poisson,45.160785,42,37.666667,B,True,Forecast
84032A,CHARLIE+LOLA PINK HOT WATER BOTTLE,2011-11,2011-12,M2_gbm_poisson,92.890947,162,114.666667,A,True,Forecast
84032B,CHARLIE + LOLA RED HOT WATER BOTTLE,2011-11,2011-12,M2_gbm_poisson,90.946217,157,94.000000,A,True,Forecast
84033,FLAG OF ST GEORGE,2011-11,2011-12,M2_gbm_poisson,3.445703,0,0.666667,C,True,Forecast
84050,PINK HEART SHAPE EGG FRYING PAN,2011-11,2011-12,M2_gbm_poisson,77.029992,46,131.666667,A,True,Forecast
84051,ASS COLOUR GLOWING TIARAS,2011-11,2011-12,M2_gbm_poisson,33.538831,15,59.000000,C,True,Forecast
84077,WORLD WAR 2 GLIDERS ASSTD DESIGNS,2011-11,2011-12,M2_gbm_poisson,2111.867529,4559,5386.000000,A,True,Forecast
84078A,SET/4 WHITE RETRO STORAGE CUBES,2011-11,2011-12,M2_gbm_poisson,30.178495,27,18.333333,A,True,Forecast
84086B,YELLOW/BLUE RETRO RADIO,2011-11,2011-12,M2_gbm_poisson,10.574493,7,2.333333,C,True,Forecast
84086C,PINK/PURPLE RETRO RADIO,2011-11,2011-12,M2_gbm_poisson,44.884078,65,32.333333,C,True,Forecast
84192,ASSORTED COLOUR METAL CAT,2011-11,2011-12,M2_gbm_poisson,29.499452,27,11.000000,C,True,Forecast
84199,GLOW IN DARK DOLPHINS,2011-11,2011-12,M2_gbm_poisson,48.829922,48,20.666667,C,True,Forecast
84201B,HAPPY BIRTHDAY CARD STRIPEY TEDDY,2011-11,2011-12,M2_gbm_poisson,4.935586,1,0.333333,C,True,Forecast
84201C,HAPPY BIRTHDAY CARD TEDDY/CAKE,2011-11,2011-12,M2_gbm_poisson,3.051197,0,0.000000,C,True,Forecast
84206A,3 BLACK CATS W HEARTS BLANK CARD,2011-11,2011-12,M2_gbm_poisson,19.388859,18,6.000000,C,True,Forecast
84206B,CAT W SUNGLASSES BLANK CARD,2011-11,2011-12,M2_gbm_poisson,10.239358,5,1.666667,C,True,Forecast
84206C,CHAMPAGNE TRAY BLANK CARD,2011-11,2011-12,M2_gbm_poisson,5.162939,3,1.000000,C,True,Forecast
84212,"ASSORTED FLOWER COLOUR ""LEIS""",2011-11,2011-12,M2_gbm_poisson,278.111560,565,870.333333,A,True,Forecast
84226,HEN HOUSE W FAMILY IN BARN & NEST,2011-11,2011-12,M2_gbm_poisson,2.027923,0,0.000000,C,True,Forecast
84228,HEN HOUSE W CHICK STANDING,2011-11,2011-12,M2_gbm_poisson,15.866823,12,4.000000,C,True,Forecast
84231,EASTER BUNNY WITH BASKET ON BACK,2011-11,2011-12,M2_gbm_poisson,40.775190,13,4.333333,C,True,Forecast
84247E,PACK/12 XMAS FUN CARD,2011-11,2011-12,M2_gbm_poisson,36.492081,19,34.666667,C,True,Forecast
84247G,"DECOUPAGE,GREETING CARD,",2011-11,2011-12,M2_gbm_poisson,2.027923,0,0.000000,C,True,Forecast
84247K,"FOLK ART GREETING CARD,pack/12",2011-11,2011-12,M2_gbm_poisson,3.859888,0,1.000000,C,True,Forecast
84247N,PACK/12 BLUE FOLKART CARDS,2011-11,2011-12,M2_gbm_poisson,7.224999,4,3.333333,C,True,Forecast
84249A,"GREETING CARD,SQUARE, DOUGHNUTS",2011-11,2011-12,M2_gbm_poisson,10.316044,1,1.666667,C,True,Forecast
84251B,"GREETING CARD, STICKY GORDON",2011-11,2011-12,M2_gbm_poisson,3.923932,0,0.333333,C,True,Forecast
84251C,"GREETING CARD, TWO SISTERS.",2011-11,2011-12,M2_gbm_poisson,2.851032,0,0.000000,C,True,Forecast
84251G,"GREETING CARD, OVERCROWDED POOL.",2011-11,2011-12,M2_gbm_poisson,21.162270,1,17.000000,C,True,Forecast
84279B,CHERRY BLOSSOM DECORATIVE FLASK,2011-11,2011-12,M2_gbm_poisson,2.100929,0,0.000000,B,True,Forecast
84279P,CHERRY BLOSSOM  DECORATIVE FLASK,2011-11,2011-12,M2_gbm_poisson,49.226930,48,37.333333,A,True,Forecast
84313C,ORANGE TV TRAY TABLE,2011-11,2011-12,M2_gbm_poisson,2.006944,0,0.000000,B,True,Forecast
84341B,SMALL PINK MAGIC CHRISTMAS TREE,2011-11,2011-12,M2_gbm_poisson,47.186252,4,133.666667,C,True,Forecast
84347,ROTATING SILVER ANGELS T-LIGHT HLDR,2011-11,2011-12,M2_gbm_poisson,1148.712995,3064,1943.666667,A,True,Forecast
84352,SILVER CHRISTMAS TREE BAUBLE STAND,2011-11,2011-12,M2_gbm_poisson,2.771903,0,1.000000,A,True,Forecast
84356,POMPOM CURTAIN,2011-11,2011-12,M2_gbm_poisson,35.764848,36,17.333333,B,True,Forecast
84358,FLOOR LAMP SHADE WOOD BASE,2011-11,2011-12,M2_gbm_poisson,2.383144,0,0.000000,B,True,Forecast
84360,TABLE LAMP WHITE SHADE WOOD BASE,2011-11,2011-12,M2_gbm_poisson,10.623266,5,4.333333,C,True,Forecast
84375,SET OF 20 KIDS COOKIE CUTTERS,2011-11,2011-12,M2_gbm_poisson,266.984395,606,438.000000,A,True,Forecast
84378,SET OF 3 HEART COOKIE CUTTERS,2011-11,2011-12,M2_gbm_poisson,621.600047,1390,757.000000,A,True,Forecast
84380,SET OF 3 BUTTERFLY COOKIE CUTTERS,2011-11,2011-12,M2_gbm_poisson,328.735191,503,508.666667,A,True,Forecast
84387A,BIRD ON BRANCH CANVAS SCREEN,2011-11,2011-12,M2_gbm_poisson,3.771091,0,0.000000,C,True,Forecast
84402B,PURPLE DRESS JEWELLERY STAND,2011-11,2011-12,M2_gbm_poisson,2.006944,0,0.000000,C,True,Forecast
84406B,CREAM CUPID HEARTS COAT HANGER,2011-11,2011-12,M2_gbm_poisson,63.385185,79,73.000000,A,True,Forecast
84415A,PINK FLOCK SUEDE CUSHION COVER,2011-11,2011-12,M2_gbm_poisson,1.984807,0,0.000000,C,True,Forecast
84415B,BLUE FLOCK CUSHION COVER,2011-11,2011-12,M2_gbm_poisson,2.039099,0,0.000000,C,True,Forecast
84422,PINK/BLUE DISC/MIRROR STRING,2011-11,2011-12,M2_gbm_poisson,7.203522,0,5.666667,C,True,Forecast
84429A,MEDIUM PINK BUDDHA HEAD,2011-11,2011-12,M2_gbm_poisson,16.180824,13,5.000000,C,True,Forecast
84452,METAL RABBIT LADDER EASTER,2011-11,2011-12,M2_gbm_poisson,7.712425,0,4.000000,C,True,Forecast
84457,SET/3 RABBITS FLOWER SKIPPPING ROPE,2011-11,2011-12,M2_gbm_poisson,16.338818,12,4.000000,C,True,Forecast
84459A,PINK METAL CHICKEN HEART,2011-11,2011-12,M2_gbm_poisson,6.905150,0,3.000000,B,True,Forecast
84465,15 PINK FLUFFY CHICKS IN BOX,2011-11,2011-12,M2_gbm_poisson,4.652399,1,0.333333,C,True,Forecast
84466,TOP SECRET PEN SET,2011-11,2011-12,M2_gbm_poisson,2.039099,0,0.000000,B,True,Forecast
84497,BUTTONS AND STRIPES NOTEBOOK,2011-11,2011-12,M2_gbm_poisson,4.826633,1,0.333333,C,True,Forecast
84507B,STRIPES DESIGN MONKEY DOLL,2011-11,2011-12,M2_gbm_poisson,3.486507,0,0.666667,B,True,Forecast
84507C,BLUE CIRCLES DESIGN MONKEY DOLL,2011-11,2011-12,M2_gbm_poisson,4.589087,0,1.666667,C,True,Forecast
84508A,CAMOUFLAGE DESIGN TEDDY,2011-11,2011-12,M2_gbm_poisson,11.207557,0,80.333333,A,True,Forecast
84508B,STRIPES DESIGN TEDDY,2011-11,2011-12,M2_gbm_poisson,15.238527,8,5.666667,C,True,Forecast
84508C,BLUE CIRCLES DESIGN TEDDY,2011-11,2011-12,M2_gbm_poisson,26.803858,19,10.666667,C,True,Forecast
84509A,SET OF 4 ENGLISH ROSE PLACEMATS,2011-11,2011-12,M2_gbm_poisson,71.391625,88,78.666667,A,True,Forecast
84509B,SET OF 4 FAIRY CAKE PLACEMATS,2011-11,2011-12,M2_gbm_poisson,36.614792,27,17.000000,B,True,Forecast
84509C,SET OF 4 POLKADOT PLACEMATS,2011-11,2011-12,M2_gbm_poisson,22.105109,14,10.333333,B,True,Forecast
84509E,SET OF 4 CAROUSEL PLACEMATS,2011-11,2011-12,M2_gbm_poisson,3.838161,0,1.666667,C,True,Forecast
84509G,SET OF 4 FAIRY CAKE PLACEMATS,2011-11,2011-12,M2_gbm_poisson,23.987054,18,13.333333,B,True,Forecast
84510A,SET OF 4 ENGLISH ROSE COASTERS,2011-11,2011-12,M2_gbm_poisson,77.645073,129,115.333333,B,True,Forecast
84510C,SET OF 4 POLKADOT COASTERS,2011-11,2011-12,M2_gbm_poisson,28.361164,15,9.333333,C,True,Forecast
84510E,SET OF 4 GREEN CAROUSEL COASTERS,2011-11,2011-12,M2_gbm_poisson,14.166714,10,5.333333,C,True,Forecast
84519A,TOMATO CHARLIE+LOLA COASTER SET,2011-11,2011-12,M2_gbm_poisson,60.021690,103,45.000000,B,True,Forecast
84519B,CARROT CHARLIE+LOLA COASTER SET,2011-11,2011-12,M2_gbm_poisson,61.848782,84,48.333333,B,True,Forecast
84522,PINK PARTY SUNGLASSES,2011-11,2011-12,M2_gbm_poisson,5.117262,1,0.333333,C,True,Forecast
84527,FLAMES SUNGLASSES PINK LENSES,2011-11,2011-12,M2_gbm_poisson,5.295298,1,0.333333,C,True,Forecast
84535B,FAIRY CAKES NOTEBOOK A6 SIZE,2011-11,2011-12,M2_gbm_poisson,82.380562,166,182.333333,B,True,Forecast
84536A,ENGLISH ROSE NOTEBOOK A7 SIZE,2011-11,2011-12,M2_gbm_poisson,236.033207,555,348.666667,B,True,Forecast
84536B,FAIRY CAKES NOTEBOOK A7 SIZE,2011-11,2011-12,M2_gbm_poisson,198.097621,159,220.000000,B,True,Forecast
84539,KNITTED RABBIT DOLL,2011-11,2011-12,M2_gbm_poisson,2.006944,0,0.000000,C,True,Forecast
84548,CROCHET BEAR RED/BLUE  KEYRING,2011-11,2011-12,M2_gbm_poisson,1.984807,0,0.000000,C,True,Forecast
84549,CROCHET WHITE RABBIT KEYRING,2011-11,2011-12,M2_gbm_poisson,4.771645,1,0.333333,C,True,Forecast
84550,CROCHET LILAC/RED BEAR KEYRING,2011-11,2011-12,M2_gbm_poisson,5.295226,1,0.333333,C,True,Forecast
84551,CROCHET DOG KEYRING,2011-11,2011-12,M2_gbm_poisson,8.061237,0,4.000000,C,True,Forecast
84558A,3D DOG PICTURE PLAYING CARDS,2011-11,2011-12,M2_gbm_poisson,50.252168,49,33.666667,B,True,Forecast
84559A,3D SHEET OF DOG STICKERS,2011-11,2011-12,M2_gbm_poisson,56.680514,72,48.666667,B,True,Forecast
84559B,3D SHEET OF CAT STICKERS,2011-11,2011-12,M2_gbm_poisson,14.236679,1,7.000000,B,True,Forecast
84563B,BLUE & WHITE BREAKFAST TRAY,2011-11,2011-12,M2_gbm_poisson,2.064227,0,0.000000,C,True,Forecast
84568,GIRLS ALPHABET IRON ON PATCHES,2011-11,2011-12,M2_gbm_poisson,441.531423,1076,893.000000,A,True,Forecast
84569A,PACK 3 IRON ON DOG PATCHES,2011-11,2011-12,M2_gbm_poisson,17.418145,12,12.000000,C,True,Forecast
84569D,PACK 6 HEART/ICE-CREAM PATCHES,2011-11,2011-12,M2_gbm_poisson,34.334908,25,12.333333,B,True,Forecast
84576,BLUE CAT BISCUIT BARREL PINK HEART,2011-11,2011-12,M2_gbm_poisson,2.949678,0,0.000000,C,True,Forecast
84580,MOUSE TOY WITH PINK T-SHIRT,2011-11,2011-12,M2_gbm_poisson,62.032213,70,48.666667,B,True,Forecast
84581,DOG TOY WITH PINK CROCHET SKIRT,2011-11,2011-12,M2_gbm_poisson,43.959681,30,26.333333,B,True,Forecast
84584,PINK GINGHAM CAT WITH SCARF,2011-11,2011-12,M2_gbm_poisson,2.006944,0,0.000000,C,True,Forecast
84592,CROCHET ROSE PURSE WITH SUEDE BACK,2011-11,2011-12,M2_gbm_poisson,16.180824,13,7.000000,C,True,Forecast
84595E,LARGE TORTILLA DESIGN RED BOWL,2011-11,2011-12,M2_gbm_poisson,4.149691,0,0.000000,C,True,Forecast
84596B,SMALL DOLLY MIX DESIGN ORANGE BOWL,2011-11,2011-12,M2_gbm_poisson,292.301258,597,469.000000,B,True,Forecast
84596F,SMALL MARSHMALLOWS PINK BOWL,2011-11,2011-12,M2_gbm_poisson,218.025761,461,341.000000,B,True,Forecast
84596G,SMALL CHOCOLATES PINK BOWL,2011-11,2011-12,M2_gbm_poisson,88.084772,140,141.666667,B,True,Forecast
84596L,BISCUITS SMALL BOWL LIGHT BLUE,2011-11,2011-12,M2_gbm_poisson,10.659249,0,20.000000,C,True,Forecast
84597B,RETRO BROWN BALL ASHTRAY,2011-11,2011-12,M2_gbm_poisson,1.984807,0,0.000000,C,True,Forecast
84597C,RETRO PINK BALL ASHTRAY,2011-11,2011-12,M2_gbm_poisson,2.043465,0,0.000000,C,True,Forecast
84598,BOYS ALPHABET IRON ON PATCHES,2011-11,2011-12,M2_gbm_poisson,150.087715,424,177.000000,A,True,Forecast
84600,NEW BAROQUE JEWELLERY BOX,2011-11,2011-12,M2_gbm_poisson,19.473134,14,11.000000,C,True,Forecast
84609,TALL ROCOCO CANDLE HOLDER,2011-11,2011-12,M2_gbm_poisson,29.894802,32,23.333333,C,True,Forecast
84616,SILVER ROCCOCO CHANDELIER,2011-11,2011-12,M2_gbm_poisson,5.080593,1,3.000000,B,True,Forecast
84617,NEW BAROQUE BLACK BOXES,2011-11,2011-12,M2_gbm_poisson,4.093567,1,0.333333,C,True,Forecast
84625A,PINK NEW BAROQUECANDLESTICK CANDLE,2011-11,2011-12,M2_gbm_poisson,15.477755,1,26.333333,B,True,Forecast
84625C,BLUE NEW BAROQUE CANDLESTICK CANDLE,2011-11,2011-12,M2_gbm_poisson,9.019652,0,24.666667,C,True,Forecast
84629,WHITE 3 FRAME BIRDS AND TREE,2011-11,2011-12,M2_gbm_poisson,2.100929,0,0.000000,C,True,Forecast
84631,FRUIT TREE AND BIRDS WALL PLAQUE,2011-11,2011-12,M2_gbm_poisson,2.045191,0,0.000000,B,True,Forecast
84632,DECORATIVE HANGING SHELVING UNIT,2011-11,2011-12,M2_gbm_poisson,2.045191,0,0.000000,C,True,Forecast
84637,KITCHEN FLOWER POTS WALL PLAQUE,2011-11,2011-12,M2_gbm_poisson,4.748975,0,3.000000,B,True,Forecast
84638,SMALL KITCHEN FLOWER POTS PLAQUE,2011-11,2011-12,M2_gbm_poisson,2.955233,0,0.333333,B,True,Forecast
84658,WHITE STITCHED CUSHION COVER,2011-11,2011-12,M2_gbm_poisson,9.801765,2,7.666667,B,True,Forecast
84659A,WHITE TRAVEL ALARM CLOCK,2011-11,2011-12,M2_gbm_poisson,22.623984,13,13.666667,B,True,Forecast
84660A,WHITE STITCHED WALL CLOCK,2011-11,2011-12,M2_gbm_poisson,17.155994,0,99.666667,C,True,Forecast
84660B,BLACK STITCHED WALL CLOCK,2011-11,2011-12,M2_gbm_poisson,10.810730,0,29.000000,C,True,Forecast
84660C,PINK STITCHED WALL CLOCK,2011-11,2011-12,M2_gbm_poisson,9.014202,0,14.333333,C,True,Forecast
84661A,WHITE SQUARE TABLE CLOCK,2011-11,2011-12,M2_gbm_poisson,10.215934,2,4.666667,C,True,Forecast
84661B,BLACK SQUARE TABLE CLOCK,2011-11,2011-12,M2_gbm_poisson,42.926688,35,25.333333,C,True,Forecast
84661C,PINK SQUARE TABLE CLOCK,2011-11,2011-12,M2_gbm_poisson,5.961575,0,2.333333,C,True,Forecast
84663A,GRASS HOPPER WOODEN WALL CLOCK,2011-11,2011-12,M2_gbm_poisson,30.085963,21,10.333333,C,True,Forecast
84665,SQUARE CHERRY BLOSSOM CABINET,2011-11,2011-12,M2_gbm_poisson,14.433446,8,5.333333,B,True,Forecast
84673A,PINK FLY SWAT,2011-11,2011-12,M2_gbm_poisson,11.078996,4,2.333333,C,True,Forecast
84673B,BLUE FLY SWAT,2011-11,2011-12,M2_gbm_poisson,30.297470,19,11.000000,C,True,Forecast
84674,FLYING PIG WATERING CAN,2011-11,2011-12,M2_gbm_poisson,14.193342,5,6.666667,B,True,Forecast
84679,CLASSICAL ROSE TABLE LAMP,2011-11,2011-12,M2_gbm_poisson,2.045191,0,0.000000,C,True,Forecast
84686,BEACH HUT MIRROR,2011-11,2011-12,M2_gbm_poisson,2.006944,0,0.000000,B,True,Forecast
84687,BEACH HUT SHELF W 3 DRAWERS,2011-11,2011-12,M2_gbm_poisson,12.173899,1,7.000000,C,True,Forecast
84692,BOX OF 24 COCKTAIL PARASOLS,2011-11,2011-12,M2_gbm_poisson,364.390643,775,705.000000,A,True,Forecast
84706F,RED PEONY TABLE CLOCK,2011-11,2011-12,M2_gbm_poisson,10.357301,4,4.666667,C,True,Forecast
84707A,SILVER JEWELLED MIRROR TRINKET TRAY,2011-11,2011-12,M2_gbm_poisson,14.033369,10,6.000000,C,True,Forecast
84707B,PINK JEWELLED MIRROR TRINKET TRAY,2011-11,2011-12,M2_gbm_poisson,5.062608,0,3.000000,C,True,Forecast
84708B,PINK JEWELLED PHOTO FRAME,2011-11,2011-12,M2_gbm_poisson,16.592061,14,7.333333,C,True,Forecast
84709B,PINK OVAL JEWELLED MIRROR,2011-11,2011-12,M2_gbm_poisson,2.064227,0,0.000000,B,True,Forecast
84711A,SILVER OVAL SHAPE TRINKET BOX,2011-11,2011-12,M2_gbm_poisson,3.765574,2,1.333333,C,True,Forecast
84711B,PINK OVAL SHAPE TRINKET BOX,2011-11,2011-12,M2_gbm_poisson,6.294069,3,2.000000,C,True,Forecast
84712B,PINK JEWELLED PHOTO FRAME,2011-11,2011-12,M2_gbm_poisson,14.660226,8,3.666667,C,True,Forecast
84723,CHERRY BLOSSOM CANVAS ART PICTURE,2011-11,2011-12,M2_gbm_poisson,3.135932,0,0.000000,C,True,Forecast
84725,FREESTYLE CANVAS ART PICTURE,2011-11,2011-12,M2_gbm_poisson,9.750741,0,9.666667,C,True,Forecast
84731,3 BIRDS CANVAS SCREEN,2011-11,2011-12,M2_gbm_poisson,2.064826,0,0.000000,C,True,Forecast
84732B,CUTE BIRD CEATURE SCREEN,2011-11,2011-12,M2_gbm_poisson,3.168712,0,0.000000,C,True,Forecast
84732D,CUTE RABBIT CEATURE SCREEN,2011-11,2011-12,M2_gbm_poisson,2.880834,0,0.000000,C,True,Forecast
84744,S/6 SEW ON CROCHET FLOWERS,2011-11,2011-12,M2_gbm_poisson,5.821076,1,1.666667,C,True,Forecast
84746,PINK EASTER HENS+FLOWER,2011-11,2011-12,M2_gbm_poisson,2.100929,0,0.000000,C,True,Forecast
84748,FOLK FELT HANGING MULTICOL GARLAND,2011-11,2011-12,M2_gbm_poisson,7.343933,4,2.000000,B,True,Forecast
84754,S/15 SILVER GLASS BAUBLES IN BAG,2011-11,2011-12,M2_gbm_poisson,9.700306,0,27.333333,B,True,Forecast
84755,COLOUR GLASS T-LIGHT HOLDER HANGING,2011-11,2011-12,M2_gbm_poisson,588.211915,904,961.333333,A,True,Forecast
84766,SILVER ROCOCO CANDLE STICK,2011-11,2011-12,M2_gbm_poisson,5.013368,2,1.333333,C,True,Forecast
84789,ENCHANTED BIRD PLANT CAGE,2011-11,2011-12,M2_gbm_poisson,2.064227,0,0.000000,B,True,Forecast
84792,ENCHANTED BIRD COATHANGER 5 HOOK,2011-11,2011-12,M2_gbm_poisson,70.808464,103,78.000000,A,True,Forecast
84795B,SUNSET CHECK HAMMOCK,2011-11,2011-12,M2_gbm_poisson,6.207160,3,1.333333,B,True,Forecast
84796A,PINK HAWAIIAN PICNIC HAMPER FOR 2,2011-11,2011-12,M2_gbm_poisson,2.538184,0,0.000000,B,True,Forecast
84796B,BLUE SAVANNAH PICNIC HAMPER FOR 2,2011-11,2011-12,M2_gbm_poisson,3.637861,1,0.666667,A,True,Forecast
84798A,PINK FOXGLOVE ARTIIFCIAL FLOWER,2011-11,2011-12,M2_gbm_poisson,5.374905,0,2.333333,C,True,Forecast
84800L,LARGE WHITE/PINK ROSE ART FLOWER,2011-11,2011-12,M2_gbm_poisson,1.984807,0,0.000000,B,True,Forecast
84800M,MEDIUM WHITE/PINK ROSE ART FLOWER,2011-11,2011-12,M2_gbm_poisson,3.135932,0,0.000000,C,True,Forecast
84800S,SMALL WHITE/PINK ROSE ART FLOWER,2011-11,2011-12,M2_gbm_poisson,5.946236,0,2.000000,C,True,Forecast
84801A,PINK HYDRANGEA ART FLOWER,2011-11,2011-12,M2_gbm_poisson,11.927208,10,3.333333,C,True,Forecast
84803B,WHITE ALLIUM  ARTIFICIAL FLOWER,2011-11,2011-12,M2_gbm_poisson,2.971204,0,0.000000,C,True,Forecast
84804A,CREAM DELPHINIUM ARTIFICIAL FLOWER,2011-11,2011-12,M2_gbm_poisson,4.751529,0,1.000000,C,True,Forecast
84804B,BLUE DELPHINIUM ARTIFICIAL FLOWER,2011-11,2011-12,M2_gbm_poisson,5.141557,0,1.000000,C,True,Forecast
84805A,CREAM CLIMBING HYDRANGA ART FLOWER,2011-11,2011-12,M2_gbm_poisson,2.683335,0,0.000000,C,True,Forecast
84805B,BLUE CLIMBING HYDRANGA ART FLOWER,2011-11,2011-12,M2_gbm_poisson,3.265201,0,0.666667,C,True,Forecast
84806A,PINK CANDYSTUFT ARTIFICIAL FLOWER,2011-11,2011-12,M2_gbm_poisson,3.353053,0,0.666667,C,True,Forecast
84806B,WHITE CANDYSTUFT ARTIFICIAL FLOWER,2011-11,2011-12,M2_gbm_poisson,24.905464,3,22.666667,C,True,Forecast
84809A,WHITE CHRYSANTHEMUMS ART FLOWER,2011-11,2011-12,M2_gbm_poisson,1.984807,0,0.000000,C,True,Forecast
84813,SET OF 4 DIAMOND NAPKIN RINGS,2011-11,2011-12,M2_gbm_poisson,14.671918,16,7.333333,B,True,Forecast
84816,DANISH ROSE BEDSIDE CABINET,2011-11,2011-12,M2_gbm_poisson,2.219036,0,0.000000,B,True,Forecast
84817,DANISH ROSE DECORATIVE PLATE,2011-11,2011-12,M2_gbm_poisson,27.443129,19,13.000000,C,True,Forecast
84818,DANISH ROSE PHOTO FRAME,2011-11,2011-12,M2_gbm_poisson,16.308097,0,87.333333,B,True,Forecast
84819,DANISH ROSE ROUND SEWING BOX,2011-11,2011-12,M2_gbm_poisson,14.159555,11,6.000000,B,True,Forecast
84820,DANISH ROSE TRINKET TRAYS,2011-11,2011-12,M2_gbm_poisson,8.337143,2,3.666667,C,True,Forecast
84821,DANISH ROSE DELUXE COASTER,2011-11,2011-12,M2_gbm_poisson,38.429639,29,23.333333,C,True,Forecast
84824,DANISH ROSE UMBRELLA STAND,2011-11,2011-12,M2_gbm_poisson,3.434719,1,0.333333,C,True,Forecast
84826,ASSTD DESIGN 3D PAPER STICKERS,2011-11,2011-12,M2_gbm_poisson,18.381629,11,6.666667,C,True,Forecast
84827,ASS DES PHONE SPONGE CRAFT STICKER,2011-11,2011-12,M2_gbm_poisson,9.952826,0,4.666667,C,True,Forecast
84828,JUNGLE POPSICLES ICE LOLLY HOLDERS,2011-11,2011-12,M2_gbm_poisson,46.588728,42,28.000000,B,True,Forecast
84832,ZINC WILLIE WINKIE  CANDLE STICK,2011-11,2011-12,M2_gbm_poisson,264.668652,625,529.333333,A,True,Forecast
84836,ZINC METAL HEART DECORATION,2011-11,2011-12,M2_gbm_poisson,358.375269,781,739.666667,A,True,Forecast
84842,HELLO SAILOR BATHROOM SET,2011-11,2011-12,M2_gbm_poisson,5.345479,4,1.333333,C,True,Forecast
84843,WHITE SOAP RACK WITH 2 BOTTLES,2011-11,2011-12,M2_gbm_poisson,36.920124,28,32.333333,B,True,Forecast
84846A,SCENTED CANDLE IN DIGITALIS TIN,2011-11,2011-12,M2_gbm_poisson,8.248828,0,8.000000,C,True,Forecast
84847,FLORAL BATHROOM SET,2011-11,2011-12,M2_gbm_poisson,2.666022,0,0.000000,B,True,Forecast
84849A,HELLO SAILOR BLUE SOAP HOLDER,2011-11,2011-12,M2_gbm_poisson,21.205195,9,14.333333,C,True,Forecast
84849B,FAIRY SOAP SOAP HOLDER,2011-11,2011-12,M2_gbm_poisson,2.006944,0,0.000000,A,True,Forecast
84849D,HOT BATHS SOAP HOLDER,2011-11,2011-12,M2_gbm_poisson,53.731119,92,40.000000,B,True,Forecast
84857B,BLUE MONTE CARLO HANDBAG,2011-11,2011-12,M2_gbm_poisson,3.413912,0,0.000000,C,True,Forecast
84857C,PINK MONTE CARLO HANDBAG,2011-11,2011-12,M2_gbm_poisson,2.006944,0,0.000000,C,True,Forecast
84859A,SILVER DISCO HANDBAG,2011-11,2011-12,M2_gbm_poisson,46.250947,43,18.333333,C,True,Forecast
84859B,BLUE DISCO HANDBAG,2011-11,2011-12,M2_gbm_poisson,11.889598,6,3.666667,C,True,Forecast
84859C,PINK DISCO HANDBAG,2011-11,2011-12,M2_gbm_poisson,29.131513,17,11.000000,C,True,Forecast
84865,NEW BAROQUE BLACK PHOTO ALBUM,2011-11,2011-12,M2_gbm_poisson,2.100929,0,0.000000,C,True,Forecast
84870B,BLUE GEISHA GIRL,2011-11,2011-12,M2_gbm_poisson,4.330428,1,1.000000,C,True,Forecast
84870C,GREEN GEISHA GIRL,2011-11,2011-12,M2_gbm_poisson,4.569855,0,2.000000,C,True,Forecast
84872A,TEATIME FUNKY FLOWER BACKPACK FOR 2,2011-11,2011-12,M2_gbm_poisson,2.045191,0,0.000000,B,True,Forecast
84873A,FUNKY FLOWER PICNIC BAG FOR 4,2011-11,2011-12,M2_gbm_poisson,2.045191,0,0.000000,B,True,Forecast
84874B,BLUE TRAVEL FIRST AID KIT,2011-11,2011-12,M2_gbm_poisson,3.135932,0,0.000000,C,True,Forecast
84875B,GREEN SQUARE COMPACT MIRROR,2011-11,2011-12,M2_gbm_poisson,43.298861,45,24.333333,C,True,Forecast
84875D,BLUE SQUARE COMPACT MIRROR,2011-11,2011-12,M2_gbm_poisson,5.621894,0,3.000000,C,True,Forecast
84876B,GREEN HEART COMPACT MIRROR,2011-11,2011-12,M2_gbm_poisson,46.261763,43,35.666667,C,True,Forecast
84876D,BLUE HEART COMPACT MIRROR,2011-11,2011-12,M2_gbm_poisson,3.785653,0,0.666667,C,True,Forecast
84877A,PINK ROUND COMPACT MIRROR,2011-11,2011-12,M2_gbm_poisson,2.064227,0,0.000000,C,True,Forecast
84877B,GREEN ROUND COMPACT MIRROR,2011-11,2011-12,M2_gbm_poisson,29.592839,27,9.333333,C,True,Forecast
84877D,BLUE ROUND COMPACT MIRROR,2011-11,2011-12,M2_gbm_poisson,3.785653,0,0.666667,C,True,Forecast
84879,ASSORTED COLOUR BIRD ORNAMENT,2011-11,2011-12,M2_gbm_poisson,2178.535130,5219,3675.666667,A,True,Forecast
84880,WHITE WIRE EGG HOLDER,2011-11,2011-12,M2_gbm_poisson,28.418679,15,17.000000,A,True,Forecast
84881,BLUE WIRE SPIRAL CANDLE HOLDER,2011-11,2011-12,M2_gbm_poisson,2.064227,0,0.000000,C,True,Forecast
84882,GREEN WIRE STANDING CANDLE HOLDER,2011-11,2011-12,M2_gbm_poisson,8.533456,4,3.666667,C,True,Forecast
84884A,ANT WHITE WIRE HEART SPIRAL,2011-11,2011-12,M2_gbm_poisson,21.106194,13,11.333333,A,True,Forecast
84905,PINK BUTTERFLY CUSHION COVER,2011-11,2011-12,M2_gbm_poisson,2.064227,0,0.000000,B,True,Forecast
84907,PINK YELLOW PATCH CUSHION COVER,2011-11,2011-12,M2_gbm_poisson,3.207481,0,0.666667,C,True,Forecast
84910A,PINK PAISLEY CUSHION COVER,2011-11,2011-12,M2_gbm_poisson,2.100929,0,0.000000,B,True,Forecast
84912A,PINK ROSE WASHBAG,2011-11,2011-12,M2_gbm_poisson,9.911705,0,3.666667,B,True,Forecast
84912B,GREEN ROSE WASHBAG,2011-11,2011-12,M2_gbm_poisson,45.864830,43,29.666667,B,True,Forecast
84913A,SOFT PINK ROSE TOWEL,2011-11,2011-12,M2_gbm_poisson,5.460688,1,1.333333,B,True,Forecast
84913B,MINT GREEN ROSE TOWEL,2011-11,2011-12,M2_gbm_poisson,14.692306,10,9.333333,B,True,Forecast
84915,HAND TOWEL PINK FLOWER AND DAISY,2011-11,2011-12,M2_gbm_poisson,7.817375,1,3.000000,C,True,Forecast
84919,BLUE CUSHION COVER WITH FLOWER,2011-11,2011-12,M2_gbm_poisson,3.298721,0,0.666667,B,True,Forecast
84920,PINK FLOWER FABRIC PONY,2011-11,2011-12,M2_gbm_poisson,10.655215,4,6.333333,C,True,Forecast
84921,CREAM AND PINK FLOWERS PONY,2011-11,2011-12,M2_gbm_poisson,3.948573,0,1.000000,C,True,Forecast
84922,PINK BUTTERFLY WASHBAG,2011-11,2011-12,M2_gbm_poisson,5.565325,1,1.333333,C,True,Forecast
84923,PINK BUTTERFLY HANDBAG W BOBBLES,2011-11,2011-12,M2_gbm_poisson,38.380414,25,19.333333,C,True,Forecast
84924A,WAKE UP COCKEREL CALENDAR SIGN,2011-11,2011-12,M2_gbm_poisson,19.626260,18,8.333333,C,True,Forecast
84924F,PSYCHEDELIC METAL SIGN CALENDAR,2011-11,2011-12,M2_gbm_poisson,1.984807,0,0.000000,C,True,Forecast
84925D,LA PALMIERA WALL THERMOMETER,2011-11,2011-12,M2_gbm_poisson,1.993059,0,0.000000,C,True,Forecast
84925F,PSYCHEDELIC WALL THERMOMETER,2011-11,2011-12,M2_gbm_poisson,2.006944,0,0.000000,C,True,Forecast
84926A,WAKE UP COCKEREL TILE COASTER,2011-11,2011-12,M2_gbm_poisson,50.777099,96,74.666667,C,True,Forecast
84926D,LA PALMIERA TILE COASTER,2011-11,2011-12,M2_gbm_poisson,47.021200,59,63.333333,C,True,Forecast
84926E,FLOWERS TILE COASTER,2011-11,2011-12,M2_gbm_poisson,56.521565,86,78.333333,C,True,Forecast
84926F,PSYCHEDELIC TILE COASTER,2011-11,2011-12,M2_gbm_poisson,49.164897,62,40.666667,C,True,Forecast
84927A,WAKE UP COCKEREL TILE HOOK,2011-11,2011-12,M2_gbm_poisson,3.168712,0,0.000000,C,True,Forecast
84927D,LA PALMIERA TILE HOOK,2011-11,2011-12,M2_gbm_poisson,2.027923,0,0.000000,C,True,Forecast
84927E,FLOWERS TILE HOOK,2011-11,2011-12,M2_gbm_poisson,2.027923,0,0.000000,C,True,Forecast
84927F,PSYCHEDELIC TILE HOOK,2011-11,2011-12,M2_gbm_poisson,57.161294,100,54.000000,C,True,Forecast
84929,ASSTD FRUIT+FLOWERS FRIDGE MAGNETS,2011-11,2011-12,M2_gbm_poisson,151.730661,126,138.000000,C,True,Forecast
84931A,PINK SCOTTIE DOG W FLOWER PATTERN,2011-11,2011-12,M2_gbm_poisson,32.136259,26,14.333333,C,True,Forecast
84931B,BLUE SCOTTIE DOG W FLOWER PATTERN,2011-11,2011-12,M2_gbm_poisson,49.553195,66,31.666667,C,True,Forecast
84944,SET OF 6 KASHMIR FOLKART BAUBLES,2011-11,2011-12,M2_gbm_poisson,22.315386,6,15.666667,B,True,Forecast
84945,MULTI COLOUR SILVER T-LIGHT HOLDER,2011-11,2011-12,M2_gbm_poisson,700.127383,1801,1294.666667,A,True,Forecast
84946,ANTIQUE SILVER TEA GLASS ETCHED,2011-11,2011-12,M2_gbm_poisson,1100.532388,3389,2159.000000,A,True,Forecast
84947,ANTIQUE SILVER TEA GLASS ENGRAVED,2011-11,2011-12,M2_gbm_poisson,665.899207,1237,1179.666667,A,True,Forecast
84949,SILVER HANGING T-LIGHT HOLDER,2011-11,2011-12,M2_gbm_poisson,354.149176,771,582.333333,A,True,Forecast
84950,ASSORTED COLOUR T-LIGHT HOLDER,2011-11,2011-12,M2_gbm_poisson,86.227697,210,206.000000,A,True,Forecast
84951A,SET OF 4 PISTACHIO LOVEBIRD COASTER,2011-11,2011-12,M2_gbm_poisson,49.434345,57,46.000000,C,True,Forecast
84951B,SET OF 4 BLACK LOVEBIRD COASTERS,2011-11,2011-12,M2_gbm_poisson,53.068784,67,24.666667,C,True,Forecast
84952A,CLEAR LOVE BIRD T-LIGHT HOLDER,2011-11,2011-12,M2_gbm_poisson,12.075872,8,7.000000,C,True,Forecast
84952B,BLACK LOVE BIRD T-LIGHT HOLDER,2011-11,2011-12,M2_gbm_poisson,7.831515,1,4.000000,C,True,Forecast
84952C,MIRROR LOVE BIRD T-LIGHT HOLDER,2011-11,2011-12,M2_gbm_poisson,3.948573,0,1.000000,C,True,Forecast
84963B,BLUE PAINTED KASHMIRI CHAIR,2011-11,2011-12,M2_gbm_poisson,2.219036,0,0.000000,C,True,Forecast
84968A,SET OF 16 VINTAGE ROSE CUTLERY,2011-11,2011-12,M2_gbm_poisson,18.184646,8,18.000000,A,True,Forecast
84968C,SET OF 16 VINTAGE PISTACHIO CUTLERY,2011-11,2011-12,M2_gbm_poisson,12.357627,7,5.333333,A,True,Forecast
84968D,SET OF 16 VINTAGE RED CUTLERY,2011-11,2011-12,M2_gbm_poisson,6.586143,1,3.666667,A,True,Forecast
84968E,SET OF 16 VINTAGE BLACK CUTLERY,2011-11,2011-12,M2_gbm_poisson,10.680080,3,11.000000,A,True,Forecast
84968F,SET OF 16 VINTAGE SKY BLUE CUTLERY,2011-11,2011-12,M2_gbm_poisson,6.393130,3,3.333333,B,True,Forecast
84969,BOX OF 6 ASSORTED COLOUR TEASPOONS,2011-11,2011-12,M2_gbm_poisson,48.621836,46,39.000000,A,True,Forecast
84970L,SINGLE HEART ZINC T-LIGHT HOLDER,2011-11,2011-12,M2_gbm_poisson,314.415574,400,418.666667,A,True,Forecast
84970S,HANGING HEART ZINC T-LIGHT HOLDER,2011-11,2011-12,M2_gbm_poisson,310.065830,473,527.000000,A,True,Forecast
84971L,LARGE HEART FLOWERS HOOK,2011-11,2011-12,M2_gbm_poisson,6.189268,2,0.666667,C,True,Forecast
84971S,SMALL HEART FLOWERS HOOK,2011-11,2011-12,M2_gbm_poisson,73.693815,93,106.333333,A,True,Forecast
84974,S/2 ZINC HEART DESIGN PLANTERS,2011-11,2011-12,M2_gbm_poisson,6.591976,1,2.333333,C,True,Forecast
84976,RECTANGULAR SHAPED MIRROR,2011-11,2011-12,M2_gbm_poisson,29.676494,12,28.333333,C,True,Forecast
84978,HANGING HEART JAR T-LIGHT HOLDER,2011-11,2011-12,M2_gbm_poisson,595.354837,1253,830.333333,A,True,Forecast
84984A,GREEN PEONY CUSHION COVER,2011-11,2011-12,M2_gbm_poisson,10.709616,6,3.666667,C,True,Forecast
84984B,RED PEONY CUSHION COVER,2011-11,2011-12,M2_gbm_poisson,10.709616,6,3.666667,C,True,Forecast
84984D,ORIENTAL RED C/COVER,2011-11,2011-12,M2_gbm_poisson,9.152134,6,2.666667,C,True,Forecast
84987,SET OF 36 TEATIME PAPER DOILIES,2011-11,2011-12,M2_gbm_poisson,166.654949,384,286.000000,A,True,Forecast
84988,SET OF 72 PINK HEART PAPER DOILIES,2011-11,2011-12,M2_gbm_poisson,255.311637,555,343.666667,A,True,Forecast
84989A,75 GREEN FAIRY CAKE CASES,2011-11,2011-12,M2_gbm_poisson,16.257802,7,4.000000,B,True,Forecast
84991,60 TEATIME FAIRY CAKE CASES,2011-11,2011-12,M2_gbm_poisson,958.662792,1425,1788.000000,A,True,Forecast
84992,72 SWEETHEART FAIRY CAKE CASES,2011-11,2011-12,M2_gbm_poisson,515.885490,918,1097.666667,A,True,Forecast
84993A,75 GREEN PETIT FOUR CASES,2011-11,2011-12,M2_gbm_poisson,48.626881,58,43.333333,C,True,Forecast
84993B,75 BLACK PETIT FOUR CASES,2011-11,2011-12,M2_gbm_poisson,3.168712,0,0.000000,C,True,Forecast
84997A,GREEN 3 PIECE MINI DOTS CUTLERY SET,2011-11,2011-12,M2_gbm_poisson,138.612030,273,205.666667,A,True,Forecast
84997B,RED 3 PIECE MINI DOTS CUTLERY SET,2011-11,2011-12,M2_gbm_poisson,217.654081,459,390.333333,A,True,Forecast
84997C,BLUE 3 PIECE MINI DOTS CUTLERY SET,2011-11,2011-12,M2_gbm_poisson,277.355090,655,410.000000,A,True,Forecast
84997D,PINK 3 PIECE MINI DOTS CUTLERY SET,2011-11,2011-12,M2_gbm_poisson,390.067768,779,585.000000,A,True,Forecast
85014A,BLACK/BLUE POLKADOT UMBRELLA,2011-11,2011-12,M2_gbm_poisson,98.074117,124,145.000000,A,True,Forecast
85014B,RED RETROSPOT UMBRELLA,2011-11,2011-12,M2_gbm_poisson,116.233520,158,252.333333,A,True,Forecast
85015,SET OF 12  VINTAGE POSTCARD SET,2011-11,2011-12,M2_gbm_poisson,142.345624,349,351.333333,B,True,Forecast
85017B,ENVELOPE 50 BLOSSOM IMAGES,2011-11,2011-12,M2_gbm_poisson,36.781088,9,95.333333,B,True,Forecast
85019A,ROMANTIC IMAGES NOTEBOOK SET,2011-11,2011-12,M2_gbm_poisson,49.435037,52,57.666667,C,True,Forecast
85019B,BLOSSOM  IMAGES NOTEBOOK SET,2011-11,2011-12,M2_gbm_poisson,52.117351,54,100.000000,C,True,Forecast
85019C,CURIOUS  IMAGES NOTEBOOK SET,2011-11,2011-12,M2_gbm_poisson,2.006944,0,0.000000,C,True,Forecast
85020,ROUND PINK HEART MIRROR,2011-11,2011-12,M2_gbm_poisson,12.208385,9,3.000000,C,True,Forecast
85023B,EAU DE NILE JEWELLED PHOTOFRAME,2011-11,2011-12,M2_gbm_poisson,19.171480,7,9.000000,C,True,Forecast
85024B,EAU DE NILE JEWELLED PHOTOFRAME,2011-11,2011-12,M2_gbm_poisson,14.563034,12,4.666667,C,True,Forecast
85024C,PINK SMALL JEWELLED PHOTOFRAME,2011-11,2011-12,M2_gbm_poisson,7.632667,2,2.666667,C,True,Forecast
85025B,EAU DE NILE HEART SHAPE PHOTO FRAME,2011-11,2011-12,M2_gbm_poisson,54.593932,71,50.000000,C,True,Forecast
85025C,PINK HEART SHAPE PHOTO FRAME,2011-11,2011-12,M2_gbm_poisson,3.135932,0,0.000000,B,True,Forecast
85026B,EAU DE NILE JEWELLED T-LIGHT HOLDER,2011-11,2011-12,M2_gbm_poisson,20.323213,10,13.333333,C,True,Forecast
85032A,ROMANTIC IMAGES GIFT WRAP SET,2011-11,2011-12,M2_gbm_poisson,76.525786,105,131.333333,C,True,Forecast
85032B,BLOSSOM IMAGES GIFT WRAP SET,2011-11,2011-12,M2_gbm_poisson,65.482419,81,90.666667,C,True,Forecast
85032C,CURIOUS IMAGES GIFT WRAP SET,2011-11,2011-12,M2_gbm_poisson,68.233752,74,107.000000,C,True,Forecast
85032D,YULETIDE IMAGES GIFT WRAP SET,2011-11,2011-12,M2_gbm_poisson,23.037217,0,112.666667,B,True,Forecast
85034A,3 GARDENIA MORRIS BOXED CANDLES,2011-11,2011-12,M2_gbm_poisson,68.274187,97,147.333333,B,True,Forecast
85034B,3 WHITE CHOC MORRIS BOXED CANDLES,2011-11,2011-12,M2_gbm_poisson,218.551216,462,224.666667,B,True,Forecast
85034C,3 ROSE MORRIS BOXED CANDLES,2011-11,2011-12,M2_gbm_poisson,235.889075,571,282.333333,B,True,Forecast
85035A,GARDENIA 3 WICK MORRIS BOXED CANDLE,2011-11,2011-12,M2_gbm_poisson,17.502495,0,60.333333,B,True,Forecast
85035B,CHOCOLATE 3 WICK MORRIS BOX CANDLE,2011-11,2011-12,M2_gbm_poisson,14.900381,0,30.000000,B,True,Forecast
85035C,ROSE 3 WICK MORRIS BOX CANDLE,2011-11,2011-12,M2_gbm_poisson,109.854286,248,189.000000,B,True,Forecast
85036A,GARDENIA 1 WICK MORRIS BOXED CANDLE,2011-11,2011-12,M2_gbm_poisson,16.385320,0,30.333333,B,True,Forecast
85036B,CHOCOLATE 1 WICK MORRIS BOX CANDLE,2011-11,2011-12,M2_gbm_poisson,47.284909,49,63.666667,B,True,Forecast
85036C,ROSE 1 WICK MORRIS BOXED CANDLE,2011-11,2011-12,M2_gbm_poisson,151.091930,403,204.666667,C,True,Forecast
85038,6 CHOCOLATE LOVE HEART T-LIGHTS,2011-11,2011-12,M2_gbm_poisson,133.760682,350,155.000000,A,True,Forecast
85039A,SET/4 RED MINI ROSE CANDLE IN BOWL,2011-11,2011-12,M2_gbm_poisson,60.331313,54,77.666667,B,True,Forecast
85039B,S/4 IVORY MINI ROSE CANDLE IN BOWL,2011-11,2011-12,M2_gbm_poisson,51.611949,52,55.333333,B,True,Forecast
85039C,S/4 BLACK MINI ROSE CANDLE IN BOWL,2011-11,2011-12,M2_gbm_poisson,22.165691,13,10.000000,C,True,Forecast
85040A,S/4 PINK FLOWER CANDLES IN BOWL,2011-11,2011-12,M2_gbm_poisson,71.658100,132,89.666667,B,True,Forecast
85045,GREEN CHRISTMAS TREE STRING 20LIGHT,2011-11,2011-12,M2_gbm_poisson,8.954141,4,2.333333,B,True,Forecast
85048,15CM CHRISTMAS GLASS BALL 20 LIGHTS,2011-11,2011-12,M2_gbm_poisson,278.141690,650,385.000000,A,True,Forecast
85049A,TRADITIONAL CHRISTMAS RIBBONS,2011-11,2011-12,M2_gbm_poisson,360.906265,886,708.333333,A,True,Forecast
85049B,LUSH GREENS RIBBONS,2011-11,2011-12,M2_gbm_poisson,4.354799,0,0.333333,B,True,Forecast
85049C,ROMANTIC PINKS RIBBONS,2011-11,2011-12,M2_gbm_poisson,65.597295,84,99.666667,B,True,Forecast
85049D,BRIGHT BLUES RIBBONS,2011-11,2011-12,M2_gbm_poisson,3.785653,0,0.333333,B,True,Forecast
85049E,SCANDINAVIAN REDS RIBBONS,2011-11,2011-12,M2_gbm_poisson,261.986123,447,499.333333,A,True,Forecast
85049F,BABY BOOM RIBBONS,2011-11,2011-12,M2_gbm_poisson,8.799912,0,10.000000,B,True,Forecast
85049G,CHOCOLATE BOX RIBBONS,2011-11,2011-12,M2_gbm_poisson,84.665076,105,162.666667,A,True,Forecast
85049H,URBAN BLACK RIBBONS,2011-11,2011-12,M2_gbm_poisson,71.375234,123,99.666667,B,True,Forecast
85053,FRENCH ENAMEL CANDLEHOLDER,2011-11,2011-12,M2_gbm_poisson,129.692634,256,252.666667,B,True,Forecast
85054,FRENCH ENAMEL POT W LID,2011-11,2011-12,M2_gbm_poisson,49.851584,52,36.666667,B,True,Forecast
85059,FRENCH ENAMEL WATER BASIN,2011-11,2011-12,M2_gbm_poisson,40.344444,28,18.666667,B,True,Forecast
85061W,WHITE JEWELLED HEART DECORATION,2011-11,2011-12,M2_gbm_poisson,103.652424,213,298.000000,A,True,Forecast
85062,PEARL CRYSTAL PUMPKIN T-LIGHT HLDR,2011-11,2011-12,M2_gbm_poisson,61.086444,99,68.333333,A,True,Forecast
85066,CREAM SWEETHEART MINI CHEST,2011-11,2011-12,M2_gbm_poisson,115.085031,271,195.666667,A,True,Forecast
85071A,BLUE CHARLIE+LOLA PERSONAL DOORSIGN,2011-11,2011-12,M2_gbm_poisson,84.317278,149,163.000000,B,True,Forecast
85071B,RED CHARLIE+LOLA PERSONAL DOORSIGN,2011-11,2011-12,M2_gbm_poisson,95.042453,182,172.666667,C,True,Forecast
85071C,"CHARLIE+LOLA""EXTREMELY BUSY"" SIGN",2011-11,2011-12,M2_gbm_poisson,65.242850,98,125.000000,C,True,Forecast
85071D,CHARLIE+LOLA MY ROOM DOOR SIGN,2011-11,2011-12,M2_gbm_poisson,58.712721,76,69.666667,C,True,Forecast
85078,SCANDINAVIAN 3 HEARTS NAPKIN RING,2011-11,2011-12,M2_gbm_poisson,56.404545,8,305.000000,C,True,Forecast
85086A,CANDY SPOT HEART DECORATION,2011-11,2011-12,M2_gbm_poisson,3.135932,0,0.000000,C,True,Forecast
85087,CANDY SPOT CUSHION COVER,2011-11,2011-12,M2_gbm_poisson,22.177629,0,15.333333,C,True,Forecast
85088,CANDY SPOT HAND BAG,2011-11,2011-12,M2_gbm_poisson,50.005041,48,41.333333,C,True,Forecast
85089,CANDY SPOT BUNNY,2011-11,2011-12,M2_gbm_poisson,7.698186,4,2.666667,C,True,Forecast
85093,CANDY SPOT EGG WARMER HARE,2011-11,2011-12,M2_gbm_poisson,35.527805,22,21.666667,B,True,Forecast
85094,CANDY SPOT EGG WARMER RABBIT,2011-11,2011-12,M2_gbm_poisson,61.253230,104,58.666667,C,True,Forecast
85095,THREE CANVAS LUGGAGE TAGS,2011-11,2011-12,M2_gbm_poisson,19.433944,16,8.333333,C,True,Forecast
85096,HILDA CANDY SPOT RABBIT,2011-11,2011-12,M2_gbm_poisson,5.758252,2,1.666667,C,True,Forecast
85099B,JUMBO BAG RED RETROSPOT,2011-11,2011-12,M2_gbm_poisson,2286.262976,5908,5239.666667,A,True,Forecast
85099C,JUMBO  BAG BAROQUE BLACK WHITE,2011-11,2011-12,M2_gbm_poisson,809.096705,1565,1421.000000,A,True,Forecast
85099F,JUMBO BAG STRAWBERRY,2011-11,2011-12,M2_gbm_poisson,699.987697,898,1387.333333,A,True,Forecast
85103,SILVER T-LIGHT SETTING,2011-11,2011-12,M2_gbm_poisson,2.045777,0,0.000000,B,True,Forecast
85104,SILVER GLASS T-LIGHT SET,2011-11,2011-12,M2_gbm_poisson,10.084642,4,3.333333,C,True,Forecast
85106,CUT GLASS HEXAGON T-LIGHT HOLDER,2011-11,2011-12,M2_gbm_poisson,10.095447,6,2.000000,B,True,Forecast
85107,CUT GLASS T-LIGHT HOLDER OCTAGON,2011-11,2011-12,M2_gbm_poisson,52.920438,88,38.666667,B,True,Forecast
85111,SILVER GLITTER FLOWER VOTIVE HOLDER,2011-11,2011-12,M2_gbm_poisson,71.744548,85,303.000000,C,True,Forecast
85114A,BLACK ENCHANTED FOREST PLACEMAT,2011-11,2011-12,M2_gbm_poisson,32.323344,16,56.000000,B,True,Forecast
85114B,IVORY ENCHANTED FOREST PLACEMAT,2011-11,2011-12,M2_gbm_poisson,44.193957,32,53.333333,A,True,Forecast
85114C,RED ENCHANTED FOREST PLACEMAT,2011-11,2011-12,M2_gbm_poisson,71.855153,137,104.333333,B,True,Forecast
85115B,S/4 BLACK DISCO PARTITION PANEL,2011-11,2011-12,M2_gbm_poisson,3.368636,0,1.000000,C,True,Forecast
85116,BLACK CANDELABRA T-LIGHT HOLDER,2011-11,2011-12,M2_gbm_poisson,14.490700,0,15.666667,B,True,Forecast
85123A,WHITE HANGING HEART T-LIGHT HOLDER,2011-11,2011-12,M2_gbm_poisson,2386.014779,4942,3046.333333,A,True,Forecast
85124B,BLUE JUICY FRUIT PHOTO FRAME,2011-11,2011-12,M2_gbm_poisson,15.655755,7,6.666667,C,True,Forecast
85124C,GREEN JUICY FRUIT PHOTO FRAME,2011-11,2011-12,M2_gbm_poisson,7.694330,0,4.333333,B,True,Forecast
85125,SMALL ROUND CUT GLASS CANDLESTICK,2011-11,2011-12,M2_gbm_poisson,40.020123,46,32.000000,B,True,Forecast
85127,SMALL SQUARE CUT GLASS CANDLESTICK,2011-11,2011-12,M2_gbm_poisson,35.504603,25,18.666667,B,True,Forecast
85129B,BEADED CRYSTAL HEART GREEN SMALL,2011-11,2011-12,M2_gbm_poisson,5.472472,2,1.000000,C,True,Forecast
85129C,BEADED CRYSTAL HEART BLUE SMALL,2011-11,2011-12,M2_gbm_poisson,14.041399,1,9.333333,C,True,Forecast
85129D,BEADED CRYSTAL HEART PINK SMALL,2011-11,2011-12,M2_gbm_poisson,16.210446,12,6.666667,B,True,Forecast
85130B,BEADED CRYSTAL HEART GREEN LARGE,2011-11,2011-12,M2_gbm_poisson,55.985865,37,106.333333,C,True,Forecast
85130C,BEADED CRYSTAL HEART BLUE  LARGE,2011-11,2011-12,M2_gbm_poisson,24.162514,11,69.666667,C,True,Forecast
85130D,BEADED CRYSTAL HEART PINK LARGE,2011-11,2011-12,M2_gbm_poisson,18.281977,3,11.666667,C,True,Forecast
85131A,BEADED PEARL HEART WHITE ON STICK,2011-11,2011-12,M2_gbm_poisson,4.633102,0,1.000000,B,True,Forecast
85131B,BEADED CRYSTAL HEART GREEN ON STICK,2011-11,2011-12,M2_gbm_poisson,59.346729,94,64.666667,C,True,Forecast
85131C,BEADED CRYSTAL HEART BLUE ON STICK,2011-11,2011-12,M2_gbm_poisson,25.805376,6,20.000000,C,True,Forecast
85131D,BEADED CRYSTAL HEART PINK ON STICK,2011-11,2011-12,M2_gbm_poisson,47.253505,31,48.000000,C,True,Forecast
85132B,CHARLIE AND LOLA TABLE TINS,2011-11,2011-12,M2_gbm_poisson,2.006944,0,0.000000,B,True,Forecast
85132C,CHARLIE AND LOLA FIGURES TINS,2011-11,2011-12,M2_gbm_poisson,4.046185,0,1.333333,A,True,Forecast
85135A,YELLOW DRAGONFLY HELICOPTER,2011-11,2011-12,M2_gbm_poisson,35.586357,15,5.000000,C,True,Forecast
85135B,BLUE DRAGONFLY HELICOPTER,2011-11,2011-12,M2_gbm_poisson,9.037687,5,2.666667,B,True,Forecast
85135C,RED DRAGONFLY HELICOPTER,2011-11,2011-12,M2_gbm_poisson,12.350155,3,8.666667,B,True,Forecast
85136A,YELLOW SHARK HELICOPTER,2011-11,2011-12,M2_gbm_poisson,17.460927,14,7.666667,C,True,Forecast
85136C,RED SHARK HELICOPTER,2011-11,2011-12,M2_gbm_poisson,20.312734,16,5.666667,B,True,Forecast
85141,JARDIN ETCHED GLASS FRUITBOWL,2011-11,2011-12,M2_gbm_poisson,2.064227,0,0.000000,B,True,Forecast
85150,LADIES & GENTLEMEN METAL SIGN,2011-11,2011-12,M2_gbm_poisson,209.846972,355,425.000000,A,True,Forecast
85152,HAND OVER THE CHOCOLATE   SIGN,2011-11,2011-12,M2_gbm_poisson,415.926524,574,909.666667,A,True,Forecast
85159A,"BLACK TEA,COFFEE,SUGAR JARS",2011-11,2011-12,M2_gbm_poisson,34.747076,30,15.666667,B,True,Forecast
85159B,"WHITE TEA,COFFEE,SUGAR JARS",2011-11,2011-12,M2_gbm_poisson,49.026403,50,47.333333,B,True,Forecast
85160B,BLACK BIRD GARDEN DESIGN MUG,2011-11,2011-12,M2_gbm_poisson,25.874196,24,9.000000,B,True,Forecast
85161,ACRYLIC GEOMETRIC LAMP,2011-11,2011-12,M2_gbm_poisson,6.431791,3,2.333333,C,True,Forecast
85163A,WHITE BAROQUE WALL CLOCK,2011-11,2011-12,M2_gbm_poisson,10.451976,4,4.333333,C,True,Forecast
85163B,BLACK BAROQUE WALL CLOCK,2011-11,2011-12,M2_gbm_poisson,4.243532,3,1.000000,B,True,Forecast
85168B,BLACK BAROQUE CARRIAGE CLOCK,2011-11,2011-12,M2_gbm_poisson,13.450064,6,6.333333,C,True,Forecast
85169A,IVORY LOVE BIRD CANDLE,2011-11,2011-12,M2_gbm_poisson,41.538779,36,32.000000,B,True,Forecast
85169B,BLACK LOVE BIRD CANDLE,2011-11,2011-12,M2_gbm_poisson,21.056580,10,15.333333,C,True,Forecast
85169C,EAU DE NIL LOVE BIRD CANDLE,2011-11,2011-12,M2_gbm_poisson,6.269524,2,1.000000,C,True,Forecast
85169D,PINK LOVE BIRD CANDLE,2011-11,2011-12,M2_gbm_poisson,33.734135,26,17.666667,C,True,Forecast
85170B,SET/6 BLACK BIRD T-LIGHT CANDLES,2011-11,2011-12,M2_gbm_poisson,13.287002,6,4.666667,C,True,Forecast
85170C,SET/6 EAU DE NIL BIRD T-LIGHTS,2011-11,2011-12,M2_gbm_poisson,18.855308,12,11.333333,C,True,Forecast
85170D,SET/6 PINK BIRD T-LIGHT CANDLES,2011-11,2011-12,M2_gbm_poisson,27.271700,17,14.000000,B,True,Forecast
85172,HYACINTH BULB T-LIGHT CANDLES,2011-11,2011-12,M2_gbm_poisson,106.997725,432,186.666667,B,True,Forecast
85173,SET/6 FROG PRINCE T-LIGHT CANDLES,2011-11,2011-12,M2_gbm_poisson,35.932603,17,34.666667,B,True,Forecast
85174,S/4 CACTI CANDLES,2011-11,2011-12,M2_gbm_poisson,70.406451,130,49.000000,A,True,Forecast
85175,CACTI T-LIGHT CANDLES,2011-11,2011-12,M2_gbm_poisson,160.586087,560,380.000000,A,True,Forecast
85176,SEWING SUSAN 21 NEEDLE SET,2011-11,2011-12,M2_gbm_poisson,65.775141,76,116.666667,B,True,Forecast
85177,BASKET OF FLOWERS SEWING KIT,2011-11,2011-12,M2_gbm_poisson,50.819891,33,53.000000,B,True,Forecast
85178,VICTORIAN SEWING KIT,2011-11,2011-12,M2_gbm_poisson,137.682112,384,283.333333,A,True,Forecast
85179A,GREEN BITTY LIGHT CHAIN,2011-11,2011-12,M2_gbm_poisson,95.771445,109,48.000000,C,True,Forecast
85179C,PINK BITTY LIGHT CHAIN,2011-11,2011-12,M2_gbm_poisson,55.771564,47,25.000000,C,True,Forecast
85180A,RED HEARTS LIGHT CHAIN,2011-11,2011-12,M2_gbm_poisson,9.781430,3,6.333333,B,True,Forecast
85180B,PINK HEARTS LIGHT CHAIN,2011-11,2011-12,M2_gbm_poisson,11.495389,2,4.666667,C,True,Forecast
85183A,CHARLIE & LOLA WASTEPAPER BIN BLUE,2011-11,2011-12,M2_gbm_poisson,61.760974,72,69.000000,B,True,Forecast
85183B,CHARLIE & LOLA WASTEPAPER BIN FLORA,2011-11,2011-12,M2_gbm_poisson,72.723400,128,107.333333,B,True,Forecast
85184C,S/4 VALENTINE DECOUPAGE HEART BOX,2011-11,2011-12,M2_gbm_poisson,40.957369,32,25.666667,A,True,Forecast
85185B,PINK HORSE SOCK PUPPET,2011-11,2011-12,M2_gbm_poisson,40.957369,28,16.666667,B,True,Forecast
85186C,BUNNY EGG GARLAND,2011-11,2011-12,M2_gbm_poisson,10.301450,0,8.666667,C,True,Forecast
85187,S/12 MINI RABBIT EASTER,2011-11,2011-12,M2_gbm_poisson,10.184399,6,2.000000,C,True,Forecast
85194L,HANGING SPRING FLOWER EGG LARGE,2011-11,2011-12,M2_gbm_poisson,26.773711,11,3.666667,B,True,Forecast
85194S,HANGING SPRING FLOWER EGG SMALL,2011-11,2011-12,M2_gbm_poisson,86.182671,92,121.666667,C,True,Forecast
85197,SET OF 12 MINI BUNNIES IN A BUCKET,2011-11,2011-12,M2_gbm_poisson,2.039099,0,0.000000,B,True,Forecast
85199L,LARGE HANGING IVORY & RED WOOD BIRD,2011-11,2011-12,M2_gbm_poisson,67.510626,157,168.666667,B,True,Forecast
85199S,SMALL HANGING IVORY/RED WOOD BIRD,2011-11,2011-12,M2_gbm_poisson,360.345079,917,506.333333,B,True,Forecast
85202,HANGING WOOD AND FELT HEART,2011-11,2011-12,M2_gbm_poisson,43.887805,51,23.333333,C,True,Forecast
85203,HANGING WOOD AND FELT BUTTERFLY,2011-11,2011-12,M2_gbm_poisson,47.056116,52,42.666667,C,True,Forecast
85204,HANGING WOOD AND FELT FLOWER,2011-11,2011-12,M2_gbm_poisson,128.779807,254,351.000000,C,True,Forecast
85208,SET/12 FUNKY FELT FLOWER PEG IN BAG,2011-11,2011-12,M2_gbm_poisson,14.833359,2,8.666667,C,True,Forecast
85211,S/4 GROOVY CAT MAGNETS,2011-11,2011-12,M2_gbm_poisson,7.357501,0,2.666667,C,True,Forecast
85212,MINI PAINTED GARDEN DECORATION,2011-11,2011-12,M2_gbm_poisson,91.126910,72,105.000000,C,True,Forecast
85213,MINI  ZINC GARDEN DECORATIONS,2011-11,2011-12,M2_gbm_poisson,2.905253,0,0.000000,C,True,Forecast
85214,TUB 24 PINK FLOWER PEGS,2011-11,2011-12,M2_gbm_poisson,3.135932,0,0.000000,C,True,Forecast
85215,ASSORTED CHEESE FRIDGE MAGNETS,2011-11,2011-12,M2_gbm_poisson,3.168712,0,0.000000,C,True,Forecast
85216,ASSORTED CAKES FRIDGE MAGNETS,2011-11,2011-12,M2_gbm_poisson,8.841829,1,2.333333,B,True,Forecast
85227,SET OF 6 3D KIT CARDS FOR KIDS,2011-11,2011-12,M2_gbm_poisson,115.686965,229,156.333333,B,True,Forecast
85230A,OPIUM SCENTED VOTIVE CANDLE,2011-11,2011-12,M2_gbm_poisson,31.623199,24,40.000000,C,True,Forecast
85230B,CINNAMON SCENTED VOTIVE CANDLE,2011-11,2011-12,M2_gbm_poisson,87.137563,312,232.000000,C,True,Forecast
85230E,STRAWBRY SCENTED VOTIVE CANDLE,2011-11,2011-12,M2_gbm_poisson,13.734222,0,32.000000,C,True,Forecast
85230F,JASMINE VOTIVE CANDLE,2011-11,2011-12,M2_gbm_poisson,27.907693,24,16.000000,C,True,Forecast
85230G,ORANGE VOTIVE CANDLE,2011-11,2011-12,M2_gbm_poisson,44.391645,48,56.000000,C,True,Forecast
85231B,CINAMMON SET OF 9 T-LIGHTS,2011-11,2011-12,M2_gbm_poisson,67.421121,123,119.000000,B,True,Forecast
85231G,ORANGE SCENTED SET/9 T-LIGHTS,2011-11,2011-12,M2_gbm_poisson,15.395625,0,49.000000,B,True,Forecast
85232A,SET/3 POLKA DOT STACKING TINS,2011-11,2011-12,M2_gbm_poisson,2.064227,0,0.000000,B,True,Forecast
85232D,SET/3 DECOUPAGE STACKING TINS,2011-11,2011-12,M2_gbm_poisson,43.770579,49,29.000000,B,True,Forecast
90000A,RASPBERRY ANT COPPER FLOWER NECKLAC,2011-11,2011-12,M2_gbm_poisson,5.224297,3,1.666667,C,True,Forecast
90000B,MIDNIGHT BLUE COPPER FLOWER NECKLAC,2011-11,2011-12,M2_gbm_poisson,2.064227,0,0.000000,C,True,Forecast
90000D,COPPER/OLIVE GREEN FLOWER NECKLACE,2011-11,2011-12,M2_gbm_poisson,5.047021,1,1.333333,C,True,Forecast
90001A,ANTIQUE RASPBERRY FLOWER EARRINGS,2011-11,2011-12,M2_gbm_poisson,3.223992,0,0.333333,C,True,Forecast
90001B,ANTIQUE MID BLUE FLOWER EARRINGS,2011-11,2011-12,M2_gbm_poisson,4.084260,1,0.333333,C,True,Forecast
90001C,ANTIQUE OPAL WHITE FLOWER EARRINGS,2011-11,2011-12,M2_gbm_poisson,3.244928,0,0.333333,C,True,Forecast
90001D,ANTIQUE OLIVE GREEN FLOWER EARRINGS,2011-11,2011-12,M2_gbm_poisson,3.223992,0,0.333333,C,True,Forecast
90003B,ROSE COLOUR PAIR HEART HAIR SLIDES,2011-11,2011-12,M2_gbm_poisson,7.739100,4,2.666667,C,True,Forecast
90003C,MIDNIGHT BLUE PAIR HEART HAIR SLIDE,2011-11,2011-12,M2_gbm_poisson,10.300841,4,4.000000,C,True,Forecast
90003D,CRYSTAL PAIR HEART HAIR SLIDES,2011-11,2011-12,M2_gbm_poisson,14.959008,7,4.666667,C,True,Forecast
90003E,GREEN PAIR HEART HAIR SLIDES,2011-11,2011-12,M2_gbm_poisson,9.642745,5,3.000000,C,True,Forecast
90010A,MIDNIGHT BLUE GLASS/SILVER BRACELET,2011-11,2011-12,M2_gbm_poisson,7.930792,3,2.333333,C,True,Forecast
90010E,AMBER GLASS/SILVER BRACELET,2011-11,2011-12,M2_gbm_poisson,10.074841,5,4.000000,C,True,Forecast
90011A,MIDNIGHT BLUE CRYSTAL DROP EARRINGS,2011-11,2011-12,M2_gbm_poisson,5.842509,2,0.666667,C,True,Forecast
90011B,BLACK CRYSTAL DROP EARRINGS,2011-11,2011-12,M2_gbm_poisson,8.016944,1,2.333333,C,True,Forecast
90011C,GREEN CRYSTAL DROP EARRINGS,2011-11,2011-12,M2_gbm_poisson,4.084260,1,0.333333,C,True,Forecast
90011D,PURPLE CRYSTAL DROP EARRINGS,2011-11,2011-12,M2_gbm_poisson,4.652399,1,0.333333,C,True,Forecast
90011E,AMBER CRYSTAL DROP EARRINGS,2011-11,2011-12,M2_gbm_poisson,2.666022,0,0.333333,C,True,Forecast
90012A,MIDNIGHT BLUE DROP CRYSTAL NECKLACE,2011-11,2011-12,M2_gbm_poisson,6.003238,0,2.666667,C,True,Forecast
90012B,BLACK DROP CRYSTAL NECKLACE,2011-11,2011-12,M2_gbm_poisson,10.764260,6,4.000000,C,True,Forecast
90013A,MIDNIGHT BLUE VINTAGE EARRINGS,2011-11,2011-12,M2_gbm_poisson,13.074873,6,5.333333,C,True,Forecast
90013B,BLACK VINTAGE EARRINGS,2011-11,2011-12,M2_gbm_poisson,15.732499,10,5.000000,C,True,Forecast
90013C,GREEN VINTAGE EARRINGS,2011-11,2011-12,M2_gbm_poisson,15.021501,10,5.333333,C,True,Forecast
90013D,PURPLE VINTAGE EARRINGS,2011-11,2011-12,M2_gbm_poisson,2.064227,0,0.000000,C,True,Forecast
90014A,SILVER/MOP ORBIT NECKLACE,2011-11,2011-12,M2_gbm_poisson,11.939602,7,3.333333,C,True,Forecast
90014B,GOLD M PEARL  ORBIT NECKLACE,2011-11,2011-12,M2_gbm_poisson,3.859888,0,0.666667,C,True,Forecast
90014C,SILVER/BLACK ORBIT NECKLACE,2011-11,2011-12,M2_gbm_poisson,5.050177,2,0.666667,C,True,Forecast
90016A,SILVER/M.O.P PENDANT ORBIT NECKLACE,2011-11,2011-12,M2_gbm_poisson,6.017249,0,3.000000,C,True,Forecast
90016B,GOLD/M.O.P PENDANT ORBIT NECKLACE,2011-11,2011-12,M2_gbm_poisson,7.968246,4,2.666667,C,True,Forecast
90016C,SILVER/BLACK PENDANT ORBIT NECKLACE,2011-11,2011-12,M2_gbm_poisson,2.045191,0,0.000000,C,True,Forecast
90018A,SILVER M.O.P ORBIT DROP EARRINGS,2011-11,2011-12,M2_gbm_poisson,15.732499,10,6.666667,C,True,Forecast
90018B,GOLD M.O.P ORBIT DROP EARRINGS,2011-11,2011-12,M2_gbm_poisson,8.330491,5,2.333333,C,True,Forecast
90018C,SILVER BLACK ORBIT DROP EARRINGS,2011-11,2011-12,M2_gbm_poisson,7.645133,2,2.333333,C,True,Forecast
90019A,SILVER M.O.P ORBIT BRACELET,2011-11,2011-12,M2_gbm_poisson,12.945855,7,5.666667,C,True,Forecast
90019B,GOLD M.O.P ORBIT BRACELET,2011-11,2011-12,M2_gbm_poisson,9.940084,5,2.666667,C,True,Forecast
90019C,SILVER BLACK ORBIT BRACELET,2011-11,2011-12,M2_gbm_poisson,3.891538,1,1.333333,C,True,Forecast
90020,FILIGREE DIAMANTE CHAIN,2011-11,2011-12,M2_gbm_poisson,2.383144,0,0.000000,C,True,Forecast
90022,EDWARDIAN DROP EARRINGS JET BLACK,2011-11,2011-12,M2_gbm_poisson,6.957613,1,2.333333,C,True,Forecast
90023,FILIGREE DIAMANTE EARRINGS,2011-11,2011-12,M2_gbm_poisson,5.565656,2,1.333333,C,True,Forecast
90024B,NEW BAROQUE B'FLY NECKLACE RED,2011-11,2011-12,M2_gbm_poisson,5.102020,2,1.333333,C,True,Forecast
90024C,NEW BAROQUE B'FLY NECKLACE GREEN,2011-11,2011-12,M2_gbm_poisson,2.045191,0,0.000000,C,True,Forecast
90024D,NEW BAROQUE B'FLY NECKLACE PINK,2011-11,2011-12,M2_gbm_poisson,2.383144,0,0.333333,C,True,Forecast
90024F,NEW BAROQUE B'FLY NECKLACE CRYSTAL,2011-11,2011-12,M2_gbm_poisson,3.585530,1,0.666667,C,True,Forecast
90025A,BAROQUE BUTTERFLY EARRINGS BLACK,2011-11,2011-12,M2_gbm_poisson,3.961480,0,0.333333,C,True,Forecast
90025D,BAROQUE BUTTERFLY EARRINGS PINK,2011-11,2011-12,M2_gbm_poisson,2.683335,0,0.333333,C,True,Forecast
90025E,BAROQUE BUTTERFLY EARRINGS MONTANA,2011-11,2011-12,M2_gbm_poisson,2.064227,0,0.000000,C,True,Forecast
90025F,BAROQUE BUTTERFLY EARRINGS CRYSTAL,2011-11,2011-12,M2_gbm_poisson,3.859888,0,0.666667,C,True,Forecast
90026A,GLASS BEAD HOOP NECKLACE BLACK,2011-11,2011-12,M2_gbm_poisson,2.045191,0,0.000000,C,True,Forecast
90026C,GLASS BEAD HOOP NECKLACE GREEN,2011-11,2011-12,M2_gbm_poisson,4.218493,2,0.666667,C,True,Forecast
90026D,GLASS BEAD HOOP NECKLACE AMETHYST,2011-11,2011-12,M2_gbm_poisson,4.093567,1,0.333333,C,True,Forecast
90027A,GLASS BEAD HOOP EARRINGS BLACK,2011-11,2011-12,M2_gbm_poisson,2.683335,0,0.000000,C,True,Forecast
90027B,GLASS BEAD HOOP EARRINGS MONTANA,2011-11,2011-12,M2_gbm_poisson,4.652399,1,0.333333,C,True,Forecast
90027C,GLASS BEAD HOOP EARRINGS GREEN,2011-11,2011-12,M2_gbm_poisson,4.084260,1,0.333333,C,True,Forecast
90027D,GLASS BEAD HOOP EARRINGS AMETHYST,2011-11,2011-12,M2_gbm_poisson,5.100740,2,0.666667,C,True,Forecast
90028,NEW BAROQUE LARGE NECKLACE BLK/WHIT,2011-11,2011-12,M2_gbm_poisson,4.183783,1,1.000000,C,True,Forecast
90029,NEW BAROQUE SMALL NECKLACE BLACK,2011-11,2011-12,M2_gbm_poisson,2.383144,0,0.000000,C,True,Forecast
90030A,SPOTTED WHITE NATURAL SEED NECKLACE,2011-11,2011-12,M2_gbm_poisson,20.865713,6,20.000000,C,True,Forecast
90030B,RED KUKUI COCONUT SEED NECKLACE,2011-11,2011-12,M2_gbm_poisson,32.361478,18,22.000000,C,True,Forecast
90030C,BROWN KUKUI COCONUT SEED NECKLACE,2011-11,2011-12,M2_gbm_poisson,20.865713,6,19.666667,C,True,Forecast
90031,BILI NUT AND WOOD NECKLACE,2011-11,2011-12,M2_gbm_poisson,18.398549,6,12.000000,C,True,Forecast
90032,IVORY SHELL HEART NECKLACE,2011-11,2011-12,M2_gbm_poisson,6.219532,0,3.000000,C,True,Forecast
90033,IVORY SHELL HEART EARRINGS,2011-11,2011-12,M2_gbm_poisson,5.671606,2,0.666667,C,True,Forecast
90036A,FLOWER GARLAND NECKLACE RED,2011-11,2011-12,M2_gbm_poisson,2.421241,0,0.000000,C,True,Forecast
90036B,"FLOWER GLASS GARLAND NECKL.36""GREEN",2011-11,2011-12,M2_gbm_poisson,2.421241,0,0.000000,C,True,Forecast
90036C,"FLOWER GLASS GARLAND NECKL.36""BLUE",2011-11,2011-12,M2_gbm_poisson,4.893293,1,1.333333,C,True,Forecast
90036D,"FLOWER GLASS GARLAND NECKL.36""BLACK",2011-11,2011-12,M2_gbm_poisson,2.045191,0,0.000000,C,True,Forecast
90036E,"FLOWER GLASS GARLD NECKL36""AMETHYST",2011-11,2011-12,M2_gbm_poisson,2.908383,0,0.333333,C,True,Forecast
90037B,TINY CRYSTAL BRACELET GREEN,2011-11,2011-12,M2_gbm_poisson,2.971204,0,0.000000,C,True,Forecast
90037C,TINY CRYSTAL BRACELET BLUE,2011-11,2011-12,M2_gbm_poisson,2.043465,0,0.000000,C,True,Forecast
90038A,GLASS AND PAINTED BEADS BRACELET TO,2011-11,2011-12,M2_gbm_poisson,8.505608,2,2.666667,C,True,Forecast
90038B,GLASS AND PAINTED BEADS BRACELET OL,2011-11,2011-12,M2_gbm_poisson,4.787204,1,1.000000,C,True,Forecast
90038C,GLASS AND BEADS BRACELET IVORY,2011-11,2011-12,M2_gbm_poisson,2.666022,0,0.333333,C,True,Forecast
90039B,FIRE POLISHED GLASS BRACELET MONTAN,2011-11,2011-12,M2_gbm_poisson,2.064227,0,0.000000,C,True,Forecast
90039C,FIRE POLISHED GLASS BRACELET BLACK,2011-11,2011-12,M2_gbm_poisson,5.819394,2,0.666667,C,True,Forecast
90039D,FIRE POLISHED GLASS BRACELET GREEN,2011-11,2011-12,M2_gbm_poisson,5.100740,2,0.666667,C,True,Forecast
90040C,MURANO STYLE GLASS BRACELET GOLD,2011-11,2011-12,M2_gbm_poisson,8.420669,5,2.666667,C,True,Forecast
90041,PEARL AND CHERRY QUARTZ BRACLET,2011-11,2011-12,M2_gbm_poisson,2.683335,0,0.333333,C,True,Forecast
90043,COPPER AND BRASS BAG CHARM,2011-11,2011-12,M2_gbm_poisson,2.851164,0,0.333333,C,True,Forecast
90046,WHITE WITH METAL BAG CHARM,2011-11,2011-12,M2_gbm_poisson,2.064227,0,0.000000,C,True,Forecast
90048,GREEN WITH METAL BAG CHARM,2011-11,2011-12,M2_gbm_poisson,2.064227,0,0.000000,C,True,Forecast
90049,IVORY GOLD METAL BAG CHARM,2011-11,2011-12,M2_gbm_poisson,3.585530,1,0.666667,C,True,Forecast
90050,CRACKED GLAZE NECKLACE IVORY,2011-11,2011-12,M2_gbm_poisson,4.366355,3,1.000000,C,True,Forecast
90051,CRACKED GLAZE NECKLACE RED,2011-11,2011-12,M2_gbm_poisson,3.491593,0,1.000000,C,True,Forecast
90052,CRACKED GLAZE NECKLACE BROWN,2011-11,2011-12,M2_gbm_poisson,3.743787,1,0.333333,C,True,Forecast
90053,CRACKED GLAZE EARRINGS IVORY,2011-11,2011-12,M2_gbm_poisson,3.543321,0,0.333333,C,True,Forecast
90054,CRACKED GLAZE EARRINGS RED,2011-11,2011-12,M2_gbm_poisson,5.596105,2,1.000000,C,True,Forecast
90055,CRACKED GLAZE EARRINGS BROWN,2011-11,2011-12,M2_gbm_poisson,6.470690,2,0.666667,C,True,Forecast
90056,CHUNKY CRACKED GLAZE NECKLACE IVORY,2011-11,2011-12,M2_gbm_poisson,2.383144,0,0.333333,C,True,Forecast
90057,DIAMANTE RING ASSORTED IN BOX.,2011-11,2011-12,M2_gbm_poisson,141.428133,408,160.000000,B,True,Forecast
90058A,CRYSTAL STUD EARRINGS CLEAR DISPLAY,2011-11,2011-12,M2_gbm_poisson,72.627350,180,84.000000,C,True,Forecast
90058B,CRYSTAL STUD EARRINGS ASSORTED COL,2011-11,2011-12,M2_gbm_poisson,78.716850,216,144.000000,C,True,Forecast
90059A,DIAMANTE HAIR GRIP PACK/2 CRYSTAL,2011-11,2011-12,M2_gbm_poisson,16.729093,9,5.000000,C,True,Forecast
90059B,DIAMANTE HAIR GRIP PACK/2 BLACK DIA,2011-11,2011-12,M2_gbm_poisson,8.670867,2,2.666667,C,True,Forecast
90059C,DIAMANTE HAIR GRIP PACK/2 MONTANA,2011-11,2011-12,M2_gbm_poisson,8.821625,4,3.333333,C,True,Forecast
90059D,DIAMANTE HAIR GRIP PACK/2 PERIDOT,2011-11,2011-12,M2_gbm_poisson,9.790732,3,3.333333,C,True,Forecast
90059E,DIAMANTE HAIR GRIP PACK/2 RUBY,2011-11,2011-12,M2_gbm_poisson,16.115337,6,4.333333,C,True,Forecast
90059F,DIAMANTE HAIR GRIP PACK/2 LT ROSE,2011-11,2011-12,M2_gbm_poisson,10.356166,4,3.666667,C,True,Forecast
90060F,FIRE POLISHED GLASS NECKL GREEN,2011-11,2011-12,M2_gbm_poisson,4.330428,1,1.000000,C,True,Forecast
90063A,WHITE VINT ART DECO CRYSTAL NECKLAC,2011-11,2011-12,M2_gbm_poisson,4.180976,2,2.000000,C,True,Forecast
90063B,BLACK VINT ART DEC CRYSTAL NECKLACE,2011-11,2011-12,M2_gbm_poisson,5.013598,3,1.666667,C,True,Forecast
90064A,WHITE VINTAGE CRYSTAL EARRINGS,2011-11,2011-12,M2_gbm_poisson,4.084260,1,0.333333,C,True,Forecast
90064B,BLACK VINTAGE  CRYSTAL EARRINGS,2011-11,2011-12,M2_gbm_poisson,4.010787,0,1.333333,C,True,Forecast
90065A,WHITE VINTAGE CRYSTAL BRACELET,2011-11,2011-12,M2_gbm_poisson,2.064227,0,0.000000,C,True,Forecast
90065B,BLACK VINT ART DEC CRYSTAL BRACELET,2011-11,2011-12,M2_gbm_poisson,3.736213,1,0.666667,C,True,Forecast
90067A,PINK VINTAGE VICTORIAN EARRINGS,2011-11,2011-12,M2_gbm_poisson,9.300070,6,2.333333,C,True,Forecast
90067B,BROWN VINTAGE VICTORIAN EARRINGS,2011-11,2011-12,M2_gbm_poisson,2.064227,0,0.000000,C,True,Forecast
90069,RUBY GLASS CLUSTER NECKLACE,2011-11,2011-12,M2_gbm_poisson,4.941645,2,0.666667,C,True,Forecast
90070,RUBY GLASS CLUSTER BRACELET,2011-11,2011-12,M2_gbm_poisson,5.901473,4,2.000000,C,True,Forecast
90071,RUBY GLASS CLUSTER EARRINGS,2011-11,2011-12,M2_gbm_poisson,11.327257,5,3.333333,C,True,Forecast
90072,RUBY DROP CHANDELIER EARRINGS,2011-11,2011-12,M2_gbm_poisson,9.829528,3,3.666667,C,True,Forecast
90073,VINTAGE ENAMEL & CRYSTAL EARRINGS,2011-11,2011-12,M2_gbm_poisson,4.945870,2,1.333333,C,True,Forecast
90074,BLACK DIAMOND CLUSTER NECKLACE,2011-11,2011-12,M2_gbm_poisson,4.183783,1,1.000000,C,True,Forecast
90075,MONTANA DIAMOND CLUSTER NECKLACE,2011-11,2011-12,M2_gbm_poisson,4.774302,2,0.666667,C,True,Forecast
90076,MONTANA DIAMOND CLUSTER EARRINGS,2011-11,2011-12,M2_gbm_poisson,4.652399,1,0.333333,C,True,Forecast
90077,BLACK DIAMOND CLUSTER EARRINGS,2011-11,2011-12,M2_gbm_poisson,2.683335,0,0.333333,C,True,Forecast
90079,VINTAGE ENAMEL & CRYSTAL NECKLACE,2011-11,2011-12,M2_gbm_poisson,2.955233,0,0.333333,C,True,Forecast
90081A,LILY BROOCH AMETHYST COLOUR,2011-11,2011-12,M2_gbm_poisson,4.357522,2,1.000000,C,True,Forecast
90081C,LILY BROOCH OLIVE COLOUR,2011-11,2011-12,M2_gbm_poisson,5.224297,3,1.333333,C,True,Forecast
90082A,DIAMANTE BOW BROOCH GREEN COLOUR,2011-11,2011-12,M2_gbm_poisson,4.379175,2,1.333333,C,True,Forecast
90082B,DIAMANTE BOW BROOCH RED COLOUR,2011-11,2011-12,M2_gbm_poisson,3.743787,1,0.333333,C,True,Forecast
90082D,DIAMANTE BOW BROOCH BLACK COLOUR,2011-11,2011-12,M2_gbm_poisson,4.237050,1,0.333333,C,True,Forecast
90083,CRYSTAL CZECH CROSS PHONE CHARM,2011-11,2011-12,M2_gbm_poisson,10.603626,8,2.666667,C,True,Forecast
90085,CRYSTAL STILETTO PHONE CHARM,2011-11,2011-12,M2_gbm_poisson,2.945728,0,0.000000,C,True,Forecast
90086,CRYSTAL FROG PHONE CHARM,2011-11,2011-12,M2_gbm_poisson,13.361360,7,6.000000,C,True,Forecast
90087,CRYSTAL SEA HORSE PHONE CHARM,2011-11,2011-12,M2_gbm_poisson,14.674524,5,7.666667,C,True,Forecast
90089,PINK CRYSTAL SKULL PHONE CHARM,2011-11,2011-12,M2_gbm_poisson,5.597743,2,1.000000,C,True,Forecast
90093,CLEAR CRYSTAL STAR PHONE CHARM,2011-11,2011-12,M2_gbm_poisson,4.482821,1,0.666667,C,True,Forecast
90094,NECKLACE+BRACELET SET FRUIT SALAD,2011-11,2011-12,M2_gbm_poisson,6.851001,5,1.666667,C,True,Forecast
90096,NECKLACE+BRACELET SET BLUE BLOSSOM,2011-11,2011-12,M2_gbm_poisson,7.514144,5,2.000000,C,True,Forecast
90098,NECKLACE+BRACELET PINK BUTTERFLY,2011-11,2011-12,M2_gbm_poisson,12.690647,3,5.333333,C,True,Forecast
90099,NECKLACE+BRACELET SET BLUE HIBISCUS,2011-11,2011-12,M2_gbm_poisson,16.258467,12,4.333333,C,True,Forecast
90101,WHITE FRANGIPANI NECKLACE,2011-11,2011-12,M2_gbm_poisson,12.088228,5,4.666667,C,True,Forecast
90102,WHITE FRANGIPANI HAIR CLIP,2011-11,2011-12,M2_gbm_poisson,1.984807,0,0.000000,C,True,Forecast
90103,PURPLE FRANGIPANI NECKLACE,2011-11,2011-12,M2_gbm_poisson,9.435873,5,1.666667,C,True,Forecast
90108,BLUE BLOSSOM HAIR CLIP,2011-11,2011-12,M2_gbm_poisson,11.480963,2,5.000000,C,True,Forecast
90114,SUMMER DAISIES BAG CHARM,2011-11,2011-12,M2_gbm_poisson,46.624378,54,20.000000,C,True,Forecast
90115,SUMMER BUTTERFLIES BAG CHARM,2011-11,2011-12,M2_gbm_poisson,1.989265,0,0.000000,C,True,Forecast
90116,FRUIT SALAD BAG CHARM,2011-11,2011-12,M2_gbm_poisson,12.569109,6,3.000000,C,True,Forecast
90118,PINK DAISY BAG CHARM,2011-11,2011-12,M2_gbm_poisson,15.368333,7,4.333333,C,True,Forecast
90119,METALIC LEAVES BAG CHARMS,2011-11,2011-12,M2_gbm_poisson,33.615969,26,15.666667,C,True,Forecast
90120B,BLUE MURANO TWIST BRACELET,2011-11,2011-12,M2_gbm_poisson,13.822332,12,5.000000,C,True,Forecast
90120C,GREEN MURANO TWIST BRACELET,2011-11,2011-12,M2_gbm_poisson,13.675035,11,5.666667,C,True,Forecast
90122A,PINK CRYSTAL+GLASS BRACELET,2011-11,2011-12,M2_gbm_poisson,4.357522,2,1.000000,C,True,Forecast
90122B,JADE CRYSTAL+GLASS BRACELET,2011-11,2011-12,M2_gbm_poisson,2.443777,0,0.333333,C,True,Forecast
90122C,TURQUOISE CRYSTAL+GLASS BRACELET,2011-11,2011-12,M2_gbm_poisson,6.950811,1,2.666667,C,True,Forecast
90123A,PINK HEART OF GLASS BRACELET,2011-11,2011-12,M2_gbm_poisson,2.955233,0,0.333333,C,True,Forecast
90123B,TURQUOISE HEART OF GLASS BRACELET,2011-11,2011-12,M2_gbm_poisson,2.443777,0,0.000000,C,True,Forecast
90123C,GREEN HEART OF GLASS BRACELET,2011-11,2011-12,M2_gbm_poisson,2.443777,0,0.000000,C,True,Forecast
90123D,WHITE HEART OF GLASS BRACELET,2011-11,2011-12,M2_gbm_poisson,3.736213,1,0.666667,C,True,Forecast
90124A,PINK MURANO TWIST NECKLACE,2011-11,2011-12,M2_gbm_poisson,3.368636,0,1.000000,C,True,Forecast
90124B,BLUE MURANO TWIST NECKLACE,2011-11,2011-12,M2_gbm_poisson,3.585530,1,0.666667,C,True,Forecast
90124C,GREEN MURANO TWIST NECKLACE,2011-11,2011-12,M2_gbm_poisson,4.319791,1,1.666667,C,True,Forecast
90125A,PINK BERTIE GLASS BEAD BAG CHARM,2011-11,2011-12,M2_gbm_poisson,2.064227,0,0.000000,C,True,Forecast
90125B,AQUA BERTIE GLASS BEAD BAG CHARM,2011-11,2011-12,M2_gbm_poisson,2.064227,0,0.000000,C,True,Forecast
90125D,PURPLE BERTIE GLASS BEAD BAG CHARM,2011-11,2011-12,M2_gbm_poisson,2.064227,0,0.000000,C,True,Forecast
90126C,AMBER BERTIE MOBILE PHONE CHARM,2011-11,2011-12,M2_gbm_poisson,2.064227,0,0.000000,C,True,Forecast
90127A,PINK BEADS+HAND PHONE CHARM,2011-11,2011-12,M2_gbm_poisson,2.043465,0,0.000000,C,True,Forecast
90128A,PINK LEAVES AND BEADS PHONE CHARM,2011-11,2011-12,M2_gbm_poisson,2.043465,0,0.000000,C,True,Forecast
90128C,GREEN LEAVES AND BEADS PHONE CHARM,2011-11,2011-12,M2_gbm_poisson,2.927951,0,0.333333,C,True,Forecast
90129A,PINK GLASS TASSLE BAG CHARM,2011-11,2011-12,M2_gbm_poisson,4.963424,0,2.000000,C,True,Forecast
90129B,TURQUOISE GLASS TASSLE BAG CHARM,2011-11,2011-12,M2_gbm_poisson,12.794277,9,6.333333,C,True,Forecast
90129C,GREEN GLASS TASSLE BAG CHARM,2011-11,2011-12,M2_gbm_poisson,10.510749,1,4.666667,C,True,Forecast
90129D,AMBER GLASS TASSLE BAG CHARM,2011-11,2011-12,M2_gbm_poisson,6.920720,0,3.666667,C,True,Forecast
90129E,PURPLE GLASS TASSLE BAG CHARM,2011-11,2011-12,M2_gbm_poisson,10.179183,2,4.333333,C,True,Forecast
90129F,RED GLASS TASSLE BAG CHARM,2011-11,2011-12,M2_gbm_poisson,13.316237,9,5.666667,C,True,Forecast
90130A,WHITE STONE/CRYSTAL EARRINGS,2011-11,2011-12,M2_gbm_poisson,5.317219,4,1.666667,C,True,Forecast
90130B,TURQ STONE/CRYSTAL EARRINGS,2011-11,2011-12,M2_gbm_poisson,14.085717,6,5.000000,C,True,Forecast
90130C,GREEN STONE/CRYSTAL EARRINGS,2011-11,2011-12,M2_gbm_poisson,5.317219,3,1.666667,C,True,Forecast
90130D,RED STONE/CRYSTAL EARRINGS,2011-11,2011-12,M2_gbm_poisson,5.842509,2,0.666667,C,True,Forecast
90131,PINK/AMETHYST/GOLD NECKLACE,2011-11,2011-12,M2_gbm_poisson,2.064227,0,0.000000,C,True,Forecast
90132,LIGHT TOPAZ TEAL/AQUA COL NECKLACE,2011-11,2011-12,M2_gbm_poisson,2.443777,0,0.000000,C,True,Forecast
90133,TEAL/FUSCHIA COL BEAD NECKLACE,2011-11,2011-12,M2_gbm_poisson,15.267575,12,4.000000,C,True,Forecast
90134,OLD ROSE COMBO BEAD NECKLACE,2011-11,2011-12,M2_gbm_poisson,15.926691,7,4.000000,C,True,Forecast
90137,PINK COMBO MINI CRYSTALS NECKLACE,2011-11,2011-12,M2_gbm_poisson,2.064227,0,0.000000,C,True,Forecast
90138,WHITE/PINK MINI CRYSTALS NECKLACE,2011-11,2011-12,M2_gbm_poisson,3.743787,1,0.333333,C,True,Forecast
90140,PINK SWEETIE NECKLACE,2011-11,2011-12,M2_gbm_poisson,2.443777,0,0.000000,C,True,Forecast
90141A,GREEN PENDANT TRIPLE SHELL NECKLACE,2011-11,2011-12,M2_gbm_poisson,5.050177,2,0.666667,C,True,Forecast
90141B,IVORY PENDANT TRIPLE SHELL NECKLACE,2011-11,2011-12,M2_gbm_poisson,2.064227,0,0.000000,C,True,Forecast
90141C,TURQ PENDANT TRIPLE SHELL NECKLACE,2011-11,2011-12,M2_gbm_poisson,5.280850,4,1.333333,C,True,Forecast
90141D,ROSE PENDANT TRIPLE SHELL NECKLACE,2011-11,2011-12,M2_gbm_poisson,2.064227,0,0.000000,C,True,Forecast
90141E,ORANGE PENDANT TRIPLE SHELL NECKLAC,2011-11,2011-12,M2_gbm_poisson,3.491593,0,0.666667,C,True,Forecast
90142D,MOP PENDANT SHELL NECKLACE,2011-11,2011-12,M2_gbm_poisson,3.491593,0,1.000000,C,True,Forecast
90143,SILVER BRACELET W PASTEL FLOWER,2011-11,2011-12,M2_gbm_poisson,3.562723,0,1.333333,C,True,Forecast
90144,SILVER DROP EARRINGS WITH FLOWER,2011-11,2011-12,M2_gbm_poisson,6.025366,3,2.000000,C,True,Forecast
90145,SILVER HOOP EARRINGS WITH FLOWER,2011-11,2011-12,M2_gbm_poisson,8.231996,2,3.333333,C,True,Forecast
90146,FINE SILVER NECKLACE W PASTEL FLOWE,2011-11,2011-12,M2_gbm_poisson,6.219532,0,3.000000,C,True,Forecast
90147,CHUNKY SILVER NECKLACE PASTEL FLOWE,2011-11,2011-12,M2_gbm_poisson,10.196786,6,3.333333,C,True,Forecast
90148,LONG SILVER NECKLACE PASTEL FLOWER,2011-11,2011-12,M2_gbm_poisson,2.383144,0,0.333333,C,True,Forecast
90149,SILVER FLOWR PINK SHELL NECKLACE,2011-11,2011-12,M2_gbm_poisson,6.911441,0,17.000000,C,True,Forecast
90151,SILVER/NATURAL SHELL NECKLACE,2011-11,2011-12,M2_gbm_poisson,4.774302,2,0.666667,C,True,Forecast
90152A,SILVER/NAT SHELL NECKLACE W PENDANT,2011-11,2011-12,M2_gbm_poisson,3.743787,1,0.666667,C,True,Forecast
90154,LAZER CUT NECKLACE W PASTEL BEADS,2011-11,2011-12,M2_gbm_poisson,11.106206,1,17.666667,C,True,Forecast
90155,RESIN NECKLACE W PASTEL BEADS,2011-11,2011-12,M2_gbm_poisson,5.833164,3,1.333333,C,True,Forecast
90156,RESIN BRACELET W PASTEL BEADS,2011-11,2011-12,M2_gbm_poisson,2.443777,0,0.333333,C,True,Forecast
90157,RIVIERA NECKLACE,2011-11,2011-12,M2_gbm_poisson,7.617627,6,2.000000,C,True,Forecast
90158,ST TROPEZ NECKLACE,2011-11,2011-12,M2_gbm_poisson,17.201245,13,6.000000,C,True,Forecast
90159,COTE D'AZURE NECKLACE,2011-11,2011-12,M2_gbm_poisson,3.736213,1,0.666667,C,True,Forecast
90160A,PURPLE BOUDICCA LARGE BRACELET,2011-11,2011-12,M2_gbm_poisson,5.917507,0,3.333333,C,True,Forecast
90160B,RED BOUDICCA LARGE BRACELET,2011-11,2011-12,M2_gbm_poisson,7.785268,1,3.333333,C,True,Forecast
90160C,TURQ+RED BOUDICCA LARGE BRACELET,2011-11,2011-12,M2_gbm_poisson,14.859912,13,7.333333,C,True,Forecast
90160D,PINK BOUDICCA LARGE BRACELET,2011-11,2011-12,M2_gbm_poisson,11.622016,10,6.666667,C,True,Forecast
90161A,ANT COPPER RED BOUDICCA BRACELET,2011-11,2011-12,M2_gbm_poisson,4.379175,2,1.333333,C,True,Forecast
90161B,ANT COPPER TURQ BOUDICCA BRACELET,2011-11,2011-12,M2_gbm_poisson,20.761567,14,12.333333,C,True,Forecast
90161C,ANT COPPER LIME BOUDICCA BRACELET,2011-11,2011-12,M2_gbm_poisson,29.824872,21,13.666667,C,True,Forecast
90161D,ANT COPPER PINK BOUDICCA BRACELET,2011-11,2011-12,M2_gbm_poisson,12.438216,5,7.666667,C,True,Forecast
90162A,ANT SILVER TURQUOISE BOUDICCA RING,2011-11,2011-12,M2_gbm_poisson,9.170951,6,2.000000,C,True,Forecast
90162B,ANT SILVER LIME GREEN BOUDICCA RING,2011-11,2011-12,M2_gbm_poisson,14.588499,12,5.666667,C,True,Forecast
90162C,ANT SILVER FUSCHIA BOUDICCA RING,2011-11,2011-12,M2_gbm_poisson,4.863915,0,1.333333,C,True,Forecast
90162D,ANT SILVER PURPLE BOUDICCA RING,2011-11,2011-12,M2_gbm_poisson,4.043821,0,1.333333,C,True,Forecast
90163A,PINK ROSEBUD & PEARL NECKLACE,2011-11,2011-12,M2_gbm_poisson,5.050177,3,1.000000,C,True,Forecast
90163B,WHITE ROSEBUD & PEARL NECKLACE,2011-11,2011-12,M2_gbm_poisson,2.955233,0,0.333333,C,True,Forecast
90164A,PINK ROSEBUD PEARL BRACELET,2011-11,2011-12,M2_gbm_poisson,11.798329,9,3.333333,C,True,Forecast
90164B,WHITE  ROSEBUD PEARL BRACELET,2011-11,2011-12,M2_gbm_poisson,25.321864,19,9.333333,C,True,Forecast
90165A,PINK ROSEBUD PEARL EARRINGS,2011-11,2011-12,M2_gbm_poisson,6.279807,3,1.333333,C,True,Forecast
90165B,WHITE ROSEBUD  PEARL EARRINGS,2011-11,2011-12,M2_gbm_poisson,6.327893,4,2.000000,C,True,Forecast
90166,PINK & WHITE ROSEBUD RING,2011-11,2011-12,M2_gbm_poisson,10.124803,2,3.666667,C,True,Forecast
90168,2 DAISIES HAIR COMB,2011-11,2011-12,M2_gbm_poisson,8.664758,3,3.333333,C,True,Forecast
90169,DAISY HAIR COMB,2011-11,2011-12,M2_gbm_poisson,7.766837,1,2.666667,C,True,Forecast
90170,DAISY HAIR BAND,2011-11,2011-12,M2_gbm_poisson,17.184641,12,8.333333,C,True,Forecast
90173,PAIR BUTTERFLY HAIR CLIPS,2011-11,2011-12,M2_gbm_poisson,3.223992,0,0.333333,C,True,Forecast
90174,BUTTERFLY HAIR BAND,2011-11,2011-12,M2_gbm_poisson,15.329039,8,6.333333,C,True,Forecast
90175A,WHITE GLASS CHUNKY CHARM BRACELET,2011-11,2011-12,M2_gbm_poisson,5.127373,3,1.333333,C,True,Forecast
90175B,PINK GLASS CHUNKY CHARM BRACELET,2011-11,2011-12,M2_gbm_poisson,4.202561,2,1.666667,C,True,Forecast
90175C,BLUE GLASS CHUNKY CHARM BRACELET,2011-11,2011-12,M2_gbm_poisson,4.774302,2,0.666667,C,True,Forecast
90175D,TIGRIS EYE CHUNKY CHARM BRACELET,2011-11,2011-12,M2_gbm_poisson,5.157807,3,1.666667,C,True,Forecast
90176A,CLASSIC DIAMANTE NECKLACE JET,2011-11,2011-12,M2_gbm_poisson,4.941645,2,0.666667,C,True,Forecast
90176B,DIAMANTE NECKLACE BLACK,2011-11,2011-12,M2_gbm_poisson,5.715565,3,1.000000,C,True,Forecast
90176C,DIAMANTE NECKLACE,2011-11,2011-12,M2_gbm_poisson,2.443777,0,0.000000,C,True,Forecast
90176D,DIAMANTE NECKLACE PURPLE,2011-11,2011-12,M2_gbm_poisson,4.357522,2,1.000000,C,True,Forecast
90176E,DIAMANTE NECKLACE GREEN,2011-11,2011-12,M2_gbm_poisson,3.855418,0,0.333333,C,True,Forecast
90177A,CLASSIC DIAMANTE EARRINGS JET,2011-11,2011-12,M2_gbm_poisson,7.550772,1,2.666667,C,True,Forecast
90177B,DROP DIAMANTE EARRINGS BLACK DIAMON,2011-11,2011-12,M2_gbm_poisson,2.064227,0,0.000000,C,True,Forecast
90177C,DROP DIAMANTE EARRINGS CRYSTAL,2011-11,2011-12,M2_gbm_poisson,9.843343,2,2.666667,C,True,Forecast
90177D,DROP DIAMANTE EARRINGS PURPLE,2011-11,2011-12,M2_gbm_poisson,11.383124,3,3.666667,C,True,Forecast
90177E,DROP DIAMANTE EARRINGS GREEN,2011-11,2011-12,M2_gbm_poisson,7.951454,1,2.333333,C,True,Forecast
90178A,AMBER CHUNKY GLASS+BEAD NECKLACE,2011-11,2011-12,M2_gbm_poisson,2.851164,0,0.666667,C,True,Forecast
90179A,AMBER FINE BEAD NECKLACE W TASSEL,2011-11,2011-12,M2_gbm_poisson,5.050177,3,1.000000,C,True,Forecast
90179B,PURPLE FINE BEAD NECKLACE W TASSEL,2011-11,2011-12,M2_gbm_poisson,4.237050,1,0.333333,C,True,Forecast
90179C,BLACK FINE BEAD NECKLACE W TASSEL,2011-11,2011-12,M2_gbm_poisson,3.743787,1,0.333333,C,True,Forecast
90180A,BLACK+WHITE NECKLACE W TASSEL,2011-11,2011-12,M2_gbm_poisson,7.673750,2,2.666667,C,True,Forecast
90180B,PURPLE AMETHYST NECKLACE W TASSEL,2011-11,2011-12,M2_gbm_poisson,4.093567,1,0.333333,C,True,Forecast
90181A,AMBER GLASS/SHELL/PEARL NECKLACE,2011-11,2011-12,M2_gbm_poisson,5.038512,3,1.333333,C,True,Forecast
90181B,AMETHYST GLASS/SHELL/PEARL NECKLACE,2011-11,2011-12,M2_gbm_poisson,5.013598,2,1.333333,C,True,Forecast
90182A,AMBER 3 BEAD DROP EARRINGS,2011-11,2011-12,M2_gbm_poisson,5.317219,4,1.666667,C,True,Forecast
90182B,AMETHYST 3 BEAD DROP EARRINGS,2011-11,2011-12,M2_gbm_poisson,5.842509,3,1.000000,C,True,Forecast
90182C,BLACK 3 BEAD DROP EARRINGS,2011-11,2011-12,M2_gbm_poisson,6.043824,0,2.333333,C,True,Forecast
90183A,AMBER DROP EARRINGS W LONG BEADS,2011-11,2011-12,M2_gbm_poisson,11.981788,3,7.666667,C,True,Forecast
90183B,AMETHYST DROP EARRINGS W LONG BEADS,2011-11,2011-12,M2_gbm_poisson,8.815410,4,2.333333,C,True,Forecast
90183C,BLACK DROP EARRINGS W LONG BEADS,2011-11,2011-12,M2_gbm_poisson,7.408530,5,2.000000,C,True,Forecast
90184A,AMBER CHUNKY BEAD BRACELET W STRAP,2011-11,2011-12,M2_gbm_poisson,3.617008,1,0.333333,C,True,Forecast
90184B,AMETHYST CHUNKY BEAD BRACELET W STR,2011-11,2011-12,M2_gbm_poisson,11.506583,5,4.000000,C,True,Forecast
90184C,BLACK CHUNKY BEAD BRACELET W STRAP,2011-11,2011-12,M2_gbm_poisson,7.047373,4,3.333333,C,True,Forecast
90185A,AMBER DIAMANTE EXPANDABLE RING,2011-11,2011-12,M2_gbm_poisson,7.096858,1,3.000000,C,True,Forecast
90185B,AMETHYST DIAMANTE EXPANDABLE RING,2011-11,2011-12,M2_gbm_poisson,7.701889,1,2.666667,C,True,Forecast
90185C,BLACK DIAMANTE EXPANDABLE RING,2011-11,2011-12,M2_gbm_poisson,6.093603,0,3.000000,C,True,Forecast
90185D,CRYSTAL DIAMANTE EXPANDABLE RING,2011-11,2011-12,M2_gbm_poisson,2.064227,0,0.000000,C,True,Forecast
90186A,AMETHYST HOOP EARRING FLORAL LEAF,2011-11,2011-12,M2_gbm_poisson,4.084260,1,0.333333,C,True,Forecast
90186B,CRYSTAL HOOP EARRING FLORAL LEAF,2011-11,2011-12,M2_gbm_poisson,17.867001,13,4.666667,C,True,Forecast
90187B,GREEN DROP EARRINGS W BEAD CLUSTER,2011-11,2011-12,M2_gbm_poisson,4.084260,1,0.333333,C,True,Forecast
90188,DROP EARRINGS W FLOWER & LEAF,2011-11,2011-12,M2_gbm_poisson,4.176463,1,0.666667,C,True,Forecast
90189A,SILVER 2 STRAND NECKLACE-LEAF CHARM,2011-11,2011-12,M2_gbm_poisson,3.736213,1,0.666667,C,True,Forecast
90190A,SILVER/CRYSTAL DROP EARRINGS W LEAF,2011-11,2011-12,M2_gbm_poisson,5.317219,4,1.666667,C,True,Forecast
90190B,GOLD/AMBER DROP EARRINGS W LEAF,2011-11,2011-12,M2_gbm_poisson,4.084260,1,0.333333,C,True,Forecast
90190C,SILVER/AMETHYST DROP EARRINGS LEAF,2011-11,2011-12,M2_gbm_poisson,11.393584,7,2.666667,C,True,Forecast
90191,SILVER LARIAT 40CM,2011-11,2011-12,M2_gbm_poisson,13.747863,6,6.666667,C,True,Forecast
90192,JADE DROP EARRINGS W FILIGREE,2011-11,2011-12,M2_gbm_poisson,8.986678,6,5.666667,C,True,Forecast
90194,SILVER LARIAT BLACK STONE EARRINGS,2011-11,2011-12,M2_gbm_poisson,5.559437,0,2.666667,C,True,Forecast
90195A,PURPLE GEMSTONE BRACELET,2011-11,2011-12,M2_gbm_poisson,4.837185,2,1.333333,C,True,Forecast
90195B,BLACK GEMSTONE BRACELET,2011-11,2011-12,M2_gbm_poisson,4.075998,1,0.666667,C,True,Forecast
90196A,PURPLE GEMSTONE NECKLACE 45CM,2011-11,2011-12,M2_gbm_poisson,5.522014,2,0.666667,C,True,Forecast
90196B,BLACK GEMSTONE NECKLACE 45CM,2011-11,2011-12,M2_gbm_poisson,4.879159,2,0.666667,C,True,Forecast
90197B,BLACK GLASS BRACELET W HEART CHARMS,2011-11,2011-12,M2_gbm_poisson,9.300134,6,3.000000,C,True,Forecast
90198A,VINTAGE ROSE BEAD BRACELET RASPBERR,2011-11,2011-12,M2_gbm_poisson,21.086284,19,8.333333,C,True,Forecast
90198B,VINTAGE ROSE BEAD BRACELET BLACK,2011-11,2011-12,M2_gbm_poisson,13.699031,11,4.333333,C,True,Forecast
90199A,5 STRAND GLASS NECKLACE BLACK,2011-11,2011-12,M2_gbm_poisson,4.366355,2,0.666667,C,True,Forecast
90199B,5 STRAND GLASS NECKLACE AMETHYST,2011-11,2011-12,M2_gbm_poisson,5.770696,3,1.666667,C,True,Forecast
90199C,5 STRAND GLASS NECKLACE CRYSTAL,2011-11,2011-12,M2_gbm_poisson,9.288311,6,3.000000,C,True,Forecast
90199D,5 STRAND GLASS NECKLACE AMBER,2011-11,2011-12,M2_gbm_poisson,3.736213,1,0.666667,C,True,Forecast
90200A,PURPLE SWEETHEART BRACELET,2011-11,2011-12,M2_gbm_poisson,13.307115,7,4.000000,C,True,Forecast
90200B,BLACK SWEETHEART BRACELET,2011-11,2011-12,M2_gbm_poisson,9.717504,5,5.333333,C,True,Forecast
90200D,PINK SWEETHEART BRACELET,2011-11,2011-12,M2_gbm_poisson,27.674724,14,17.666667,B,True,Forecast
90200E,GREEN SWEETHEART BRACELET,2011-11,2011-12,M2_gbm_poisson,20.777722,8,12.000000,C,True,Forecast
90201A,PURPLE ENAMEL FLOWER RING,2011-11,2011-12,M2_gbm_poisson,14.656342,4,11.000000,C,True,Forecast
90201B,BLACK ENAMEL FLOWER RING,2011-11,2011-12,M2_gbm_poisson,18.655738,1,11.000000,C,True,Forecast
90201C,RED ENAMEL FLOWER RING,2011-11,2011-12,M2_gbm_poisson,11.830564,1,9.000000,C,True,Forecast
90201D,GREEN ENAMEL FLOWER RING,2011-11,2011-12,M2_gbm_poisson,17.341016,5,11.000000,C,True,Forecast
90202A,PURPLE ENAMEL FLOWER HAIR TIE,2011-11,2011-12,M2_gbm_poisson,8.745298,4,3.333333,C,True,Forecast
90202B,WHITE ENAMEL FLOWER HAIR TIE,2011-11,2011-12,M2_gbm_poisson,7.566627,2,3.000000,C,True,Forecast
90202C,GREEN ENAMEL FLOWER HAIR TIE,2011-11,2011-12,M2_gbm_poisson,8.017422,2,2.666667,C,True,Forecast
90202D,PINK ENAMEL FLOWER HAIR TIE,2011-11,2011-12,M2_gbm_poisson,8.546489,3,3.000000,C,True,Forecast
90204,PAIR OF ENAMEL BUTTERFLY HAIRCLIP,2011-11,2011-12,M2_gbm_poisson,15.021501,7,4.000000,C,True,Forecast
90205A,LARGE MINT DIAMANTE HAIRSLIDE,2011-11,2011-12,M2_gbm_poisson,8.884151,4,3.000000,C,True,Forecast
90205C,LARGE CRYSTAL DIAMANTE HAIRSLIDE,2011-11,2011-12,M2_gbm_poisson,8.884151,4,3.000000,C,True,Forecast
90206A,GOLD DIAMANTE STAR BROOCH,2011-11,2011-12,M2_gbm_poisson,5.280850,2,1.666667,C,True,Forecast
90206C,CRYSTAL DIAMANTE STAR BROOCH,2011-11,2011-12,M2_gbm_poisson,12.405789,7,3.000000,C,True,Forecast
90208,PAIR OF PINK FLOWER CLUSTER SLIDE,2011-11,2011-12,M2_gbm_poisson,17.084872,12,7.000000,C,True,Forecast
90209A,PURPLE ENAMEL+GLASS HAIR COMB,2011-11,2011-12,M2_gbm_poisson,31.069754,40,15.333333,C,True,Forecast
90209B,GREEN ENAMEL+GLASS HAIR COMB,2011-11,2011-12,M2_gbm_poisson,4.633102,0,0.333333,C,True,Forecast
90209C,PINK ENAMEL+GLASS HAIR COMB,2011-11,2011-12,M2_gbm_poisson,9.546521,0,3.000000,C,True,Forecast
90210A,GREY ACRYLIC FACETED BANGLE,2011-11,2011-12,M2_gbm_poisson,2.064227,0,0.000000,C,True,Forecast
90210B,CLEAR ACRYLIC FACETED BANGLE,2011-11,2011-12,M2_gbm_poisson,8.542714,0,5.333333,C,True,Forecast
90210C,RED   ACRYLIC FACETED BANGLE,2011-11,2011-12,M2_gbm_poisson,2.064227,0,0.000000,C,True,Forecast
90210D,PURPLE ACRYLIC FACETED BANGLE,2011-11,2011-12,M2_gbm_poisson,16.355677,11,7.000000,C,True,Forecast
90211A,DIAMOND LAS VEGAS NECKLACE 45CM,2011-11,2011-12,M2_gbm_poisson,6.629739,5,1.666667,C,True,Forecast
90211B,JET BLACK LAS VEGAS NECKLACE 45CM,2011-11,2011-12,M2_gbm_poisson,4.941645,2,0.666667,C,True,Forecast
90212C,PURPLE LAS VEGAS BRACELET ROUND,2011-11,2011-12,M2_gbm_poisson,3.265201,0,1.000000,C,True,Forecast
90214A,"LETTER ""A"" BLING KEY RING",2011-11,2011-12,M2_gbm_poisson,24.571124,16,9.000000,C,True,Forecast
90214B,"LETTER ""B"" BLING KEY RING",2011-11,2011-12,M2_gbm_poisson,3.325662,0,1.000000,C,True,Forecast
90214C,"LETTER ""C"" BLING KEY RING",2011-11,2011-12,M2_gbm_poisson,14.868004,6,2.666667,C,True,Forecast
90214D,"LETTER ""D"" BLING KEY RING",2011-11,2011-12,M2_gbm_poisson,10.501972,6,3.000000,C,True,Forecast
90214E,"LETTER ""E"" BLING KEY RING",2011-11,2011-12,M2_gbm_poisson,12.679468,6,4.000000,C,True,Forecast
90214F,"LETTER ""F"" BLING KEY RING",2011-11,2011-12,M2_gbm_poisson,4.121351,0,1.000000,C,True,Forecast
90214G,"LETTER ""G"" BLING KEY RING",2011-11,2011-12,M2_gbm_poisson,10.501972,6,3.000000,C,True,Forecast
90214H,"LETTER ""H"" BLING KEY RING",2011-11,2011-12,M2_gbm_poisson,15.530633,8,4.333333,C,True,Forecast
90214I,"LETTER ""I"" BLING KEY RING",2011-11,2011-12,M2_gbm_poisson,4.371276,0,1.000000,C,True,Forecast
90214J,"LETTER ""J"" BLING KEY RING",2011-11,2011-12,M2_gbm_poisson,13.793969,7,5.333333,C,True,Forecast
90214K,"LETTER ""K"" BLING KEY RING",2011-11,2011-12,M2_gbm_poisson,10.501972,6,3.333333,C,True,Forecast
90214L,"LETTER ""L"" BLING KEY RING",2011-11,2011-12,M2_gbm_poisson,6.972443,0,3.000000,C,True,Forecast
90214M,"LETTER ""M"" BLING KEY RING",2011-11,2011-12,M2_gbm_poisson,12.579982,6,4.000000,C,True,Forecast
90214N,"LETTER ""N"" BLING KEY RING",2011-11,2011-12,M2_gbm_poisson,5.768278,2,2.000000,C,True,Forecast
90214O,"LETTER ""O"" BLING KEY RING",2011-11,2011-12,M2_gbm_poisson,3.635463,0,0.333333,C,True,Forecast
90214P,"LETTER ""P"" BLING KEY RING",2011-11,2011-12,M2_gbm_poisson,3.612008,0,0.333333,C,True,Forecast
90214R,"LETTER ""R"" BLING KEY RING",2011-11,2011-12,M2_gbm_poisson,3.460098,0,1.333333,C,True,Forecast
90214S,"LETTER ""S"" BLING KEY RING",2011-11,2011-12,M2_gbm_poisson,14.294224,12,8.000000,C,True,Forecast
90214T,"LETTER ""T"" BLING KEY RING",2011-11,2011-12,M2_gbm_poisson,3.425270,0,0.666667,C,True,Forecast
90214V,"LETTER ""V"" BLING KEY RING",2011-11,2011-12,M2_gbm_poisson,4.384182,1,0.666667,C,True,Forecast
90214W,"LETTER ""W"" BLING KEY RING",2011-11,2011-12,M2_gbm_poisson,2.043465,0,0.000000,C,True,Forecast
90214Y,"LETTER ""Y"" BLING KEY RING",2011-11,2011-12,M2_gbm_poisson,5.248572,0,0.666667,C,True,Forecast
90214Z,"LETTER ""Z"" BLING KEY RING",2011-11,2011-12,M2_gbm_poisson,5.736428,0,1.000000,C,True,Forecast
DCGSSBOY,BOYS PARTY BAG,2011-11,2011-12,M2_gbm_poisson,3.765730,0,0.666667,C,True,Forecast
DCGSSGIRL,GIRLS PARTY BAG,2011-11,2011-12,M2_gbm_poisson,4.515216,1,0.666667,C,True,Forecast
