rank,stock_code,cum_product_share,revenue,revenue_share,cum_revenue_share,abc_class
1,22423,0.0002,324596.2000,0.0171,0.0171,A
2,85123A,0.0004,258783.2000,0.0136,0.0307,A
3,85099B,0.0006,180454.0800,0.0095,0.0401,A
4,47566,0.0008,147399.8000,0.0077,0.0479,A
5,84879,0.0011,127161.7500,0.0067,0.0546,A
6,22086,0.0013,110892.5300,0.0058,0.0604,A
7,23166,0.0015,81448.2100,0.0043,0.0647,A
8,79321,0.0017,77901.1400,0.0041,0.0688,A
9,22386,0.0019,75398.3000,0.0040,0.0727,A
10,22197,0.0021,74096.4000,0.0039,0.0766,A
11,20725,0.0023,70329.9400,0.0037,0.0803,A
12,84347,0.0025,68604.7200,0.0036,0.0839,A
13,85099F,0.0028,68424.5600,0.0036,0.0875,A
14,48138,0.0030,66393.8200,0.0035,0.0910,A
15,20685,0.0032,65761.4100,0.0035,0.0945,A
16,21843,0.0034,63781.9000,0.0034,0.0978,A
17,22502,0.0036,60880.3000,0.0032,0.1010,A
18,21931,0.0038,60693.1100,0.0032,0.1042,A
19,21621,0.0040,60005.9100,0.0032,0.1074,A
20,15056N,0.0042,59632.0100,0.0031,0.1105,A
21,21137,0.0044,59606.8600,0.0031,0.1136,A
22,85099C,0.0047,58506.8300,0.0031,0.1167,A
23,23084,0.0049,57241.5700,0.0030,0.1197,A
24,22411,0.0051,56235.5500,0.0030,0.1227,A
25,22910,0.0053,55892.0900,0.0029,0.1256,A
26,22114,0.0055,55454.3400,0.0029,0.1285,A
27,22112,0.0057,54511.7000,0.0029,0.1314,A
28,82484,0.0059,54403.1500,0.0029,0.1342,A
29,22470,0.0061,53165.0300,0.0028,0.1370,A
30,20914,0.0064,52028.0700,0.0027,0.1398,A
31,22139,0.0066,51699.5600,0.0027,0.1425,A
32,21212,0.0068,51318.2800,0.0027,0.1452,A
33,22178,0.0070,50498.1600,0.0027,0.1478,A
34,22090,0.0072,50091.5200,0.0026,0.1505,A
35,21733,0.0074,49584.1500,0.0026,0.1531,A
36,21929,0.0076,49261.5400,0.0026,0.1557,A
37,22469,0.0078,48637.3300,0.0026,0.1582,A
38,21181,0.0080,48603.0200,0.0026,0.1608,A
39,21232,0.0083,48506.3700,0.0025,0.1633,A
40,48194,0.0085,48438.8000,0.0025,0.1659,A
41,84946,0.0087,48239.6600,0.0025,0.1684,A
42,15056BL,0.0089,48213.5400,0.0025,0.1709,A
43,22189,0.0091,47864.3100,0.0025,0.1734,A
44,22111,0.0093,47632.0300,0.0025,0.1760,A
45,21731,0.0095,47332.9900,0.0025,0.1784,A
46,82494L,0.0097,46125.4000,0.0024,0.1809,A
47,21754,0.0100,46115.0900,0.0024,0.1833,A
48,48187,0.0102,46082.3000,0.0024,0.1857,A
49,21523,0.0104,45639.5700,0.0024,0.1881,A
50,48185,0.0106,45616.5900,0.0024,0.1905,A
51,21928,0.0108,45609.4600,0.0024,0.1929,A
52,20727,0.0110,44974.6800,0.0024,0.1953,A
53,21623,0.0112,44803.8800,0.0024,0.1976,A
54,22457,0.0114,44616.8700,0.0023,0.2000,A
55,22138,0.0116,44529.9000,0.0023,0.2023,A
56,84078A,0.0119,43666.8200,0.0023,0.2046,A
57,22326,0.0121,43451.1400,0.0023,0.2069,A
58,21175,0.0123,43126.5800,0.0023,0.2091,A
59,71477,0.0125,43052.5100,0.0023,0.2114,A
60,22355,0.0127,43026.0400,0.0023,0.2137,A
61,22383,0.0129,42859.6500,0.0023,0.2159,A
62,23298,0.0131,42383.3200,0.0022,0.2182,A
63,84997D,0.0133,42378.9400,0.0022,0.2204,A
64,20728,0.0136,42005.3400,0.0022,0.2226,A
65,21915,0.0138,41474.8400,0.0022,0.2248,A
66,82482,0.0140,41345.6600,0.0022,0.2269,A
67,84029E,0.0142,41202.3900,0.0022,0.2291,A
68,23203,0.0144,40678.7600,0.0021,0.2312,A
69,22083,0.0146,39823.5500,0.0021,0.2333,A
70,20713,0.0148,39611.6900,0.0021,0.2354,A
71,84997B,0.0150,38345.7100,0.0020,0.2374,A
72,20726,0.0152,38118.8600,0.0020,0.2394,A
73,82486,0.0155,37260.9200,0.0020,0.2414,A
74,22699,0.0157,37201.7700,0.0020,0.2433,A
75,22629,0.0159,37171.0800,0.0020,0.2453,A
76,22960,0.0161,37124.8300,0.0020,0.2473,A
77,85066,0.0163,37059.2400,0.0019,0.2492,A
78,20712,0.0165,37055.9900,0.0019,0.2511,A
79,22720,0.0167,37020.7400,0.0019,0.2531,A
80,23284,0.0169,36575.4200,0.0019,0.2550,A
81,21166,0.0172,36305.8100,0.0019,0.2569,A
82,21485,0.0174,36216.2800,0.0019,0.2588,A
83,22328,0.0176,35851.7100,0.0019,0.2607,A
84,21524,0.0178,35624.4100,0.0019,0.2626,A
85,84997C,0.0180,35167.9500,0.0018,0.2644,A
86,21755,0.0182,34598.6800,0.0018,0.2662,A
87,22379,0.0184,34254.7500,0.0018,0.2680,A
88,22384,0.0186,33825.5000,0.0018,0.2698,A
89,22382,0.0188,33812.8700,0.0018,0.2716,A
90,20724,0.0191,33766.8500,0.0018,0.2734,A
91,22630,0.0193,32988.7200,0.0017,0.2751,A
92,15036,0.0195,32892.9600,0.0017,0.2768,A
93,22727,0.0197,32729.3700,0.0017,0.2786,A
94,22666,0.0199,32019.7300,0.0017,0.2802,A
95,22385,0.0201,31746.7200,0.0017,0.2819,A
96,22077,0.0203,30879.3600,0.0016,0.2835,A
97,85014B,0.0205,30859.3200,0.0016,0.2852,A
98,48184,0.0208,30774.1900,0.0016,0.2868,A
99,22726,0.0210,30774.0900,0.0016,0.2884,A
100,22501,0.0212,30339.3600,0.0016,0.2900,A
101,23199,0.0214,29878.1900,0.0016,0.2916,A
102,85152,0.0216,29718.4500,0.0016,0.2931,A
103,20679,0.0218,29689.2400,0.0016,0.2947,A
104,22865,0.0220,29662.0300,0.0016,0.2962,A
105,23245,0.0222,29439.2600,0.0015,0.2978,A
106,47590B,0.0224,29411.8200,0.0015,0.2993,A
107,22697,0.0227,29409.4200,0.0015,0.3009,A
108,22659,0.0229,29334.8200,0.0015,0.3024,A
109,21217,0.0231,29256.1000,0.0015,0.3039,A
110,21479,0.0233,29017.1400,0.0015,0.3055,A
111,22622,0.0235,28989.4200,0.0015,0.3070,A
112,22158,0.0237,28817.4400,0.0015,0.3085,A
113,48188,0.0239,28630.8500,0.0015,0.3100,A
114,82483,0.0241,28251.4300,0.0015,0.3115,A
115,84978,0.0244,28213.1200,0.0015,0.3130,A
116,20971,0.0246,28122.8100,0.0015,0.3145,A
117,84029G,0.0248,28042.3500,0.0015,0.3159,A
118,21977,0.0250,27938.2000,0.0015,0.3174,A
119,22492,0.0252,27623.8700,0.0015,0.3189,A
120,47566B,0.0254,27559.8000,0.0014,0.3203,A
121,22467,0.0256,27369.4200,0.0014,0.3217,A
122,22752,0.0258,27265.8000,0.0014,0.3232,A
123,22188,0.0260,27234.6700,0.0014,0.3246,A
124,82583,0.0263,27169.1500,0.0014,0.3260,A
125,72741,0.0265,27087.6300,0.0014,0.3275,A
126,22866,0.0267,27042.9700,0.0014,0.3289,A
127,84991,0.0269,26955.9100,0.0014,0.3303,A
128,21930,0.0271,26749.7900,0.0014,0.3317,A
129,20719,0.0273,26736.0700,0.0014,0.3331,A
130,71459,0.0275,26634.1900,0.0014,0.3345,A
131,22624,0.0277,26600.7400,0.0014,0.3359,A
132,23201,0.0280,26588.0500,0.0014,0.3373,A
133,20750,0.0282,26486.8700,0.0014,0.3387,A
134,22734,0.0284,26246.0200,0.0014,0.3401,A
135,22149,0.0286,26218.9700,0.0014,0.3414,A
136,48111,0.0288,25842.8700,0.0014,0.3428,A
137,20711,0.0290,25715.0000,0.0014,0.3442,A
138,22551,0.0292,25504.8400,0.0013,0.3455,A
139,37503,0.0294,25428.3300,0.0013,0.3468,A
140,22835,0.0296,25413.7600,0.0013,0.3482,A
141,22507,0.0299,25280.0400,0.0013,0.3495,A
142,22087,0.0301,25253.4000,0.0013,0.3508,A
143,21080,0.0303,25224.2700,0.0013,0.3522,A
144,21108,0.0305,25186.8500,0.0013,0.3535,A
145,22961,0.0307,25156.8700,0.0013,0.3548,A
146,22084,0.0309,25131.1100,0.0013,0.3561,A
147,84755,0.0311,25072.5700,0.0013,0.3574,A
148,21527,0.0313,24968.4700,0.0013,0.3587,A
149,82600,0.0316,24870.2600,0.0013,0.3601,A
150,21481,0.0318,24847.7800,0.0013,0.3614,A
151,23355,0.0320,24744.1200,0.0013,0.3627,A
152,22867,0.0322,24571.7500,0.0013,0.3640,A
153,20972,0.0324,24509.5800,0.0013,0.3652,A
154,23173,0.0326,24402.5700,0.0013,0.3665,A
155,84836,0.0328,24195.8200,0.0013,0.3678,A
156,48173C,0.0330,24191.1800,0.0013,0.3691,A
157,21314,0.0332,24146.1300,0.0013,0.3703,A
158,47590A,0.0335,24141.6500,0.0013,0.3716,A
159,84077,0.0337,24066.4400,0.0013,0.3729,A
160,22722,0.0339,23960.8000,0.0013,0.3741,A
161,21231,0.0341,23913.6600,0.0013,0.3754,A
162,21955,0.0343,23622.1800,0.0012,0.3766,A
163,22698,0.0345,23510.3600,0.0012,0.3779,A
164,22728,0.0347,23421.3000,0.0012,0.3791,A
165,22171,0.0349,23369.8300,0.0012,0.3803,A
166,23243,0.0352,23121.2400,0.0012,0.3815,A
167,22605,0.0354,23051.7300,0.0012,0.3827,A
168,84406B,0.0356,22957.0000,0.0012,0.3840,A
169,21790,0.0358,22917.3800,0.0012,0.3852,A
170,21936,0.0360,22606.4900,0.0012,0.3863,A
171,22554,0.0362,22522.2700,0.0012,0.3875,A
172,22607,0.0364,22496.7200,0.0012,0.3887,A
173,22625,0.0366,22430.9700,0.0012,0.3899,A
174,21791,0.0368,22348.3600,0.0012,0.3911,A
175,37449,0.0371,22303.4500,0.0012,0.3922,A
176,84970S,0.0373,22194.1200,0.0012,0.3934,A
177,85014A,0.0375,22183.3900,0.0012,0.3946,A
178,22556,0.0377,21951.3200,0.0012,0.3957,A
179,22585,0.0379,21827.9000,0.0011,0.3969,A
180,22499,0.0381,21673.2900,0.0011,0.3980,A
181,21210,0.0383,21624.4500,0.0011,0.3991,A
182,23344,0.0385,21527.1200,0.0011,0.4003,A
183,22113,0.0388,21426.4700,0.0011,0.4014,A
184,22456,0.0390,21359.3700,0.0011,0.4025,A
185,21213,0.0392,21307.0600,0.0011,0.4036,A
186,20749,0.0394,21105.9800,0.0011,0.4048,A
187,22969,0.0396,21098.5700,0.0011,0.4059,A
188,22570,0.0398,20901.1000,0.0011,0.4070,A
189,23202,0.0400,20797.9800,0.0011,0.4081,A
190,21258,0.0402,20710.0300,0.0011,0.4091,A
191,23209,0.0404,20651.7000,0.0011,0.4102,A
192,85048,0.0407,20616.3200,0.0011,0.4113,A
193,22424,0.0409,20521.4600,0.0011,0.4124,A
194,21218,0.0411,20520.2300,0.0011,0.4135,A
195,48116,0.0413,20499.4500,0.0011,0.4145,A
196,22294,0.0415,20489.6600,0.0011,0.4156,A
197,22356,0.0417,20340.7000,0.0011,0.4167,A
198,23206,0.0419,20328.8500,0.0011,0.4178,A
199,84997A,0.0421,20234.6500,0.0011,0.4188,A
200,21559,0.0424,20199.8700,0.0011,0.4199,A
201,22693,0.0426,20163.0600,0.0011,0.4209,A
202,22568,0.0428,20154.9700,0.0011,0.4220,A
203,22569,0.0430,20104.4300,0.0011,0.4231,A
204,22941,0.0432,20067.6500,0.0011,0.4241,A
205,22632,0.0434,19976.0600,0.0010,0.4252,A
206,22617,0.0436,19975.7400,0.0010,0.4262,A
207,22273,0.0438,19939.2500,0.0010,0.4273,A
208,85150,0.0440,19923.2000,0.0010,0.4283,A
209,21216,0.0443,19920.3900,0.0010,0.4294,A
210,21622,0.0445,19917.1400,0.0010,0.4304,A
211,20723,0.0447,19627.7300,0.0010,0.4314,A
212,22381,0.0449,19460.1100,0.0010,0.4325,A
213,48129,0.0451,19431.5700,0.0010,0.4335,A
214,22900,0.0453,19339.6900,0.0010,0.4345,A
215,22427,0.0455,19273.2800,0.0010,0.4355,A
216,22558,0.0457,19046.8300,0.0010,0.4365,A
217,22561,0.0460,19035.4500,0.0010,0.4375,A
218,22169,0.0462,18992.6500,0.0010,0.4385,A
219,21340,0.0464,18990.6700,0.0010,0.4395,A
220,21174,0.0466,18836.3900,0.0010,0.4405,A
221,71053,0.0468,18815.7800,0.0010,0.4415,A
222,22952,0.0470,18743.3400,0.0010,0.4425,A
223,21908,0.0472,18628.4100,0.0010,0.4434,A
224,47591D,0.0474,18539.6500,0.0010,0.4444,A
225,22061,0.0476,18472.3700,0.0010,0.4454,A
226,84949,0.0479,18453.0500,0.0010,0.4464,A
227,22041,0.0481,18430.3300,0.0010,0.4473,A
228,22555,0.0483,18378.4800,0.0010,0.4483,A
229,21121,0.0485,18306.4500,0.0010,0.4493,A
230,21035,0.0487,18281.3800,0.0010,0.4502,A
231,79323W,0.0489,18048.7200,0.0009,0.4512,A
232,84947,0.0491,18030.1400,0.0009,0.4521,A
233,22847,0.0493,18022.3500,0.0009,0.4531,A
234,22505,0.0496,17891.5800,0.0009,0.4540,A
235,22147,0.0498,17845.7300,0.0009,0.4549,A
236,21430,0.0500,17828.1900,0.0009,0.4559,A
237,22352,0.0502,17701.3000,0.0009,0.4568,A
238,22297,0.0504,17579.1900,0.0009,0.4577,A
239,21484,0.0506,17573.5000,0.0009,0.4587,A
240,84467,0.0508,17477.6600,0.0009,0.4596,A
241,84970L,0.0510,17386.9200,0.0009,0.4605,A
242,21136,0.0512,17303.1200,0.0009,0.4614,A
243,22366,0.0515,17209.3000,0.0009,0.4623,A
244,22776,0.0517,17201.5100,0.0009,0.4632,A
245,84945,0.0519,17168.6700,0.0009,0.4641,A
246,84992,0.0521,17137.7500,0.0009,0.4650,A
247,22557,0.0523,17096.2400,0.0009,0.4659,A
248,21914,0.0525,17072.2000,0.0009,0.4668,A
249,20718,0.0527,17055.7800,0.0009,0.4677,A
250,22652,0.0529,16794.0500,0.0009,0.4686,A
251,22560,0.0532,16789.7500,0.0009,0.4695,A
252,21535,0.0534,16765.6000,0.0009,0.4703,A
253,21156,0.0536,16744.7500,0.0009,0.4712,A
254,22654,0.0538,16710.0900,0.0009,0.4721,A
255,21889,0.0540,16674.2600,0.0009,0.4730,A
256,22633,0.0542,16632.0900,0.0009,0.4738,A
257,21533,0.0544,16471.3200,0.0009,0.4747,A
258,22837,0.0546,16455.1800,0.0009,0.4756,A
259,21164,0.0548,16431.8200,0.0009,0.4764,A
260,23240,0.0551,16305.6100,0.0009,0.4773,A
261,72760B,0.0553,16279.6700,0.0009,0.4782,A
262,35004C,0.0555,16218.1000,0.0009,0.4790,A
263,22487,0.0557,16216.0900,0.0009,0.4799,A
264,21155,0.0559,16147.9700,0.0008,0.4807,A
265,22662,0.0561,16087.3600,0.0008,0.4816,A
266,22191,0.0563,15961.7900,0.0008,0.4824,A
267,22296,0.0565,15938.5000,0.0008,0.4832,A
268,22759,0.0568,15866.5600,0.0008,0.4841,A
269,22993,0.0570,15839.8500,0.0008,0.4849,A
270,21877,0.0572,15812.9400,0.0008,0.4857,A
271,22692,0.0574,15759.1800,0.0008,0.4866,A
272,22413,0.0576,15731.5400,0.0008,0.4874,A
273,22634,0.0578,15649.6400,0.0008,0.4882,A
274,22635,0.0580,15617.5600,0.0008,0.4890,A
275,22690,0.0582,15617.0500,0.0008,0.4898,A
276,22333,0.0584,15605.0000,0.0008,0.4907,A
277,85232B,0.0587,15587.0000,0.0008,0.4915,A
278,22193,0.0589,15571.4700,0.0008,0.4923,A
279,22367,0.0591,15456.2100,0.0008,0.4931,A
280,84375,0.0593,15370.9800,0.0008,0.4939,A
281,22170,0.0595,15354.3900,0.0008,0.4947,A
282,21844,0.0597,15323.5400,0.0008,0.4955,A
283,21094,0.0599,15282.0900,0.0008,0.4963,A
284,21975,0.0601,15170.6200,0.0008,0.4971,A
285,22173,0.0604,15137.3900,0.0008,0.4979,A
286,22365,0.0606,15129.0500,0.0008,0.4987,A
287,84378,0.0608,15088.1800,0.0008,0.4995,A
288,22946,0.0610,14959.8200,0.0008,0.5003,A
289,21165,0.0612,14932.3600,0.0008,0.5011,A
290,22940,0.0614,14916.2800,0.0008,0.5019,A
291,22749,0.0616,14858.2000,0.0008,0.5027,A
292,22619,0.0618,14821.1000,0.0008,0.5034,A
293,22606,0.0620,14818.1400,0.0008,0.5042,A
294,21891,0.0623,14766.1600,0.0008,0.5050,A
295,21122,0.0625,14707.3600,0.0008,0.5058,A
296,23301,0.0627,14676.4300,0.0008,0.5065,A
297,82582,0.0629,14676.0100,0.0008,0.5073,A
298,17003,0.0631,14647.7100,0.0008,0.5081,A
299,22909,0.0633,14642.9600,0.0008,0.5088,A
300,21380,0.0635,14575.6200,0.0008,0.5096,A
301,84050,0.0637,14525.0000,0.0008,0.5104,A
302,22485,0.0640,14389.5400,0.0008,0.5111,A
303,22730,0.0642,14367.2100,0.0008,0.5119,A
304,21770,0.0644,14357.1200,0.0008,0.5126,A
305,21672,0.0646,14280.1900,0.0008,0.5134,A
306,20748,0.0648,14266.9800,0.0007,0.5141,A
307,35970,0.0650,14240.7600,0.0007,0.5149,A
308,23313,0.0652,14045.2100,0.0007,0.5156,A
309,22150,0.0654,14042.0800,0.0007,0.5164,A
310,35400,0.0657,13999.1000,0.0007,0.5171,A
311,22804,0.0659,13979.0000,0.0007,0.5178,A
312,22236,0.0661,13965.5200,0.0007,0.5186,A
313,22271,0.0663,13921.7300,0.0007,0.5193,A
314,22179,0.0665,13920.7900,0.0007,0.5200,A
315,23200,0.0667,13914.7600,0.0007,0.5208,A
316,22444,0.0669,13856.6000,0.0007,0.5215,A
317,21888,0.0671,13843.5000,0.0007,0.5222,A
318,21169,0.0673,13834.4300,0.0007,0.5229,A
319,21668,0.0676,13828.0200,0.0007,0.5237,A
320,22295,0.0678,13789.4200,0.0007,0.5244,A
321,84380,0.0680,13788.1200,0.0007,0.5251,A
322,79323P,0.0682,13787.9300,0.0007,0.5258,A
323,21669,0.0684,13765.7900,0.0007,0.5266,A
324,47556B,0.0686,13714.6600,0.0007,0.5273,A
325,22627,0.0688,13703.0400,0.0007,0.5280,A
326,21912,0.0690,13574.7300,0.0007,0.5287,A
327,21539,0.0693,13551.6400,0.0007,0.5294,A
328,21259,0.0695,13525.2100,0.0007,0.5301,A
329,21390,0.0697,13495.5100,0.0007,0.5309,A
330,21257,0.0699,13446.5300,0.0007,0.5316,A
331,21871,0.0701,13430.1800,0.0007,0.5323,A
332,22636,0.0703,13284.4000,0.0007,0.5330,A
333,21673,0.0705,13211.5500,0.0007,0.5337,A
334,15044A,0.0707,13196.3200,0.0007,0.5344,A
335,22621,0.0709,13182.2400,0.0007,0.5350,A
336,22584,0.0712,13160.7000,0.0007,0.5357,A
337,21704,0.0714,13160.5600,0.0007,0.5364,A
338,75049L,0.0716,13143.8000,0.0007,0.5371,A
339,22667,0.0718,13129.1500,0.0007,0.5378,A
340,23207,0.0720,13110.1500,0.0007,0.5385,A
341,22088,0.0722,13076.8800,0.0007,0.5392,A
342,22109,0.0724,13033.1900,0.0007,0.5399,A
343,22838,0.0726,13029.4300,0.0007,0.5406,A
344,23077,0.0729,13001.0900,0.0007,0.5412,A
345,21098,0.0731,12972.0200,0.0007,0.5419,A
346,20676,0.0733,12961.2600,0.0007,0.5426,A
347,22207,0.0735,12891.4600,0.0007,0.5433,A
348,84988,0.0737,12864.1900,0.0007,0.5440,A
349,22655,0.0739,12845.0000,0.0007,0.5446,A
350,22846,0.0741,12816.0500,0.0007,0.5453,A
351,21906,0.0743,12812.5900,0.0007,0.5460,A
352,21935,0.0745,12767.2700,0.0007,0.5466,A
353,22198,0.0748,12759.6100,0.0007,0.5473,A
354,22580,0.0750,12734.6300,0.0007,0.5480,A
355,22553,0.0752,12713.0100,0.0007,0.5487,A
356,22947,0.0754,12704.1500,0.0007,0.5493,A
357,22766,0.0756,12702.2200,0.0007,0.5500,A
358,15056P,0.0758,12681.2500,0.0007,0.5507,A
359,23108,0.0760,12592.1700,0.0007,0.5513,A
360,22464,0.0762,12568.4200,0.0007,0.5520,A
361,22303,0.0765,12503.5700,0.0007,0.5526,A
362,23356,0.0767,12426.2000,0.0007,0.5533,A
363,22623,0.0769,12300.8100,0.0006,0.5539,A
364,23343,0.0771,12263.3200,0.0006,0.5546,A
365,22616,0.0773,12244.7900,0.0006,0.5552,A
366,85042,0.0775,12234.5600,0.0006,0.5559,A
367,22646,0.0777,12208.3200,0.0006,0.5565,A
368,62018,0.0779,12181.3500,0.0006,0.5571,A
369,21671,0.0781,12174.6500,0.0006,0.5578,A
370,21124,0.0784,12129.0400,0.0006,0.5584,A
371,23174,0.0786,12126.7300,0.0006,0.5591,A
372,22631,0.0788,12073.9200,0.0006,0.5597,A
373,21937,0.0790,12027.0200,0.0006,0.5603,A
374,21670,0.0792,12009.7700,0.0006,0.5610,A
375,22082,0.0794,11989.1900,0.0006,0.5616,A
376,22301,0.0796,11955.0500,0.0006,0.5622,A
377,84212,0.0798,11930.2900,0.0006,0.5628,A
378,22243,0.0801,11860.2500,0.0006,0.5635,A
379,84987,0.0803,11855.4500,0.0006,0.5641,A
380,22729,0.0805,11830.8400,0.0006,0.5647,A
381,20969,0.0807,11808.3300,0.0006,0.5653,A
382,22192,0.0809,11808.0400,0.0006,0.5660,A
383,23328,0.0811,11747.0200,0.0006,0.5666,A
384,22488,0.0813,11715.5300,0.0006,0.5672,A
385,21242,0.0815,11701.1500,0.0006,0.5678,A
386,22144,0.0817,11697.3000,0.0006,0.5684,A
387,21428,0.0820,11657.7300,0.0006,0.5690,A
388,20975,0.0822,11653.7100,0.0006,0.5696,A
389,47567B,0.0824,11612.6500,0.0006,0.5703,A
390,21260,0.0826,11518.8000,0.0006,0.5709,A
391,22637,0.0828,11492.8200,0.0006,0.5715,A
392,22943,0.0830,11491.6300,0.0006,0.5721,A
393,22151,0.0832,11478.5700,0.0006,0.5727,A
394,22468,0.0834,11475.5200,0.0006,0.5733,A
395,22950,0.0837,11452.6400,0.0006,0.5739,A
396,21154,0.0839,11452.0500,0.0006,0.5745,A
397,22508,0.0841,11445.9000,0.0006,0.5751,A
398,22649,0.0843,11436.0500,0.0006,0.5757,A
399,22750,0.0845,11431.5100,0.0006,0.5763,A
400,22740,0.0847,11395.3100,0.0006,0.5769,A
401,22844,0.0849,11332.0000,0.0006,0.5775,A
402,22663,0.0851,11303.2900,0.0006,0.5781,A
403,21172,0.0853,11246.3000,0.0006,0.5787,A
404,21326,0.0856,11232.6600,0.0006,0.5792,A
405,82001S,0.0858,11214.4100,0.0006,0.5798,A
406,47599A,0.0860,11155.3700,0.0006,0.5804,A
407,22791,0.0862,11152.1500,0.0006,0.5810,A
408,21868,0.0864,11147.1900,0.0006,0.5816,A
409,22968,0.0866,11144.9000,0.0006,0.5822,A
410,21429,0.0868,11129.6400,0.0006,0.5828,A
411,72351B,0.0870,11113.6300,0.0006,0.5833,A
412,21735,0.0873,11112.8500,0.0006,0.5839,A
413,21922,0.0875,11109.5400,0.0006,0.5845,A
414,21787,0.0877,11093.5100,0.0006,0.5851,A
415,22417,0.0879,11075.1500,0.0006,0.5857,A
416,22834,0.0881,11064.2300,0.0006,0.5863,A
417,21749,0.0883,10980.9800,0.0006,0.5868,A
418,23300,0.0885,10967.4200,0.0006,0.5874,A
419,22130,0.0887,10945.3100,0.0006,0.5880,A
420,22668,0.0889,10854.0200,0.0006,0.5886,A
421,23170,0.0892,10839.8700,0.0006,0.5891,A
422,20828,0.0894,10831.9500,0.0006,0.5897,A
423,22694,0.0896,10826.5800,0.0006,0.5903,A
424,37370,0.0898,10821.2900,0.0006,0.5908,A
425,22620,0.0900,10773.6300,0.0006,0.5914,A
426,22904,0.0902,10755.0500,0.0006,0.5920,A
427,21086,0.0904,10753.5200,0.0006,0.5925,A
428,21558,0.0906,10753.1300,0.0006,0.5931,A
429,22812,0.0909,10726.6300,0.0006,0.5937,A
430,22988,0.0911,10716.8300,0.0006,0.5942,A
431,21907,0.0913,10696.4000,0.0006,0.5948,A
432,21498,0.0915,10694.4200,0.0006,0.5954,A
433,22795,0.0917,10644.5200,0.0006,0.5959,A
434,22274,0.0919,10593.4000,0.0006,0.5965,A
435,22768,0.0921,10590.1800,0.0006,0.5970,A
436,21624,0.0923,10570.2900,0.0006,0.5976,A
437,21974,0.0925,10527.5700,0.0006,0.5981,A
438,22348,0.0928,10524.2400,0.0006,0.5987,A
439,21833,0.0930,10522.1100,0.0006,0.5992,A
440,22349,0.0932,10514.2100,0.0006,0.5998,A
441,22595,0.0934,10457.1900,0.0005,0.6003,A
442,20754,0.0936,10444.8200,0.0005,0.6009,A
443,22064,0.0938,10392.5500,0.0005,0.6014,A
444,21982,0.0940,10337.1800,0.0005,0.6020,A
445,21890,0.0942,10334.1900,0.0005,0.6025,A
446,22302,0.0945,10319.6100,0.0005,0.6031,A
447,22418,0.0947,10310.8200,0.0005,0.6036,A
448,22089,0.0949,10285.6500,0.0005,0.6041,A
449,22120,0.0951,10244.4800,0.0005,0.6047,A
450,20979,0.0953,10203.6600,0.0005,0.6052,A
451,23581,0.0955,10188.0600,0.0005,0.6058,A
452,22992,0.0957,10155.7700,0.0005,0.6063,A
453,21531,0.0959,10148.6200,0.0005,0.6068,A
454,21033,0.0961,10132.1100,0.0005,0.6074,A
455,22174,0.0964,10128.1500,0.0005,0.6079,A
456,21781,0.0966,10125.7200,0.0005,0.6084,A
457,22180,0.0968,10103.3800,0.0005,0.6090,A
458,22380,0.0970,10091.5100,0.0005,0.6095,A
459,22748,0.0972,10073.3400,0.0005,0.6100,A
460,22771,0.0974,10019.2300,0.0005,0.6105,A
461,84792,0.0976,10012.9000,0.0005,0.6111,A
462,22970,0.0978,9914.0700,0.0005,0.6116,A
463,22840,0.0981,9904.7300,0.0005,0.6121,A
464,20682,0.0983,9889.0500,0.0005,0.6126,A
465,23208,0.0985,9877.7800,0.0005,0.6131,A
466,84880,0.0987,9864.2000,0.0005,0.6137,A
467,21892,0.0989,9845.1800,0.0005,0.6142,A
468,22131,0.0991,9828.5100,0.0005,0.6147,A
469,21756,0.0993,9809.0500,0.0005,0.6152,A
470,47570B,0.0995,9791.6700,0.0005,0.6157,A
471,21488,0.0997,9784.5800,0.0005,0.6162,A
472,22725,0.1000,9782.8600,0.0005,0.6168,A
473,20829,0.1002,9778.9600,0.0005,0.6173,A
474,22966,0.1004,9763.5500,0.0005,0.6178,A
475,79000,0.1006,9759.9100,0.0005,0.6183,A
476,23171,0.1008,9751.7300,0.0005,0.6188,A
477,22300,0.1010,9751.5700,0.0005,0.6193,A
478,22429,0.1012,9743.3000,0.0005,0.6198,A
479,22327,0.1014,9722.2200,0.0005,0.6203,A
480,22645,0.1017,9709.5300,0.0005,0.6209,A
481,22745,0.1019,9676.6500,0.0005,0.6214,A
482,22466,0.1021,9643.1300,0.0005,0.6219,A
483,20677,0.1023,9624.4800,0.0005,0.6224,A
484,23076,0.1025,9616.0800,0.0005,0.6229,A
485,84030E,0.1027,9594.4700,0.0005,0.6234,A
486,22665,0.1029,9589.8400,0.0005,0.6239,A
487,22978,0.1031,9497.7600,0.0005,0.6244,A
488,16014,0.1033,9483.7000,0.0005,0.6249,A
489,35961,0.1036,9446.4200,0.0005,0.6254,A
490,82552,0.1038,9429.6200,0.0005,0.6259,A
491,23175,0.1040,9427.0900,0.0005,0.6264,A
492,22549,0.1042,9403.5500,0.0005,0.6269,A
493,21716,0.1044,9359.6600,0.0005,0.6274,A
494,21385,0.1046,9318.3500,0.0005,0.6278,A
495,22656,0.1048,9290.0000,0.0005,0.6283,A
496,21658,0.1050,9271.8900,0.0005,0.6288,A
497,85049A,0.1053,9234.9500,0.0005,0.6293,A
498,84692,0.1055,9229.9400,0.0005,0.6298,A
499,22767,0.1057,9229.4800,0.0005,0.6303,A
500,20970,0.1059,9226.0800,0.0005,0.6308,A
501,20747,0.1061,9224.9200,0.0005,0.6312,A
502,22357,0.1063,9214.9800,0.0005,0.6317,A
503,21243,0.1065,9214.1500,0.0005,0.6322,A
504,85049E,0.1067,9205.4600,0.0005,0.6327,A
505,22219,0.1069,9205.4400,0.0005,0.6332,A
506,22121,0.1072,9102.9700,0.0005,0.6337,A
507,22244,0.1074,9101.9600,0.0005,0.6341,A
508,21777,0.1076,9075.5100,0.0005,0.6346,A
509,21041,0.1078,9049.2900,0.0005,0.6351,A
510,72807C,0.1080,9001.1500,0.0005,0.6356,A
511,21745,0.1082,8998.4700,0.0005,0.6360,A
512,21933,0.1084,8989.6500,0.0005,0.6365,A
513,21715,0.1086,8972.2200,0.0005,0.6370,A
514,22942,0.1089,8971.2700,0.0005,0.6375,A
515,22195,0.1091,8943.2400,0.0005,0.6379,A
516,22072,0.1093,8934.7600,0.0005,0.6384,A
517,21985,0.1095,8931.8800,0.0005,0.6389,A
518,22741,0.1097,8884.2200,0.0005,0.6393,A
519,22839,0.1099,8853.8400,0.0005,0.6398,A
520,22989,0.1101,8799.3200,0.0005,0.6403,A
521,84839,0.1103,8747.0500,0.0005,0.6407,A
522,23319,0.1105,8699.4400,0.0005,0.6412,A
523,21042,0.1108,8687.0000,0.0005,0.6416,A
524,20974,0.1110,8678.7400,0.0005,0.6421,A
525,22371,0.1112,8650.7300,0.0005,0.6425,A
526,23322,0.1114,8648.6600,0.0005,0.6430,A
527,21980,0.1116,8613.2800,0.0005,0.6434,A
528,23318,0.1118,8547.6600,0.0004,0.6439,A
529,21381,0.1120,8538.2200,0.0004,0.6443,A
530,21186,0.1122,8532.1700,0.0004,0.6448,A
531,22895,0.1125,8530.1900,0.0004,0.6452,A
532,22215,0.1127,8527.8000,0.0004,0.6457,A
533,23078,0.1129,8501.2000,0.0004,0.6461,A
534,22141,0.1131,8499.8500,0.0004,0.6466,A
535,21135,0.1133,8496.2600,0.0004,0.6470,A
536,79323LP,0.1135,8481.1900,0.0004,0.6475,A
537,48189,0.1137,8470.2800,0.0004,0.6479,A
538,22283,0.1139,8469.6000,0.0004,0.6484,A
539,22073,0.1141,8457.8900,0.0004,0.6488,A
540,22354,0.1144,8447.1000,0.0004,0.6493,A
541,22212,0.1146,8443.7100,0.0004,0.6497,A
542,21932,0.1148,8405.5500,0.0004,0.6501,A
543,22329,0.1150,8397.5300,0.0004,0.6506,A
544,51008,0.1152,8378.8000,0.0004,0.6510,A
545,22689,0.1154,8366.7200,0.0004,0.6515,A
546,22078,0.1156,8365.9400,0.0004,0.6519,A
547,84032A,0.1158,8340.6000,0.0004,0.6523,A
548,22079,0.1161,8330.8800,0.0004,0.6528,A
549,22358,0.1163,8277.2600,0.0004,0.6532,A
550,21244,0.1165,8272.4900,0.0004,0.6536,A
551,22751,0.1167,8251.2900,0.0004,0.6541,A
552,22628,0.1169,8249.0000,0.0004,0.6545,A
553,85067,0.1171,8201.9900,0.0004,0.6549,A
554,23256,0.1173,8164.7500,0.0004,0.6554,A
555,23321,0.1175,8143.2100,0.0004,0.6558,A
556,21238,0.1177,8098.0400,0.0004,0.6562,A
557,22110,0.1180,8096.8400,0.0004,0.6567,A
558,84508A,0.1182,8091.4800,0.0004,0.6571,A
559,21934,0.1184,8085.8100,0.0004,0.6575,A
560,22055,0.1186,8063.8100,0.0004,0.6579,A
561,21874,0.1188,8054.8300,0.0004,0.6584,A
562,82551,0.1190,8014.4900,0.0004,0.6588,A
563,20675,0.1192,8010.6100,0.0004,0.6592,A
564,21769,0.1194,7954.8700,0.0004,0.6596,A
565,23082,0.1197,7921.2400,0.0004,0.6600,A
566,22353,0.1199,7917.8900,0.0004,0.6604,A
567,22796,0.1201,7901.0500,0.0004,0.6609,A
568,22504,0.1203,7895.1800,0.0004,0.6613,A
569,21116,0.1205,7883.4300,0.0004,0.6617,A
570,22275,0.1207,7875.3300,0.0004,0.6621,A
571,23439,0.1209,7852.2700,0.0004,0.6625,A
572,22350,0.1211,7834.9900,0.0004,0.6629,A
573,22738,0.1213,7807.0900,0.0004,0.6633,A
574,23534,0.1216,7775.6600,0.0004,0.6637,A
575,21875,0.1218,7775.2300,0.0004,0.6642,A
576,22890,0.1220,7742.2400,0.0004,0.6646,A
577,21976,0.1222,7735.1900,0.0004,0.6650,A
578,20717,0.1224,7731.6700,0.0004,0.6654,A
579,21110,0.1226,7729.3700,0.0004,0.6658,A
580,84568,0.1228,7727.3500,0.0004,0.6662,A
581,22588,0.1230,7701.6300,0.0004,0.6666,A
582,21411,0.1233,7683.5700,0.0004,0.6670,A
583,84968C,0.1235,7629.2500,0.0004,0.6674,A
584,21870,0.1237,7627.4900,0.0004,0.6678,A
585,22528,0.1239,7623.4100,0.0004,0.6682,A
586,21115,0.1241,7597.0700,0.0004,0.6686,A
587,22242,0.1243,7559.9100,0.0004,0.6690,A
588,23493,0.1245,7558.4800,0.0004,0.6694,A
589,22550,0.1247,7557.3400,0.0004,0.6698,A
590,22592,0.1249,7553.4400,0.0004,0.6702,A
591,23007,0.1252,7547.5700,0.0004,0.6706,A
592,22784,0.1254,7546.2700,0.0004,0.6710,A
593,85065,0.1256,7524.4400,0.0004,0.6714,A
594,22813,0.1258,7500.0200,0.0004,0.6718,A
595,85064,0.1260,7493.0600,0.0004,0.6722,A
596,22669,0.1262,7484.9100,0.0004,0.6726,A
597,72351A,0.1264,7481.5700,0.0004,0.6729,A
598,21746,0.1266,7468.3400,0.0004,0.6733,A
599,22360,0.1269,7442.5300,0.0004,0.6737,A
600,22493,0.1271,7433.2900,0.0004,0.6741,A
601,22991,0.1273,7431.6800,0.0004,0.6745,A
602,22224,0.1275,7422.2900,0.0004,0.6749,A
603,22489,0.1277,7367.8200,0.0004,0.6753,A
604,21463,0.1279,7363.9600,0.0004,0.6757,A
605,11001,0.1281,7363.4700,0.0004,0.6761,A
606,21737,0.1283,7362.6600,0.0004,0.6764,A
607,21361,0.1285,7361.7400,0.0004,0.6768,A
608,22809,0.1288,7341.8500,0.0004,0.6772,A
609,84032B,0.1290,7329.6100,0.0004,0.6776,A
610,22199,0.1292,7328.9000,0.0004,0.6780,A
611,82580,0.1294,7320.8800,0.0004,0.6784,A
612,22945,0.1296,7312.9000,0.0004,0.6788,A
613,21114,0.1298,7293.6400,0.0004,0.6791,A
614,23204,0.1300,7257.7300,0.0004,0.6795,A
615,22282,0.1302,7254.2300,0.0004,0.6799,A
616,21588,0.1305,7253.4000,0.0004,0.6803,A
617,21561,0.1307,7248.7900,0.0004,0.6807,A
618,22827,0.1309,7150.0000,0.0004,0.6810,A
619,22739,0.1311,7147.3800,0.0004,0.6814,A
620,23238,0.1313,7137.7400,0.0004,0.6818,A
621,22029,0.1315,7134.2800,0.0004,0.6822,A
622,22907,0.1317,7132.2700,0.0004,0.6825,A
623,21876,0.1319,7127.2900,0.0004,0.6829,A
624,22414,0.1321,7118.3500,0.0004,0.6833,A
625,21981,0.1324,7090.6600,0.0004,0.6837,A
626,85174,0.1326,7081.5000,0.0004,0.6840,A
627,21700,0.1328,7016.6100,0.0004,0.6844,A
628,37450,0.1330,7008.5000,0.0004,0.6848,A
629,21984,0.1332,7004.4400,0.0004,0.6851,A
630,22618,0.1334,6984.3500,0.0004,0.6855,A
631,21625,0.1336,6967.4300,0.0004,0.6859,A
632,22626,0.1338,6965.5500,0.0004,0.6862,A
633,23236,0.1341,6961.6500,0.0004,0.6866,A
634,10002,0.1343,6942.2600,0.0004,0.6870,A
635,22498,0.1345,6913.5500,0.0004,0.6873,A
636,22567,0.1347,6905.0600,0.0004,0.6877,A
637,22377,0.1349,6899.3900,0.0004,0.6881,A
638,22465,0.1351,6883.7500,0.0004,0.6884,A
639,22938,0.1353,6881.2700,0.0004,0.6888,A
640,85220,0.1355,6875.0000,0.0004,0.6891,A
641,22781,0.1357,6865.0800,0.0004,0.6895,A
642,47502,0.1360,6855.7500,0.0004,0.6899,A
643,22085,0.1362,6833.6800,0.0004,0.6902,A
644,22644,0.1364,6815.9500,0.0004,0.6906,A
645,21497,0.1366,6811.5000,0.0004,0.6909,A
646,22165,0.1368,6803.7200,0.0004,0.6913,A
647,23297,0.1370,6792.2300,0.0004,0.6917,A
648,21903,0.1372,6784.6500,0.0004,0.6920,A
649,21989,0.1374,6763.1400,0.0004,0.6924,A
650,37448,0.1377,6759.4800,0.0004,0.6927,A
651,22577,0.1379,6757.8900,0.0004,0.6931,A
652,23254,0.1381,6757.8700,0.0004,0.6934,A
653,21768,0.1383,6756.0900,0.0004,0.6938,A
654,35004B,0.1385,6755.1500,0.0004,0.6941,A
655,22378,0.1387,6752.9800,0.0004,0.6945,A
656,22430,0.1389,6751.4800,0.0004,0.6949,A
657,21992,0.1391,6744.8000,0.0004,0.6952,A
658,23080,0.1393,6737.7500,0.0004,0.6956,A
659,22431,0.1396,6733.9900,0.0004,0.6959,A
660,22810,0.1398,6717.3300,0.0004,0.6963,A
661,22798,0.1400,6714.5000,0.0004,0.6966,A
662,47559B,0.1402,6706.1400,0.0004,0.6970,A
663,23541,0.1404,6699.2100,0.0004,0.6973,A
664,22575,0.1406,6697.7600,0.0004,0.6977,A
665,37500,0.1408,6683.1500,0.0004,0.6980,A
666,84968A,0.1410,6676.1500,0.0004,0.6984,A
667,85014D,0.1413,6664.4500,0.0004,0.6987,A
668,85047,0.1415,6664.3300,0.0004,0.6991,A
669,23215,0.1417,6662.2200,0.0004,0.6994,A
670,85068,0.1419,6647.2400,0.0003,0.6998,A
671,23008,0.1421,6642.5500,0.0003,0.7001,A
672,47599B,0.1423,6637.3400,0.0003,0.7005,A
673,22220,0.1425,6634.6900,0.0003,0.7008,A
674,22746,0.1427,6634.0800,0.0003,0.7012,A
675,23083,0.1429,6629.0000,0.0003,0.7015,A
676,22432,0.1432,6623.6900,0.0003,0.7019,A
677,84509A,0.1434,6615.6300,0.0003,0.7022,A
678,85175,0.1436,6606.2600,0.0003,0.7026,A
679,22526,0.1438,6602.0400,0.0003,0.7029,A
680,23283,0.1440,6601.3300,0.0003,0.7033,A
681,22845,0.1442,6597.1200,0.0003,0.7036,A
682,22221,0.1444,6586.1800,0.0003,0.7040,A
683,22187,0.1446,6585.6600,0.0003,0.7043,A
684,23535,0.1449,6585.0500,0.0003,0.7046,A
685,84884A,0.1451,6581.6400,0.0003,0.7050,A
686,84520B,0.1453,6579.0200,0.0003,0.7053,A
687,20973,0.1455,6566.5500,0.0003,0.7057,A
688,22779,0.1457,6550.6000,0.0003,0.7060,A
689,22661,0.1459,6533.3900,0.0003,0.7064,A
690,23320,0.1461,6532.2300,0.0003,0.7067,A
691,22563,0.1463,6528.8800,0.0003,0.7071,A
692,23293,0.1465,6524.8100,0.0003,0.7074,A
693,16156S,0.1468,6516.6200,0.0003,0.7077,A
694,22332,0.1470,6507.3500,0.0003,0.7081,A
695,21240,0.1472,6504.4300,0.0003,0.7084,A
696,23103,0.1474,6503.0600,0.0003,0.7088,A
697,23169,0.1476,6499.9000,0.0003,0.7091,A
698,15060B,0.1478,6486.7900,0.0003,0.7095,A
699,22148,0.1480,6456.8900,0.0003,0.7098,A
700,21201,0.1482,6451.8400,0.0003,0.7101,A
701,22364,0.1485,6443.4400,0.0003,0.7105,A
702,22059,0.1487,6439.5700,0.0003,0.7108,A
703,23134,0.1489,6431.1100,0.0003,0.7111,A
704,22080,0.1491,6411.8100,0.0003,0.7115,A
705,21239,0.1493,6401.3400,0.0003,0.7118,A
706,21500,0.1495,6390.5000,0.0003,0.7122,A
707,21563,0.1497,6389.2800,0.0003,0.7125,A
708,79067,0.1499,6380.2000,0.0003,0.7128,A
709,23582,0.1501,6354.1300,0.0003,0.7132,A
710,22898,0.1504,6348.3300,0.0003,0.7135,A
711,21592,0.1506,6333.6700,0.0003,0.7138,A
712,22311,0.1508,6318.3300,0.0003,0.7142,A
713,22783,0.1510,6316.3000,0.0003,0.7145,A
714,85062,0.1512,6313.8400,0.0003,0.7148,A
715,22582,0.1514,6299.4100,0.0003,0.7152,A
716,23247,0.1516,6290.9400,0.0003,0.7155,A
717,22979,0.1518,6288.2600,0.0003,0.7158,A
718,22849,0.1521,6287.7300,0.0003,0.7161,A
719,22826,0.1523,6210.0000,0.0003,0.7165,A
720,23109,0.1525,6188.4600,0.0003,0.7168,A
721,22063,0.1527,6186.4800,0.0003,0.7171,A
722,22142,0.1529,6182.9500,0.0003,0.7174,A
723,21078,0.1531,6181.2500,0.0003,0.7178,A
724,22460,0.1533,6177.1300,0.0003,0.7181,A
725,21494,0.1535,6160.1300,0.0003,0.7184,A
726,23229,0.1537,6136.2300,0.0003,0.7187,A
727,22848,0.1540,6128.6000,0.0003,0.7191,A
728,21667,0.1542,6126.2500,0.0003,0.7194,A
729,21714,0.1544,6125.8500,0.0003,0.7197,A
730,22222,0.1546,6111.1000,0.0003,0.7200,A
731,22780,0.1548,6091.0900,0.0003,0.7203,A
732,23307,0.1550,6063.0400,0.0003,0.7207,A
733,72802C,0.1552,6055.8500,0.0003,0.7210,A
734,22435,0.1554,6025.4700,0.0003,0.7213,A
735,22065,0.1557,6024.9100,0.0003,0.7216,A
736,20751,0.1559,6021.1600,0.0003,0.7219,A
737,21586,0.1561,6018.7500,0.0003,0.7222,A
738,21499,0.1563,6017.8400,0.0003,0.7226,A
739,21107,0.1565,6006.9800,0.0003,0.7229,A
740,23172,0.1567,6004.5500,0.0003,0.7232,A
741,22906,0.1569,5999.1400,0.0003,0.7235,A
742,21584,0.1571,5997.4500,0.0003,0.7238,A
743,23571,0.1573,5994.6100,0.0003,0.7241,A
744,22167,0.1576,5993.3200,0.0003,0.7245,A
745,22596,0.1578,5991.4300,0.0003,0.7248,A
746,22185,0.1580,5988.5100,0.0003,0.7251,A
747,22855,0.1582,5979.2400,0.0003,0.7254,A
748,22331,0.1584,5973.6600,0.0003,0.7257,A
749,21918,0.1586,5967.1400,0.0003,0.7260,A
750,84832,0.1588,5962.1900,0.0003,0.7263,A
751,22361,0.1590,5960.7700,0.0003,0.7267,A
752,23188,0.1593,5957.9800,0.0003,0.7270,A
753,85178,0.1595,5948.9100,0.0003,0.7273,A
754,22196,0.1597,5946.7100,0.0003,0.7276,A
755,22841,0.1599,5931.3000,0.0003,0.7279,A
756,21591,0.1601,5926.8300,0.0003,0.7282,A
757,22491,0.1603,5922.8700,0.0003,0.7285,A
758,22045,0.1605,5918.6400,0.0003,0.7288,A
759,23296,0.1607,5910.0200,0.0003,0.7291,A
760,48197,0.1609,5905.6400,0.0003,0.7295,A
761,23382,0.1612,5889.3800,0.0003,0.7298,A
762,21407,0.1614,5883.3300,0.0003,0.7301,A
763,85132C,0.1616,5865.0400,0.0003,0.7304,A
764,22241,0.1618,5862.4200,0.0003,0.7307,A
765,22578,0.1620,5835.0000,0.0003,0.7310,A
766,22772,0.1622,5834.2700,0.0003,0.7313,A
767,23052,0.1624,5816.5600,0.0003,0.7316,A
768,21988,0.1626,5806.5700,0.0003,0.7319,A
769,23113,0.1629,5806.4300,0.0003,0.7322,A
770,21832,0.1631,5805.4700,0.0003,0.7325,A
771,23311,0.1633,5784.1700,0.0003,0.7328,A
772,23192,0.1635,5773.4500,0.0003,0.7331,A
773,22660,0.1637,5752.1100,0.0003,0.7334,A
774,23480,0.1639,5744.9800,0.0003,0.7337,A
775,22971,0.1641,5737.9300,0.0003,0.7340,A
776,84968B,0.1643,5732.3900,0.0003,0.7343,A
777,22200,0.1645,5722.8800,0.0003,0.7346,A
778,37495,0.1648,5717.6000,0.0003,0.7349,A
779,22278,0.1650,5713.1400,0.0003,0.7352,A
780,21313,0.1652,5712.1700,0.0003,0.7355,A
781,22737,0.1654,5711.8200,0.0003,0.7358,A
782,22951,0.1656,5699.6200,0.0003,0.7361,A
783,22060,0.1658,5691.4100,0.0003,0.7364,A
784,22341,0.1660,5682.4400,0.0003,0.7367,A
785,21577,0.1662,5678.2200,0.0003,0.7370,A
786,21528,0.1665,5666.8600,0.0003,0.7373,A
787,22070,0.1667,5652.9400,0.0003,0.7376,A
788,22687,0.1669,5651.6300,0.0003,0.7379,A
789,21452,0.1671,5644.1000,0.0003,0.7382,A
790,22115,0.1673,5627.4300,0.0003,0.7385,A
791,22854,0.1675,5624.5000,0.0003,0.7388,A
792,22441,0.1677,5597.5500,0.0003,0.7391,A
793,23485,0.1679,5585.7200,0.0003,0.7394,A
794,22335,0.1681,5583.3700,0.0003,0.7397,A
795,21703,0.1684,5581.0900,0.0003,0.7400,A
796,21207,0.1686,5574.3600,0.0003,0.7403,A
797,22899,0.1688,5549.7900,0.0003,0.7406,A
798,85038,0.1690,5548.3300,0.0003,0.7409,A
799,23154,0.1692,5543.9500,0.0003,0.7412,A
800,22964,0.1694,5538.3900,0.0003,0.7415,A
801,40016,0.1696,5487.3100,0.0003,0.7417,A
802,82599,0.1698,5479.4400,0.0003,0.7420,A
803,21112,0.1701,5478.4700,0.0003,0.7423,A
804,22168,0.1703,5475.9300,0.0003,0.7426,A
805,79029,0.1705,5473.8200,0.0003,0.7429,A
806,22534,0.1707,5468.1700,0.0003,0.7432,A
807,84971S,0.1709,5460.0600,0.0003,0.7435,A
808,72756,0.1711,5459.4800,0.0003,0.7438,A
809,21900,0.1713,5455.5900,0.0003,0.7440,A
810,21730,0.1715,5454.8500,0.0003,0.7443,A
811,22156,0.1717,5453.4800,0.0003,0.7446,A
812,84968D,0.1720,5443.6200,0.0003,0.7449,A
813,23205,0.1722,5438.2900,0.0003,0.7452,A
814,23312,0.1724,5437.2100,0.0003,0.7455,A
815,21432,0.1726,5435.9100,0.0003,0.7458,A
816,23118,0.1728,5430.6800,0.0003,0.7460,A
817,85063,0.1730,5426.7400,0.0003,0.7463,A
818,20983,0.1732,5411.8400,0.0003,0.7466,A
819,21069,0.1734,5404.3600,0.0003,0.7469,A
820,23133,0.1737,5396.8900,0.0003,0.7472,A
821,22437,0.1739,5396.8400,0.0003,0.7475,A
822,84937,0.1741,5394.5400,0.0003,0.7477,A
823,22443,0.1743,5393.4300,0.0003,0.7480,A
824,85061W,0.1745,5385.2600,0.0003,0.7483,A
825,16161P,0.1747,5372.4000,0.0003,0.7486,A
826,21491,0.1749,5367.0100,0.0003,0.7489,A
827,22218,0.1751,5365.6600,0.0003,0.7492,A
828,22670,0.1753,5350.9700,0.0003,0.7494,A
829,23135,0.1756,5350.6700,0.0003,0.7497,A
830,22653,0.1758,5348.7700,0.0003,0.7500,A
831,22203,0.1760,5343.4600,0.0003,0.7503,A
832,35832,0.1762,5341.8500,0.0003,0.7506,A
833,20978,0.1764,5331.7700,0.0003,0.7508,A
834,22602,0.1766,5300.2700,0.0003,0.7511,A
835,22186,0.1768,5300.2600,0.0003,0.7514,A
836,21363,0.1770,5296.4800,0.0003,0.7517,A
837,22842,0.1773,5295.2900,0.0003,0.7520,A
838,85132A,0.1775,5287.2000,0.0003,0.7522,A
839,37446,0.1777,5285.8500,0.0003,0.7525,A
840,22763,0.1779,5271.2100,0.0003,0.7528,A
841,22119,0.1781,5268.4400,0.0003,0.7531,A
842,23126,0.1783,5267.8500,0.0003,0.7533,A
843,22483,0.1785,5262.3900,0.0003,0.7536,A
844,21718,0.1787,5220.4600,0.0003,0.7539,A
845,22117,0.1789,5192.9800,0.0003,0.7542,A
846,21587,0.1792,5173.0500,0.0003,0.7544,A
847,22433,0.1794,5170.4500,0.0003,0.7547,A
848,22030,0.1796,5153.6100,0.0003,0.7550,A
849,22896,0.1798,5152.0500,0.0003,0.7553,A
850,23158,0.1800,5148.3800,0.0003,0.7555,A
851,22564,0.1802,5142.8500,0.0003,0.7558,A
852,22894,0.1804,5140.8800,0.0003,0.7561,A
853,22412,0.1806,5140.8200,0.0003,0.7563,A
854,23157,0.1809,5138.9300,0.0003,0.7566,A
855,21713,0.1811,5135.0100,0.0003,0.7569,A
856,22998,0.1813,5119.9100,0.0003,0.7571,A
857,21872,0.1815,5100.5100,0.0003,0.7574,A
858,22691,0.1817,5100.3100,0.0003,0.7577,A
859,22175,0.1819,5100.1900,0.0003,0.7579,A
860,22801,0.1821,5090.9600,0.0003,0.7582,A
861,23526,0.1823,5082.2100,0.0003,0.7585,A
862,22426,0.1825,5081.3900,0.0003,0.7587,A
863,23132,0.1828,5073.4300,0.0003,0.7590,A
864,20977,0.1830,5069.9900,0.0003,0.7593,A
865,22775,0.1832,5065.5600,0.0003,0.7595,A
866,22610,0.1834,5059.6600,0.0003,0.7598,A
867,21578,0.1836,5057.9000,0.0003,0.7601,A
868,21495,0.1838,5056.3000,0.0003,0.7603,A
869,21471,0.1840,5052.8600,0.0003,0.7606,A
870,22374,0.1842,5037.0500,0.0003,0.7609,A
871,84796B,0.1845,5016.9100,0.0003,0.7611,A
872,22957,0.1847,5014.6500,0.0003,0.7614,A
873,21071,0.1849,4998.3200,0.0003,0.7617,A
874,47568,0.1851,4983.0200,0.0003,0.7619,A
875,46000S,0.1853,4982.2000,0.0003,0.7622,A
876,21706,0.1855,4976.6500,0.0003,0.7625,A
877,22318,0.1857,4972.2900,0.0003,0.7627,A
878,21993,0.1859,4965.9300,0.0003,0.7630,A
879,22472,0.1861,4963.7200,0.0003,0.7632,A
880,22571,0.1864,4950.2700,0.0003,0.7635,A
881,21544,0.1866,4949.7800,0.0003,0.7638,A
882,21896,0.1868,4939.8400,0.0003,0.7640,A
883,22583,0.1870,4938.3200,0.0003,0.7643,A
884,23162,0.1872,4929.8000,0.0003,0.7645,A
885,22732,0.1874,4919.1700,0.0003,0.7648,A
886,23397,0.1876,4908.1000,0.0003,0.7650,A
887,85049G,0.1878,4891.8300,0.0003,0.7653,A
888,85184C,0.1881,4877.1300,0.0003,0.7656,A
889,23295,0.1883,4872.2400,0.0003,0.7658,A
890,23553,0.1885,4871.2300,0.0003,0.7661,A
891,72807B,0.1887,4866.8100,0.0003,0.7663,A
892,22276,0.1889,4866.3200,0.0003,0.7666,A
893,22604,0.1891,4839.7300,0.0003,0.7668,A
894,21056,0.1893,4835.9700,0.0003,0.7671,A
895,84270,0.1895,4824.3000,0.0003,0.7673,A
896,23263,0.1898,4822.7800,0.0003,0.7676,A
897,84968E,0.1900,4819.1900,0.0003,0.7679,A
898,23583,0.1902,4807.5300,0.0003,0.7681,A
899,23165,0.1904,4805.3400,0.0003,0.7684,A
900,22956,0.1906,4795.9500,0.0003,0.7686,A
901,23310,0.1908,4787.0200,0.0003,0.7689,A
902,23010,0.1910,4785.5900,0.0003,0.7691,A
903,23556,0.1912,4774.5500,0.0003,0.7694,A
904,21986,0.1914,4770.2300,0.0003,0.7696,A
905,22027,0.1917,4762.8500,0.0003,0.7699,A
906,22128,0.1919,4759.5900,0.0003,0.7701,A
907,20681,0.1921,4757.1500,0.0002,0.7704,A
908,23531,0.1923,4756.5800,0.0002,0.7706,A
909,22688,0.1925,4740.2000,0.0002,0.7709,A
910,21249,0.1927,4735.4600,0.0002,0.7711,A
911,21534,0.1929,4724.0900,0.0002,0.7714,A
912,23286,0.1931,4718.5700,0.0002,0.7716,A
913,23198,0.1934,4717.5200,0.0002,0.7719,A
914,23159,0.1936,4713.5200,0.0002,0.7721,A
915,18098C,0.1938,4710.7400,0.0002,0.7724,A
916,23234,0.1940,4709.6500,0.0002,0.7726,A
917,22399,0.1942,4704.6000,0.0002,0.7728,A
918,72349B,0.1944,4698.3400,0.0002,0.7731,A
919,21916,0.1946,4697.0500,0.0002,0.7733,A
920,23554,0.1948,4693.0700,0.0002,0.7736,A
921,22509,0.1950,4691.9100,0.0002,0.7738,A
922,22434,0.1953,4684.5100,0.0002,0.7741,A
923,22305,0.1955,4680.9300,0.0002,0.7743,A
924,22672,0.1957,4652.0000,0.0002,0.7746,A
925,23314,0.1959,4650.6600,0.0002,0.7748,A
926,15044B,0.1961,4644.1300,0.0002,0.7751,A
927,22593,0.1963,4644.0100,0.0002,0.7753,A
928,23555,0.1965,4643.1100,0.0002,0.7755,A
929,23176,0.1967,4611.6800,0.0002,0.7758,A
930,22304,0.1970,4593.7000,0.0002,0.7760,A
931,23503,0.1972,4586.8800,0.0002,0.7763,A
932,20963,0.1974,4582.8800,0.0002,0.7765,A
933,82581,0.1976,4579.2500,0.0002,0.7768,A
934,23558,0.1978,4578.9100,0.0002,0.7770,A
935,21878,0.1980,4577.4800,0.0002,0.7772,A
936,21811,0.1982,4577.1800,0.0002,0.7775,A
937,20961,0.1984,4565.4700,0.0002,0.7777,A
938,22562,0.1986,4562.4200,0.0002,0.7780,A
939,23285,0.1989,4560.1500,0.0002,0.7782,A
940,21328,0.1991,4558.2900,0.0002,0.7784,A
941,15044D,0.1993,4553.7500,0.0002,0.7787,A
942,85184D,0.1995,4552.6900,0.0002,0.7789,A
943,22474,0.1997,4550.8400,0.0002,0.7792,A
944,21614,0.1999,4538.1700,0.0002,0.7794,A
945,23389,0.2001,4523.2700,0.0002,0.7796,A
946,22760,0.2003,4506.8900,0.0002,0.7799,A
947,37447,0.2006,4501.8000,0.0002,0.7801,A
948,22451,0.2008,4496.9900,0.0002,0.7803,A
949,23184,0.2010,4494.6400,0.0002,0.7806,A
950,51014A,0.2012,4480.3500,0.0002,0.7808,A
951,22107,0.2014,4469.1300,0.0002,0.7810,A
952,10135,0.2016,4469.0700,0.0002,0.7813,A
953,23177,0.2018,4461.2500,0.0002,0.7815,A
954,22800,0.2020,4447.9700,0.0002,0.7817,A
955,84279P,0.2022,4445.0900,0.0002,0.7820,A
956,22747,0.2025,4433.4400,0.0002,0.7822,A
957,23288,0.2027,4428.2200,0.0002,0.7824,A
958,79341,0.2029,4423.6900,0.0002,0.7827,A
959,22601,0.2031,4420.3100,0.0002,0.7829,A
960,22908,0.2033,4415.0000,0.0002,0.7831,A
961,22291,0.2035,4412.9300,0.0002,0.7834,A
962,22548,0.2037,4404.3100,0.0002,0.7836,A
963,22736,0.2039,4392.9400,0.0002,0.7838,A
964,21506,0.2042,4391.8800,0.0002,0.7841,A
965,21967,0.2044,4381.3900,0.0002,0.7843,A
966,22449,0.2046,4374.4500,0.0002,0.7845,A
967,23168,0.2048,4371.9700,0.0002,0.7848,A
968,22733,0.2050,4365.4900,0.0002,0.7850,A
969,22442,0.2052,4364.9700,0.0002,0.7852,A
970,23570,0.2054,4361.3700,0.0002,0.7854,A
971,79320,0.2056,4357.3800,0.0002,0.7857,A
972,23351,0.2058,4354.7200,0.0002,0.7859,A
973,23241,0.2061,4350.5900,0.0002,0.7861,A
974,84598,0.2063,4340.0600,0.0002,0.7864,A
975,22611,0.2065,4338.6300,0.0002,0.7866,A
976,22202,0.2067,4336.2500,0.0002,0.7868,A
977,21990,0.2069,4327.0900,0.0002,0.7870,A
978,22892,0.2071,4322.0600,0.0002,0.7873,A
979,22071,0.2073,4318.4200,0.0002,0.7875,A
980,22743,0.2075,4316.4700,0.0002,0.7877,A
981,23163,0.2078,4310.9800,0.0002,0.7880,A
982,22075,0.2080,4310.5600,0.0002,0.7882,A
983,21864,0.2082,4306.9500,0.0002,0.7884,A
984,20674,0.2084,4294.9700,0.0002,0.7886,A
985,21153,0.2086,4294.6900,0.0002,0.7889,A
986,22227,0.2088,4294.5200,0.0002,0.7891,A
987,22574,0.2090,4291.7400,0.0002,0.7893,A
988,47580,0.2092,4288.4000,0.0002,0.7895,A
989,72807A,0.2094,4288.3300,0.0002,0.7898,A
990,21537,0.2097,4287.7100,0.0002,0.7900,A
991,23494,0.2099,4276.6400,0.0002,0.7902,A
992,21913,0.2101,4276.2700,0.0002,0.7904,A
993,22425,0.2103,4271.7800,0.0002,0.7907,A
994,15039,0.2105,4270.5700,0.0002,0.7909,A
995,20966,0.2107,4265.2400,0.0002,0.7911,A
996,21899,0.2109,4263.5900,0.0002,0.7913,A
997,72802B,0.2111,4258.9700,0.0002,0.7916,A
998,84969,0.2114,4258.8900,0.0002,0.7918,A
999,22721,0.2116,4252.3200,0.0002,0.7920,A
1000,21556,0.2118,4244.4100,0.0002,0.7922,A
1001,22594,0.2120,4244.1900,0.0002,0.7924,A
1002,22497,0.2122,4234.8200,0.0002,0.7927,A
1003,22530,0.2124,4225.1700,0.0002,0.7929,A
1004,22285,0.2126,4224.9200,0.0002,0.7931,A
1005,84031A,0.2128,4222.2900,0.0002,0.7933,A
1006,20665,0.2130,4221.6000,0.0002,0.7936,A
1007,21355,0.2133,4214.3000,0.0002,0.7938,A
1008,21068,0.2135,4204.7900,0.0002,0.7940,A
1009,21474,0.2137,4189.5000,0.0002,0.7942,A
1010,23050,0.2139,4187.1600,0.0002,0.7944,A
1011,21609,0.2141,4186.2900,0.0002,0.7947,A
1012,21064,0.2143,4183.8900,0.0002,0.7949,A
1013,22299,0.2145,4183.2300,0.0002,0.7951,A
1014,22851,0.2147,4175.1200,0.0002,0.7953,A
1015,23112,0.2150,4172.7200,0.0002,0.7955,A
1016,23167,0.2152,4171.7500,0.0002,0.7958,A
1017,22833,0.2154,4163.5400,0.0002,0.7960,A
1018,22797,0.2156,4155.3200,0.0002,0.7962,A
1019,22127,0.2158,4153.1100,0.0002,0.7964,A
1020,22926,0.2160,4150.3100,0.0002,0.7966,A
1021,21470,0.2162,4149.7600,0.0002,0.7969,A
1022,22312,0.2164,4149.7200,0.0002,0.7971,A
1023,20982,0.2166,4149.2300,0.0002,0.7973,A
1024,21143,0.2169,4149.1500,0.0002,0.7975,A
1025,21707,0.2171,4145.3500,0.0002,0.7977,A
1026,21590,0.2173,4141.2800,0.0002,0.7979,A
1027,23275,0.2175,4139.7400,0.0002,0.7982,A
1028,84950,0.2177,4135.9100,0.0002,0.7984,A
1029,23306,0.2179,4116.0900,0.0002,0.7986,A
1030,23309,0.2181,4111.7000,0.0002,0.7988,A
1031,22573,0.2183,4106.8500,0.0002,0.7990,A
1032,21245,0.2186,4098.8300,0.0002,0.7992,A
1033,23237,0.2188,4091.7900,0.0002,0.7995,A
1034,22125,0.2190,4089.0900,0.0002,0.7997,A
1035,22723,0.2192,4081.7000,0.0002,0.7999,A
1036,21911,0.2194,4080.8500,0.0002,0.8001,B
1037,21472,0.2196,4077.8200,0.0002,0.8003,B
1038,22600,0.2198,4067.7200,0.0002,0.8005,B
1039,16161U,0.2200,4063.9200,0.0002,0.8007,B
1040,85053,0.2202,4053.6100,0.0002,0.8010,B
1041,21564,0.2205,4052.8700,0.0002,0.8012,B
1042,70006,0.2207,4050.5100,0.0002,0.8014,B
1043,35924,0.2209,4045.2700,0.0002,0.8016,B
1044,22359,0.2211,4040.4900,0.0002,0.8018,B
1045,21717,0.2213,4039.6300,0.0002,0.8020,B
1046,22744,0.2215,4033.1400,0.0002,0.8022,B
1047,23144,0.2217,4030.6000,0.0002,0.8024,B
1048,84596B,0.2219,4029.8700,0.0002,0.8027,B
1049,20981,0.2222,4025.8100,0.0002,0.8029,B
1050,22053,0.2224,4020.8900,0.0002,0.8031,B
1051,21012,0.2226,4018.3800,0.0002,0.8033,B
1052,21810,0.2228,4015.9400,0.0002,0.8035,B
1053,23110,0.2230,4012.0500,0.0002,0.8037,B
1054,21349,0.2232,4010.7300,0.0002,0.8039,B
1055,21901,0.2234,4008.4800,0.0002,0.8041,B
1056,23089,0.2236,4003.6900,0.0002,0.8043,B
1057,21679,0.2238,4003.2700,0.0002,0.8045,B
1058,20967,0.2241,3997.3400,0.0002,0.8048,B
1059,22284,0.2243,3994.6500,0.0002,0.8050,B
1060,22245,0.2245,3988.8500,0.0002,0.8052,B
1061,84580,0.2247,3986.2900,0.0002,0.8054,B
1062,22476,0.2249,3985.1700,0.0002,0.8056,B
1063,22612,0.2251,3984.9900,0.0002,0.8058,B
1064,85206A,0.2253,3982.9100,0.0002,0.8060,B
1065,21109,0.2255,3979.9600,0.0002,0.8062,B
1066,21987,0.2258,3975.7000,0.0002,0.8064,B
1067,23009,0.2260,3971.5600,0.0002,0.8066,B
1068,23194,0.2262,3968.4900,0.0002,0.8069,B
1069,23543,0.2264,3965.1600,0.0002,0.8071,B
1070,23255,0.2266,3956.1200,0.0002,0.8073,B
1071,22639,0.2268,3950.3700,0.0002,0.8075,B
1072,21648,0.2270,3949.1000,0.0002,0.8077,B
1073,22057,0.2272,3943.0900,0.0002,0.8079,B
1074,22788,0.2274,3942.6200,0.0002,0.8081,B
1075,22454,0.2277,3933.6300,0.0002,0.8083,B
1076,18097C,0.2279,3915.0000,0.0002,0.8085,B
1077,23340,0.2281,3913.7400,0.0002,0.8087,B
1078,23129,0.2283,3908.2400,0.0002,0.8089,B
1079,22445,0.2285,3905.1600,0.0002,0.8091,B
1080,22731,0.2287,3901.0900,0.0002,0.8093,B
1081,23349,0.2289,3893.5000,0.0002,0.8095,B
1082,23012,0.2291,3887.3100,0.0002,0.8097,B
1083,22959,0.2294,3887.0400,0.0002,0.8099,B
1084,22807,0.2296,3886.8000,0.0002,0.8101,B
1085,21192,0.2298,3885.6400,0.0002,0.8104,B
1086,22790,0.2300,3884.0000,0.0002,0.8106,B
1087,22980,0.2302,3878.7200,0.0002,0.8108,B
1088,21812,0.2304,3864.7300,0.0002,0.8110,B
1089,23049,0.2306,3863.8400,0.0002,0.8112,B
1090,46000M,0.2308,3861.0500,0.0002,0.8114,B
1091,23557,0.2310,3855.3100,0.0002,0.8116,B
1092,23032,0.2313,3853.6800,0.0002,0.8118,B
1093,23404,0.2315,3848.7600,0.0002,0.8120,B
1094,22272,0.2317,3848.3400,0.0002,0.8122,B
1095,22843,0.2319,3845.2200,0.0002,0.8124,B
1096,22778,0.2321,3844.4600,0.0002,0.8126,B
1097,21447,0.2323,3842.6300,0.0002,0.8128,B
1098,23130,0.2325,3839.5900,0.0002,0.8130,B
1099,22777,0.2327,3838.8200,0.0002,0.8132,B
1100,85040B,0.2330,3837.3000,0.0002,0.8134,B
1101,37340,0.2332,3836.0300,0.0002,0.8136,B
1102,21067,0.2334,3830.6700,0.0002,0.8138,B
1103,23131,0.2336,3823.5300,0.0002,0.8140,B
1104,21055,0.2338,3821.1900,0.0002,0.8142,B
1105,22579,0.2340,3797.2800,0.0002,0.8144,B
1106,72802A,0.2342,3796.2900,0.0002,0.8146,B
1107,21100,0.2344,3795.0000,0.0002,0.8148,B
1108,84016,0.2346,3791.6700,0.0002,0.8150,B
1109,22458,0.2349,3790.4700,0.0002,0.8152,B
1110,71038,0.2351,3789.2500,0.0002,0.8154,B
1111,23253,0.2353,3783.6700,0.0002,0.8156,B
1112,22478,0.2355,3783.6500,0.0002,0.8158,B
1113,22591,0.2357,3781.2200,0.0002,0.8160,B
1114,22292,0.2359,3773.7400,0.0002,0.8162,B
1115,21743,0.2361,3767.0800,0.0002,0.8164,B
1116,21627,0.2363,3766.3500,0.0002,0.8166,B
1117,85040A,0.2366,3763.5000,0.0002,0.8168,B
1118,22965,0.2368,3761.0300,0.0002,0.8170,B
1119,22830,0.2370,3760.7100,0.0002,0.8172,B
1120,21846,0.2372,3760.3400,0.0002,0.8174,B
1121,21845,0.2374,3758.4100,0.0002,0.8176,B
1122,85114B,0.2376,3753.7700,0.0002,0.8178,B
1123,84558A,0.2378,3744.5400,0.0002,0.8180,B
1124,23299,0.2380,3743.0400,0.0002,0.8182,B
1125,22162,0.2382,3737.9000,0.0002,0.8184,B
1126,21795,0.2385,3734.9400,0.0002,0.8186,B
1127,84356,0.2387,3732.0400,0.0002,0.8187,B
1128,21034,0.2389,3725.9000,0.0002,0.8189,B
1129,85049C,0.2391,3722.5800,0.0002,0.8191,B
1130,22475,0.2393,3719.7300,0.0002,0.8193,B
1131,23064,0.2395,3717.5600,0.0002,0.8195,B
1132,22118,0.2397,3708.8100,0.0002,0.8197,B
1133,23081,0.2399,3707.3700,0.0002,0.8199,B
1134,22494,0.2402,3697.6500,0.0002,0.8201,B
1135,22314,0.2404,3695.2500,0.0002,0.8203,B
1136,21329,0.2406,3688.1800,0.0002,0.8205,B
1137,21246,0.2408,3685.6300,0.0002,0.8207,B
1138,20692,0.2410,3682.7600,0.0002,0.8209,B
1139,20785,0.2412,3672.3500,0.0002,0.8211,B
1140,21351,0.2414,3657.4200,0.0002,0.8213,B
1141,22769,0.2416,3656.8600,0.0002,0.8215,B
1142,23091,0.2418,3656.3200,0.0002,0.8217,B
1143,22823,0.2421,3655.0000,0.0002,0.8219,B
1144,21486,0.2423,3638.6700,0.0002,0.8220,B
1145,22544,0.2425,3631.1700,0.0002,0.8222,B
1146,22398,0.2427,3624.3000,0.0002,0.8224,B
1147,84968F,0.2429,3622.7500,0.0002,0.8226,B
1148,85232D,0.2431,3612.0600,0.0002,0.8228,B
1149,23182,0.2433,3609.6700,0.0002,0.8230,B
1150,22461,0.2435,3607.8100,0.0002,0.8232,B
1151,22962,0.2438,3588.2900,0.0002,0.8234,B
1152,22782,0.2440,3587.5500,0.0002,0.8236,B
1153,23092,0.2442,3583.2000,0.0002,0.8237,B
1154,22774,0.2444,3576.0600,0.0002,0.8239,B
1155,20784,0.2446,3570.8700,0.0002,0.8241,B
1156,22536,0.2448,3562.7200,0.0002,0.8243,B
1157,84797A,0.2450,3560.0900,0.0002,0.8245,B
1158,23127,0.2452,3555.1600,0.0002,0.8247,B
1159,21794,0.2454,3552.0900,0.0002,0.8249,B
1160,21866,0.2457,3550.5700,0.0002,0.8251,B
1161,21509,0.2459,3546.1300,0.0002,0.8252,B
1162,22176,0.2461,3542.7300,0.0002,0.8254,B
1163,22589,0.2463,3542.4600,0.0002,0.8256,B
1164,20886,0.2465,3540.2200,0.0002,0.8258,B
1165,22334,0.2467,3539.1600,0.0002,0.8260,B
1166,21784,0.2469,3538.2800,0.0002,0.8262,B
1167,21054,0.2471,3538.0000,0.0002,0.8264,B
1168,20786,0.2474,3533.9000,0.0002,0.8265,B
1169,47505,0.2476,3527.4200,0.0002,0.8267,B
1170,22320,0.2478,3527.1700,0.0002,0.8269,B
1171,23530,0.2480,3520.3900,0.0002,0.8271,B
1172,21179,0.2482,3517.9000,0.0002,0.8273,B
1173,21813,0.2484,3513.0000,0.0002,0.8275,B
1174,23294,0.2486,3511.9200,0.0002,0.8277,B
1175,23569,0.2488,3509.4400,0.0002,0.8278,B
1176,22765,0.2490,3508.3000,0.0002,0.8280,B
1177,84352,0.2493,3505.5800,0.0002,0.8282,B
1178,22531,0.2495,3480.8800,0.0002,0.8284,B
1179,22704,0.2497,3480.7600,0.0002,0.8286,B
1180,23191,0.2499,3480.4700,0.0002,0.8288,B
1181,22902,0.2501,3464.7700,0.0002,0.8289,B
1182,22764,0.2503,3462.4900,0.0002,0.8291,B
1183,22603,0.2505,3456.5200,0.0002,0.8293,B
1184,21469,0.2507,3455.7600,0.0002,0.8295,B
1185,22172,0.2510,3451.8200,0.0002,0.8297,B
1186,22944,0.2512,3447.3700,0.0002,0.8298,B
1187,21466,0.2514,3438.6200,0.0002,0.8300,B
1188,23065,0.2516,3427.4400,0.0002,0.8302,B
1189,21039,0.2518,3421.1000,0.0002,0.8304,B
1190,22309,0.2520,3414.0200,0.0002,0.8306,B
1191,21364,0.2522,3407.7200,0.0002,0.8307,B
1192,21507,0.2524,3403.4100,0.0002,0.8309,B
1193,84472,0.2526,3402.3200,0.0002,0.8311,B
1194,37501,0.2529,3401.1500,0.0002,0.8313,B
1195,22459,0.2531,3389.7400,0.0002,0.8315,B
1196,22440,0.2533,3382.6100,0.0002,0.8316,B
1197,44230,0.2535,3381.6200,0.0002,0.8318,B
1198,21902,0.2537,3375.8200,0.0002,0.8320,B
1199,22862,0.2539,3373.2200,0.0002,0.8322,B
1200,23210,0.2541,3368.4200,0.0002,0.8323,B
1201,21211,0.2543,3365.6400,0.0002,0.8325,B
1202,84510A,0.2546,3359.9600,0.0002,0.8327,B
1203,22452,0.2548,3352.2000,0.0002,0.8329,B
1204,22822,0.2550,3342.9900,0.0002,0.8331,B
1205,21123,0.2552,3341.8700,0.0002,0.8332,B
1206,22477,0.2554,3339.5200,0.0002,0.8334,B
1207,23013,0.2556,3339.1000,0.0002,0.8336,B
1208,22428,0.2558,3337.5100,0.0002,0.8338,B
1209,22223,0.2560,3334.8500,0.0002,0.8339,B
1210,23232,0.2562,3331.9200,0.0002,0.8341,B
1211,22047,0.2565,3330.0000,0.0002,0.8343,B
1212,15058B,0.2567,3327.6700,0.0002,0.8345,B
1213,21327,0.2569,3320.0700,0.0002,0.8346,B
1214,23189,0.2571,3319.6100,0.0002,0.8348,B
1215,23156,0.2573,3317.2100,0.0002,0.8350,B
1216,22136,0.2575,3315.6400,0.0002,0.8352,B
1217,22076,0.2577,3304.7200,0.0002,0.8353,B
1218,21917,0.2579,3297.3500,0.0002,0.8355,B
1219,22183,0.2582,3297.2500,0.0002,0.8357,B
1220,20702,0.2584,3296.7000,0.0002,0.8358,B
1221,21191,0.2586,3295.9100,0.0002,0.8360,B
1222,22122,0.2588,3290.0800,0.0002,0.8362,B
1223,22939,0.2590,3290.0400,0.0002,0.8364,B
1224,23111,0.2592,3289.7600,0.0002,0.8365,B
1225,37410,0.2594,3288.6500,0.0002,0.8367,B
1226,22281,0.2596,3279.9100,0.0002,0.8369,B
1227,23353,0.2598,3278.3800,0.0002,0.8371,B
1228,23332,0.2601,3272.1500,0.0002,0.8372,B
1229,23388,0.2603,3270.2800,0.0002,0.8374,B
1230,84828,0.2605,3266.7100,0.0002,0.8376,B
1231,84975,0.2607,3266.4000,0.0002,0.8377,B
1232,23193,0.2609,3261.2900,0.0002,0.8379,B
1233,23085,0.2611,3260.4300,0.0002,0.8381,B
1234,22967,0.2613,3253.7100,0.0002,0.8383,B
1235,21467,0.2615,3252.5400,0.0002,0.8384,B
1236,23014,0.2618,3251.0500,0.0002,0.8386,B
1237,23536,0.2620,3250.0500,0.0002,0.8388,B
1238,21477,0.2622,3248.9400,0.0002,0.8389,B
1239,84849B,0.2624,3244.1400,0.0002,0.8391,B
1240,21829,0.2626,3242.1800,0.0002,0.8393,B
1241,23354,0.2628,3223.7900,0.0002,0.8395,B
1242,23426,0.2630,3216.0300,0.0002,0.8396,B
1243,84813,0.2632,3215.2100,0.0002,0.8398,B
1244,21732,0.2634,3214.5700,0.0002,0.8400,B
1245,21473,0.2637,3212.1600,0.0002,0.8401,B
1246,22194,0.2639,3212.1000,0.0002,0.8403,B
1247,84031B,0.2641,3211.2400,0.0002,0.8405,B
1248,84837,0.2643,3210.0400,0.0002,0.8406,B
1249,79323GR,0.2645,3209.3600,0.0002,0.8408,B
1250,22794,0.2647,3207.7500,0.0002,0.8410,B
1251,22166,0.2649,3198.1800,0.0002,0.8411,B
1252,79164,0.2651,3196.0100,0.0002,0.8413,B
1253,21333,0.2654,3192.0900,0.0002,0.8415,B
1254,22762,0.2656,3186.9200,0.0002,0.8416,B
1255,21830,0.2658,3185.6000,0.0002,0.8418,B
1256,23053,0.2660,3179.8100,0.0002,0.8420,B
1257,22503,0.2662,3178.0200,0.0002,0.8421,B
1258,23230,0.2664,3175.9200,0.0002,0.8423,B
1259,23051,0.2666,3173.7300,0.0002,0.8425,B
1260,84596F,0.2668,3170.9700,0.0002,0.8426,B
1261,21628,0.2670,3170.3300,0.0002,0.8428,B
1262,23239,0.2673,3161.9500,0.0002,0.8430,B
1263,22700,0.2675,3155.4000,0.0002,0.8431,B
1264,84944,0.2677,3153.8800,0.0002,0.8433,B
1265,15058A,0.2679,3153.7300,0.0002,0.8435,B
1266,22702,0.2681,3148.0600,0.0002,0.8436,B
1267,22972,0.2683,3145.5100,0.0002,0.8438,B
1268,21949,0.2685,3140.7900,0.0002,0.8440,B
1269,22863,0.2687,3140.0600,0.0002,0.8441,B
1270,22325,0.2690,3139.9900,0.0002,0.8443,B
1271,23350,0.2692,3139.5500,0.0002,0.8445,B
1272,20992,0.2694,3138.8200,0.0002,0.8446,B
1273,21519,0.2696,3133.9800,0.0002,0.8448,B
1274,22419,0.2698,3130.8700,0.0002,0.8450,B
1275,21557,0.2700,3125.7400,0.0002,0.8451,B
1276,22347,0.2702,3119.1800,0.0002,0.8453,B
1277,22773,0.2704,3111.3500,0.0002,0.8455,B
1278,21352,0.2706,3110.2800,0.0002,0.8456,B
1279,21272,0.2709,3109.8300,0.0002,0.8458,B
1280,23342,0.2711,3108.4100,0.0002,0.8459,B
1281,22313,0.2713,3101.5300,0.0002,0.8461,B
1282,22177,0.2715,3101.4600,0.0002,0.8463,B
1283,22406,0.2717,3098.5900,0.0002,0.8464,B
1284,47504K,0.2719,3096.0800,0.0002,0.8466,B
1285,22572,0.2721,3087.1800,0.0002,0.8468,B
1286,79072,0.2723,3083.2000,0.0002,0.8469,B
1287,21820,0.2726,3079.8900,0.0002,0.8471,B
1288,22310,0.2728,3079.3600,0.0002,0.8472,B
1289,84279B,0.2730,3076.9200,0.0002,0.8474,B
1290,21765,0.2732,3076.3900,0.0002,0.8476,B
1291,23308,0.2734,3070.1100,0.0002,0.8477,B
1292,21206,0.2736,3067.9000,0.0002,0.8479,B
1293,84912B,0.2738,3052.9000,0.0002,0.8480,B
1294,23393,0.2740,3048.0400,0.0002,0.8482,B
1295,20956,0.2742,3046.3200,0.0002,0.8484,B
1296,22129,0.2745,3041.0000,0.0002,0.8485,B
1297,22963,0.2747,3036.1900,0.0002,0.8487,B
1298,23346,0.2749,3026.4500,0.0002,0.8488,B
1299,15044C,0.2751,3021.3600,0.0002,0.8490,B
1300,85227,0.2753,3020.2000,0.0002,0.8492,B
1301,23035,0.2755,3018.9100,0.0002,0.8493,B
1302,21626,0.2757,3017.0700,0.0002,0.8495,B
1303,84912A,0.2759,3012.0000,0.0002,0.8496,B
1304,22891,0.2762,3007.8400,0.0002,0.8498,B
1305,22372,0.2764,3006.0600,0.0002,0.8500,B
1306,23395,0.2766,3005.3000,0.0002,0.8501,B
1307,21786,0.2768,3003.2700,0.0002,0.8503,B
1308,20985,0.2770,2999.5600,0.0002,0.8504,B
1309,22067,0.2772,2999.0400,0.0002,0.8506,B
1310,82578,0.2774,2991.8400,0.0002,0.8507,B
1311,22925,0.2776,2989.5200,0.0002,0.8509,B
1312,22473,0.2778,2989.0200,0.0002,0.8511,B
1313,22208,0.2781,2980.6300,0.0002,0.8512,B
1314,22402,0.2783,2978.7300,0.0002,0.8514,B
1315,22519,0.2785,2968.7700,0.0002,0.8515,B
1316,22132,0.2787,2967.2800,0.0002,0.8517,B
1317,22154,0.2789,2961.3800,0.0002,0.8518,B
1318,22792,0.2791,2960.6900,0.0002,0.8520,B
1319,22805,0.2793,2958.9300,0.0002,0.8521,B
1320,21354,0.2795,2954.2600,0.0002,0.8523,B
1321,22095,0.2798,2944.4400,0.0002,0.8525,B
1322,22927,0.2800,2936.9400,0.0002,0.8526,B
1323,21111,0.2802,2935.4600,0.0002,0.8528,B
1324,85049D,0.2804,2927.8800,0.0002,0.8529,B
1325,22674,0.2806,2925.3200,0.0002,0.8531,B
1326,23231,0.2808,2924.3400,0.0002,0.8532,B
1327,21214,0.2810,2920.8200,0.0002,0.8534,B
1328,22037,0.2812,2912.5900,0.0002,0.8535,B
1329,21948,0.2814,2909.0600,0.0002,0.8537,B
1330,22518,0.2817,2899.8000,0.0002,0.8538,B
1331,23056,0.2819,2898.1200,0.0002,0.8540,B
1332,22757,0.2821,2898.0300,0.0002,0.8541,B
1333,22712,0.2823,2896.9700,0.0002,0.8543,B
1334,22277,0.2825,2894.1000,0.0002,0.8544,B
1335,22375,0.2827,2894.0500,0.0002,0.8546,B
1336,22184,0.2829,2887.0700,0.0002,0.8548,B
1337,22754,0.2831,2885.6800,0.0002,0.8549,B
1338,22755,0.2834,2882.7500,0.0002,0.8551,B
1339,22897,0.2836,2871.8300,0.0002,0.8552,B
1340,21709,0.2838,2871.7700,0.0002,0.8554,B
1341,20752,0.2840,2868.2000,0.0002,0.8555,B
1342,85132B,0.2842,2863.3700,0.0002,0.8557,B
1343,22480,0.2844,2863.0600,0.0002,0.8558,B
1344,21424,0.2846,2861.6400,0.0002,0.8560,B
1345,22293,0.2848,2860.2000,0.0002,0.8561,B
1346,21821,0.2850,2859.1400,0.0002,0.8563,B
1347,22949,0.2853,2855.2700,0.0002,0.8564,B
1348,23329,0.2855,2855.0500,0.0002,0.8566,B
1349,21465,0.2857,2853.1400,0.0001,0.8567,B
1350,22664,0.2859,2847.0000,0.0001,0.8569,B
1351,21324,0.2861,2845.7100,0.0001,0.8570,B
1352,21688,0.2863,2845.6500,0.0001,0.8572,B
1353,22816,0.2865,2845.0900,0.0001,0.8573,B
1354,23542,0.2867,2828.3200,0.0001,0.8575,B
1355,85114C,0.2870,2826.2800,0.0001,0.8576,B
1356,22955,0.2872,2824.5000,0.0001,0.8578,B
1357,23427,0.2874,2823.0800,0.0001,0.8579,B
1358,23323,0.2876,2822.6100,0.0001,0.8581,B
1359,21439,0.2878,2811.3300,0.0001,0.8582,B
1360,35001W,0.2880,2806.6900,0.0001,0.8583,B
1361,22450,0.2882,2798.2800,0.0001,0.8585,B
1362,22983,0.2884,2798.2500,0.0001,0.8586,B
1363,84909A,0.2886,2797.5500,0.0001,0.8588,B
1364,22930,0.2889,2793.9500,0.0001,0.8589,B
1365,21360,0.2891,2790.4100,0.0001,0.8591,B
1366,22710,0.2893,2789.7800,0.0001,0.8592,B
1367,22905,0.2895,2787.5200,0.0001,0.8594,B
1368,21705,0.2897,2785.0300,0.0001,0.8595,B
1369,21796,0.2899,2782.1900,0.0001,0.8597,B
1370,22671,0.2901,2781.6900,0.0001,0.8598,B
1371,21408,0.2903,2781.5500,0.0001,0.8600,B
1372,23345,0.2906,2781.4900,0.0001,0.8601,B
1373,21508,0.2908,2780.1000,0.0001,0.8603,B
1374,21728,0.2910,2773.1100,0.0001,0.8604,B
1375,21188,0.2912,2771.3400,0.0001,0.8605,B
1376,84519A,0.2914,2767.6600,0.0001,0.8607,B
1377,21682,0.2916,2762.6400,0.0001,0.8608,B
1378,22696,0.2918,2757.6800,0.0001,0.8610,B
1379,22101,0.2920,2753.0700,0.0001,0.8611,B
1380,22145,0.2922,2752.6600,0.0001,0.8613,B
1381,84795C,0.2925,2752.5900,0.0001,0.8614,B
1382,22525,0.2927,2748.7900,0.0001,0.8616,B
1383,22315,0.2929,2744.5500,0.0001,0.8617,B
1384,15058C,0.2931,2742.9300,0.0001,0.8618,B
1385,21683,0.2933,2739.7700,0.0001,0.8620,B
1386,22482,0.2935,2739.4300,0.0001,0.8621,B
1387,22416,0.2937,2737.2600,0.0001,0.8623,B
1388,23211,0.2939,2735.3200,0.0001,0.8624,B
1389,23242,0.2942,2734.8600,0.0001,0.8626,B
1390,22974,0.2944,2734.8000,0.0001,0.8627,B
1391,85015,0.2946,2731.8000,0.0001,0.8629,B
1392,22066,0.2948,2722.9200,0.0001,0.8630,B
1393,47503J,0.2950,2719.3800,0.0001,0.8631,B
1394,85183B,0.2952,2716.7600,0.0001,0.8633,B
1395,51014C,0.2954,2715.6500,0.0001,0.8634,B
1396,22524,0.2956,2713.2300,0.0001,0.8636,B
1397,85035C,0.2958,2710.7900,0.0001,0.8637,B
1398,21096,0.2961,2710.0500,0.0001,0.8638,B
1399,23504,0.2963,2709.0900,0.0001,0.8640,B
1400,22161,0.2965,2706.4100,0.0001,0.8641,B
1401,23196,0.2967,2705.2800,0.0001,0.8643,B
1402,23190,0.2969,2697.5500,0.0001,0.8644,B
1403,21744,0.2971,2697.1600,0.0001,0.8646,B
1404,84795B,0.2973,2696.8100,0.0001,0.8647,B
1405,21808,0.2975,2695.7000,0.0001,0.8648,B
1406,22081,0.2978,2695.0900,0.0001,0.8650,B
1407,23147,0.2980,2688.4000,0.0001,0.8651,B
1408,22231,0.2982,2687.2700,0.0001,0.8653,B
1409,22576,0.2984,2685.1800,0.0001,0.8654,B
1410,21788,0.2986,2684.2900,0.0001,0.8655,B
1411,23290,0.2988,2683.1400,0.0001,0.8657,B
1412,22581,0.2990,2681.9100,0.0001,0.8658,B
1413,23390,0.2992,2680.4200,0.0001,0.8660,B
1414,21224,0.2994,2671.5400,0.0001,0.8661,B
1415,22675,0.2997,2670.1900,0.0001,0.8663,B
1416,22914,0.2999,2669.3800,0.0001,0.8664,B
1417,23164,0.3001,2668.9700,0.0001,0.8665,B
1418,22479,0.3003,2667.7600,0.0001,0.8667,B
1419,22217,0.3005,2667.3000,0.0001,0.8668,B
1420,22651,0.3007,2666.7300,0.0001,0.8670,B
1421,85049B,0.3009,2663.2400,0.0001,0.8671,B
1422,21923,0.3011,2662.6400,0.0001,0.8672,B
1423,22436,0.3014,2657.8500,0.0001,0.8674,B
1424,21204,0.3016,2656.6000,0.0001,0.8675,B
1425,22650,0.3018,2650.0700,0.0001,0.8677,B
1426,22028,0.3020,2645.8600,0.0001,0.8678,B
1427,22597,0.3022,2645.0600,0.0001,0.8679,B
1428,21897,0.3024,2641.3600,0.0001,0.8681,B
1429,22818,0.3026,2638.9600,0.0001,0.8682,B
1430,85199S,0.3028,2638.7100,0.0001,0.8683,B
1431,22270,0.3030,2638.6700,0.0001,0.8685,B
1432,84754,0.3033,2634.5900,0.0001,0.8686,B
1433,85049F,0.3035,2634.0000,0.0001,0.8688,B
1434,22146,0.3037,2633.1300,0.0001,0.8689,B
1435,22152,0.3039,2629.6800,0.0001,0.8690,B
1436,22094,0.3041,2627.2100,0.0001,0.8692,B
1437,84872A,0.3043,2620.0100,0.0001,0.8693,B
1438,21422,0.3045,2619.1700,0.0001,0.8695,B
1439,90057,0.3047,2615.8800,0.0001,0.8696,B
1440,84849D,0.3050,2614.8900,0.0001,0.8697,B
1441,21693,0.3052,2613.2200,0.0001,0.8699,B
1442,23212,0.3054,2610.5600,0.0001,0.8700,B
1443,23396,0.3056,2604.8300,0.0001,0.8701,B
1444,37502,0.3058,2599.7900,0.0001,0.8703,B
1445,47585A,0.3060,2597.8800,0.0001,0.8704,B
1446,22376,0.3062,2594.1400,0.0001,0.8705,B
1447,22713,0.3064,2593.4700,0.0001,0.8707,B
1448,23100,0.3066,2593.3300,0.0001,0.8708,B
1449,90062,0.3069,2591.4200,0.0001,0.8710,B
1450,85035B,0.3071,2590.1100,0.0001,0.8711,B
1451,21589,0.3073,2583.4500,0.0001,0.8712,B
1452,22046,0.3075,2582.0000,0.0001,0.8714,B
1453,22155,0.3077,2579.5300,0.0001,0.8715,B
1454,21171,0.3079,2578.2700,0.0001,0.8716,B
1455,22933,0.3081,2577.1800,0.0001,0.8718,B
1456,22495,0.3083,2574.9000,0.0001,0.8719,B
1457,22990,0.3086,2572.2000,0.0001,0.8720,B
1458,82597,0.3088,2569.6600,0.0001,0.8722,B
1459,21653,0.3090,2565.6700,0.0001,0.8723,B
1460,22828,0.3092,2565.0000,0.0001,0.8724,B
1461,21642,0.3094,2564.6000,0.0001,0.8726,B
1462,23333,0.3096,2562.9500,0.0001,0.8727,B
1463,23054,0.3098,2555.1700,0.0001,0.8728,B
1464,20960,0.3100,2550.8400,0.0001,0.8730,B
1465,23146,0.3102,2549.5800,0.0001,0.8731,B
1466,22439,0.3105,2547.5100,0.0001,0.8733,B
1467,21898,0.3107,2538.8100,0.0001,0.8734,B
1468,22811,0.3109,2535.4900,0.0001,0.8735,B
1469,20787,0.3111,2535.1000,0.0001,0.8737,B
1470,22500,0.3113,2533.5600,0.0001,0.8738,B
1471,21215,0.3115,2532.0800,0.0001,0.8739,B
1472,21742,0.3117,2528.2800,0.0001,0.8741,B
1473,21203,0.3119,2527.0000,0.0001,0.8742,B
1474,23292,0.3122,2526.8400,0.0001,0.8743,B
1475,23266,0.3124,2524.9000,0.0001,0.8744,B
1476,21288,0.3126,2524.5700,0.0001,0.8746,B
1477,84012,0.3128,2523.0700,0.0001,0.8747,B
1478,22937,0.3130,2522.7200,0.0001,0.8748,B
1479,22415,0.3132,2520.1500,0.0001,0.8750,B
1480,47480,0.3134,2518.8500,0.0001,0.8751,B
1481,21792,0.3136,2517.8800,0.0001,0.8752,B
1482,21818,0.3139,2513.9300,0.0001,0.8754,B
1483,21431,0.3141,2511.3600,0.0001,0.8755,B
1484,21323,0.3143,2506.8900,0.0001,0.8756,B
1485,23341,0.3145,2505.4200,0.0001,0.8758,B
1486,22190,0.3147,2504.2800,0.0001,0.8759,B
1487,72800E,0.3149,2501.7900,0.0001,0.8760,B
1488,85054,0.3151,2495.0200,0.0001,0.8762,B
1489,22342,0.3153,2494.9300,0.0001,0.8763,B
1490,85041,0.3155,2489.8700,0.0001,0.8764,B
1491,21924,0.3158,2486.6600,0.0001,0.8766,B
1492,85206B,0.3160,2477.3000,0.0001,0.8767,B
1493,22091,0.3162,2473.2900,0.0001,0.8768,B
1494,85034B,0.3164,2471.9000,0.0001,0.8769,B
1495,22829,0.3166,2468.5700,0.0001,0.8771,B
1496,22735,0.3168,2461.9700,0.0001,0.8772,B
1497,21686,0.3170,2460.1400,0.0001,0.8773,B
1498,84509B,0.3172,2456.2200,0.0001,0.8775,B
1499,84509F,0.3175,2456.1000,0.0001,0.8776,B
1500,21330,0.3177,2454.0700,0.0001,0.8777,B
1501,21747,0.3179,2452.3500,0.0001,0.8779,B
1502,21823,0.3181,2447.7200,0.0001,0.8780,B
1503,85034C,0.3183,2445.7400,0.0001,0.8781,B
1504,21680,0.3185,2444.9300,0.0001,0.8782,B
1505,23407,0.3187,2443.9100,0.0001,0.8784,B
1506,22471,0.3189,2431.6800,0.0001,0.8785,B
1507,84840,0.3191,2430.8200,0.0001,0.8786,B
1508,22021,0.3194,2430.3100,0.0001,0.8787,B
1509,22911,0.3196,2427.8000,0.0001,0.8789,B
1510,23264,0.3198,2423.3000,0.0001,0.8790,B
1511,21274,0.3200,2420.6900,0.0001,0.8791,B
1512,21973,0.3202,2420.0300,0.0001,0.8793,B
1513,72799E,0.3204,2418.8200,0.0001,0.8794,B
1514,21789,0.3206,2415.0400,0.0001,0.8795,B
1515,21809,0.3208,2415.0200,0.0001,0.8796,B
1516,21106,0.3211,2413.8900,0.0001,0.8798,B
1517,22676,0.3213,2408.8000,0.0001,0.8799,B
1518,85036A,0.3215,2405.7900,0.0001,0.8800,B
1519,22537,0.3217,2404.1100,0.0001,0.8801,B
1520,21540,0.3219,2394.9500,0.0001,0.8803,B
1521,82567,0.3221,2393.1300,0.0001,0.8804,B
1522,23400,0.3223,2390.5900,0.0001,0.8805,B
1523,22362,0.3225,2390.1000,0.0001,0.8806,B
1524,85034A,0.3227,2389.6900,0.0001,0.8808,B
1525,22789,0.3230,2384.2100,0.0001,0.8809,B
1526,22613,0.3232,2383.2800,0.0001,0.8810,B
1527,84818,0.3234,2382.2500,0.0001,0.8812,B
1528,22758,0.3236,2381.1500,0.0001,0.8813,B
1529,22609,0.3238,2379.3500,0.0001,0.8814,B
1530,85059,0.3240,2377.4700,0.0001,0.8815,B
1531,23028,0.3242,2377.1300,0.0001,0.8817,B
1532,22852,0.3244,2374.0300,0.0001,0.8818,B
1533,10133,0.3247,2373.2600,0.0001,0.8819,B
1534,47570,0.3249,2373.0100,0.0001,0.8820,B
1535,85035A,0.3251,2370.3100,0.0001,0.8821,B
1536,23316,0.3253,2362.2200,0.0001,0.8823,B
1537,21468,0.3255,2361.3900,0.0001,0.8824,B
1538,22540,0.3257,2361.3200,0.0001,0.8825,B
1539,23412,0.3259,2354.8000,0.0001,0.8826,B
1540,22448,0.3261,2352.7800,0.0001,0.8828,B
1541,21824,0.3263,2351.4600,0.0001,0.8829,B
1542,21437,0.3266,2350.9200,0.0001,0.8830,B
1543,22986,0.3268,2347.9000,0.0001,0.8831,B
1544,84459B,0.3270,2341.7700,0.0001,0.8833,B
1545,21873,0.3272,2336.8500,0.0001,0.8834,B
1546,22321,0.3274,2335.0600,0.0001,0.8835,B
1547,22153,0.3276,2334.2000,0.0001,0.8836,B
1548,21262,0.3278,2333.5700,0.0001,0.8838,B
1549,23048,0.3280,2331.0400,0.0001,0.8839,B
1550,21826,0.3283,2326.8700,0.0001,0.8840,B
1551,21708,0.3285,2326.5200,0.0001,0.8841,B
1552,22566,0.3287,2324.5800,0.0001,0.8842,B
1553,23406,0.3289,2322.7400,0.0001,0.8844,B
1554,23424,0.3291,2319.3500,0.0001,0.8845,B
1555,21126,0.3293,2319.2200,0.0001,0.8846,B
1556,21616,0.3295,2312.3200,0.0001,0.8847,B
1557,22251,0.3297,2310.2600,0.0001,0.8849,B
1558,22421,0.3299,2304.2700,0.0001,0.8850,B
1559,21482,0.3302,2296.7600,0.0001,0.8851,B
1560,21741,0.3304,2293.7500,0.0001,0.8852,B
1561,22642,0.3306,2293.5200,0.0001,0.8853,B
1562,21947,0.3308,2288.0100,0.0001,0.8855,B
1563,22246,0.3310,2287.9500,0.0001,0.8856,B
1564,23436,0.3312,2287.8300,0.0001,0.8857,B
1565,22409,0.3314,2286.7100,0.0001,0.8858,B
1566,23437,0.3316,2283.9900,0.0001,0.8859,B
1567,85114A,0.3319,2283.3400,0.0001,0.8861,B
1568,84796A,0.3321,2281.7300,0.0001,0.8862,B
1569,20668,0.3323,2279.6800,0.0001,0.8863,B
1570,21655,0.3325,2277.5000,0.0001,0.8864,B
1571,21464,0.3327,2274.0000,0.0001,0.8865,B
1572,23367,0.3329,2271.4500,0.0001,0.8867,B
1573,22363,0.3331,2271.3800,0.0001,0.8868,B
1574,85106,0.3333,2271.2400,0.0001,0.8869,B
1575,85014C,0.3335,2270.7300,0.0001,0.8870,B
1576,23360,0.3338,2262.7700,0.0001,0.8871,B
1577,85183A,0.3340,2259.5000,0.0001,0.8872,B
1578,84536A,0.3342,2259.0000,0.0001,0.8874,B
1579,21615,0.3344,2253.2700,0.0001,0.8875,B
1580,22742,0.3346,2252.4700,0.0001,0.8876,B
1581,20658,0.3348,2251.3600,0.0001,0.8877,B
1582,21696,0.3350,2251.1400,0.0001,0.8878,B
1583,22831,0.3352,2250.8800,0.0001,0.8880,B
1584,22306,0.3355,2250.4800,0.0001,0.8881,B
1585,84469,0.3357,2249.4100,0.0001,0.8882,B
1586,85172,0.3359,2248.6400,0.0001,0.8883,B
1587,21462,0.3361,2247.9600,0.0001,0.8884,B
1588,85199L,0.3363,2246.0200,0.0001,0.8886,B
1589,21187,0.3365,2243.7800,0.0001,0.8887,B
1590,85045,0.3367,2239.3400,0.0001,0.8888,B
1591,23252,0.3369,2239.1100,0.0001,0.8889,B
1592,22133,0.3371,2238.4200,0.0001,0.8890,B
1593,22803,0.3374,2237.8400,0.0001,0.8891,B
1594,22024,0.3376,2237.7900,0.0001,0.8893,B
1595,85176,0.3378,2237.5900,0.0001,0.8894,B
1596,21710,0.3380,2235.0100,0.0001,0.8895,B
1597,22336,0.3382,2234.9600,0.0001,0.8896,B
1598,21681,0.3384,2234.8100,0.0001,0.8897,B
1599,21398,0.3386,2231.9000,0.0001,0.8898,B
1600,21804,0.3388,2225.9900,0.0001,0.8900,B
1601,35001G,0.3391,2225.7200,0.0001,0.8901,B
1602,84691,0.3393,2225.5000,0.0001,0.8902,B
1603,23352,0.3395,2222.1700,0.0001,0.8903,B
1604,21476,0.3397,2219.5100,0.0001,0.8904,B
1605,23489,0.3399,2216.8300,0.0001,0.8905,B
1606,21638,0.3401,2214.6400,0.0001,0.8907,B
1607,23330,0.3403,2213.3800,0.0001,0.8908,B
1608,84913A,0.3405,2211.5400,0.0001,0.8909,B
1609,23029,0.3407,2211.5200,0.0001,0.8910,B
1610,85116,0.3410,2206.2400,0.0001,0.8911,B
1611,23265,0.3412,2203.2500,0.0001,0.8912,B
1612,22286,0.3414,2200.3600,0.0001,0.8914,B
1613,21651,0.3416,2200.3600,0.0001,0.8915,B
1614,22973,0.3418,2200.2200,0.0001,0.8916,B
1615,22539,0.3420,2198.8100,0.0001,0.8917,B
1616,51014L,0.3422,2193.6700,0.0001,0.8918,B
1617,85107,0.3424,2193.6700,0.0001,0.8919,B
1618,21819,0.3427,2193.4000,0.0001,0.8920,B
1619,21125,0.3429,2192.7500,0.0001,0.8922,B
1620,20770,0.3431,2190.5900,0.0001,0.8923,B
1621,20931,0.3433,2187.7800,0.0001,0.8924,B
1622,16237,0.3435,2186.2000,0.0001,0.8925,B
1623,23371,0.3437,2184.0100,0.0001,0.8926,B
1624,21611,0.3439,2182.1900,0.0001,0.8927,B
1625,22711,0.3441,2168.3400,0.0001,0.8929,B
1626,22716,0.3443,2167.0000,0.0001,0.8930,B
1627,22163,0.3446,2163.7000,0.0001,0.8931,B
1628,23079,0.3448,2162.8000,0.0001,0.8932,B
1629,22920,0.3450,2156.2600,0.0001,0.8933,B
1630,23497,0.3452,2155.4100,0.0001,0.8934,B
1631,23093,0.3454,2154.7600,0.0001,0.8935,B
1632,85216,0.3456,2154.2200,0.0001,0.8936,B
1633,22824,0.3458,2153.9500,0.0001,0.8938,B
1634,85103,0.3460,2153.4300,0.0001,0.8939,B
1635,85039B,0.3463,2146.3000,0.0001,0.8940,B
1636,22514,0.3465,2145.1000,0.0001,0.8941,B
1637,21421,0.3467,2144.4800,0.0001,0.8942,B
1638,23020,0.3469,2141.8400,0.0001,0.8943,B
1639,22714,0.3471,2140.3600,0.0001,0.8944,B
1640,23128,0.3473,2138.0800,0.0001,0.8945,B
1641,23066,0.3475,2137.8100,0.0001,0.8947,B
1642,21617,0.3477,2135.0100,0.0001,0.8948,B
1643,22853,0.3479,2133.6800,0.0001,0.8949,B
1644,84670,0.3482,2128.7200,0.0001,0.8950,B
1645,21643,0.3484,2127.9400,0.0001,0.8951,B
1646,21195,0.3486,2122.6600,0.0001,0.8952,B
1647,17091J,0.3488,2122.2700,0.0001,0.8953,B
1648,22074,0.3490,2121.9000,0.0001,0.8954,B
1649,21359,0.3492,2116.4800,0.0001,0.8956,B
1650,22515,0.3494,2115.1800,0.0001,0.8957,B
1651,23161,0.3496,2110.8600,0.0001,0.8958,B
1652,23438,0.3499,2106.2500,0.0001,0.8959,B
1653,22677,0.3501,2105.4800,0.0001,0.8960,B
1654,22453,0.3503,2103.7700,0.0001,0.8961,B
1655,21774,0.3505,2102.7500,0.0001,0.8962,B
1656,84676,0.3507,2102.4600,0.0001,0.8963,B
1657,40018F,0.3509,2100.3300,0.0001,0.8964,B
1658,22708,0.3511,2098.5000,0.0001,0.8966,B
1659,20764,0.3513,2097.3800,0.0001,0.8967,B
1660,23233,0.3515,2095.0000,0.0001,0.8968,B
1661,23046,0.3518,2091.5400,0.0001,0.8969,B
1662,22859,0.3520,2085.7500,0.0001,0.8970,B
1663,79323S,0.3522,2084.3200,0.0001,0.8971,B
1664,72799F,0.3524,2082.7400,0.0001,0.8972,B
1665,21905,0.3526,2080.9300,0.0001,0.8973,B
1666,84854,0.3528,2079.4700,0.0001,0.8974,B
1667,21291,0.3530,2077.9300,0.0001,0.8975,B
1668,84797B,0.3532,2077.8200,0.0001,0.8976,B
1669,22948,0.3535,2071.4600,0.0001,0.8978,B
1670,22913,0.3537,2071.4200,0.0001,0.8979,B
1671,21070,0.3539,2071.1600,0.0001,0.8980,B
1672,23152,0.3541,2069.4000,0.0001,0.8981,B
1673,22023,0.3543,2069.2400,0.0001,0.8982,B
1674,23031,0.3545,2066.5200,0.0001,0.8983,B
1675,21865,0.3547,2064.9200,0.0001,0.8984,B
1676,84990,0.3549,2062.1900,0.0001,0.8985,B
1677,21077,0.3551,2058.1000,0.0001,0.8986,B
1678,22182,0.3554,2056.4500,0.0001,0.8987,B
1679,23197,0.3556,2056.2900,0.0001,0.8988,B
1680,22279,0.3558,2055.1400,0.0001,0.8989,B
1681,21058,0.3560,2049.7800,0.0001,0.8991,B
1682,23005,0.3562,2046.1300,0.0001,0.8992,B
1683,21200,0.3564,2045.4200,0.0001,0.8993,B
1684,22069,0.3566,2041.8200,0.0001,0.8994,B
1685,84459A,0.3568,2041.6900,0.0001,0.8995,B
1686,22935,0.3571,2040.5600,0.0001,0.8996,B
1687,85016,0.3573,2033.3300,0.0001,0.8997,B
1688,85049H,0.3575,2033.1500,0.0001,0.8998,B
1689,22832,0.3577,2033.1500,0.0001,0.8999,B
1690,84509G,0.3579,2032.8700,0.0001,0.9000,B
1691,23403,0.3581,2031.9700,0.0001,0.9001,B
1692,23681,0.3583,2031.8700,0.0001,0.9002,B
1693,22400,0.3585,2031.3800,0.0001,0.9003,B
1694,21348,0.3587,2030.8400,0.0001,0.9004,B
1695,47591C,0.3590,2029.2700,0.0001,0.9006,B
1696,23445,0.3592,2028.4400,0.0001,0.9007,B
1697,21612,0.3594,2025.7700,0.0001,0.9008,B
1698,22308,0.3596,2025.2500,0.0001,0.9009,B
1699,22903,0.3598,2024.3200,0.0001,0.9010,B
1700,21640,0.3600,2023.9000,0.0001,0.9011,B
1701,23268,0.3602,2018.1400,0.0001,0.9012,B
1702,21397,0.3604,2017.7400,0.0001,0.9013,B
1703,22785,0.3607,2017.1000,0.0001,0.9014,B
1704,23291,0.3609,2016.7700,0.0001,0.9015,B
1705,23227,0.3611,2015.2200,0.0001,0.9016,B
1706,22996,0.3613,2015.0600,0.0001,0.9017,B
1707,22261,0.3615,2011.3100,0.0001,0.9018,B
1708,22520,0.3617,2011.2800,0.0001,0.9019,B
1709,37476,0.3619,2010.6000,0.0001,0.9020,B
1710,79323G,0.3621,2007.8800,0.0001,0.9021,B
1711,23251,0.3623,2000.9100,0.0001,0.9022,B
1712,22211,0.3626,1996.7700,0.0001,0.9024,B
1713,20686,0.3628,1996.3400,0.0001,0.9025,B
1714,21389,0.3630,1996.1900,0.0001,0.9026,B
1715,23370,0.3632,1995.9900,0.0001,0.9027,B
1716,20703,0.3634,1993.4700,0.0001,0.9028,B
1717,22201,0.3636,1992.3600,0.0001,0.9029,B
1718,23213,0.3638,1991.6400,0.0001,0.9030,B
1719,22338,0.3640,1989.6400,0.0001,0.9031,B
1720,22521,0.3643,1987.9300,0.0001,0.9032,B
1721,22719,0.3645,1987.8300,0.0001,0.9033,B
1722,23326,0.3647,1986.8000,0.0001,0.9034,B
1723,21620,0.3649,1984.7500,0.0001,0.9035,B
1724,23315,0.3651,1984.6100,0.0001,0.9036,B
1725,23529,0.3653,1982.0300,0.0001,0.9037,B
1726,85217,0.3655,1981.8500,0.0001,0.9038,B
1727,22559,0.3657,1979.4900,0.0001,0.9039,B
1728,20871,0.3659,1978.0500,0.0001,0.9040,B
1729,23289,0.3662,1977.6500,0.0001,0.9041,B
1730,21504,0.3664,1974.7800,0.0001,0.9042,B
1731,21657,0.3666,1967.3800,0.0001,0.9043,B
1732,21630,0.3668,1964.4400,0.0001,0.9044,B
1733,21082,0.3670,1960.4500,0.0001,0.9045,B
1734,22932,0.3672,1960.0800,0.0001,0.9046,B
1735,21356,0.3674,1958.5500,0.0001,0.9047,B
1736,21619,0.3676,1958.0300,0.0001,0.9049,B
1737,79160,0.3679,1956.2700,0.0001,0.9050,B
1738,17084R,0.3681,1953.3300,0.0001,0.9051,B
1739,22405,0.3683,1949.7700,0.0001,0.9052,B
1740,21695,0.3685,1946.3900,0.0001,0.9053,B
1741,22204,0.3687,1945.5400,0.0001,0.9054,B
1742,21629,0.3689,1945.4700,0.0001,0.9055,B
1743,23486,0.3691,1943.1900,0.0001,0.9056,B
1744,20984,0.3693,1940.9600,0.0001,0.9057,B
1745,22262,0.3695,1937.9000,0.0001,0.9058,B
1746,35971,0.3698,1935.4000,0.0001,0.9059,B
1747,22799,0.3700,1932.3400,0.0001,0.9060,B
1748,21803,0.3702,1931.4600,0.0001,0.9061,B
1749,22931,0.3704,1925.0500,0.0001,0.9062,B
1750,20716,0.3706,1925.0400,0.0001,0.9063,B
1751,23094,0.3708,1924.9200,0.0001,0.9064,B
1752,23068,0.3710,1924.6000,0.0001,0.9065,B
1753,21538,0.3712,1924.5100,0.0001,0.9066,B
1754,22098,0.3715,1921.2600,0.0001,0.9067,B
1755,21043,0.3717,1921.0300,0.0001,0.9068,B
1756,21802,0.3719,1917.2000,0.0001,0.9069,B
1757,22614,0.3721,1916.8400,0.0001,0.9070,B
1758,22343,0.3723,1912.1800,0.0001,0.9071,B
1759,40001,0.3725,1911.6500,0.0001,0.9072,B
1760,85232A,0.3727,1910.2200,0.0001,0.9073,B
1761,20684,0.3729,1910.0600,0.0001,0.9074,B
1762,22496,0.3731,1908.4000,0.0001,0.9075,B
1763,21692,0.3734,1906.6200,0.0001,0.9076,B
1764,85162B,0.3736,1905.1500,0.0001,0.9077,B
1765,22522,0.3738,1904.9600,0.0001,0.9078,B
1766,22068,0.3740,1904.8200,0.0001,0.9079,B
1767,46775D,0.3742,1904.2900,0.0001,0.9080,B
1768,84763,0.3744,1903.0000,0.0001,0.9081,B
1769,23155,0.3746,1899.7900,0.0001,0.9082,B
1770,22928,0.3748,1899.4600,0.0001,0.9083,B
1771,21647,0.3751,1899.2800,0.0001,0.9084,B
1772,22695,0.3753,1899.0900,0.0001,0.9085,B
1773,20846,0.3755,1896.9700,0.0001,0.9086,B
1774,84581,0.3757,1896.7600,0.0001,0.9087,B
1775,23145,0.3759,1895.5200,0.0001,0.9088,B
1776,23228,0.3761,1894.3100,0.0001,0.9089,B
1777,23274,0.3763,1892.9200,0.0001,0.9090,B
1778,21659,0.3765,1891.7000,0.0001,0.9091,B
1779,21445,0.3767,1887.2300,0.0001,0.9092,B
1780,21581,0.3770,1885.7800,0.0001,0.9093,B
1781,23075,0.3772,1885.6000,0.0001,0.9094,B
1782,21773,0.3774,1882.1800,0.0001,0.9095,B
1783,22858,0.3776,1877.3400,0.0001,0.9096,B
1784,84856S,0.3778,1877.2100,0.0001,0.9097,B
1785,22985,0.3780,1874.2400,0.0001,0.9098,B
1786,84519B,0.3782,1873.3300,0.0001,0.9099,B
1787,21085,0.3784,1872.6800,0.0001,0.9100,B
1788,21687,0.3787,1871.2300,0.0001,0.9101,B
1789,22523,0.3789,1870.4600,0.0001,0.9102,B
1790,21241,0.3791,1869.0700,0.0001,0.9103,B
1791,21091,0.3793,1868.7000,0.0001,0.9104,B
1792,22565,0.3795,1867.0400,0.0001,0.9105,B
1793,21394,0.3797,1864.6300,0.0001,0.9106,B
1794,21991,0.3799,1864.3900,0.0001,0.9107,B
1795,21613,0.3801,1861.4500,0.0001,0.9108,B
1796,23490,0.3803,1860.3500,0.0001,0.9109,B
1797,21841,0.3806,1857.4700,0.0001,0.9110,B
1798,85231B,0.3808,1854.3100,0.0001,0.9111,B
1799,21287,0.3810,1854.3000,0.0001,0.9112,B
1800,22599,0.3812,1853.9700,0.0001,0.9112,B
1801,85164B,0.3814,1851.2200,0.0001,0.9113,B
1802,22753,0.3816,1850.4300,0.0001,0.9114,B
1803,21983,0.3818,1849.7000,0.0001,0.9115,B
1804,21547,0.3820,1848.4700,0.0001,0.9116,B
1805,22535,0.3823,1847.3700,0.0001,0.9117,B
1806,21677,0.3825,1844.5000,0.0001,0.9118,B
1807,85185B,0.3827,1843.4600,0.0001,0.9119,B
1808,85162C,0.3829,1841.7000,0.0001,0.9120,B
1809,20772,0.3831,1836.1200,0.0001,0.9121,B
1810,21894,0.3833,1829.8900,0.0001,0.9122,B
1811,85039A,0.3835,1829.7200,0.0001,0.9123,B
1812,22678,0.3837,1829.3500,0.0001,0.9124,B
1813,21357,0.3839,1827.7600,0.0001,0.9125,B
1814,22317,0.3842,1827.6400,0.0001,0.9126,B
1815,21618,0.3844,1823.7400,0.0001,0.9127,B
1816,23235,0.3846,1821.1400,0.0001,0.9128,B
1817,84327A,0.3848,1820.2700,0.0001,0.9129,B
1818,35953,0.3850,1819.0400,0.0001,0.9130,B
1819,23359,0.3852,1815.7600,0.0001,0.9131,B
1820,22513,0.3854,1815.5300,0.0001,0.9132,B
1821,23302,0.3856,1814.4100,0.0001,0.9133,B
1822,21391,0.3859,1811.8900,0.0001,0.9134,B
1823,21088,0.3861,1811.3400,0.0001,0.9135,B
1824,21384,0.3863,1810.1900,0.0001,0.9136,B
1825,22210,0.3865,1809.6700,0.0001,0.9137,B
1826,21161,0.3867,1806.0500,0.0001,0.9137,B
1827,16016,0.3869,1802.7000,0.0001,0.9138,B
1828,90167,0.3871,1801.1700,0.0001,0.9139,B
1829,21280,0.3873,1800.4400,0.0001,0.9140,B
1830,21529,0.3875,1790.4400,0.0001,0.9141,B
1831,22680,0.3878,1789.2300,0.0001,0.9142,B
1832,21761,0.3880,1784.8000,0.0001,0.9143,B
1833,84748,0.3882,1781.1200,0.0001,0.9144,B
1834,22533,0.3884,1780.8400,0.0001,0.9145,B
1835,85173,0.3886,1778.8000,0.0001,0.9146,B
1836,20729,0.3888,1778.1200,0.0001,0.9147,B
1837,23525,0.3890,1777.6100,0.0001,0.9148,B
1838,21548,0.3892,1776.1200,0.0001,0.9149,B
1839,22587,0.3895,1775.5900,0.0001,0.9150,B
1840,23160,0.3897,1774.8000,0.0001,0.9151,B
1841,22324,0.3899,1772.2800,0.0001,0.9152,B
1842,22770,0.3901,1769.7200,0.0001,0.9152,B
1843,23057,0.3903,1768.6700,0.0001,0.9153,B
1844,21158,0.3905,1766.6300,0.0001,0.9154,B
1845,22586,0.3907,1766.5400,0.0001,0.9155,B
1846,22307,0.3909,1765.0800,0.0001,0.9156,B
1847,84507B,0.3911,1764.0300,0.0001,0.9157,B
1848,22802,0.3914,1762.5900,0.0001,0.9158,B
1849,22254,0.3916,1762.2100,0.0001,0.9159,B
1850,22103,0.3918,1760.6400,0.0001,0.9160,B
1851,23434,0.3920,1759.7900,0.0001,0.9161,B
1852,37343,0.3922,1759.0400,0.0001,0.9162,B
1853,21163,0.3924,1757.9200,0.0001,0.9163,B
1854,23378,0.3926,1749.3200,0.0001,0.9164,B
1855,23148,0.3928,1749.0800,0.0001,0.9164,B
1856,21652,0.3931,1747.9400,0.0001,0.9165,B
1857,21780,0.3933,1745.8500,0.0001,0.9166,B
1858,85060,0.3935,1745.6200,0.0001,0.9167,B
1859,21205,0.3937,1744.4200,0.0001,0.9168,B
1860,23394,0.3939,1742.1200,0.0001,0.9169,B
1861,21637,0.3941,1741.7200,0.0001,0.9170,B
1862,84535B,0.3943,1740.7800,0.0001,0.9171,B
1863,21760,0.3945,1740.0000,0.0001,0.9172,B
1864,21000,0.3947,1738.4000,0.0001,0.9173,B
1865,21662,0.3950,1735.0500,0.0001,0.9174,B
1866,16169E,0.3952,1734.5400,0.0001,0.9175,B
1867,22546,0.3954,1734.1100,0.0001,0.9175,B
1868,37342,0.3956,1731.4000,0.0001,0.9176,B
1869,22035,0.3958,1731.2400,0.0001,0.9177,B
1870,47591B,0.3960,1725.5200,0.0001,0.9178,B
1871,22686,0.3962,1725.4700,0.0001,0.9179,B
1872,23358,0.3964,1725.3500,0.0001,0.9180,B
1873,23374,0.3967,1724.5400,0.0001,0.9181,B
1874,23357,0.3969,1721.7600,0.0001,0.9182,B
1875,21895,0.3971,1718.6300,0.0001,0.9183,B
1876,79302M,0.3973,1717.4500,0.0001,0.9184,B
1877,21281,0.3975,1716.8000,0.0001,0.9185,B
1878,21090,0.3977,1714.9900,0.0001,0.9185,B
1879,21927,0.3979,1714.4900,0.0001,0.9186,B
1880,21275,0.3981,1714.4800,0.0001,0.9187,B
1881,20767,0.3983,1713.8400,0.0001,0.9188,B
1882,35809A,0.3986,1708.3200,0.0001,0.9189,B
1883,23122,0.3988,1707.8400,0.0001,0.9190,B
1884,22934,0.3990,1707.4700,0.0001,0.9191,B
1885,84843,0.3992,1707.2600,0.0001,0.9192,B
1886,23096,0.3994,1707.0500,0.0001,0.9193,B
1887,20990,0.3996,1706.1400,0.0001,0.9194,B
1888,22026,0.3998,1705.7900,0.0001,0.9194,B
1889,23101,0.4000,1703.2600,0.0001,0.9195,B
1890,84795A,0.4003,1696.0200,0.0001,0.9196,B
1891,10125,0.4005,1693.6800,0.0001,0.9197,B
1892,85127,0.4007,1690.7500,0.0001,0.9198,B
1893,23317,0.4009,1687.8500,0.0001,0.9199,B
1894,85221,0.4011,1685.4600,0.0001,0.9200,B
1895,21251,0.4013,1683.9300,0.0001,0.9201,B
1896,22323,0.4015,1683.3100,0.0001,0.9202,B
1897,17129F,0.4017,1682.9500,0.0001,0.9202,B
1898,23399,0.4019,1679.4800,0.0001,0.9203,B
1899,22209,0.4022,1674.2900,0.0001,0.9204,B
1900,84006,0.4024,1673.4700,0.0001,0.9205,B
1901,23372,0.4026,1673.3100,0.0001,0.9206,B
1902,22438,0.4028,1672.9100,0.0001,0.9207,B
1903,22922,0.4030,1671.6000,0.0001,0.9208,B
1904,72816,0.4032,1671.5200,0.0001,0.9209,B
1905,72817,0.4034,1671.2800,0.0001,0.9209,B
1906,22679,0.4036,1667.6500,0.0001,0.9210,B
1907,21382,0.4039,1663.4100,0.0001,0.9211,B
1908,21633,0.4041,1663.1100,0.0001,0.9212,B
1909,23501,0.4043,1662.6000,0.0001,0.9213,B
1910,23500,0.4045,1659.4900,0.0001,0.9214,B
1911,23491,0.4047,1658.5100,0.0001,0.9215,B
1912,23073,0.4049,1656.5000,0.0001,0.9216,B
1913,21446,0.4051,1654.8300,0.0001,0.9216,B
1914,21278,0.4053,1654.4500,0.0001,0.9217,B
1915,21576,0.4055,1654.2300,0.0001,0.9218,B
1916,21294,0.4058,1653.7500,0.0001,0.9219,B
1917,22706,0.4060,1651.2400,0.0001,0.9220,B
1918,22516,0.4062,1651.0400,0.0001,0.9221,B
1919,20996,0.4064,1650.8100,0.0001,0.9222,B
1920,22422,0.4066,1645.7400,0.0001,0.9222,B
1921,21332,0.4068,1644.1700,0.0001,0.9223,B
1922,22975,0.4070,1643.7700,0.0001,0.9224,B
1923,21645,0.4072,1642.6500,0.0001,0.9225,B
1924,21426,0.4075,1642.1100,0.0001,0.9226,B
1925,23181,0.4077,1640.3100,0.0001,0.9227,B
1926,21448,0.4079,1640.1700,0.0001,0.9228,B
1927,21545,0.4081,1640.1200,0.0001,0.9229,B
1928,37441,0.4083,1639.8000,0.0001,0.9229,B
1929,23244,0.4085,1639.6900,0.0001,0.9230,B
1930,23401,0.4087,1638.8400,0.0001,0.9231,B
1931,22673,0.4089,1638.7500,0.0001,0.9232,B
1932,21541,0.4091,1636.2400,0.0001,0.9233,B
1933,70007,0.4094,1633.9900,0.0001,0.9234,B
1934,23348,0.4096,1633.8100,0.0001,0.9235,B
1935,22025,0.4098,1631.6200,0.0001,0.9235,B
1936,35241,0.4100,1631.4200,0.0001,0.9236,B
1937,21593,0.4102,1629.3100,0.0001,0.9237,B
1938,21283,0.4104,1629.2000,0.0001,0.9238,B
1939,85036C,0.4106,1629.0200,0.0001,0.9239,B
1940,48195,0.4108,1627.9900,0.0001,0.9240,B
1941,85180A,0.4111,1627.2900,0.0001,0.9241,B
1942,22410,0.4113,1627.2000,0.0001,0.9241,B
1943,84619,0.4115,1622.9600,0.0001,0.9242,B
1944,85160A,0.4117,1622.7900,0.0001,0.9243,B
1945,21837,0.4119,1622.6400,0.0001,0.9244,B
1946,21793,0.4121,1619.9000,0.0001,0.9245,B
1947,84919,0.4123,1619.8400,0.0001,0.9246,B
1948,21162,0.4125,1619.3200,0.0001,0.9247,B
1949,21279,0.4127,1619.2800,0.0001,0.9247,B
1950,85131A,0.4130,1619.2300,0.0001,0.9248,B
1951,21157,0.4132,1616.9500,0.0001,0.9249,B
1952,21656,0.4134,1614.5400,0.0001,0.9250,B
1953,46776F,0.4136,1610.5000,0.0001,0.9251,B
1954,23270,0.4138,1610.0300,0.0001,0.9252,B
1955,23214,0.4140,1609.8200,0.0001,0.9252,B
1956,35810A,0.4142,1604.7400,0.0001,0.9253,B
1957,82615,0.4144,1603.9700,0.0001,0.9254,B
1958,21542,0.4147,1600.7500,0.0001,0.9255,B
1959,20802,0.4149,1596.8100,0.0001,0.9256,B
1960,22123,0.4151,1592.4100,0.0001,0.9257,B
1961,35160,0.4153,1590.6400,0.0001,0.9257,B
1962,21284,0.4155,1590.0400,0.0001,0.9258,B
1963,85170A,0.4157,1585.0600,0.0001,0.9259,B
1964,22260,0.4159,1583.3600,0.0001,0.9260,B
1965,85222,0.4161,1579.6800,0.0001,0.9261,B
1966,23368,0.4163,1579.6500,0.0001,0.9262,B
1967,22319,0.4166,1579.4800,0.0001,0.9262,B
1968,23287,0.4168,1578.3800,0.0001,0.9263,B
1969,21383,0.4170,1575.7300,0.0001,0.9264,B
1970,21694,0.4172,1575.4600,0.0001,0.9265,B
1971,84913B,0.4174,1574.6900,0.0001,0.9266,B
1972,21631,0.4176,1571.7500,0.0001,0.9267,B
1973,21092,0.4178,1571.5000,0.0001,0.9267,B
1974,22517,0.4180,1568.6900,0.0001,0.9268,B
1975,23462,0.4183,1567.1400,0.0001,0.9269,B
1976,15059A,0.4185,1567.0000,0.0001,0.9270,B
1977,79323B,0.4187,1565.7000,0.0001,0.9271,B
1978,21550,0.4189,1565.5100,0.0001,0.9272,B
1979,22099,0.4191,1564.8500,0.0001,0.9272,B
1980,84536B,0.4193,1562.9800,0.0001,0.9273,B
1981,85194L,0.4195,1560.6300,0.0001,0.9274,B
1982,23090,0.4197,1559.0900,0.0001,0.9275,B
1983,21276,0.4199,1558.9400,0.0001,0.9276,B
1984,84789,0.4202,1558.3900,0.0001,0.9276,B
1985,21972,0.4204,1557.9000,0.0001,0.9277,B
1986,21925,0.4206,1557.3300,0.0001,0.9278,B
1987,21675,0.4208,1556.8600,0.0001,0.9279,B
1988,21711,0.4210,1555.6600,0.0001,0.9280,B
1989,23226,0.4212,1554.1700,0.0001,0.9281,B
1990,72803A,0.4214,1553.5000,0.0001,0.9281,B
1991,21399,0.4216,1550.4400,0.0001,0.9282,B
1992,21289,0.4219,1548.0600,0.0001,0.9283,B
1993,85036B,0.4221,1547.1000,0.0001,0.9284,B
1994,22705,0.4223,1546.8600,0.0001,0.9285,B
1995,84509C,0.4225,1546.4600,0.0001,0.9285,B
1996,23505,0.4227,1545.1200,0.0001,0.9286,B
1997,16033,0.4229,1544.5200,0.0001,0.9287,B
1998,21610,0.4231,1543.6700,0.0001,0.9288,B
1999,75131,0.4233,1543.0300,0.0001,0.9289,B
2000,22106,0.4235,1541.7600,0.0001,0.9290,B
2001,20766,0.4238,1540.9700,0.0001,0.9290,B
2002,22681,0.4240,1540.2400,0.0001,0.9291,B
2003,35471D,0.4242,1540.0400,0.0001,0.9292,B
2004,22608,0.4244,1539.4300,0.0001,0.9293,B
2005,21867,0.4246,1539.4000,0.0001,0.9294,B
2006,22446,0.4248,1538.9100,0.0001,0.9294,B
2007,84795D,0.4250,1538.7900,0.0001,0.9295,B
2008,23273,0.4252,1538.6000,0.0001,0.9296,B
2009,20735,0.4255,1535.1900,0.0001,0.9297,B
2010,72008,0.4257,1531.4000,0.0001,0.9298,B
2011,21286,0.4259,1529.7900,0.0001,0.9298,B
2012,22322,0.4261,1528.2100,0.0001,0.9299,B
2013,20902,0.4263,1525.2200,0.0001,0.9300,B
2014,22288,0.4265,1523.4900,0.0001,0.9301,B
2015,21282,0.4267,1522.2800,0.0001,0.9302,B
2016,21579,0.4269,1520.3500,0.0001,0.9302,B
2017,22337,0.4271,1519.9200,0.0001,0.9303,B
2018,22786,0.4274,1519.7000,0.0001,0.9304,B
2019,21189,0.4276,1519.4300,0.0001,0.9305,B
2020,21099,0.4278,1516.6400,0.0001,0.9306,B
2021,85159B,0.4280,1516.5000,0.0001,0.9306,B
2022,21785,0.4282,1514.6300,0.0001,0.9307,B
2023,21146,0.4284,1513.6700,0.0001,0.9308,B
2024,20768,0.4286,1511.3800,0.0001,0.9309,B
2025,21661,0.4288,1511.3100,0.0001,0.9310,B
2026,22137,0.4291,1508.2800,0.0001,0.9310,B
2027,21634,0.4293,1507.7400,0.0001,0.9311,B
2028,21002,0.4295,1507.2200,0.0001,0.9312,B
2029,20986,0.4297,1504.8600,0.0001,0.9313,B
2030,84526,0.4299,1503.6400,0.0001,0.9314,B
2031,85177,0.4301,1502.5200,0.0001,0.9314,B
2032,23391,0.4303,1499.5700,0.0001,0.9315,B
2033,23366,0.4305,1498.5000,0.0001,0.9316,B
2034,21009,0.4307,1494.9900,0.0001,0.9317,B
2035,21066,0.4310,1493.4200,0.0001,0.9317,B
2036,84856L,0.4312,1492.2800,0.0001,0.9318,B
2037,22683,0.4314,1489.7600,0.0001,0.9319,B
2038,84510B,0.4316,1483.2000,0.0001,0.9320,B
2039,22982,0.4318,1483.1200,0.0001,0.9321,B
2040,22682,0.4320,1482.4600,0.0001,0.9321,B
2041,85125,0.4322,1479.5100,0.0001,0.9322,B
2042,21392,0.4324,1478.1300,0.0001,0.9323,B
2043,21199,0.4327,1475.9000,0.0001,0.9324,B
2044,84616,0.4329,1472.6200,0.0001,0.9324,B
2045,22912,0.4331,1471.0900,0.0001,0.9325,B
2046,20734,0.4333,1470.6200,0.0001,0.9326,B
2047,21869,0.4335,1469.5800,0.0001,0.9327,B
2048,84659A,0.4337,1469.5100,0.0001,0.9328,B
2049,85198,0.4339,1469.5000,0.0001,0.9328,B
2050,21849,0.4341,1468.6600,0.0001,0.9329,B
2051,21801,0.4343,1467.6600,0.0001,0.9330,B
2052,21851,0.4346,1465.2700,0.0001,0.9331,B
2053,23528,0.4348,1463.4000,0.0001,0.9331,B
2054,79030G,0.4350,1462.9500,0.0001,0.9332,B
2055,21644,0.4352,1461.4700,0.0001,0.9333,B
2056,22052,0.4354,1460.5000,0.0001,0.9334,B
2057,22929,0.4356,1459.7500,0.0001,0.9334,B
2058,21410,0.4358,1458.2800,0.0001,0.9335,B
2059,85098B,0.4360,1456.9400,0.0001,0.9336,B
2060,21051,0.4363,1456.8300,0.0001,0.9337,B
2061,23280,0.4365,1454.7200,0.0001,0.9338,B
2062,84637,0.4367,1454.4900,0.0001,0.9338,B
2063,21198,0.4369,1452.5000,0.0001,0.9339,B
2064,22157,0.4371,1451.4000,0.0001,0.9340,B
2065,23267,0.4373,1449.9300,0.0001,0.9341,B
2066,22228,0.4375,1445.2900,0.0001,0.9341,B
2067,35637A,0.4377,1445.0500,0.0001,0.9342,B
2068,85055,0.4380,1442.9400,0.0001,0.9343,B
2069,84313C,0.4382,1442.3900,0.0001,0.9344,B
2070,84596G,0.4384,1436.0300,0.0001,0.9344,B
2071,22287,0.4386,1435.3600,0.0001,0.9345,B
2072,23369,0.4388,1435.3300,0.0001,0.9346,B
2073,22249,0.4390,1433.0300,0.0001,0.9347,B
2074,20733,0.4392,1430.6000,0.0001,0.9347,B
2075,22976,0.4394,1430.3000,0.0001,0.9348,B
2076,21159,0.4396,1429.9900,0.0001,0.9349,B
2077,22316,0.4399,1429.0700,0.0001,0.9350,B
2078,23250,0.4401,1427.2800,0.0001,0.9350,B
2079,85167B,0.4403,1426.3400,0.0001,0.9351,B
2080,23034,0.4405,1425.3600,0.0001,0.9352,B
2081,35965,0.4407,1423.6300,0.0001,0.9353,B
2082,22815,0.4409,1422.7500,0.0001,0.9353,B
2083,21807,0.4411,1422.4500,0.0001,0.9354,B
2084,20801,0.4413,1422.0000,0.0001,0.9355,B
2085,22390,0.4416,1419.8800,0.0001,0.9356,B
2086,21532,0.4418,1419.7100,0.0001,0.9356,B
2087,23334,0.4420,1416.9900,0.0001,0.9357,B
2088,23217,0.4422,1416.9600,0.0001,0.9358,B
2089,23365,0.4424,1416.5800,0.0001,0.9359,B
2090,15034,0.4426,1414.6000,0.0001,0.9359,B
2091,85136C,0.4428,1411.9400,0.0001,0.9360,B
2092,23524,0.4430,1411.6200,0.0001,0.9361,B
2093,20761,0.4432,1411.2100,0.0001,0.9362,B
2094,23271,0.4435,1411.1700,0.0001,0.9362,B
2095,85071A,0.4437,1410.6200,0.0001,0.9363,B
2096,21292,0.4439,1408.8700,0.0001,0.9364,B
2097,23249,0.4441,1407.9500,0.0001,0.9365,B
2098,22093,0.4443,1407.6400,0.0001,0.9365,B
2099,47503A,0.4445,1405.5100,0.0001,0.9366,B
2100,22396,0.4447,1404.7300,0.0001,0.9367,B
2101,23470,0.4449,1404.2900,0.0001,0.9368,B
2102,23086,0.4452,1404.0500,0.0001,0.9368,B
2103,22817,0.4454,1402.9800,0.0001,0.9369,B
2104,21395,0.4456,1401.6000,0.0001,0.9370,B
2105,21910,0.4458,1398.1800,0.0001,0.9370,B
2106,23055,0.4460,1395.1800,0.0001,0.9371,B
2107,21739,0.4462,1394.7800,0.0001,0.9372,B
2108,85087,0.4464,1392.6400,0.0001,0.9373,B
2109,21358,0.4466,1390.8200,0.0001,0.9373,B
2110,85017B,0.4468,1390.3900,0.0001,0.9374,B
2111,47503K,0.4471,1389.4400,0.0001,0.9375,B
2112,21317,0.4473,1388.0000,0.0001,0.9376,B
2113,22340,0.4475,1387.9500,0.0001,0.9376,B
2114,22819,0.4477,1386.6200,0.0001,0.9377,B
2115,22339,0.4479,1385.4600,0.0001,0.9378,B
2116,22545,0.4481,1385.3000,0.0001,0.9378,B
2117,22685,0.4483,1381.4800,0.0001,0.9379,B
2118,84396,0.4485,1380.5200,0.0001,0.9380,B
2119,22250,0.4488,1379.7000,0.0001,0.9381,B
2120,23119,0.4490,1379.2900,0.0001,0.9381,B
2121,23414,0.4492,1378.7500,0.0001,0.9382,B
2122,84562A,0.4494,1378.2600,0.0001,0.9383,B
2123,21065,0.4496,1377.6500,0.0001,0.9384,B
2124,20840,0.4498,1376.9200,0.0001,0.9384,B
2125,85169A,0.4500,1374.7300,0.0001,0.9385,B
2126,21011,0.4502,1373.8000,0.0001,0.9386,B
2127,23483,0.4504,1373.3100,0.0001,0.9386,B
2128,35004G,0.4507,1370.7600,0.0001,0.9387,B
2129,23527,0.4509,1368.5600,0.0001,0.9388,B
2130,84873A,0.4511,1367.5100,0.0001,0.9389,B
2131,84685,0.4513,1366.1700,0.0001,0.9389,B
2132,21828,0.4515,1365.4900,0.0001,0.9390,B
2133,84665,0.4517,1364.7000,0.0001,0.9391,B
2134,84965B,0.4519,1359.9500,0.0001,0.9391,B
2135,22984,0.4521,1354.7800,0.0001,0.9392,B
2136,22915,0.4524,1354.5200,0.0001,0.9393,B
2137,21530,0.4526,1353.4000,0.0001,0.9394,B
2138,21209,0.4528,1352.0500,0.0001,0.9394,B
2139,35962,0.4530,1351.7800,0.0001,0.9395,B
2140,17129D,0.4532,1351.1800,0.0001,0.9396,B
2141,35649,0.4534,1350.6000,0.0001,0.9396,B
2142,22393,0.4536,1349.7200,0.0001,0.9397,B
2143,84466,0.4538,1348.3600,0.0001,0.9398,B
2144,22917,0.4540,1345.0200,0.0001,0.9399,B
2145,21684,0.4543,1344.9500,0.0001,0.9399,B
2146,20866,0.4545,1344.2700,0.0001,0.9400,B
2147,22050,0.4547,1343.5000,0.0001,0.9401,B
2148,21059,0.4549,1341.0500,0.0001,0.9401,B
2149,22269,0.4551,1340.3000,0.0001,0.9402,B
2150,20762,0.4553,1340.0400,0.0001,0.9403,B
2151,21190,0.4555,1337.5900,0.0001,0.9404,B
2152,20993,0.4557,1334.1100,0.0001,0.9404,B
2153,22684,0.4560,1328.0800,0.0001,0.9405,B
2154,85032D,0.4562,1327.6800,0.0001,0.9406,B
2155,20933,0.4564,1326.5400,0.0001,0.9406,B
2156,21580,0.4566,1324.6700,0.0001,0.9407,B
2157,23392,0.4568,1323.8500,0.0001,0.9408,B
2158,21738,0.4570,1322.6300,0.0001,0.9408,B
2159,85200,0.4572,1319.0900,0.0001,0.9409,B
2160,23000,0.4574,1318.4800,0.0001,0.9410,B
2161,23104,0.4576,1317.9200,0.0001,0.9410,B
2162,22916,0.4579,1317.5200,0.0001,0.9411,B
2163,22051,0.4581,1317.5000,0.0001,0.9412,B
2164,16235,0.4583,1317.1500,0.0001,0.9413,B
2165,21775,0.4585,1316.4500,0.0001,0.9413,B
2166,21926,0.4587,1315.2700,0.0001,0.9414,B
2167,20760,0.4589,1313.6600,0.0001,0.9415,B
2168,84688,0.4591,1313.5200,0.0001,0.9415,B
2169,20780,0.4593,1312.3800,0.0001,0.9416,B
2170,85032A,0.4596,1309.8500,0.0001,0.9417,B
2171,21277,0.4598,1309.3900,0.0001,0.9417,B
2172,23538,0.4600,1308.8500,0.0001,0.9418,B
2173,21842,0.4602,1308.7400,0.0001,0.9419,B
2174,22756,0.4604,1308.6400,0.0001,0.9419,B
2175,20798,0.4606,1308.1500,0.0001,0.9420,B
2176,46776B,0.4608,1305.6400,0.0001,0.9421,B
2177,20738,0.4610,1301.7200,0.0001,0.9422,B
2178,22977,0.4612,1300.3100,0.0001,0.9422,B
2179,85071B,0.4615,1300.1000,0.0001,0.9423,B
2180,23061,0.4617,1297.7600,0.0001,0.9424,B
2181,23376,0.4619,1296.0600,0.0001,0.9424,B
2182,21945,0.4621,1295.3000,0.0001,0.9425,B
2183,22893,0.4623,1294.7500,0.0001,0.9426,B
2184,21219,0.4625,1292.1800,0.0001,0.9426,B
2185,23546,0.4627,1291.5000,0.0001,0.9427,B
2186,22181,0.4629,1291.3800,0.0001,0.9428,B
2187,85231G,0.4632,1291.0900,0.0001,0.9428,B
2188,22258,0.4634,1291.0500,0.0001,0.9429,B
2189,22232,0.4636,1290.0800,0.0001,0.9430,B
2190,85006,0.4638,1289.3100,0.0001,0.9430,B
2191,85141,0.4640,1286.4400,0.0001,0.9431,B
2192,23552,0.4642,1286.1200,0.0001,0.9432,B
2193,85025C,0.4644,1285.9100,0.0001,0.9432,B
2194,17091A,0.4646,1285.8900,0.0001,0.9433,B
2195,84569D,0.4648,1285.0800,0.0001,0.9434,B
2196,90200D,0.4651,1283.6100,0.0001,0.9434,B
2197,72818,0.4653,1283.1300,0.0001,0.9435,B
2198,46775E,0.4655,1282.9000,0.0001,0.9436,B
2199,22105,0.4657,1282.3100,0.0001,0.9436,B
2200,20704,0.4659,1281.2200,0.0001,0.9437,B
2201,35598D,0.4661,1281.0000,0.0001,0.9438,B
2202,82613D,0.4663,1280.6100,0.0001,0.9438,B
2203,23469,0.4665,1280.5900,0.0001,0.9439,B
2204,21880,0.4668,1279.4700,0.0001,0.9440,B
2205,21248,0.4670,1279.2500,0.0001,0.9440,B
2206,84816,0.4672,1278.3500,0.0001,0.9441,B
2207,22918,0.4674,1277.0000,0.0001,0.9442,B
2208,21759,0.4676,1274.4700,0.0001,0.9442,B
2209,23072,0.4678,1273.7600,0.0001,0.9443,B
2210,21285,0.4680,1273.3100,0.0001,0.9444,B
2211,22267,0.4682,1272.3600,0.0001,0.9444,B
2212,22268,0.4684,1271.2900,0.0001,0.9445,B
2213,21549,0.4687,1270.3900,0.0001,0.9446,B
2214,84559A,0.4689,1269.5700,0.0001,0.9446,B
2215,79191C,0.4691,1263.1600,0.0001,0.9447,B
2216,85170D,0.4693,1259.1900,0.0001,0.9448,B
2217,23559,0.4695,1258.4300,0.0001,0.9448,B
2218,20765,0.4697,1257.6000,0.0001,0.9449,B
2219,21425,0.4699,1257.2300,0.0001,0.9450,B
2220,40003,0.4701,1257.0200,0.0001,0.9450,B
2221,22543,0.4704,1256.9100,0.0001,0.9451,B
2222,21145,0.4706,1256.2100,0.0001,0.9452,B
2223,77101A,0.4708,1255.9700,0.0001,0.9452,B
2224,84609,0.4710,1255.2400,0.0001,0.9453,B
2225,20825,0.4712,1255.0800,0.0001,0.9454,B
2226,22214,0.4714,1255.0800,0.0001,0.9454,B
2227,35957,0.4716,1254.9000,0.0001,0.9455,B
2228,35648,0.4718,1253.7700,0.0001,0.9456,B
2229,20731,0.4720,1252.9200,0.0001,0.9456,B
2230,22481,0.4723,1251.4600,0.0001,0.9457,B
2231,23040,0.4725,1249.8900,0.0001,0.9458,B
2232,84967B,0.4727,1249.4500,0.0001,0.9458,B
2233,22062,0.4729,1248.1500,0.0001,0.9459,B
2234,23221,0.4731,1247.7400,0.0001,0.9460,B
2235,85159A,0.4733,1247.0300,0.0001,0.9460,B
2236,23373,0.4735,1246.3900,0.0001,0.9461,B
2237,21689,0.4737,1245.6200,0.0001,0.9462,B
2238,35599D,0.4740,1245.5300,0.0001,0.9462,B
2239,21752,0.4742,1244.8100,0.0001,0.9463,B
2240,85163B,0.4744,1243.7000,0.0001,0.9464,B
2241,84989A,0.4746,1243.4400,0.0001,0.9464,B
2242,21063,0.4748,1241.8900,0.0001,0.9465,B
2243,20707,0.4750,1241.2200,0.0001,0.9466,B
2244,79163,0.4752,1240.8300,0.0001,0.9466,B
2245,20777,0.4754,1239.8800,0.0001,0.9467,B
2246,72800B,0.4756,1238.0700,0.0001,0.9468,B
2247,85162A,0.4759,1234.2700,0.0001,0.9468,B
2248,47593B,0.4761,1233.6600,0.0001,0.9469,B
2249,22280,0.4763,1232.7300,0.0001,0.9469,B
2250,79066K,0.4765,1230.6300,0.0001,0.9470,B
2251,84910A,0.4767,1230.3900,0.0001,0.9471,B
2252,21822,0.4769,1229.9900,0.0001,0.9471,B
2253,21438,0.4771,1229.8200,0.0001,0.9472,B
2254,85135B,0.4773,1226.5100,0.0001,0.9473,B
2255,23138,0.4776,1224.9300,0.0001,0.9473,B
2256,23067,0.4778,1224.2100,0.0001,0.9474,B
2257,16046,0.4780,1223.5000,0.0001,0.9475,B
2258,22290,0.4782,1223.0200,0.0001,0.9475,B
2259,85135C,0.4784,1222.5200,0.0001,0.9476,B
2260,84660C,0.4786,1221.9600,0.0001,0.9477,B
2261,46776A,0.4788,1221.2800,0.0001,0.9477,B
2262,23142,0.4790,1220.8200,0.0001,0.9478,B
2263,22919,0.4792,1218.3600,0.0001,0.9478,B
2264,21253,0.4795,1212.8000,0.0001,0.9479,B
2265,22808,0.4797,1211.3800,0.0001,0.9480,B
2266,22701,0.4799,1210.7900,0.0001,0.9480,B
2267,21490,0.4801,1210.6000,0.0001,0.9481,B
2268,84823,0.4803,1210.0000,0.0001,0.9482,B
2269,22389,0.4805,1208.5200,0.0001,0.9482,B
2270,84687,0.4807,1208.0600,0.0001,0.9483,B
2271,22265,0.4809,1207.8000,0.0001,0.9484,B
2272,84596E,0.4812,1205.6100,0.0001,0.9484,B
2273,21396,0.4814,1205.2500,0.0001,0.9485,B
2274,23071,0.4816,1205.1000,0.0001,0.9485,B
2275,22999,0.4818,1204.8400,0.0001,0.9486,B
2276,23511,0.4820,1204.2900,0.0001,0.9487,B
2277,16225,0.4822,1203.5300,0.0001,0.9487,B
2278,21904,0.4824,1201.5200,0.0001,0.9488,B
2279,21130,0.4826,1200.9300,0.0001,0.9489,B
2280,22256,0.4828,1200.0700,0.0001,0.9489,B
2281,20771,0.4831,1196.5800,0.0001,0.9490,B
2282,22097,0.4833,1195.1700,0.0001,0.9490,B
2283,84830,0.4835,1195.1500,0.0001,0.9491,B
2284,22102,0.4837,1191.6900,0.0001,0.9492,B
2285,22921,0.4839,1191.2700,0.0001,0.9492,B
2286,21883,0.4841,1190.3800,0.0001,0.9493,B
2287,84750A,0.4843,1189.2300,0.0001,0.9494,B
2288,22923,0.4845,1187.6900,0.0001,0.9494,B
2289,47503E,0.4848,1186.9000,0.0001,0.9495,B
2290,23026,0.4850,1186.4800,0.0001,0.9496,B
2291,22403,0.4852,1186.1400,0.0001,0.9496,B
2292,20934,0.4854,1185.0700,0.0001,0.9497,B
2293,20893,0.4856,1184.6900,0.0001,0.9497,B
2294,84815,0.4858,1183.8200,0.0001,0.9498,B
2295,22233,0.4860,1182.0400,0.0001,0.9499,B
2296,23539,0.4862,1179.7900,0.0001,0.9499,B
2297,21806,0.4864,1179.4300,0.0001,0.9500,B
2298,21312,0.4867,1179.1700,0.0001,0.9500,C
2299,23405,0.4869,1178.3300,0.0001,0.9501,C
2300,85130A,0.4871,1176.2900,0.0001,0.9502,C
2301,84819,0.4873,1175.2800,0.0001,0.9502,C
2302,22924,0.4875,1174.0200,0.0001,0.9503,C
2303,21393,0.4877,1172.8100,0.0001,0.9504,C
2304,84625A,0.4879,1172.6000,0.0001,0.9504,C
2305,84674,0.4881,1167.1900,0.0001,0.9505,C
2306,84313B,0.4884,1164.0400,0.0001,0.9505,C
2307,72232,0.4886,1163.5600,0.0001,0.9506,C
2308,21649,0.4888,1162.8900,0.0001,0.9507,C
2309,23431,0.4890,1161.2700,0.0001,0.9507,C
2310,22252,0.4892,1160.5600,0.0001,0.9508,C
2311,22253,0.4894,1158.2800,0.0001,0.9508,C
2312,21763,0.4896,1157.9000,0.0001,0.9509,C
2313,22761,0.4898,1157.8300,0.0001,0.9510,C
2314,22048,0.4900,1155.8000,0.0001,0.9510,C
2315,84658,0.4903,1155.2800,0.0001,0.9511,C
2316,37475,0.4905,1150.6100,0.0001,0.9511,C
2317,22264,0.4907,1150.5900,0.0001,0.9512,C
2318,84847,0.4909,1149.7300,0.0001,0.9513,C
2319,21316,0.4911,1146.1100,0.0001,0.9513,C
2320,37482B,0.4913,1145.2600,0.0001,0.9514,C
2321,22040,0.4915,1144.3000,0.0001,0.9515,C
2322,21261,0.4917,1143.1700,0.0001,0.9515,C
2323,84750B,0.4920,1142.0200,0.0001,0.9516,C
2324,85129D,0.4922,1141.9000,0.0001,0.9516,C
2325,85124C,0.4924,1139.0700,0.0001,0.9517,C
2326,85110,0.4926,1138.0400,0.0001,0.9518,C
2327,22718,0.4928,1136.3200,0.0001,0.9518,C
2328,37424,0.4930,1134.6800,0.0001,0.9519,C
2329,22715,0.4932,1133.9300,0.0001,0.9519,C
2330,85118,0.4934,1133.6800,0.0001,0.9520,C
2331,23508,0.4936,1132.8800,0.0001,0.9520,C
2332,23507,0.4939,1131.3700,0.0001,0.9521,C
2333,22216,0.4941,1131.2500,0.0001,0.9522,C
2334,21413,0.4943,1131.1400,0.0001,0.9522,C
2335,22615,0.4945,1129.0500,0.0001,0.9523,C
2336,22230,0.4947,1127.5400,0.0001,0.9523,C
2337,21366,0.4949,1127.2500,0.0001,0.9524,C
2338,21040,0.4951,1125.8500,0.0001,0.9525,C
2339,20700,0.4953,1125.0500,0.0001,0.9525,C
2340,23515,0.4956,1123.4100,0.0001,0.9526,C
2341,21555,0.4958,1121.5300,0.0001,0.9526,C
2342,23523,0.4960,1121.3100,0.0001,0.9527,C
2343,85224,0.4962,1120.9600,0.0001,0.9528,C
2344,21942,0.4964,1119.6600,0.0001,0.9528,C
2345,20622,0.4966,1119.3300,0.0001,0.9529,C
2346,84559B,0.4968,1119.0900,0.0001,0.9529,C
2347,17096,0.4970,1117.0900,0.0001,0.9530,C
2348,21010,0.4972,1114.7600,0.0001,0.9531,C
2349,23225,0.4975,1111.1400,0.0001,0.9531,C
2350,84678,0.4977,1108.2800,0.0001,0.9532,C
2351,22255,0.4979,1106.7100,0.0001,0.9532,C
2352,84631,0.4981,1106.1600,0.0001,0.9533,C
2353,23269,0.4983,1104.9900,0.0001,0.9533,C
2354,21202,0.4985,1103.4800,0.0001,0.9534,C
2355,23510,0.4987,1102.9400,0.0001,0.9535,C
2356,84638,0.4989,1101.5500,0.0001,0.9535,C
2357,21650,0.4992,1101.1400,0.0001,0.9536,C
2358,47587A,0.4994,1099.8800,0.0001,0.9536,C
2359,72598,0.4996,1099.5000,0.0001,0.9537,C
2360,21779,0.4998,1097.8000,0.0001,0.9537,C
2361,84358,0.5000,1097.4800,0.0001,0.9538,C
2362,23418,0.5002,1097.3900,0.0001,0.9539,C
2363,37479B,0.5004,1095.8500,0.0001,0.9539,C
2364,20892,0.5006,1095.3500,0.0001,0.9540,C
2365,20669,0.5008,1094.6700,0.0001,0.9540,C
2366,72819,0.5011,1094.0100,0.0001,0.9541,C
2367,85093,0.5013,1091.2100,0.0001,0.9542,C
2368,85212,0.5015,1089.6000,0.0001,0.9542,C
2369,21666,0.5017,1089.5500,0.0001,0.9543,C
2370,23513,0.5019,1089.3300,0.0001,0.9543,C
2371,22709,0.5021,1089.0800,0.0001,0.9544,C
2372,23411,0.5023,1088.9100,0.0001,0.9544,C
2373,20867,0.5025,1088.1800,0.0001,0.9545,C
2374,22116,0.5028,1087.7300,0.0001,0.9546,C
2375,85124A,0.5030,1087.7300,0.0001,0.9546,C
2376,22532,0.5032,1086.8200,0.0001,0.9547,C
2377,84791,0.5034,1086.1300,0.0001,0.9547,C
2378,21839,0.5036,1085.5900,0.0001,0.9548,C
2379,23433,0.5038,1085.3400,0.0001,0.9548,C
2380,72815,0.5040,1083.3600,0.0001,0.9549,C
2381,20932,0.5042,1082.8000,0.0001,0.9550,C
2382,21944,0.5044,1081.4800,0.0001,0.9550,C
2383,20755,0.5047,1079.5300,0.0001,0.9551,C
2384,21817,0.5049,1077.1900,0.0001,0.9551,C
2385,21632,0.5051,1076.2200,0.0001,0.9552,C
2386,85136A,0.5053,1073.5800,0.0001,0.9552,C
2387,23506,0.5055,1073.3400,0.0001,0.9553,C
2388,20615,0.5057,1072.9300,0.0001,0.9553,C
2389,85131D,0.5059,1072.7300,0.0001,0.9554,C
2390,20832,0.5061,1070.8100,0.0001,0.9555,C
2391,23102,0.5064,1070.0500,0.0001,0.9555,C
2392,85126,0.5066,1069.1600,0.0001,0.9556,C
2393,21827,0.5068,1068.8900,0.0001,0.9556,C
2394,23087,0.5070,1068.5200,0.0001,0.9557,C
2395,23041,0.5072,1066.5100,0.0001,0.9557,C
2396,23375,0.5074,1066.2900,0.0001,0.9558,C
2397,22814,0.5076,1062.7500,0.0001,0.9559,C
2398,21131,0.5078,1061.3600,0.0001,0.9559,C
2399,22598,0.5080,1060.9300,0.0001,0.9560,C
2400,22860,0.5083,1060.8500,0.0001,0.9560,C
2401,21815,0.5085,1060.2400,0.0001,0.9561,C
2402,72800F,0.5087,1060.1900,0.0001,0.9561,C
2403,22856,0.5089,1059.8500,0.0001,0.9562,C
2404,85008,0.5091,1058.7200,0.0001,0.9562,C
2405,85163A,0.5093,1058.1700,0.0001,0.9563,C
2406,35651,0.5095,1057.6200,0.0001,0.9564,C
2407,23033,0.5097,1057.4500,0.0001,0.9564,C
2408,21758,0.5100,1057.3000,0.0001,0.9565,C
2409,84247E,0.5102,1056.6700,0.0001,0.9565,C
2410,85179B,0.5104,1056.6000,0.0001,0.9566,C
2411,22806,0.5106,1056.3200,0.0001,0.9566,C
2412,16047,0.5108,1054.7000,0.0001,0.9567,C
2413,23402,0.5110,1053.8100,0.0001,0.9567,C
2414,21825,0.5112,1053.1900,0.0001,0.9568,C
2415,84908B,0.5114,1052.2900,0.0001,0.9569,C
2416,85078,0.5116,1052.0200,0.0001,0.9569,C
2417,37327,0.5119,1051.6900,0.0001,0.9570,C
2418,20783,0.5121,1051.4000,0.0001,0.9570,C
2419,23444,0.5123,1050.0000,0.0001,0.9571,C
2420,84965A,0.5125,1050.0000,0.0001,0.9571,C
2421,85160B,0.5127,1048.8300,0.0001,0.9572,C
2422,23327,0.5129,1048.6200,0.0001,0.9572,C
2423,23432,0.5131,1048.5200,0.0001,0.9573,C
2424,22857,0.5133,1048.2800,0.0001,0.9573,C
2425,84985A,0.5136,1047.9300,0.0001,0.9574,C
2426,72750B,0.5138,1047.2000,0.0001,0.9575,C
2427,85144,0.5140,1046.8500,0.0001,0.9575,C
2428,21850,0.5142,1046.5000,0.0001,0.9576,C
2429,84908A,0.5144,1045.1600,0.0001,0.9576,C
2430,22997,0.5146,1044.6200,0.0001,0.9577,C
2431,46775A,0.5148,1044.2300,0.0001,0.9577,C
2432,18007,0.5150,1043.2200,0.0001,0.9578,C
2433,84405A,0.5152,1042.1600,0.0001,0.9578,C
2434,20671,0.5155,1038.7200,0.0001,0.9579,C
2435,21269,0.5157,1036.8400,0.0001,0.9580,C
2436,21725,0.5159,1036.4300,0.0001,0.9580,C
2437,21061,0.5161,1034.6600,0.0001,0.9581,C
2438,21664,0.5163,1031.0700,0.0001,0.9581,C
2439,84686,0.5165,1027.7900,0.0001,0.9582,C
2440,23347,0.5167,1027.5800,0.0001,0.9582,C
2441,22821,0.5169,1025.9000,0.0001,0.9583,C
2442,22266,0.5172,1025.6700,0.0001,0.9583,C
2443,84625C,0.5174,1024.1500,0.0001,0.9584,C
2444,20652,0.5176,1023.5800,0.0001,0.9584,C
2445,22247,0.5178,1022.7900,0.0001,0.9585,C
2446,22995,0.5180,1020.2400,0.0001,0.9585,C
2447,72800D,0.5182,1020.2100,0.0001,0.9586,C
2448,85031C,0.5184,1017.4800,0.0001,0.9587,C
2449,82613B,0.5186,1016.9000,0.0001,0.9587,C
2450,21814,0.5188,1016.5300,0.0001,0.9588,C
2451,84596L,0.5191,1016.4200,0.0001,0.9588,C
2452,22717,0.5193,1015.9300,0.0001,0.9589,C
2453,22049,0.5195,1015.7500,0.0001,0.9589,C
2454,84709B,0.5197,1014.4800,0.0001,0.9590,C
2455,35923,0.5199,1014.4100,0.0001,0.9590,C
2456,20730,0.5201,1011.7000,0.0001,0.9591,C
2457,47504H,0.5203,1010.7800,0.0001,0.9591,C
2458,23516,0.5205,1009.8500,0.0001,0.9592,C
2459,22511,0.5208,1009.6200,0.0001,0.9592,C
2460,72586,0.5210,1009.2700,0.0001,0.9593,C
2461,47589,0.5212,1008.7300,0.0001,0.9593,C
2462,84905,0.5214,1007.9100,0.0001,0.9594,C
2463,84929,0.5216,1007.5200,0.0001,0.9595,C
2464,85104,0.5218,1006.9900,0.0001,0.9595,C
2465,35646,0.5220,1006.5400,0.0001,0.9596,C
2466,21836,0.5222,1003.8900,0.0001,0.9596,C
2467,84907,0.5224,999.1700,0.0001,0.9597,C
2468,21127,0.5227,998.0300,0.0001,0.9597,C
2469,20619,0.5229,997.9000,0.0001,0.9598,C
2470,22420,0.5231,997.6300,0.0001,0.9598,C
2471,21250,0.5233,997.5500,0.0001,0.9599,C
2472,23121,0.5235,997.0800,0.0001,0.9599,C
2473,82616C,0.5237,996.8000,0.0001,0.9600,C
2474,84918,0.5239,995.1200,0.0001,0.9600,C
2475,72484,0.5241,991.3800,0.0001,0.9601,C
2476,21690,0.5244,990.8400,0.0001,0.9601,C
2477,23153,0.5246,990.7300,0.0001,0.9602,C
2478,84964B,0.5248,990.0000,0.0001,0.9602,C
2479,21335,0.5250,989.6200,0.0001,0.9603,C
2480,21084,0.5252,989.4900,0.0001,0.9603,C
2481,21721,0.5254,988.8700,0.0001,0.9604,C
2482,20617,0.5256,988.8600,0.0001,0.9604,C
2483,21427,0.5258,986.4600,0.0001,0.9605,C
2484,21303,0.5260,985.5400,0.0001,0.9605,C
2485,85170C,0.5263,984.7700,0.0001,0.9606,C
2486,35958,0.5265,984.6300,0.0001,0.9607,C
2487,84707A,0.5267,983.4800,0.0001,0.9607,C
2488,23544,0.5269,983.1300,0.0001,0.9608,C
2489,23331,0.5271,983.0800,0.0001,0.9608,C
2490,35653,0.5273,982.5300,0.0001,0.9609,C
2491,85019B,0.5275,979.9700,0.0001,0.9609,C
2492,23419,0.5277,979.4500,0.0001,0.9610,C
2493,85180B,0.5280,975.6600,0.0001,0.9610,C
2494,85025B,0.5282,975.5200,0.0001,0.9611,C
2495,20661,0.5284,974.2700,0.0001,0.9611,C
2496,17021,0.5286,973.4400,0.0001,0.9612,C
2497,84923,0.5288,972.2100,0.0001,0.9612,C
2498,71279,0.5290,972.1100,0.0001,0.9613,C
2499,84800L,0.5292,970.7900,0.0001,0.9613,C
2500,23517,0.5294,970.3600,0.0001,0.9614,C
2501,21562,0.5296,970.2800,0.0001,0.9614,C
2502,85018D,0.5299,969.9000,0.0001,0.9615,C
2503,78124,0.5301,969.6100,0.0001,0.9615,C
2504,23088,0.5303,969.0000,0.0001,0.9616,C
2505,85189,0.5305,967.9500,0.0001,0.9616,C
2506,72814,0.5307,967.9200,0.0001,0.9617,C
2507,21299,0.5309,966.3500,0.0001,0.9617,C
2508,20830,0.5311,964.6100,0.0001,0.9618,C
2509,21636,0.5313,963.9900,0.0001,0.9618,C
2510,20773,0.5316,963.9800,0.0001,0.9619,C
2511,20839,0.5318,963.2200,0.0001,0.9619,C
2512,23518,0.5320,963.0700,0.0001,0.9620,C
2513,20774,0.5322,962.4800,0.0001,0.9620,C
2514,21208,0.5324,962.0900,0.0001,0.9621,C
2515,22529,0.5326,961.3500,0.0001,0.9621,C
2516,21691,0.5328,960.9900,0.0001,0.9622,C
2517,22643,0.5330,959.9800,0.0001,0.9622,C
2518,85197,0.5332,959.4600,0.0001,0.9623,C
2519,23107,0.5335,958.4800,0.0001,0.9623,C
2520,47310M,0.5337,958.1500,0.0001,0.9624,C
2521,72753B,0.5339,957.7300,0.0001,0.9624,C
2522,21805,0.5341,957.6300,0.0001,0.9625,C
2523,82616B,0.5343,956.5800,0.0001,0.9625,C
2524,84664,0.5345,955.3500,0.0001,0.9626,C
2525,84660B,0.5347,952.6600,0.0001,0.9626,C
2526,85130D,0.5349,952.5300,0.0001,0.9627,C
2527,20878,0.5352,952.5100,0.0001,0.9627,C
2528,23545,0.5354,952.1000,0.0001,0.9628,C
2529,20705,0.5356,950.8400,0.0000,0.9628,C
2530,23514,0.5358,950.3500,0.0000,0.9629,C
2531,22104,0.5360,950.1500,0.0000,0.9629,C
2532,21129,0.5362,949.4400,0.0000,0.9630,C
2533,85124B,0.5364,948.7000,0.0000,0.9630,C
2534,85111,0.5366,948.6500,0.0000,0.9631,C
2535,23512,0.5368,948.2300,0.0000,0.9631,C
2536,23533,0.5371,947.6400,0.0000,0.9632,C
2537,20758,0.5373,947.4700,0.0000,0.9632,C
2538,22953,0.5375,947.3000,0.0000,0.9633,C
2539,37492B,0.5377,946.7200,0.0000,0.9633,C
2540,21331,0.5379,946.6800,0.0000,0.9634,C
2541,21641,0.5381,946.3100,0.0000,0.9634,C
2542,23566,0.5383,945.3100,0.0000,0.9635,C
2543,84360,0.5385,944.9900,0.0000,0.9635,C
2544,20782,0.5388,944.8800,0.0000,0.9636,C
2545,23540,0.5390,944.5100,0.0000,0.9636,C
2546,20778,0.5392,944.3600,0.0000,0.9637,C
2547,85031A,0.5394,943.4400,0.0000,0.9637,C
2548,22143,0.5396,942.8800,0.0000,0.9638,C
2549,20998,0.5398,942.2600,0.0000,0.9638,C
2550,37482P,0.5400,941.0100,0.0000,0.9639,C
2551,90147,0.5402,937.4500,0.0000,0.9639,C
2552,85121B,0.5404,936.7400,0.0000,0.9640,C
2553,85226A,0.5407,933.0700,0.0000,0.9640,C
2554,21060,0.5409,932.5000,0.0000,0.9641,C
2555,47504E,0.5411,931.8600,0.0000,0.9641,C
2556,21720,0.5413,929.8100,0.0000,0.9642,C
2557,22512,0.5415,929.7100,0.0000,0.9642,C
2558,21014,0.5417,928.0900,0.0000,0.9643,C
2559,37330,0.5419,927.4600,0.0000,0.9643,C
2560,17012C,0.5421,925.3500,0.0000,0.9644,C
2561,22134,0.5424,924.0700,0.0000,0.9644,C
2562,23380,0.5426,923.7700,0.0000,0.9645,C
2563,82607A,0.5428,923.7200,0.0000,0.9645,C
2564,72529W,0.5430,923.0500,0.0000,0.9646,C
2565,23183,0.5432,922.4100,0.0000,0.9646,C
2566,23179,0.5434,922.1900,0.0000,0.9647,C
2567,84341B,0.5436,922.1800,0.0000,0.9647,C
2568,20775,0.5438,921.6500,0.0000,0.9648,C
2569,21726,0.5440,919.9400,0.0000,0.9648,C
2570,20903,0.5443,919.8000,0.0000,0.9649,C
2571,85121C,0.5445,918.9100,0.0000,0.9649,C
2572,90175A,0.5447,918.7000,0.0000,0.9650,C
2573,21702,0.5449,918.6800,0.0000,0.9650,C
2574,72045D,0.5451,918.6500,0.0000,0.9650,C
2575,85130B,0.5453,917.5400,0.0000,0.9651,C
2576,21007,0.5455,914.6700,0.0000,0.9651,C
2577,21320,0.5457,913.3400,0.0000,0.9652,C
2578,85032B,0.5460,909.4300,0.0000,0.9652,C
2579,84660A,0.5462,907.9600,0.0000,0.9653,C
2580,21417,0.5464,907.5900,0.0000,0.9653,C
2581,23178,0.5466,905.3100,0.0000,0.9654,C
2582,46000P,0.5468,905.2500,0.0000,0.9654,C
2583,85032C,0.5470,903.6100,0.0000,0.9655,C
2584,21444,0.5472,902.0300,0.0000,0.9655,C
2585,22994,0.5474,901.1900,0.0000,0.9656,C
2586,21318,0.5476,900.4200,0.0000,0.9656,C
2587,22248,0.5479,899.8700,0.0000,0.9657,C
2588,21480,0.5481,899.5200,0.0000,0.9657,C
2589,20913,0.5483,898.7200,0.0000,0.9658,C
2590,17109B,0.5485,896.3400,0.0000,0.9658,C
2591,20941,0.5487,896.2800,0.0000,0.9659,C
2592,85031B,0.5489,896.0900,0.0000,0.9659,C
2593,84760L,0.5491,896.0000,0.0000,0.9659,C
2594,22707,0.5493,895.4400,0.0000,0.9660,C
2595,84666,0.5496,892.7000,0.0000,0.9660,C
2596,22108,0.5498,890.7700,0.0000,0.9661,C
2597,20757,0.5500,890.7000,0.0000,0.9661,C
2598,21676,0.5502,890.4600,0.0000,0.9662,C
2599,20759,0.5504,890.2800,0.0000,0.9662,C
2600,23452,0.5506,890.1900,0.0000,0.9663,C
2601,20831,0.5508,890.0400,0.0000,0.9663,C
2602,21264,0.5510,888.6000,0.0000,0.9664,C
2603,23281,0.5512,887.7400,0.0000,0.9664,C
2604,85214,0.5515,886.2300,0.0000,0.9665,C
2605,72800C,0.5517,886.1300,0.0000,0.9665,C
2606,84086C,0.5519,884.7500,0.0000,0.9666,C
2607,20991,0.5521,884.5600,0.0000,0.9666,C
2608,21724,0.5523,884.2300,0.0000,0.9667,C
2609,22164,0.5525,883.2200,0.0000,0.9667,C
2610,85019A,0.5527,882.5400,0.0000,0.9667,C
2611,84974,0.5529,879.5500,0.0000,0.9668,C
2612,72799A,0.5532,877.8000,0.0000,0.9668,C
2613,85194S,0.5534,877.1100,0.0000,0.9669,C
2614,21185,0.5536,876.2900,0.0000,0.9669,C
2615,23002,0.5538,875.4000,0.0000,0.9670,C
2616,35598B,0.5540,874.6500,0.0000,0.9670,C
2617,90200C,0.5542,874.6300,0.0000,0.9671,C
2618,20803,0.5544,874.4600,0.0000,0.9671,C
2619,21338,0.5546,873.2500,0.0000,0.9672,C
2620,84925F,0.5548,873.1100,0.0000,0.9672,C
2621,85165,0.5551,872.7600,0.0000,0.9672,C
2622,21414,0.5553,870.8900,0.0000,0.9673,C
2623,84600,0.5555,870.5700,0.0000,0.9673,C
2624,22936,0.5557,869.7100,0.0000,0.9674,C
2625,21293,0.5559,868.2100,0.0000,0.9674,C
2626,17033,0.5561,867.8400,0.0000,0.9675,C
2627,17012B,0.5563,867.4500,0.0000,0.9675,C
2628,22647,0.5565,867.2000,0.0000,0.9676,C
2629,21062,0.5568,865.6700,0.0000,0.9676,C
2630,23532,0.5570,865.4400,0.0000,0.9677,C
2631,85166B,0.5572,864.1000,0.0000,0.9677,C
2632,85161,0.5574,863.8500,0.0000,0.9678,C
2633,21220,0.5576,862.7900,0.0000,0.9678,C
2634,23461,0.5578,862.4800,0.0000,0.9678,C
2635,21270,0.5580,861.6800,0.0000,0.9679,C
2636,21255,0.5582,860.0800,0.0000,0.9679,C
2637,84632,0.5584,859.2500,0.0000,0.9680,C
2638,21147,0.5587,858.2400,0.0000,0.9680,C
2639,21635,0.5589,855.2400,0.0000,0.9681,C
2640,84578,0.5591,854.9100,0.0000,0.9681,C
2641,21478,0.5593,854.2300,0.0000,0.9682,C
2642,84817,0.5595,853.4400,0.0000,0.9682,C
2643,23502,0.5597,852.6600,0.0000,0.9682,C
2644,23099,0.5599,852.2200,0.0000,0.9683,C
2645,84826,0.5601,851.6000,0.0000,0.9683,C
2646,20756,0.5604,851.5600,0.0000,0.9684,C
2647,22096,0.5606,851.5000,0.0000,0.9684,C
2648,35954,0.5608,850.4900,0.0000,0.9685,C
2649,82613C,0.5610,850.0300,0.0000,0.9685,C
2650,21458,0.5612,849.2400,0.0000,0.9686,C
2651,20897,0.5614,848.7000,0.0000,0.9686,C
2652,23004,0.5616,848.3100,0.0000,0.9686,C
2653,84820,0.5618,847.9700,0.0000,0.9687,C
2654,21376,0.5620,847.4100,0.0000,0.9687,C
2655,22229,0.5623,844.1300,0.0000,0.9688,C
2656,37423,0.5625,843.8800,0.0000,0.9688,C
2657,21300,0.5627,841.7000,0.0000,0.9689,C
2658,46776C,0.5629,841.5100,0.0000,0.9689,C
2659,84951A,0.5631,841.3800,0.0000,0.9690,C
2660,84782A,0.5633,840.4500,0.0000,0.9690,C
2661,79342B,0.5635,838.5200,0.0000,0.9690,C
2662,85231L,0.5637,838.3500,0.0000,0.9691,C
2663,17039,0.5640,837.8800,0.0000,0.9691,C
2664,84762B,0.5642,837.7700,0.0000,0.9692,C
2665,21552,0.5644,837.6000,0.0000,0.9692,C
2666,40018E,0.5646,837.0200,0.0000,0.9693,C
2667,85208,0.5648,836.9400,0.0000,0.9693,C
2668,22820,0.5650,836.5000,0.0000,0.9694,C
2669,47367B,0.5652,834.9500,0.0000,0.9694,C
2670,35599B,0.5654,834.4100,0.0000,0.9694,C
2671,84849A,0.5657,833.5700,0.0000,0.9695,C
2672,20776,0.5659,832.6600,0.0000,0.9695,C
2673,85196,0.5661,831.0400,0.0000,0.9696,C
2674,20936,0.5663,830.5600,0.0000,0.9696,C
2675,84951B,0.5665,830.2000,0.0000,0.9697,C
2676,85071C,0.5667,829.5400,0.0000,0.9697,C
2677,85213,0.5669,829.0000,0.0000,0.9697,C
2678,23413,0.5671,828.9200,0.0000,0.9698,C
2679,23423,0.5673,828.2700,0.0000,0.9698,C
2680,22703,0.5676,827.7600,0.0000,0.9699,C
2681,21128,0.5678,826.0300,0.0000,0.9699,C
2682,85188A,0.5680,824.9700,0.0000,0.9700,C
2683,21551,0.5682,824.9500,0.0000,0.9700,C
2684,20894,0.5684,824.3500,0.0000,0.9701,C
2685,72801G,0.5686,821.2200,0.0000,0.9701,C
2686,21654,0.5688,820.2100,0.0000,0.9701,C
2687,90200E,0.5690,819.1200,0.0000,0.9702,C
2688,37494A,0.5693,817.6000,0.0000,0.9702,C
2689,22289,0.5695,817.4800,0.0000,0.9703,C
2690,85187,0.5697,816.4800,0.0000,0.9703,C
2691,21375,0.5699,813.8500,0.0000,0.9704,C
2692,23220,0.5701,813.0700,0.0000,0.9704,C
2693,20833,0.5703,811.8000,0.0000,0.9704,C
2694,90161C,0.5705,809.2000,0.0000,0.9705,C
2695,85145,0.5707,809.0500,0.0000,0.9705,C
2696,47594B,0.5709,808.3900,0.0000,0.9706,C
2697,23324,0.5712,807.7800,0.0000,0.9706,C
2698,21719,0.5714,806.6200,0.0000,0.9707,C
2699,20901,0.5716,806.5800,0.0000,0.9707,C
2700,84767,0.5718,806.2200,0.0000,0.9707,C
2701,37333,0.5720,805.1000,0.0000,0.9708,C
2702,84922,0.5722,803.9700,0.0000,0.9708,C
2703,23186,0.5724,803.8000,0.0000,0.9709,C
2704,22547,0.5726,803.7100,0.0000,0.9709,C
2705,23479,0.5729,802.4700,0.0000,0.9709,C
2706,17012A,0.5731,801.9100,0.0000,0.9710,C
2707,85044,0.5733,801.4000,0.0000,0.9710,C
2708,21454,0.5735,800.8700,0.0000,0.9711,C
2709,22510,0.5737,799.4500,0.0000,0.9711,C
2710,22825,0.5739,799.0200,0.0000,0.9712,C
2711,23106,0.5741,797.4200,0.0000,0.9712,C
2712,22058,0.5743,795.7200,0.0000,0.9712,C
2713,20699,0.5745,795.4100,0.0000,0.9713,C
2714,84920,0.5748,794.1300,0.0000,0.9713,C
2715,16011,0.5750,794.0700,0.0000,0.9714,C
2716,84625D,0.5752,793.3400,0.0000,0.9714,C
2717,35915C,0.5754,793.3200,0.0000,0.9714,C
2718,47574A,0.5756,792.7300,0.0000,0.9715,C
2719,23519,0.5758,792.3100,0.0000,0.9715,C
2720,21455,0.5760,792.1700,0.0000,0.9716,C
2721,85017A,0.5762,792.1500,0.0000,0.9716,C
2722,45008C,0.5765,792.0700,0.0000,0.9717,C
2723,20769,0.5767,790.9600,0.0000,0.9717,C
2724,17107D,0.5769,790.5000,0.0000,0.9717,C
2725,23564,0.5771,789.2900,0.0000,0.9718,C
2726,21222,0.5773,788.6400,0.0000,0.9718,C
2727,23551,0.5775,787.6100,0.0000,0.9719,C
2728,22408,0.5777,784.6300,0.0000,0.9719,C
2729,22135,0.5779,783.6700,0.0000,0.9719,C
2730,84534B,0.5781,783.0100,0.0000,0.9720,C
2731,20989,0.5784,782.1800,0.0000,0.9720,C
2732,37461,0.5786,778.6400,0.0000,0.9721,C
2733,20997,0.5788,776.0900,0.0000,0.9721,C
2734,23472,0.5790,774.8200,0.0000,0.9722,C
2735,84029C,0.5792,773.9700,0.0000,0.9722,C
2736,47563A,0.5794,771.9400,0.0000,0.9722,C
2737,20910,0.5796,769.1200,0.0000,0.9723,C
2738,84761,0.5798,768.8500,0.0000,0.9723,C
2739,21554,0.5801,767.7500,0.0000,0.9724,C
2740,84712B,0.5803,767.1600,0.0000,0.9724,C
2741,72755C,0.5805,767.0000,0.0000,0.9724,C
2742,72750A,0.5807,766.8500,0.0000,0.9725,C
2743,21723,0.5809,766.6500,0.0000,0.9725,C
2744,23140,0.5811,766.1000,0.0000,0.9726,C
2745,16259,0.5813,766.0900,0.0000,0.9726,C
2746,23487,0.5815,765.7300,0.0000,0.9726,C
2747,16244B,0.5817,765.0200,0.0000,0.9727,C
2748,21374,0.5820,764.6700,0.0000,0.9727,C
2749,22344,0.5822,764.5700,0.0000,0.9728,C
2750,84963A,0.5824,763.3500,0.0000,0.9728,C
2751,23521,0.5826,763.1700,0.0000,0.9728,C
2752,35811A,0.5828,762.9700,0.0000,0.9729,C
2753,84762C,0.5830,761.2500,0.0000,0.9729,C
2754,21456,0.5832,761.0500,0.0000,0.9730,C
2755,22486,0.5834,760.4300,0.0000,0.9730,C
2756,22447,0.5837,759.9900,0.0000,0.9730,C
2757,23006,0.5839,758.5900,0.0000,0.9731,C
2758,23409,0.5841,756.6800,0.0000,0.9731,C
2759,21298,0.5843,755.8000,0.0000,0.9732,C
2760,85135A,0.5845,754.5900,0.0000,0.9732,C
2761,35095B,0.5847,754.5800,0.0000,0.9732,C
2762,90209C,0.5849,754.4600,0.0000,0.9733,C
2763,47581B,0.5851,753.7700,0.0000,0.9733,C
2764,23550,0.5853,752.6000,0.0000,0.9734,C
2765,17165B,0.5856,751.6800,0.0000,0.9734,C
2766,23017,0.5858,751.4000,0.0000,0.9734,C
2767,23124,0.5860,751.3800,0.0000,0.9735,C
2768,84653,0.5862,750.4800,0.0000,0.9735,C
2769,84615,0.5864,748.4800,0.0000,0.9736,C
2770,35647,0.5866,748.2400,0.0000,0.9736,C
2771,84620,0.5868,746.6100,0.0000,0.9736,C
2772,84663A,0.5870,746.3900,0.0000,0.9737,C
2773,84842,0.5873,744.1500,0.0000,0.9737,C
2774,21319,0.5875,743.6100,0.0000,0.9737,C
2775,72800A,0.5877,743.2600,0.0000,0.9738,C
2776,84689,0.5879,742.9000,0.0000,0.9738,C
2777,23325,0.5881,740.9400,0.0000,0.9739,C
2778,21503,0.5883,740.4200,0.0000,0.9739,C
2779,23282,0.5885,739.7500,0.0000,0.9739,C
2780,23025,0.5887,735.8400,0.0000,0.9740,C
2781,84033,0.5889,735.3800,0.0000,0.9740,C
2782,84715,0.5892,734.8900,0.0000,0.9741,C
2783,23123,0.5894,733.0700,0.0000,0.9741,C
2784,84821,0.5896,732.6200,0.0000,0.9741,C
2785,85130C,0.5898,731.5700,0.0000,0.9742,C
2786,23022,0.5900,731.2000,0.0000,0.9742,C
2787,90209B,0.5902,730.6600,0.0000,0.9743,C
2788,23335,0.5904,730.5500,0.0000,0.9743,C
2789,47503F,0.5906,729.9500,0.0000,0.9743,C
2790,21377,0.5909,729.9100,0.0000,0.9744,C
2791,90200B,0.5911,728.9000,0.0000,0.9744,C
2792,21194,0.5913,728.7500,0.0000,0.9744,C
2793,84971L,0.5915,728.4300,0.0000,0.9745,C
2794,21443,0.5917,727.9300,0.0000,0.9745,C
2795,20657,0.5919,726.4700,0.0000,0.9746,C
2796,22640,0.5921,726.4600,0.0000,0.9746,C
2797,23460,0.5923,726.3500,0.0000,0.9746,C
2798,85230F,0.5925,725.7000,0.0000,0.9747,C
2799,23498,0.5928,724.8500,0.0000,0.9747,C
2800,85088,0.5930,723.8500,0.0000,0.9747,C
2801,84595E,0.5932,723.5700,0.0000,0.9748,C
2802,20701,0.5934,721.4900,0.0000,0.9748,C
2803,10134,0.5936,721.1300,0.0000,0.9749,C
2804,84684,0.5938,720.7000,0.0000,0.9749,C
2805,21344,0.5940,719.9700,0.0000,0.9749,C
2806,85017C,0.5942,719.6700,0.0000,0.9750,C
2807,72799C,0.5945,718.5300,0.0000,0.9750,C
2808,85131B,0.5947,718.2900,0.0000,0.9751,C
2809,35951,0.5949,717.9900,0.0000,0.9751,C
2810,21457,0.5951,716.0000,0.0000,0.9751,C
2811,21076,0.5953,714.5500,0.0000,0.9752,C
2812,23338,0.5955,714.4900,0.0000,0.9752,C
2813,20850,0.5957,713.8000,0.0000,0.9752,C
2814,35915B,0.5959,713.7300,0.0000,0.9753,C
2815,21001,0.5961,713.6700,0.0000,0.9753,C
2816,21133,0.5964,712.9100,0.0000,0.9754,C
2817,79030D,0.5966,711.6400,0.0000,0.9754,C
2818,16015,0.5968,711.3800,0.0000,0.9754,C
2819,20854,0.5970,711.3700,0.0000,0.9755,C
2820,84708B,0.5972,708.0400,0.0000,0.9755,C
2821,21221,0.5974,705.9500,0.0000,0.9755,C
2822,21308,0.5976,705.9000,0.0000,0.9756,C
2823,23522,0.5978,705.4000,0.0000,0.9756,C
2824,84952C,0.5981,705.0100,0.0000,0.9756,C
2825,84976,0.5983,704.3300,0.0000,0.9757,C
2826,84869,0.5985,703.5400,0.0000,0.9757,C
2827,22641,0.5987,702.5300,0.0000,0.9758,C
2828,21015,0.5989,701.3900,0.0000,0.9758,C
2829,21378,0.5991,700.8200,0.0000,0.9758,C
2830,21026,0.5993,699.5100,0.0000,0.9759,C
2831,23115,0.5995,699.2400,0.0000,0.9759,C
2832,20763,0.5997,699.1100,0.0000,0.9759,C
2833,21740,0.6000,698.0100,0.0000,0.9760,C
2834,84569A,0.6002,697.5000,0.0000,0.9760,C
2835,21415,0.6004,696.9300,0.0000,0.9761,C
2836,85231E,0.6006,696.8900,0.0000,0.9761,C
2837,35095A,0.6008,696.7800,0.0000,0.9761,C
2838,84584,0.6010,696.7500,0.0000,0.9762,C
2839,22036,0.6012,695.1100,0.0000,0.9762,C
2840,23187,0.6014,695.0600,0.0000,0.9762,C
2841,90161B,0.6017,694.4700,0.0000,0.9763,C
2842,20898,0.6019,693.9200,0.0000,0.9763,C
2843,72755D,0.6021,693.2500,0.0000,0.9763,C
2844,22638,0.6023,692.5700,0.0000,0.9764,C
2845,23223,0.6025,692.4800,0.0000,0.9764,C
2846,72131,0.6027,692.2800,0.0000,0.9765,C
2847,20862,0.6029,691.1400,0.0000,0.9765,C
2848,72753A,0.6031,690.2400,0.0000,0.9765,C
2849,23070,0.6033,688.8000,0.0000,0.9766,C
2850,21379,0.6036,688.7200,0.0000,0.9766,C
2851,22981,0.6038,688.1600,0.0000,0.9766,C
2852,84917,0.6040,686.0300,0.0000,0.9767,C
2853,85186A,0.6042,685.8700,0.0000,0.9767,C
2854,84563A,0.6044,685.1500,0.0000,0.9767,C
2855,84931B,0.6046,683.7700,0.0000,0.9768,C
2856,23114,0.6048,683.5000,0.0000,0.9768,C
2857,37492D,0.6050,682.9900,0.0000,0.9769,C
2858,47594A,0.6053,682.5100,0.0000,0.9769,C
2859,17165D,0.6055,682.3200,0.0000,0.9769,C
2860,23435,0.6057,682.2800,0.0000,0.9770,C
2861,22033,0.6059,681.9300,0.0000,0.9770,C
2862,85084,0.6061,681.4000,0.0000,0.9770,C
2863,22124,0.6063,681.0600,0.0000,0.9771,C
2864,21674,0.6065,680.8500,0.0000,0.9771,C
2865,85023B,0.6067,679.8000,0.0000,0.9771,C
2866,23120,0.6069,679.1300,0.0000,0.9772,C
2867,72801D,0.6072,678.9300,0.0000,0.9772,C
2868,21442,0.6074,678.3700,0.0000,0.9772,C
2869,62094B,0.6076,677.9900,0.0000,0.9773,C
2870,84925D,0.6078,677.4500,0.0000,0.9773,C
2871,84993A,0.6080,677.0700,0.0000,0.9774,C
2872,84824,0.6082,676.4500,0.0000,0.9774,C
2873,21847,0.6084,675.3700,0.0000,0.9774,C
2874,82613A,0.6086,674.9500,0.0000,0.9775,C
2875,20856,0.6089,674.0900,0.0000,0.9775,C
2876,37444C,0.6091,673.7200,0.0000,0.9775,C
2877,22034,0.6093,673.4900,0.0000,0.9776,C
2878,85096,0.6095,673.1700,0.0000,0.9776,C
2879,72801C,0.6097,671.4400,0.0000,0.9776,C
2880,21265,0.6099,670.4900,0.0000,0.9777,C
2881,90160C,0.6101,669.9300,0.0000,0.9777,C
2882,23222,0.6103,669.7400,0.0000,0.9777,C
2883,72023F,0.6105,669.6200,0.0000,0.9778,C
2884,75013B,0.6108,669.6200,0.0000,0.9778,C
2885,85205B,0.6110,669.3800,0.0000,0.9778,C
2886,21365,0.6112,668.9200,0.0000,0.9779,C
2887,23024,0.6114,667.8500,0.0000,0.9779,C
2888,21386,0.6116,666.3400,0.0000,0.9780,C
2889,21247,0.6118,664.7300,0.0000,0.9780,C
2890,22100,0.6120,664.5300,0.0000,0.9780,C
2891,90082D,0.6122,664.3500,0.0000,0.9781,C
2892,21750,0.6125,663.8500,0.0000,0.9781,C
2893,17109C,0.6127,661.2300,0.0000,0.9781,C
2894,85188B,0.6129,660.8800,0.0000,0.9782,C
2895,23598,0.6131,660.0300,0.0000,0.9782,C
2896,21764,0.6133,659.1500,0.0000,0.9782,C
2897,16169K,0.6135,658.7500,0.0000,0.9783,C
2898,23042,0.6137,658.3300,0.0000,0.9783,C
2899,85186C,0.6139,658.1900,0.0000,0.9783,C
2900,84986B,0.6141,656.9400,0.0000,0.9784,C
2901,90200A,0.6144,656.8900,0.0000,0.9784,C
2902,22056,0.6146,656.8700,0.0000,0.9784,C
2903,85028S,0.6148,656.8200,0.0000,0.9785,C
2904,71403,0.6150,656.0500,0.0000,0.9785,C
2905,85203,0.6152,655.8300,0.0000,0.9785,C
2906,22054,0.6154,655.0100,0.0000,0.9786,C
2907,21884,0.6156,654.1800,0.0000,0.9786,C
2908,21879,0.6158,654.1100,0.0000,0.9786,C
2909,85028L,0.6161,654.0100,0.0000,0.9787,C
2910,22345,0.6163,652.0400,0.0000,0.9787,C
2911,90184C,0.6165,651.8900,0.0000,0.9787,C
2912,35004P,0.6167,651.6900,0.0000,0.9788,C
2913,85019C,0.6169,651.1900,0.0000,0.9788,C
2914,37474,0.6171,651.0500,0.0000,0.9789,C
2915,21307,0.6173,650.0700,0.0000,0.9789,C
2916,20714,0.6175,649.8200,0.0000,0.9789,C
2917,21350,0.6177,647.7500,0.0000,0.9790,C
2918,17164B,0.6180,646.5600,0.0000,0.9790,C
2919,20618,0.6182,646.4400,0.0000,0.9790,C
2920,21134,0.6184,646.4400,0.0000,0.9791,C
2921,84916,0.6186,646.4300,0.0000,0.9791,C
2922,46776E,0.6188,645.5800,0.0000,0.9791,C
2923,47597,0.6190,644.8800,0.0000,0.9792,C
2924,85215,0.6192,643.8900,0.0000,0.9792,C
2925,17181,0.6194,642.6600,0.0000,0.9792,C
2926,21197,0.6197,642.0100,0.0000,0.9793,C
2927,23454,0.6199,641.9100,0.0000,0.9793,C
2928,35964,0.6201,641.6500,0.0000,0.9793,C
2929,84520D,0.6203,639.4700,0.0000,0.9794,C
2930,84865,0.6205,639.4200,0.0000,0.9794,C
2931,21665,0.6207,638.8000,0.0000,0.9794,C
2932,84601A,0.6209,638.3400,0.0000,0.9795,C
2933,84766,0.6211,638.0000,0.0000,0.9795,C
2934,47592A,0.6213,637.3700,0.0000,0.9795,C
2935,21816,0.6216,637.3400,0.0000,0.9796,C
2936,21263,0.6218,636.8400,0.0000,0.9796,C
2937,85185D,0.6220,636.1100,0.0000,0.9796,C
2938,84507C,0.6222,634.6400,0.0000,0.9797,C
2939,17084N,0.6224,632.9100,0.0000,0.9797,C
2940,20819,0.6226,631.4900,0.0000,0.9797,C
2941,16169M,0.6228,630.4500,0.0000,0.9798,C
2942,84964A,0.6230,630.0000,0.0000,0.9798,C
2943,17012F,0.6233,629.3400,0.0000,0.9798,C
2944,21441,0.6235,628.8600,0.0000,0.9799,C
2945,85230E,0.6237,628.4100,0.0000,0.9799,C
2946,90161D,0.6239,628.0000,0.0000,0.9799,C
2947,23458,0.6241,627.9000,0.0000,0.9800,C
2948,84596J,0.6243,626.7600,0.0000,0.9800,C
2949,16169N,0.6245,626.2500,0.0000,0.9800,C
2950,71101E,0.6247,626.1300,0.0000,0.9801,C
2951,22263,0.6249,625.7500,0.0000,0.9801,C
2952,85218,0.6252,625.2000,0.0000,0.9801,C
2953,21004,0.6254,625.0700,0.0000,0.9802,C
2954,82616A,0.6256,624.2100,0.0000,0.9802,C
2955,23216,0.6258,623.2700,0.0000,0.9802,C
2956,85092,0.6260,622.5700,0.0000,0.9803,C
2957,20694,0.6262,622.3300,0.0000,0.9803,C
2958,22391,0.6264,619.9800,0.0000,0.9803,C
2959,16156N,0.6266,619.5000,0.0000,0.9804,C
2960,20696,0.6269,617.9400,0.0000,0.9804,C
2961,23408,0.6271,617.7600,0.0000,0.9804,C
2962,72772,0.6273,615.8400,0.0000,0.9804,C
2963,23568,0.6275,615.6200,0.0000,0.9805,C
2964,84932C,0.6277,615.4000,0.0000,0.9805,C
2965,20689,0.6279,614.1000,0.0000,0.9805,C
2966,47583A,0.6281,612.8200,0.0000,0.9806,C
2967,23019,0.6283,612.5500,0.0000,0.9806,C
2968,37351,0.6285,612.5100,0.0000,0.9806,C
2969,23018,0.6288,612.1600,0.0000,0.9807,C
2970,79315W,0.6290,611.5100,0.0000,0.9807,C
2971,35972,0.6292,611.3800,0.0000,0.9807,C
2972,84858C,0.6294,611.0700,0.0000,0.9808,C
2973,23547,0.6296,609.0000,0.0000,0.9808,C
2974,84952B,0.6298,608.0300,0.0000,0.9808,C
2975,21173,0.6300,607.9600,0.0000,0.9809,C
2976,20655,0.6302,607.2300,0.0000,0.9809,C
2977,22042,0.6305,607.0300,0.0000,0.9809,C
2978,84859A,0.6307,605.2700,0.0000,0.9810,C
2979,23456,0.6309,605.0500,0.0000,0.9810,C
2980,20695,0.6311,604.5800,0.0000,0.9810,C
2981,85169D,0.6313,603.9800,0.0000,0.9811,C
2982,22043,0.6315,603.7700,0.0000,0.9811,C
2983,21416,0.6317,603.0600,0.0000,0.9811,C
2984,16012,0.6319,602.7600,0.0000,0.9812,C
2985,84247G,0.6321,602.6700,0.0000,0.9812,C
2986,84932A,0.6324,602.6000,0.0000,0.9812,C
2987,20863,0.6326,601.5300,0.0000,0.9812,C
2988,21003,0.6328,601.4300,0.0000,0.9813,C
2989,22538,0.6330,601.3100,0.0000,0.9813,C
2990,82095,0.6332,600.9100,0.0000,0.9813,C
2991,18094C,0.6334,600.6600,0.0000,0.9814,C
2992,84876D,0.6336,600.5200,0.0000,0.9814,C
2993,85146,0.6338,599.3800,0.0000,0.9814,C
2994,23482,0.6341,598.3200,0.0000,0.9815,C
2995,17109D,0.6343,598.3100,0.0000,0.9815,C
2996,21440,0.6345,597.5600,0.0000,0.9815,C
2997,84682,0.6347,596.9400,0.0000,0.9816,C
2998,82011C,0.6349,595.1800,0.0000,0.9816,C
2999,82605,0.6351,595.0700,0.0000,0.9816,C
3000,85117,0.6353,594.3200,0.0000,0.9817,C
3001,85168B,0.6355,594.1400,0.0000,0.9817,C
3002,17012D,0.6357,593.6800,0.0000,0.9817,C
3003,20849,0.6360,593.0300,0.0000,0.9818,C
3004,47469,0.6362,592.9800,0.0000,0.9818,C
3005,62096A,0.6364,592.7900,0.0000,0.9818,C
3006,85113,0.6366,591.6600,0.0000,0.9818,C
3007,21304,0.6368,591.5800,0.0000,0.9819,C
3008,84963B,0.6370,591.5000,0.0000,0.9819,C
3009,90143,0.6372,591.2300,0.0000,0.9819,C
3010,21322,0.6374,590.4500,0.0000,0.9820,C
3011,22092,0.6377,590.1800,0.0000,0.9820,C
3012,84563B,0.6379,590.0400,0.0000,0.9820,C
3013,90184B,0.6381,589.2800,0.0000,0.9821,C
3014,84707B,0.6383,589.2700,0.0000,0.9821,C
3015,23180,0.6385,588.8500,0.0000,0.9821,C
3016,23224,0.6387,588.7000,0.0000,0.9822,C
3017,21256,0.6389,588.6400,0.0000,0.9822,C
3018,46776D,0.6391,587.8600,0.0000,0.9822,C
3019,21893,0.6393,587.8000,0.0000,0.9822,C
3020,84051,0.6396,587.5800,0.0000,0.9823,C
3021,21223,0.6398,587.0800,0.0000,0.9823,C
3022,23471,0.6400,586.9400,0.0000,0.9823,C
3023,84934,0.6402,586.5000,0.0000,0.9824,C
3024,90199C,0.6404,585.2900,0.0000,0.9824,C
3025,84569C,0.6406,584.9300,0.0000,0.9824,C
3026,79190B,0.6408,584.1800,0.0000,0.9825,C
3027,21016,0.6410,582.8500,0.0000,0.9825,C
3028,16236,0.6413,582.7900,0.0000,0.9825,C
3029,21553,0.6415,581.2700,0.0000,0.9826,C
3030,20804,0.6417,579.3100,0.0000,0.9826,C
3031,90010B,0.6419,578.0200,0.0000,0.9826,C
3032,21419,0.6421,577.6900,0.0000,0.9826,C
3033,23492,0.6423,577.6300,0.0000,0.9827,C
3034,23537,0.6425,576.1800,0.0000,0.9827,C
3035,35922,0.6427,575.9900,0.0000,0.9827,C
3036,23125,0.6429,574.8800,0.0000,0.9828,C
3037,84932D,0.6432,574.7100,0.0000,0.9828,C
3038,20935,0.6434,574.4800,0.0000,0.9828,C
3039,23520,0.6436,574.3000,0.0000,0.9829,C
3040,17013D,0.6438,572.4000,0.0000,0.9829,C
3041,84675,0.6440,571.7100,0.0000,0.9829,C
3042,20794,0.6442,570.9000,0.0000,0.9829,C
3043,20781,0.6444,570.5400,0.0000,0.9830,C
3044,16162L,0.6446,570.4300,0.0000,0.9830,C
3045,85202,0.6449,570.0900,0.0000,0.9830,C
3046,85129A,0.6451,569.1600,0.0000,0.9831,C
3047,85086A,0.6453,568.7300,0.0000,0.9831,C
3048,22346,0.6455,568.7200,0.0000,0.9831,C
3049,84846A,0.6457,567.5500,0.0000,0.9832,C
3050,90195A,0.6459,567.5000,0.0000,0.9832,C
3051,85119,0.6461,567.4800,0.0000,0.9832,C
3052,84924A,0.6463,567.2500,0.0000,0.9832,C
3053,16169C,0.6465,567.0000,0.0000,0.9833,C
3054,23027,0.6468,565.5500,0.0000,0.9833,C
3055,90198A,0.6470,563.7800,0.0000,0.9833,C
3056,37444A,0.6472,563.4300,0.0000,0.9834,C
3057,20838,0.6474,562.5100,0.0000,0.9834,C
3058,72122,0.6476,562.2200,0.0000,0.9834,C
3059,47421,0.6478,561.7800,0.0000,0.9835,C
3060,37345,0.6480,561.0500,0.0000,0.9835,C
3061,85169C,0.6482,560.6100,0.0000,0.9835,C
3062,84773,0.6485,560.5000,0.0000,0.9835,C
3063,16049,0.6487,560.4800,0.0000,0.9836,C
3064,85090,0.6489,559.2800,0.0000,0.9836,C
3065,84806B,0.6491,558.6600,0.0000,0.9836,C
3066,21160,0.6493,557.4900,0.0000,0.9837,C
3067,84306,0.6495,557.4800,0.0000,0.9837,C
3068,84569B,0.6497,557.1800,0.0000,0.9837,C
3069,23377,0.6499,557.1100,0.0000,0.9837,C
3070,90120D,0.6501,554.1300,0.0000,0.9838,C
3071,85230B,0.6504,554.0800,0.0000,0.9838,C
3072,23453,0.6506,551.6300,0.0000,0.9838,C
3073,84859C,0.6508,550.7700,0.0000,0.9839,C
3074,22044,0.6510,550.2800,0.0000,0.9839,C
3075,85091,0.6512,548.8100,0.0000,0.9839,C
3076,20888,0.6514,547.7400,0.0000,0.9839,C
3077,85071D,0.6516,547.6900,0.0000,0.9840,C
3078,21339,0.6518,544.5000,0.0000,0.9840,C
3079,23069,0.6521,543.7100,0.0000,0.9840,C
3080,84596K,0.6523,543.4100,0.0000,0.9841,C
3081,16238,0.6525,542.9500,0.0000,0.9841,C
3082,35969,0.6527,542.4700,0.0000,0.9841,C
3083,21881,0.6529,542.2600,0.0000,0.9841,C
3084,47021G,0.6531,541.9600,0.0000,0.9842,C
3085,84984B,0.6533,541.3000,0.0000,0.9842,C
3086,20943,0.6535,540.2100,0.0000,0.9842,C
3087,21311,0.6537,539.0900,0.0000,0.9843,C
3088,85027L,0.6540,538.5000,0.0000,0.9843,C
3089,23549,0.6542,537.6000,0.0000,0.9843,C
3090,84592,0.6544,536.4000,0.0000,0.9843,C
3091,84414B,0.6546,536.2400,0.0000,0.9844,C
3092,23016,0.6548,536.0000,0.0000,0.9844,C
3093,21017,0.6550,535.8900,0.0000,0.9844,C
3094,16048,0.6552,535.4000,0.0000,0.9845,C
3095,22394,0.6554,534.5400,0.0000,0.9845,C
3096,90203,0.6557,534.2700,0.0000,0.9845,C
3097,16169P,0.6559,533.7500,0.0000,0.9845,C
3098,20823,0.6561,533.7100,0.0000,0.9846,C
3099,21167,0.6563,532.2900,0.0000,0.9846,C
3100,85030,0.6565,531.4500,0.0000,0.9846,C
3101,72267,0.6567,530.1600,0.0000,0.9847,C
3102,21734,0.6569,529.4900,0.0000,0.9847,C
3103,23565,0.6571,529.2500,0.0000,0.9847,C
3104,90160D,0.6573,529.2200,0.0000,0.9847,C
3105,84799,0.6576,528.7800,0.0000,0.9848,C
3106,16202B,0.6578,528.5600,0.0000,0.9848,C
3107,23381,0.6580,528.2100,0.0000,0.9848,C
3108,21336,0.6582,527.5600,0.0000,0.9849,C
3109,21371,0.6584,527.5100,0.0000,0.9849,C
3110,84510C,0.6586,526.9000,0.0000,0.9849,C
3111,20653,0.6588,526.3100,0.0000,0.9849,C
3112,21943,0.6590,525.9000,0.0000,0.9850,C
3113,72728,0.6593,523.1500,0.0000,0.9850,C
3114,84989B,0.6595,522.9500,0.0000,0.9850,C
3115,22861,0.6597,522.9300,0.0000,0.9850,C
3116,85226C,0.6599,522.3100,0.0000,0.9851,C
3117,21403,0.6601,521.4500,0.0000,0.9851,C
3118,21459,0.6603,520.5500,0.0000,0.9851,C
3119,23219,0.6605,520.0100,0.0000,0.9852,C
3120,71270,0.6607,519.2300,0.0000,0.9852,C
3121,20793,0.6609,518.5000,0.0000,0.9852,C
3122,35004S,0.6612,518.4000,0.0000,0.9852,C
3123,21418,0.6614,518.0400,0.0000,0.9853,C
3124,35810B,0.6616,517.7100,0.0000,0.9853,C
3125,84657,0.6618,517.4800,0.0000,0.9853,C
3126,84762A,0.6620,517.4300,0.0000,0.9853,C
3127,84683,0.6622,516.8500,0.0000,0.9854,C
3128,23139,0.6624,516.2200,0.0000,0.9854,C
3129,20868,0.6626,515.3400,0.0000,0.9854,C
3130,71143,0.6629,514.4500,0.0000,0.9855,C
3131,84931A,0.6631,513.6900,0.0000,0.9855,C
3132,84661B,0.6633,513.4100,0.0000,0.9855,C
3133,85039C,0.6635,513.0500,0.0000,0.9855,C
3134,22407,0.6637,511.7600,0.0000,0.9856,C
3135,84782C,0.6639,509.9000,0.0000,0.9856,C
3136,23272,0.6641,509.6200,0.0000,0.9856,C
3137,20753,0.6643,509.0000,0.0000,0.9856,C
3138,23455,0.6645,508.7400,0.0000,0.9857,C
3139,85020,0.6648,508.2800,0.0000,0.9857,C
3140,85129C,0.6650,507.7700,0.0000,0.9857,C
3141,84805B,0.6652,506.4000,0.0000,0.9857,C
3142,37352,0.6654,504.5500,0.0000,0.9858,C
3143,84877B,0.6656,504.4300,0.0000,0.9858,C
3144,84875B,0.6658,503.5500,0.0000,0.9858,C
3145,84218,0.6660,503.5100,0.0000,0.9859,C
3146,85142,0.6662,502.5800,0.0000,0.9859,C
3147,20845,0.6665,502.2700,0.0000,0.9859,C
3148,21117,0.6667,502.0800,0.0000,0.9859,C
3149,79337,0.6669,502.0300,0.0000,0.9860,C
3150,90114,0.6671,501.7000,0.0000,0.9860,C
3151,23484,0.6673,501.0700,0.0000,0.9860,C
3152,20865,0.6675,500.4900,0.0000,0.9860,C
3153,20659,0.6677,500.2800,0.0000,0.9861,C
3154,84706D,0.6679,500.1900,0.0000,0.9861,C
3155,22541,0.6681,500.0300,0.0000,0.9861,C
3156,21882,0.6684,499.4400,0.0000,0.9861,C
3157,35471A,0.6686,499.3100,0.0000,0.9862,C
3158,20654,0.6688,499.2400,0.0000,0.9862,C
3159,23660,0.6690,499.1600,0.0000,0.9862,C
3160,84247L,0.6692,498.2100,0.0000,0.9862,C
3161,16168M,0.6694,498.1500,0.0000,0.9863,C
3162,20864,0.6696,498.1400,0.0000,0.9863,C
3163,85169B,0.6698,497.9900,0.0000,0.9863,C
3164,35600D,0.6701,497.7000,0.0000,0.9864,C
3165,90058B,0.6703,495.4000,0.0000,0.9864,C
3166,21373,0.6705,494.1400,0.0000,0.9864,C
3167,23043,0.6707,493.6700,0.0000,0.9864,C
3168,46118,0.6709,493.6600,0.0000,0.9865,C
3169,84798B,0.6711,492.9000,0.0000,0.9865,C
3170,16219,0.6713,492.8400,0.0000,0.9865,C
3171,90010E,0.6715,492.5000,0.0000,0.9865,C
3172,23473,0.6717,492.2600,0.0000,0.9866,C
3173,16239,0.6720,492.1700,0.0000,0.9866,C
3174,23499,0.6722,491.8000,0.0000,0.9866,C
3175,90160B,0.6724,490.9200,0.0000,0.9866,C
3176,85230A,0.6726,490.0800,0.0000,0.9867,C
3177,23425,0.6728,490.0300,0.0000,0.9867,C
3178,23045,0.6730,489.6900,0.0000,0.9867,C
3179,23074,0.6732,489.3300,0.0000,0.9867,C
3180,84876B,0.6734,488.3100,0.0000,0.9868,C
3181,21663,0.6737,488.1600,0.0000,0.9868,C
3182,51020B,0.6739,488.1200,0.0000,0.9868,C
3183,23021,0.6741,484.2200,0.0000,0.9868,C
3184,84875D,0.6743,483.7500,0.0000,0.9869,C
3185,84827,0.6745,483.4000,0.0000,0.9869,C
3186,22259,0.6747,482.9500,0.0000,0.9869,C
3187,23060,0.6749,482.4100,0.0000,0.9869,C
3188,22031,0.6751,482.2500,0.0000,0.9870,C
3189,90014A,0.6753,481.2100,0.0000,0.9870,C
3190,16244A,0.6756,479.4100,0.0000,0.9870,C
3191,37492C,0.6758,477.3000,0.0000,0.9870,C
3192,72750C,0.6760,476.4000,0.0000,0.9871,C
3193,85170B,0.6762,475.9100,0.0000,0.9871,C
3194,85109,0.6764,475.4300,0.0000,0.9871,C
3195,84809A,0.6766,474.8400,0.0000,0.9871,C
3196,21536,0.6768,474.7400,0.0000,0.9872,C
3197,21132,0.6770,474.1100,0.0000,0.9872,C
3198,85136B,0.6773,473.7700,0.0000,0.9872,C
3199,23218,0.6775,473.1100,0.0000,0.9872,C
3200,90175D,0.6777,472.9200,0.0000,0.9873,C
3201,40046A,0.6779,472.0700,0.0000,0.9873,C
3202,20662,0.6781,471.3300,0.0000,0.9873,C
3203,84901,0.6783,471.1300,0.0000,0.9873,C
3204,23398,0.6785,470.8400,0.0000,0.9874,C
3205,23136,0.6787,470.6400,0.0000,0.9874,C
3206,22038,0.6789,470.5000,0.0000,0.9874,C
3207,21518,0.6792,469.2800,0.0000,0.9874,C
3208,72799B,0.6794,467.7100,0.0000,0.9875,C
3209,23451,0.6796,467.5000,0.0000,0.9875,C
3210,85211,0.6798,467.4000,0.0000,0.9875,C
3211,35911A,0.6800,466.6900,0.0000,0.9875,C
3212,72225C,0.6802,466.3800,0.0000,0.9876,C
3213,23457,0.6804,465.7300,0.0000,0.9876,C
3214,23422,0.6806,465.4700,0.0000,0.9876,C
3215,84804B,0.6809,464.0500,0.0000,0.9876,C
3216,84926E,0.6811,463.4500,0.0000,0.9877,C
3217,51020A,0.6813,463.3100,0.0000,0.9877,C
3218,84972L,0.6815,462.1500,0.0000,0.9877,C
3219,72132,0.6817,462.1500,0.0000,0.9877,C
3220,84984A,0.6819,462.1200,0.0000,0.9878,C
3221,72789,0.6821,461.5300,0.0000,0.9878,C
3222,90195B,0.6823,460.6900,0.0000,0.9878,C
3223,85204,0.6825,459.9400,0.0000,0.9878,C
3224,84948,0.6828,459.2100,0.0000,0.9879,C
3225,85179A,0.6830,458.2700,0.0000,0.9879,C
3226,47422,0.6832,457.9200,0.0000,0.9879,C
3227,16207B,0.6834,457.6500,0.0000,0.9879,C
3228,35967,0.6836,455.3700,0.0000,0.9880,C
3229,23336,0.6838,454.9200,0.0000,0.9880,C
3230,21757,0.6840,454.3000,0.0000,0.9880,C
3231,90192,0.6842,454.3000,0.0000,0.9880,C
3232,23117,0.6845,454.0100,0.0000,0.9880,C
3233,84508B,0.6847,453.7600,0.0000,0.9881,C
3234,20621,0.6849,451.6700,0.0000,0.9881,C
3235,82081,0.6851,451.3500,0.0000,0.9881,C
3236,84597C,0.6853,450.9800,0.0000,0.9881,C
3237,90120C,0.6855,449.8700,0.0000,0.9882,C
3238,20616,0.6857,448.5100,0.0000,0.9882,C
3239,23466,0.6859,448.2700,0.0000,0.9882,C
3240,17164D,0.6861,447.0000,0.0000,0.9882,C
3241,23379,0.6864,446.6200,0.0000,0.9883,C
3242,72127,0.6866,445.9400,0.0000,0.9883,C
3243,84857C,0.6868,445.0300,0.0000,0.9883,C
3244,23509,0.6870,444.3500,0.0000,0.9883,C
3245,90145,0.6872,443.4000,0.0000,0.9884,C
3246,90120B,0.6874,443.1400,0.0000,0.9884,C
3247,84915,0.6876,443.0400,0.0000,0.9884,C
3248,62096B,0.6878,441.9900,0.0000,0.9884,C
3249,16243B,0.6881,441.7700,0.0000,0.9884,C
3250,90154,0.6883,439.6500,0.0000,0.9885,C
3251,16161M,0.6885,439.0000,0.0000,0.9885,C
3252,72128,0.6887,438.9800,0.0000,0.9885,C
3253,79030A,0.6889,438.2500,0.0000,0.9885,C
3254,16218,0.6891,438.2300,0.0000,0.9886,C
3255,90201B,0.6893,433.7100,0.0000,0.9886,C
3256,79071B,0.6895,433.7000,0.0000,0.9886,C
3257,21027,0.6898,433.6100,0.0000,0.9886,C
3258,90198B,0.6900,433.4000,0.0000,0.9887,C
3259,84510F,0.6902,432.7500,0.0000,0.9887,C
3260,84798A,0.6904,432.4500,0.0000,0.9887,C
3261,37464,0.6906,431.1800,0.0000,0.9887,C
3262,84858B,0.6908,431.0000,0.0000,0.9887,C
3263,23548,0.6910,430.5000,0.0000,0.9888,C
3264,20851,0.6912,429.5700,0.0000,0.9888,C
3265,84859B,0.6914,429.3300,0.0000,0.9888,C
3266,90013B,0.6917,428.9200,0.0000,0.9888,C
3267,84966B,0.6919,428.0000,0.0000,0.9889,C
3268,84422,0.6921,427.9500,0.0000,0.9889,C
3269,23023,0.6923,427.9200,0.0000,0.9889,C
3270,84801A,0.6925,427.4400,0.0000,0.9889,C
3271,90010A,0.6927,424.7100,0.0000,0.9889,C
3272,20715,0.6929,424.0000,0.0000,0.9890,C
3273,45016,0.6931,423.7300,0.0000,0.9890,C
3274,16207A,0.6934,423.5300,0.0000,0.9890,C
3275,21729,0.6936,422.9000,0.0000,0.9890,C
3276,72801E,0.6938,422.3200,0.0000,0.9891,C
3277,16045,0.6940,421.4400,0.0000,0.9891,C
3278,47579,0.6942,420.8700,0.0000,0.9891,C
3279,46126A,0.6944,419.9900,0.0000,0.9891,C
3280,84967C,0.6946,419.8500,0.0000,0.9891,C
3281,21678,0.6948,419.7400,0.0000,0.9892,C
3282,90013A,0.6950,419.3500,0.0000,0.9892,C
3283,84770,0.6953,419.2500,0.0000,0.9892,C
3284,23044,0.6955,419.1400,0.0000,0.9892,C
3285,85230G,0.6957,418.8000,0.0000,0.9893,C
3286,22032,0.6959,418.1200,0.0000,0.9893,C
3287,84532B,0.6961,417.5800,0.0000,0.9893,C
3288,85097B,0.6963,417.1700,0.0000,0.9893,C
3289,21028,0.6965,416.5200,0.0000,0.9893,C
3290,72803B,0.6967,416.3500,0.0000,0.9894,C
3291,35240,0.6970,416.0100,0.0000,0.9894,C
3292,84529C,0.6972,414.7400,0.0000,0.9894,C
3293,84007,0.6974,413.1200,0.0000,0.9894,C
3294,72780,0.6976,413.0800,0.0000,0.9895,C
3295,85112,0.6978,412.7700,0.0000,0.9895,C
3296,20666,0.6980,412.4500,0.0000,0.9895,C
3297,20857,0.6982,410.8500,0.0000,0.9895,C
3298,21520,0.6984,410.8000,0.0000,0.9895,C
3299,21341,0.6986,410.6400,0.0000,0.9896,C
3300,37444B,0.6989,409.6000,0.0000,0.9896,C
3301,16169F,0.6991,409.5000,0.0000,0.9896,C
3302,84595B,0.6993,408.9000,0.0000,0.9896,C
3303,21252,0.6995,408.6600,0.0000,0.9896,C
3304,84984D,0.6997,404.9100,0.0000,0.9897,C
3305,82076,0.6999,403.6400,0.0000,0.9897,C
3306,90149,0.7001,402.7800,0.0000,0.9897,C
3307,84932B,0.7003,401.3000,0.0000,0.9897,C
3308,84984C,0.7006,401.1600,0.0000,0.9898,C
3309,85007,0.7008,399.6200,0.0000,0.9898,C
3310,20889,0.7010,398.0400,0.0000,0.9898,C
3311,85167A,0.7012,396.8000,0.0000,0.9898,C
3312,90180A,0.7014,396.6400,0.0000,0.9898,C
3313,90120A,0.7016,395.6800,0.0000,0.9899,C
3314,84726,0.7018,394.8500,0.0000,0.9899,C
3315,21736,0.7020,393.6900,0.0000,0.9899,C
3316,22869,0.7022,393.6300,0.0000,0.9899,C
3317,84952A,0.7025,392.5300,0.0000,0.9899,C
3318,90124B,0.7027,391.1800,0.0000,0.9900,C
3319,47562,0.7029,390.0000,0.0000,0.9900,C
3320,84802B,0.7031,389.7900,0.0000,0.9900,C
3321,84673B,0.7033,389.6800,0.0000,0.9900,C
3322,84081,0.7035,389.3000,0.0000,0.9900,C
3323,16044,0.7037,389.2200,0.0000,0.9901,C
3324,16156L,0.7039,388.5000,0.0000,0.9901,C
3325,90201D,0.7042,388.4700,0.0000,0.9901,C
3326,21698,0.7044,387.7000,0.0000,0.9901,C
3327,84497,0.7046,387.1300,0.0000,0.9901,C
3328,84804A,0.7048,386.9000,0.0000,0.9902,C
3329,21025,0.7050,386.2800,0.0000,0.9902,C
3330,84292,0.7052,385.9800,0.0000,0.9902,C
3331,79191B,0.7054,385.4700,0.0000,0.9902,C
3332,90070,0.7056,385.1500,0.0000,0.9902,C
3333,16008,0.7058,382.6400,0.0000,0.9903,C
3334,84711A,0.7061,381.0000,0.0000,0.9903,C
3335,90035B,0.7063,380.8900,0.0000,0.9903,C
3336,90184A,0.7065,380.8200,0.0000,0.9903,C
3337,20670,0.7067,378.8500,0.0000,0.9903,C
3338,22395,0.7069,377.9900,0.0000,0.9904,C
3339,84533B,0.7071,377.9300,0.0000,0.9904,C
3340,90201A,0.7073,377.0400,0.0000,0.9904,C
3341,20976,0.7075,376.3400,0.0000,0.9904,C
3342,23039,0.7078,376.3100,0.0000,0.9904,C
3343,85033G,0.7080,376.0500,0.0000,0.9905,C
3344,23058,0.7082,374.4600,0.0000,0.9905,C
3345,90206C,0.7084,372.7300,0.0000,0.9905,C
3346,84680,0.7086,372.3000,0.0000,0.9905,C
3347,84741C,0.7088,372.1400,0.0000,0.9905,C
3348,84877D,0.7090,371.8500,0.0000,0.9906,C
3349,90158,0.7092,371.3800,0.0000,0.9906,C
3350,23415,0.7094,371.2300,0.0000,0.9906,C
3351,78033,0.7097,370.6000,0.0000,0.9906,C
3352,79336,0.7099,369.7800,0.0000,0.9906,C
3353,20663,0.7101,369.4100,0.0000,0.9907,C
3354,20906,0.7103,368.2400,0.0000,0.9907,C
3355,22870,0.7105,367.9700,0.0000,0.9907,C
3356,47503G,0.7107,367.3600,0.0000,0.9907,C
3357,90208,0.7109,366.9900,0.0000,0.9907,C
3358,47504G,0.7111,366.8100,0.0000,0.9908,C
3359,23116,0.7114,366.7000,0.0000,0.9908,C
3360,79051A,0.7116,366.6400,0.0000,0.9908,C
3361,84429A,0.7118,365.8800,0.0000,0.9908,C
3362,85026B,0.7120,365.8500,0.0000,0.9908,C
3363,35915A,0.7122,365.7600,0.0000,0.9909,C
3364,90002D,0.7124,365.7400,0.0000,0.9909,C
3365,16216,0.7126,365.0400,0.0000,0.9909,C
3366,35968,0.7128,363.3400,0.0000,0.9909,C
3367,90134,0.7130,362.2200,0.0000,0.9909,C
3368,90082B,0.7133,361.9500,0.0000,0.9910,C
3369,23337,0.7135,361.7700,0.0000,0.9910,C
3370,84760S,0.7137,360.2100,0.0000,0.9910,C
3371,84402D,0.7139,358.9300,0.0000,0.9910,C
3372,90036E,0.7141,358.8700,0.0000,0.9910,C
3373,23661,0.7143,357.2600,0.0000,0.9910,C
3374,84800M,0.7145,357.2200,0.0000,0.9911,C
3375,35912B,0.7147,355.5800,0.0000,0.9911,C
3376,23691,0.7150,355.5000,0.0000,0.9911,C
3377,21038,0.7152,355.4800,0.0000,0.9911,C
3378,90164B,0.7154,355.4600,0.0000,0.9911,C
3379,90160A,0.7156,355.4400,0.0000,0.9912,C
3380,21946,0.7158,355.3900,0.0000,0.9912,C
3381,20799,0.7160,355.3300,0.0000,0.9912,C
3382,72487,0.7162,355.0500,0.0000,0.9912,C
3383,84926D,0.7164,354.7700,0.0000,0.9912,C
3384,20950,0.7166,353.3900,0.0000,0.9913,C
3385,85094,0.7169,353.1400,0.0000,0.9913,C
3386,22039,0.7171,353.0000,0.0000,0.9913,C
3387,84898F,0.7173,352.7500,0.0000,0.9913,C
3388,84809B,0.7175,351.6000,0.0000,0.9913,C
3389,23339,0.7177,351.1600,0.0000,0.9913,C
3390,23150,0.7179,350.9300,0.0000,0.9914,C
3391,23459,0.7181,350.0000,0.0000,0.9914,C
3392,46000R,0.7183,349.4500,0.0000,0.9914,C
3393,23420,0.7186,349.2900,0.0000,0.9914,C
3394,90019A,0.7188,349.1900,0.0000,0.9914,C
3395,82011B,0.7190,348.8000,0.0000,0.9915,C
3396,84711B,0.7192,347.7600,0.0000,0.9915,C
3397,84249D,0.7194,347.3000,0.0000,0.9915,C
3398,23421,0.7196,347.1200,0.0000,0.9915,C
3399,84535A,0.7198,346.9300,0.0000,0.9915,C
3400,22257,0.7200,345.4800,0.0000,0.9915,C
3401,90201C,0.7202,345.1400,0.0000,0.9916,C
3402,84801B,0.7205,345.0000,0.0000,0.9916,C
3403,79190A,0.7207,344.1800,0.0000,0.9916,C
3404,90148,0.7209,343.9800,0.0000,0.9916,C
3405,84881,0.7211,342.9400,0.0000,0.9916,C
3406,16258A,0.7213,342.7800,0.0000,0.9917,C
3407,20940,0.7215,342.7500,0.0000,0.9917,C
3408,35833P,0.7217,342.1700,0.0000,0.9917,C
3409,21306,0.7219,341.9300,0.0000,0.9917,C
3410,75149N,0.7222,340.0000,0.0000,0.9917,C
3411,18096C,0.7224,339.8400,0.0000,0.9917,C
3412,79303B,0.7226,339.5700,0.0000,0.9918,C
3413,84925A,0.7228,339.2900,0.0000,0.9918,C
3414,23015,0.7230,338.3800,0.0000,0.9918,C
3415,72811,0.7232,337.4700,0.0000,0.9918,C
3416,84576,0.7234,337.0400,0.0000,0.9918,C
3417,90013C,0.7236,336.9500,0.0000,0.9918,C
3418,35914,0.7238,336.5800,0.0000,0.9919,C
3419,17011F,0.7241,336.2000,0.0000,0.9919,C
3420,90161A,0.7243,335.0800,0.0000,0.9919,C
3421,20847,0.7245,334.3500,0.0000,0.9919,C
3422,90014B,0.7247,333.7100,0.0000,0.9919,C
3423,17109A,0.7249,333.6100,0.0000,0.9920,C
3424,23047,0.7251,333.5000,0.0000,0.9920,C
3425,90175C,0.7253,332.9500,0.0000,0.9920,C
3426,20688,0.7255,332.9000,0.0000,0.9920,C
3427,47583B,0.7258,332.6000,0.0000,0.9920,C
3428,23428,0.7260,331.6300,0.0000,0.9920,C
3429,21402,0.7262,331.3200,0.0000,0.9921,C
3430,35637C,0.7264,331.1400,0.0000,0.9921,C
3431,84030C,0.7266,330.7800,0.0000,0.9921,C
3432,84870C,0.7268,330.3600,0.0000,0.9921,C
3433,35921,0.7270,330.3200,0.0000,0.9921,C
3434,22878,0.7272,330.2600,0.0000,0.9921,C
3435,85024B,0.7274,329.2500,0.0000,0.9922,C
3436,37467,0.7277,328.5100,0.0000,0.9922,C
3437,72739B,0.7279,328.3900,0.0000,0.9922,C
3438,90082A,0.7281,327.7100,0.0000,0.9922,C
3439,84509E,0.7283,327.5400,0.0000,0.9922,C
3440,90129B,0.7285,327.0000,0.0000,0.9922,C
3441,84902,0.7287,326.3300,0.0000,0.9923,C
3442,84706A,0.7289,325.8800,0.0000,0.9923,C
3443,21309,0.7291,325.6000,0.0000,0.9923,C
3444,90209A,0.7294,325.5000,0.0000,0.9923,C
3445,22889,0.7296,322.9900,0.0000,0.9923,C
3446,21722,0.7298,322.8600,0.0000,0.9924,C
3447,90175B,0.7300,322.8500,0.0000,0.9924,C
3448,84870B,0.7302,322.6100,0.0000,0.9924,C
3449,90178A,0.7304,322.4100,0.0000,0.9924,C
3450,85131C,0.7306,320.1500,0.0000,0.9924,C
3451,85070,0.7308,320.0000,0.0000,0.9924,C
3452,90191,0.7310,317.6400,0.0000,0.9925,C
3453,85089,0.7313,317.5400,0.0000,0.9925,C
3454,85033S,0.7315,317.3500,0.0000,0.9925,C
3455,23597,0.7317,317.0200,0.0000,0.9925,C
3456,84933C,0.7319,317.0000,0.0000,0.9925,C
3457,17091B,0.7321,316.9800,0.0000,0.9925,C
3458,84673A,0.7323,314.8400,0.0000,0.9926,C
3459,84933A,0.7325,314.3500,0.0000,0.9926,C
3460,90000D,0.7327,313.7500,0.0000,0.9926,C
3461,35638B,0.7330,313.2900,0.0000,0.9926,C
3462,84802A,0.7332,312.6500,0.0000,0.9926,C
3463,85129B,0.7334,312.6500,0.0000,0.9926,C
3464,90197B,0.7336,312.5900,0.0000,0.9927,C
3465,84838,0.7338,312.5000,0.0000,0.9927,C
3466,84522,0.7340,311.8600,0.0000,0.9927,C
3467,35979,0.7342,311.0300,0.0000,0.9927,C
3468,62095B,0.7344,310.8300,0.0000,0.9927,C
3469,84623,0.7346,310.4400,0.0000,0.9927,C
3470,21401,0.7349,310.1800,0.0000,0.9928,C
3471,21420,0.7351,310.0400,0.0000,0.9928,C
3472,23478,0.7353,309.4000,0.0000,0.9928,C
3473,47593A,0.7355,309.1800,0.0000,0.9928,C
3474,84933B,0.7357,309.1500,0.0000,0.9928,C
3475,77081,0.7359,308.3800,0.0000,0.9928,C
3476,84906,0.7361,307.4700,0.0000,0.9928,C
3477,84671B,0.7363,306.7700,0.0000,0.9929,C
3478,90173,0.7366,306.6400,0.0000,0.9929,C
3479,72130,0.7368,306.3500,0.0000,0.9929,C
3480,16254,0.7370,305.6600,0.0000,0.9929,C
3481,90018A,0.7372,304.5400,0.0000,0.9929,C
3482,20800,0.7374,303.9600,0.0000,0.9929,C
3483,84219,0.7376,303.8600,0.0000,0.9930,C
3484,22872,0.7378,303.0400,0.0000,0.9930,C
3485,44235,0.7380,302.5800,0.0000,0.9930,C
3486,72753D,0.7382,302.4000,0.0000,0.9930,C
3487,90036D,0.7385,302.2900,0.0000,0.9930,C
3488,85147,0.7387,301.9500,0.0000,0.9930,C
3489,35645,0.7389,301.8100,0.0000,0.9931,C
3490,21321,0.7391,301.8000,0.0000,0.9931,C
3491,90098,0.7393,301.2800,0.0000,0.9931,C
3492,46000U,0.7395,301.2500,0.0000,0.9931,C
3493,90035C,0.7397,301.0000,0.0000,0.9931,C
3494,17001,0.7399,299.3500,0.0000,0.9931,C
3495,90124A,0.7402,299.2800,0.0000,0.9932,C
3496,35981C,0.7404,297.6200,0.0000,0.9932,C
3497,84627,0.7406,297.5000,0.0000,0.9932,C
3498,84247N,0.7408,297.4800,0.0000,0.9932,C
3499,17012E,0.7410,296.7900,0.0000,0.9932,C
3500,35920,0.7412,296.3400,0.0000,0.9932,C
3501,DCGSSGIRL,0.7414,295.6300,0.0000,0.9932,C
3502,90016B,0.7416,295.5000,0.0000,0.9933,C
3503,90129A,0.7418,295.3800,0.0000,0.9933,C
3504,21697,0.7421,295.0800,0.0000,0.9933,C
3505,22954,0.7423,293.8900,0.0000,0.9933,C
3506,90185D,0.7425,293.3300,0.0000,0.9933,C
3507,84482,0.7427,293.0200,0.0000,0.9933,C
3508,20869,0.7429,292.7800,0.0000,0.9934,C
3509,72801F,0.7431,292.5000,0.0000,0.9934,C
3510,37422,0.7433,292.0800,0.0000,0.9934,C
3511,84800S,0.7435,292.0400,0.0000,0.9934,C
3512,20795,0.7438,291.9700,0.0000,0.9934,C
3513,21030,0.7440,290.9000,0.0000,0.9934,C
3514,84529A,0.7442,290.7800,0.0000,0.9934,C
3515,20826,0.7444,290.7200,0.0000,0.9935,C
3516,16202A,0.7446,290.4500,0.0000,0.9935,C
3517,79190D,0.7448,290.2800,0.0000,0.9935,C
3518,21388,0.7450,290.1700,0.0000,0.9935,C
3519,23410,0.7452,290.1000,0.0000,0.9935,C
3520,84882,0.7454,289.4300,0.0000,0.9935,C
3521,22871,0.7457,289.3900,0.0000,0.9936,C
3522,47471,0.7459,288.5800,0.0000,0.9936,C
3523,20987,0.7461,288.3500,0.0000,0.9936,C
3524,21144,0.7463,287.4700,0.0000,0.9936,C
3525,21196,0.7465,287.0900,0.0000,0.9936,C
3526,16212,0.7467,287.0100,0.0000,0.9936,C
3527,20821,0.7469,286.4200,0.0000,0.9936,C
3528,84926A,0.7471,286.1200,0.0000,0.9937,C
3529,90014C,0.7474,284.6800,0.0000,0.9937,C
3530,82093,0.7476,283.4900,0.0000,0.9937,C
3531,20980,0.7478,282.3100,0.0000,0.9937,C
3532,23037,0.7480,282.2700,0.0000,0.9937,C
3533,84977,0.7482,281.3300,0.0000,0.9937,C
3534,16052,0.7484,281.3200,0.0000,0.9937,C
3535,90185B,0.7486,280.2800,0.0000,0.9938,C
3536,72812,0.7488,280.2000,0.0000,0.9938,C
3537,84508C,0.7490,279.8200,0.0000,0.9938,C
3538,72739C,0.7493,279.0800,0.0000,0.9938,C
3539,21412,0.7495,279.0000,0.0000,0.9938,C
3540,84625B,0.7497,279.0000,0.0000,0.9938,C
3541,90115,0.7499,278.9600,0.0000,0.9938,C
3542,84457,0.7501,278.7300,0.0000,0.9939,C
3543,84966C,0.7503,276.0000,0.0000,0.9939,C
3544,DCGS0076,0.7505,275.9600,0.0000,0.9939,C
3545,21095,0.7507,274.5700,0.0000,0.9939,C
3546,84924F,0.7510,274.5500,0.0000,0.9939,C
3547,21193,0.7512,274.3700,0.0000,0.9939,C
3548,90030B,0.7514,274.2600,0.0000,0.9939,C
3549,90122A,0.7516,273.8900,0.0000,0.9940,C
3550,37413,0.7518,273.5700,0.0000,0.9940,C
3551,75178,0.7520,272.6800,0.0000,0.9940,C
3552,84924D,0.7522,272.6100,0.0000,0.9940,C
3553,35096A,0.7524,272.4500,0.0000,0.9940,C
3554,79303D,0.7526,272.4500,0.0000,0.9940,C
3555,84926F,0.7529,272.4000,0.0000,0.9940,C
3556,84499,0.7531,272.1700,0.0000,0.9941,C
3557,22874,0.7533,272.0200,0.0000,0.9941,C
3558,90185C,0.7535,271.9600,0.0000,0.9941,C
3559,90032,0.7537,271.8800,0.0000,0.9941,C
3560,22877,0.7539,271.6400,0.0000,0.9941,C
3561,23567,0.7541,270.6100,0.0000,0.9941,C
3562,47586A,0.7543,270.4300,0.0000,0.9941,C
3563,22868,0.7546,270.3800,0.0000,0.9942,C
3564,47351B,0.7548,269.9000,0.0000,0.9942,C
3565,23429,0.7550,269.6100,0.0000,0.9942,C
3566,47591A,0.7552,269.5400,0.0000,0.9942,C
3567,85195,0.7554,269.4400,0.0000,0.9942,C
3568,72793,0.7556,268.7500,0.0000,0.9942,C
3569,90146,0.7558,268.5900,0.0000,0.9942,C
3570,20818,0.7560,268.5000,0.0000,0.9943,C
3571,21372,0.7562,267.0100,0.0000,0.9943,C
3572,90163A,0.7565,265.7500,0.0000,0.9943,C
3573,84927F,0.7567,265.5200,0.0000,0.9943,C
3574,47481,0.7569,265.4000,0.0000,0.9943,C
3575,90085,0.7571,265.3300,0.0000,0.9943,C
3576,84192,0.7573,264.8500,0.0000,0.9943,C
3577,23476,0.7575,264.7200,0.0000,0.9944,C
3578,21367,0.7577,264.5200,0.0000,0.9944,C
3579,90122C,0.7579,264.1200,0.0000,0.9944,C
3580,21950,0.7582,263.6300,0.0000,0.9944,C
3581,90157,0.7584,263.2800,0.0000,0.9944,C
3582,90129E,0.7586,263.1400,0.0000,0.9944,C
3583,22873,0.7588,262.5000,0.0000,0.9944,C
3584,21268,0.7590,261.6600,0.0000,0.9945,C
3585,47578A,0.7592,261.2500,0.0000,0.9945,C
3586,79328,0.7594,260.7600,0.0000,0.9945,C
3587,72799D,0.7596,260.6700,0.0000,0.9945,C
3588,84993B,0.7598,260.6500,0.0000,0.9945,C
3589,84661A,0.7601,260.1100,0.0000,0.9945,C
3590,22875,0.7603,260.0900,0.0000,0.9945,C
3591,44234,0.7605,259.5500,0.0000,0.9946,C
3592,23137,0.7607,259.3700,0.0000,0.9946,C
3593,84597B,0.7609,259.3700,0.0000,0.9946,C
3594,84613C,0.7611,258.0600,0.0000,0.9946,C
3595,90035A,0.7613,257.5500,0.0000,0.9946,C
3596,84371,0.7615,257.1000,0.0000,0.9946,C
3597,90040B,0.7618,255.9700,0.0000,0.9946,C
3598,10123C,0.7620,254.4100,0.0000,0.9946,C
3599,84461,0.7622,253.7900,0.0000,0.9947,C
3600,21493,0.7624,252.4500,0.0000,0.9947,C
3601,79338,0.7626,252.2900,0.0000,0.9947,C
3602,22876,0.7628,252.2200,0.0000,0.9947,C
3603,21032,0.7630,252.1600,0.0000,0.9947,C
3604,17038,0.7632,252.0200,0.0000,0.9947,C
3605,23149,0.7634,251.4500,0.0000,0.9947,C
3606,22882,0.7637,251.1800,0.0000,0.9948,C
3607,23481,0.7639,251.1700,0.0000,0.9948,C
3608,85095,0.7641,250.8300,0.0000,0.9948,C
3609,20836,0.7643,250.0000,0.0000,0.9948,C
3610,21460,0.7645,249.6500,0.0000,0.9948,C
3611,23141,0.7647,248.8200,0.0000,0.9948,C
3612,DCGSSBOY,0.7649,248.0600,0.0000,0.9948,C
3613,84621,0.7651,247.2600,0.0000,0.9948,C
3614,82011A,0.7654,246.5800,0.0000,0.9949,C
3615,46307,0.7656,246.0300,0.0000,0.9949,C
3616,90081C,0.7658,245.5200,0.0000,0.9949,C
3617,47503H,0.7660,245.3300,0.0000,0.9949,C
3618,90028,0.7662,244.7900,0.0000,0.9949,C
3619,90096,0.7664,243.6100,0.0000,0.9949,C
3620,90196A,0.7666,242.2500,0.0000,0.9949,C
3621,90196B,0.7668,241.9800,0.0000,0.9949,C
3622,23495,0.7670,241.9000,0.0000,0.9950,C
3623,35818P,0.7673,241.3900,0.0000,0.9950,C
3624,90073,0.7675,240.4400,0.0000,0.9950,C
3625,90129C,0.7677,240.4300,0.0000,0.9950,C
3626,90036C,0.7679,238.9300,0.0000,0.9950,C
3627,90170,0.7681,238.0300,0.0000,0.9950,C
3628,84629,0.7683,237.8000,0.0000,0.9950,C
3629,82553,0.7685,237.7300,0.0000,0.9950,C
3630,44217M,0.7687,236.4000,0.0000,0.9951,C
3631,20891,0.7690,236.3300,0.0000,0.9951,C
3632,82585,0.7692,235.9000,0.0000,0.9951,C
3633,90087,0.7694,235.8800,0.0000,0.9951,C
3634,90210D,0.7696,235.7300,0.0000,0.9951,C
3635,20855,0.7698,234.3000,0.0000,0.9951,C
3636,20736,0.7700,233.5000,0.0000,0.9951,C
3637,84247K,0.7702,233.4800,0.0000,0.9951,C
3638,90185A,0.7704,233.2900,0.0000,0.9952,C
3639,90081A,0.7706,232.9000,0.0000,0.9952,C
3640,37483,0.7709,232.8900,0.0000,0.9952,C
3641,16256B,0.7711,232.3500,0.0000,0.9952,C
3642,35991,0.7713,232.0800,0.0000,0.9952,C
3643,90133,0.7715,231.4800,0.0000,0.9952,C
3644,23465,0.7717,231.0000,0.0000,0.9952,C
3645,16202C,0.7719,230.5900,0.0000,0.9952,C
3646,21226,0.7721,230.5500,0.0000,0.9953,C
3647,22880,0.7723,230.2700,0.0000,0.9953,C
3648,21370,0.7726,229.6100,0.0000,0.9953,C
3649,37508,0.7728,229.5700,0.0000,0.9953,C
3650,72781,0.7730,229.5000,0.0000,0.9953,C
3651,90122B,0.7732,228.9900,0.0000,0.9953,C
3652,21639,0.7734,228.6500,0.0000,0.9953,C
3653,90090,0.7736,227.7200,0.0000,0.9953,C
3654,35809B,0.7738,227.5400,0.0000,0.9954,C
3655,71028B,0.7740,227.4800,0.0000,0.9954,C
3656,84705C,0.7742,227.3300,0.0000,0.9954,C
3657,72750D,0.7745,226.5000,0.0000,0.9954,C
3658,23003,0.7747,226.2000,0.0000,0.9954,C
3659,90003D,0.7749,226.1700,0.0000,0.9954,C
3660,84966A,0.7751,225.9500,0.0000,0.9954,C
3661,84806A,0.7753,224.4700,0.0000,0.9954,C
3662,84927E,0.7755,224.3100,0.0000,0.9954,C
3663,35597B,0.7757,224.1000,0.0000,0.9955,C
3664,90125D,0.7759,223.7400,0.0000,0.9955,C
3665,23474,0.7762,222.9400,0.0000,0.9955,C
3666,90210B,0.7764,222.0400,0.0000,0.9955,C
3667,17011C,0.7766,221.4000,0.0000,0.9955,C
3668,21102,0.7768,221.0800,0.0000,0.9955,C
3669,16258B,0.7770,221.0600,0.0000,0.9955,C
3670,17013B,0.7772,221.0300,0.0000,0.9955,C
3671,35833G,0.7774,220.6600,0.0000,0.9956,C
3672,62086A,0.7776,220.3500,0.0000,0.9956,C
3673,90124C,0.7778,220.2100,0.0000,0.9956,C
3674,85179C,0.7781,220.0100,0.0000,0.9956,C
3675,72225D,0.7783,219.4600,0.0000,0.9956,C
3676,85168A,0.7785,218.9000,0.0000,0.9956,C
3677,90058A,0.7787,218.8800,0.0000,0.9956,C
3678,90164A,0.7789,218.6900,0.0000,0.9956,C
3679,90155,0.7791,218.6800,0.0000,0.9956,C
3680,23036,0.7793,217.4200,0.0000,0.9957,C
3681,22884,0.7795,217.2600,0.0000,0.9957,C
3682,90005A,0.7798,216.8700,0.0000,0.9957,C
3683,35817P,0.7800,216.7000,0.0000,0.9957,C
3684,84725,0.7802,216.5000,0.0000,0.9957,C
3685,35793,0.7804,216.3300,0.0000,0.9957,C
3686,90199B,0.7806,216.1500,0.0000,0.9957,C
3687,37492A,0.7808,216.0700,0.0000,0.9957,C
3688,84807,0.7810,215.9300,0.0000,0.9957,C
3689,90036A,0.7812,215.7600,0.0000,0.9958,C
3690,21543,0.7814,215.0000,0.0000,0.9958,C
3691,22881,0.7817,214.6900,0.0000,0.9958,C
3692,84690,0.7819,214.6500,0.0000,0.9958,C
3693,48179,0.7821,214.4700,0.0000,0.9958,C
3694,90123A,0.7823,214.0700,0.0000,0.9958,C
3695,51012C,0.7825,213.7500,0.0000,0.9958,C
3696,16201A,0.7827,213.3700,0.0000,0.9958,C
3697,90181B,0.7829,212.9700,0.0000,0.9959,C
3698,84313A,0.7831,212.4200,0.0000,0.9959,C
3699,84247C,0.7834,212.4000,0.0000,0.9959,C
3700,23695,0.7836,211.7800,0.0000,0.9959,C
3701,17084P,0.7838,211.4100,0.0000,0.9959,C
3702,84927D,0.7840,211.2900,0.0000,0.9959,C
3703,21400,0.7842,211.2100,0.0000,0.9959,C
3704,23475,0.7844,210.6400,0.0000,0.9959,C
3705,21369,0.7846,210.3600,0.0000,0.9959,C
3706,20827,0.7848,209.3600,0.0000,0.9960,C
3707,20814,0.7850,208.8900,0.0000,0.9960,C
3708,84706F,0.7853,208.3000,0.0000,0.9960,C
3709,47574B,0.7855,208.2500,0.0000,0.9960,C
3710,90211B,0.7857,208.2100,0.0000,0.9960,C
3711,90016A,0.7859,207.8600,0.0000,0.9960,C
3712,37485,0.7861,207.6900,0.0000,0.9960,C
3713,90040A,0.7863,207.0500,0.0000,0.9960,C
3714,47343A,0.7865,206.2600,0.0000,0.9960,C
3715,90214A,0.7867,205.8600,0.0000,0.9960,C
3716,22883,0.7870,204.7900,0.0000,0.9961,C
3717,90210A,0.7872,204.4400,0.0000,0.9961,C
3718,17014D,0.7874,204.3600,0.0000,0.9961,C
3719,90024B,0.7876,203.9200,0.0000,0.9961,C
3720,90186A,0.7878,203.7300,0.0000,0.9961,C
3721,35824B,0.7880,203.2400,0.0000,0.9961,C
3722,90119,0.7882,203.1700,0.0000,0.9961,C
3723,21368,0.7884,203.0400,0.0000,0.9961,C
3724,20890,0.7886,202.6200,0.0000,0.9961,C
3725,48103,0.7889,201.7300,0.0000,0.9962,C
3726,84723,0.7891,201.3000,0.0000,0.9962,C
3727,72754A,0.7893,201.2400,0.0000,0.9962,C
3728,20672,0.7895,201.0000,0.0000,0.9962,C
3729,90116,0.7897,200.3200,0.0000,0.9962,C
3730,90144,0.7899,199.4500,0.0000,0.9962,C
3731,90000A,0.7901,198.9800,0.0000,0.9962,C
3732,79403,0.7903,198.1700,0.0000,0.9962,C
3733,84985B,0.7906,197.9400,0.0000,0.9962,C
3734,22330,0.7908,197.9000,0.0000,0.9962,C
3735,37471,0.7910,197.8500,0.0000,0.9963,C
3736,90019C,0.7912,197.1800,0.0000,0.9963,C
3737,84855,0.7914,196.7000,0.0000,0.9963,C
3738,47504F,0.7916,196.4600,0.0000,0.9963,C
3739,90029,0.7918,195.1400,0.0000,0.9963,C
3740,22885,0.7920,193.7400,0.0000,0.9963,C
3741,21582,0.7922,193.0500,0.0000,0.9963,C
3742,35819B,0.7925,192.3000,0.0000,0.9963,C
3743,90036F,0.7927,192.1700,0.0000,0.9963,C
3744,84899F,0.7929,192.1700,0.0000,0.9964,C
3745,90178B,0.7931,191.4100,0.0000,0.9964,C
3746,47518F,0.7933,190.8900,0.0000,0.9964,C
3747,72051S,0.7935,190.8900,0.0000,0.9964,C
3748,37506,0.7937,190.4000,0.0000,0.9964,C
3749,84255B,0.7939,190.1600,0.0000,0.9964,C
3750,84926C,0.7942,189.6000,0.0000,0.9964,C
3751,84803A,0.7944,189.2800,0.0000,0.9964,C
3752,85128,0.7946,188.9500,0.0000,0.9964,C
3753,84744,0.7948,188.7700,0.0000,0.9964,C
3754,84706B,0.7950,188.7300,0.0000,0.9965,C
3755,90159,0.7952,188.5800,0.0000,0.9965,C
3756,20837,0.7954,188.0700,0.0000,0.9965,C
3757,84893,0.7956,186.3500,0.0000,0.9965,C
3758,90056,0.7958,186.3000,0.0000,0.9965,C
3759,84452,0.7961,186.1600,0.0000,0.9965,C
3760,16053,0.7963,185.7300,0.0000,0.9965,C
3761,84877A,0.7965,185.6600,0.0000,0.9965,C
3762,20968,0.7967,185.1100,0.0000,0.9965,C
3763,90094,0.7969,185.0700,0.0000,0.9965,C
3764,35911B,0.7971,184.7600,0.0000,0.9965,C
3765,20957,0.7973,184.6100,0.0000,0.9966,C
3766,35838A,0.7975,184.4000,0.0000,0.9966,C
3767,84029D,0.7978,183.9800,0.0000,0.9966,C
3768,90125A,0.7980,183.9700,0.0000,0.9966,C
3769,84805A,0.7982,182.8500,0.0000,0.9966,C
3770,21018,0.7984,182.7100,0.0000,0.9966,C
3771,17090A,0.7986,182.6500,0.0000,0.9966,C
3772,20796,0.7988,182.1600,0.0000,0.9966,C
3773,37379B,0.7990,181.5000,0.0000,0.9966,C
3774,90065A,0.7992,180.4600,0.0000,0.9966,C
3775,90129F,0.7994,180.3100,0.0000,0.9967,C
3776,16043,0.7997,180.3000,0.0000,0.9967,C
3777,35818B,0.7999,180.0500,0.0000,0.9967,C
3778,47347B,0.8001,179.8800,0.0000,0.9967,C
3779,84962,0.8003,179.8500,0.0000,0.9967,C
3780,21310,0.8005,179.7000,0.0000,0.9967,C
3781,17011A,0.8007,179.5600,0.0000,0.9967,C
3782,84464,0.8009,179.1000,0.0000,0.9967,C
3783,90063A,0.8011,178.4800,0.0000,0.9967,C
3784,90013D,0.8014,178.1100,0.0000,0.9967,C
3785,90000B,0.8016,177.2900,0.0000,0.9967,C
3786,23143,0.8018,176.7700,0.0000,0.9968,C
3787,21031,0.8020,176.7000,0.0000,0.9968,C
3788,90003C,0.8022,176.6200,0.0000,0.9968,C
3789,90130B,0.8024,176.4900,0.0000,0.9968,C
3790,82607C,0.8026,175.6100,0.0000,0.9968,C
3791,84564,0.8028,175.4800,0.0000,0.9968,C
3792,79144C,0.8030,175.1600,0.0000,0.9968,C
3793,84967A,0.8033,174.9000,0.0000,0.9968,C
3794,90214S,0.8035,174.0900,0.0000,0.9968,C
3795,79144B,0.8037,172.7300,0.0000,0.9968,C
3796,75011,0.8039,172.5100,0.0000,0.9969,C
3797,90123D,0.8041,172.3900,0.0000,0.9969,C
3798,22886,0.8043,172.2100,0.0000,0.9969,C
3799,90072,0.8045,172.1600,0.0000,0.9969,C
3800,23430,0.8047,171.1500,0.0000,0.9969,C
3801,85185C,0.8050,171.1000,0.0000,0.9969,C
3802,21461,0.8052,171.0400,0.0000,0.9969,C
3803,84706C,0.8054,170.8000,0.0000,0.9969,C
3804,90063B,0.8056,170.1700,0.0000,0.9969,C
3805,17014A,0.8058,170.1300,0.0000,0.9969,C
3806,84531A,0.8060,169.3600,0.0000,0.9969,C
3807,85205A,0.8062,168.3000,0.0000,0.9969,C
3808,90186B,0.8064,168.2600,0.0000,0.9970,C
3809,21087,0.8066,168.0800,0.0000,0.9970,C
3810,35916C,0.8069,167.5500,0.0000,0.9970,C
3811,37491C,0.8071,167.5200,0.0000,0.9970,C
3812,82587,0.8073,166.7800,0.0000,0.9970,C
3813,84231,0.8075,166.2100,0.0000,0.9970,C
3814,90060F,0.8077,166.1400,0.0000,0.9970,C
3815,90003B,0.8079,165.8100,0.0000,0.9970,C
3816,10123G,0.8081,165.5600,0.0000,0.9970,C
3817,90166,0.8083,164.7900,0.0000,0.9970,C
3818,84531B,0.8086,164.0100,0.0000,0.9970,C
3819,85024C,0.8088,163.3500,0.0000,0.9971,C
3820,16202E,0.8090,162.7300,0.0000,0.9971,C
3821,90162B,0.8092,162.2500,0.0000,0.9971,C
3822,20693,0.8094,161.8900,0.0000,0.9971,C
3823,90086,0.8096,161.8400,0.0000,0.9971,C
3824,90190C,0.8098,161.8200,0.0000,0.9971,C
3825,90204,0.8100,161.8200,0.0000,0.9971,C
3826,90129D,0.8102,161.5700,0.0000,0.9971,C
3827,90042A,0.8105,160.7900,0.0000,0.9971,C
3828,90210C,0.8107,160.7600,0.0000,0.9971,C
3829,90123C,0.8109,160.7500,0.0000,0.9971,C
3830,90211A,0.8111,160.7500,0.0000,0.9971,C
3831,21353,0.8113,160.4500,0.0000,0.9972,C
3832,84599,0.8115,160.1500,0.0000,0.9972,C
3833,37479P,0.8117,160.0800,0.0000,0.9972,C
3834,90180B,0.8119,159.9500,0.0000,0.9972,C
3835,81952V,0.8122,159.8700,0.0000,0.9972,C
3836,90093,0.8124,159.2600,0.0000,0.9972,C
3837,37379A,0.8126,159.2000,0.0000,0.9972,C
3838,90039D,0.8128,158.9300,0.0000,0.9972,C
3839,85166A,0.8130,158.9000,0.0000,0.9972,C
3840,90048,0.8132,158.8900,0.0000,0.9972,C
3841,22864,0.8134,158.7600,0.0000,0.9972,C
3842,22887,0.8136,158.4100,0.0000,0.9972,C
3843,48175,0.8139,158.0400,0.0000,0.9973,C
3844,90019B,0.8141,157.8200,0.0000,0.9973,C
3845,84927A,0.8143,157.6100,0.0000,0.9973,C
3846,21489,0.8145,157.6000,0.0000,0.9973,C
3847,90214J,0.8147,157.1600,0.0000,0.9973,C
3848,23468,0.8149,156.7500,0.0000,0.9973,C
3849,72140E,0.8151,156.7200,0.0000,0.9973,C
3850,23416,0.8153,156.7000,0.0000,0.9973,C
3851,17178,0.8155,156.6500,0.0000,0.9973,C
3852,90018B,0.8158,156.3200,0.0000,0.9973,C
3853,46138B,0.8160,156.2900,0.0000,0.9973,C
3854,84228,0.8162,156.0700,0.0000,0.9973,C
3855,84914A,0.8164,155.7000,0.0000,0.9974,C
3856,90214L,0.8166,155.6200,0.0000,0.9974,C
3857,20664,0.8168,155.4100,0.0000,0.9974,C
3858,90065B,0.8170,154.8700,0.0000,0.9974,C
3859,90123B,0.8172,154.6900,0.0000,0.9974,C
3860,16054,0.8175,154.6800,0.0000,0.9974,C
3861,90214C,0.8177,154.1600,0.0000,0.9974,C
3862,79192A,0.8179,152.6400,0.0000,0.9974,C
3863,23697,0.8181,152.6000,0.0000,0.9974,C
3864,84622,0.8183,152.6000,0.0000,0.9974,C
3865,84510E,0.8185,151.8100,0.0000,0.9974,C
3866,90030C,0.8187,151.3000,0.0000,0.9974,C
3867,20952,0.8189,150.7200,0.0000,0.9975,C
3868,79161A,0.8191,150.4500,0.0000,0.9975,C
3869,90059A,0.8194,150.3800,0.0000,0.9975,C
3870,90214K,0.8196,150.3200,0.0000,0.9975,C
3871,90042C,0.8198,150.2100,0.0000,0.9975,C
3872,17108D,0.8200,149.1000,0.0000,0.9975,C
3873,90040D,0.8202,148.8700,0.0000,0.9975,C
3874,71496A,0.8204,148.0100,0.0000,0.9975,C
3875,35980C,0.8206,147.6400,0.0000,0.9975,C
3876,23560,0.8208,147.4100,0.0000,0.9975,C
3877,23561,0.8211,147.3900,0.0000,0.9975,C
3878,47369B,0.8213,147.3900,0.0000,0.9975,C
3879,84720,0.8215,147.0500,0.0000,0.9975,C
3880,84527,0.8217,146.1100,0.0000,0.9976,C
3881,84661C,0.8219,145.4100,0.0000,0.9976,C
3882,35610B,0.8221,144.0700,0.0000,0.9976,C
3883,90036B,0.8223,143.1000,0.0000,0.9976,C
3884,84874B,0.8225,141.7600,0.0000,0.9976,C
3885,10120,0.8227,141.4800,0.0000,0.9976,C
3886,72740A,0.8230,141.2300,0.0000,0.9976,C
3887,90183A,0.8232,141.1000,0.0000,0.9976,C
3888,84617,0.8234,140.2500,0.0000,0.9976,C
3889,84765,0.8236,140.2300,0.0000,0.9976,C
3890,90212B,0.8238,140.0700,0.0000,0.9976,C
3891,78026,0.8240,139.9500,0.0000,0.9976,C
3892,90040C,0.8242,139.5200,0.0000,0.9976,C
3893,90199A,0.8244,139.5000,0.0000,0.9976,C
3894,90199D,0.8247,139.2800,0.0000,0.9977,C
3895,79191D,0.8249,138.1300,0.0000,0.9977,C
3896,72754B,0.8251,137.5400,0.0000,0.9977,C
3897,35816P,0.8253,137.4300,0.0000,0.9977,C
3898,90156,0.8255,137.3700,0.0000,0.9977,C
3899,84549,0.8257,137.2700,0.0000,0.9977,C
3900,84709A,0.8259,136.8500,0.0000,0.9977,C
3901,35824P,0.8261,136.4400,0.0000,0.9977,C
3902,90214M,0.8263,136.3400,0.0000,0.9977,C
3903,90151,0.8266,136.1700,0.0000,0.9977,C
3904,90024E,0.8268,135.9800,0.0000,0.9977,C
3905,90194,0.8270,135.8400,0.0000,0.9977,C
3906,90038A,0.8272,135.8000,0.0000,0.9977,C
3907,90016C,0.8274,135.7500,0.0000,0.9978,C
3908,17011D,0.8276,135.7000,0.0000,0.9978,C
3909,90202D,0.8278,135.6900,0.0000,0.9978,C
3910,77079,0.8280,135.6800,0.0000,0.9978,C
3911,90002A,0.8283,135.0000,0.0000,0.9978,C
3912,47369A,0.8285,134.6100,0.0000,0.9978,C
3913,16020C,0.8287,134.5000,0.0000,0.9978,C
3914,22879,0.8289,134.4000,0.0000,0.9978,C
3915,35015,0.8291,134.0800,0.0000,0.9978,C
3916,84555A,0.8293,133.8500,0.0000,0.9978,C
3917,35609A,0.8295,133.2300,0.0000,0.9978,C
3918,90177D,0.8297,132.8600,0.0000,0.9978,C
3919,46137D,0.8299,132.7500,0.0000,0.9978,C
3920,90190B,0.8302,132.5800,0.0000,0.9978,C
3921,90137,0.8304,132.5200,0.0000,0.9978,C
3922,90214E,0.8306,132.0300,0.0000,0.9979,C
3923,45013,0.8308,132.0000,0.0000,0.9979,C
3924,47592B,0.8310,131.9000,0.0000,0.9979,C
3925,90023,0.8312,131.7400,0.0000,0.9979,C
3926,35933,0.8314,131.3800,0.0000,0.9979,C
3927,84656,0.8316,130.9000,0.0000,0.9979,C
3928,16119,0.8319,130.7100,0.0000,0.9979,C
3929,84559D,0.8321,130.0900,0.0000,0.9979,C
3930,84925E,0.8323,130.0500,0.0000,0.9979,C
3931,20899,0.8325,129.8000,0.0000,0.9979,C
3932,90190A,0.8327,129.5900,0.0000,0.9979,C
3933,10080,0.8329,129.2900,0.0000,0.9979,C
3934,84858A,0.8331,128.8300,0.0000,0.9979,C
3935,90101,0.8333,128.6800,0.0000,0.9979,C
3936,90181A,0.8335,128.6400,0.0000,0.9980,C
3937,72134,0.8338,128.3300,0.0000,0.9980,C
3938,84782B,0.8340,127.5000,0.0000,0.9980,C
3939,90024D,0.8342,127.5000,0.0000,0.9980,C
3940,85018C,0.8344,127.2000,0.0000,0.9980,C
3941,90099,0.8346,127.1400,0.0000,0.9980,C
3942,16168S,0.8348,126.8300,0.0000,0.9980,C
3943,81950B,0.8350,126.7400,0.0000,0.9980,C
3944,22888,0.8352,126.7000,0.0000,0.9980,C
3945,84367,0.8355,126.3000,0.0000,0.9980,C
3946,82607E,0.8357,126.2500,0.0000,0.9980,C
3947,23417,0.8359,125.3500,0.0000,0.9980,C
3948,84614A,0.8361,124.8300,0.0000,0.9980,C
3949,90022,0.8363,124.7100,0.0000,0.9980,C
3950,90002C,0.8365,124.3800,0.0000,0.9980,C
3951,90165B,0.8367,124.2100,0.0000,0.9981,C
3952,90162C,0.8369,123.9000,0.0000,0.9981,C
3953,20816,0.8371,123.6000,0.0000,0.9981,C
3954,22850,0.8374,123.6000,0.0000,0.9981,C
3955,23477,0.8376,123.4700,0.0000,0.9981,C
3956,90108,0.8378,123.3700,0.0000,0.9981,C
3957,21228,0.8380,122.5700,0.0000,0.9981,C
3958,85190,0.8382,122.4600,0.0000,0.9981,C
3959,79308B,0.8384,122.4000,0.0000,0.9981,C
3960,90205C,0.8386,122.3100,0.0000,0.9981,C
3961,44242B,0.8388,121.5300,0.0000,0.9981,C
3962,79532,0.8391,121.2500,0.0000,0.9981,C
3963,84251G,0.8393,120.7200,0.0000,0.9981,C
3964,90138,0.8395,120.2400,0.0000,0.9981,C
3965,84705B,0.8397,120.1300,0.0000,0.9981,C
3966,84199,0.8399,120.0300,0.0000,0.9981,C
3967,23694,0.8401,119.7800,0.0000,0.9982,C
3968,35916B,0.8403,119.6700,0.0000,0.9982,C
3969,84886,0.8405,119.4000,0.0000,0.9982,C
3970,84867A,0.8407,119.3900,0.0000,0.9982,C
3971,84288B,0.8410,118.9500,0.0000,0.9982,C
3972,90018C,0.8412,118.5100,0.0000,0.9982,C
3973,35607A,0.8414,118.4300,0.0000,0.9982,C
3974,20887,0.8416,118.3900,0.0000,0.9982,C
3975,90139,0.8418,118.2400,0.0000,0.9982,C
3976,35824C,0.8420,117.0500,0.0000,0.9982,C
3977,72038P,0.8422,116.5000,0.0000,0.9982,C
3978,16206B,0.8424,116.4000,0.0000,0.9982,C
3979,17191A,0.8427,116.2500,0.0000,0.9982,C
3980,90174,0.8429,116.2000,0.0000,0.9982,C
3981,84751B,0.8431,115.8600,0.0000,0.9982,C
3982,90168,0.8433,115.0600,0.0000,0.9982,C
3983,20848,0.8435,115.0500,0.0000,0.9983,C
3984,20896,0.8437,115.0500,0.0000,0.9983,C
3985,84462,0.8439,114.8600,0.0000,0.9983,C
3986,20698,0.8441,114.4500,0.0000,0.9983,C
3987,90049,0.8443,114.2400,0.0000,0.9983,C
3988,90030A,0.8446,113.7600,0.0000,0.9983,C
3989,23305,0.8448,113.1000,0.0000,0.9983,C
3990,21089,0.8450,112.5400,0.0000,0.9983,C
3991,84249A,0.8452,112.3900,0.0000,0.9983,C
3992,44236,0.8454,112.3200,0.0000,0.9983,C
3993,23185,0.8456,112.2400,0.0000,0.9983,C
3994,71510,0.8458,112.0500,0.0000,0.9983,C
3995,35916A,0.8460,112.0400,0.0000,0.9983,C
3996,71495B,0.8463,111.5700,0.0000,0.9983,C
3997,35966,0.8465,111.3400,0.0000,0.9983,C
3998,10138,0.8467,111.2200,0.0000,0.9983,C
3999,84493,0.8469,111.1200,0.0000,0.9983,C
4000,72133,0.8471,110.2100,0.0000,0.9984,C
4001,82069,0.8473,109.8500,0.0000,0.9984,C
4002,23463,0.8475,109.5500,0.0000,0.9984,C
4003,85185F,0.8477,109.1500,0.0000,0.9984,C
4004,84247H,0.8479,109.1300,0.0000,0.9984,C
4005,90003E,0.8482,109.1200,0.0000,0.9984,C
4006,20667,0.8484,108.6900,0.0000,0.9984,C
4007,90103,0.8486,108.3700,0.0000,0.9984,C
4008,90104,0.8488,108.1100,0.0000,0.9984,C
4009,72753C,0.8490,107.6800,0.0000,0.9984,C
4010,35840,0.8492,107.1300,0.0000,0.9984,C
4011,90179C,0.8494,106.8300,0.0000,0.9984,C
4012,84562B,0.8496,106.5900,0.0000,0.9984,C
4013,90071,0.8499,106.5300,0.0000,0.9984,C
4014,35096B,0.8501,106.4900,0.0000,0.9984,C
4015,90165A,0.8503,106.4900,0.0000,0.9984,C
4016,23496,0.8505,106.1300,0.0000,0.9984,C
4017,90177C,0.8507,106.1300,0.0000,0.9984,C
4018,22987,0.8509,105.8400,0.0000,0.9985,C
4019,90051,0.8511,105.7200,0.0000,0.9985,C
4020,35610A,0.8513,105.4300,0.0000,0.9985,C
4021,84458,0.8515,105.4000,0.0000,0.9985,C
4022,17090D,0.8518,105.2000,0.0000,0.9985,C
4023,16169D,0.8520,105.0000,0.0000,0.9985,C
4024,90141A,0.8522,104.9500,0.0000,0.9985,C
4025,90079,0.8524,104.7700,0.0000,0.9985,C
4026,21118,0.8526,104.2500,0.0000,0.9985,C
4027,21337,0.8528,103.5300,0.0000,0.9985,C
4028,90059D,0.8530,103.4400,0.0000,0.9985,C
4029,23303,0.8532,103.3500,0.0000,0.9985,C
4030,35910A,0.8535,103.3500,0.0000,0.9985,C
4031,35594,0.8537,103.0600,0.0000,0.9985,C
4032,90118,0.8539,102.4700,0.0000,0.9985,C
4033,84613A,0.8541,102.3000,0.0000,0.9985,C
4034,90125C,0.8543,101.3500,0.0000,0.9985,C
4035,72369A,0.8545,101.2900,0.0000,0.9985,C
4036,16248B,0.8547,101.2500,0.0000,0.9986,C
4037,84921,0.8549,101.2500,0.0000,0.9986,C
4038,85050,0.8551,100.8000,0.0000,0.9986,C
4039,72821,0.8554,100.6500,0.0000,0.9986,C
4040,75172,0.8556,100.3100,0.0000,0.9986,C
4041,78027,0.8558,100.1500,0.0000,0.9986,C
4042,21266,0.8560,98.9000,0.0000,0.9986,C
4043,84575A,0.8562,98.8000,0.0000,0.9986,C
4044,84705D,0.8564,97.9000,0.0000,0.9986,C
4045,16161G,0.8566,97.5000,0.0000,0.9986,C
4046,23574,0.8568,97.5000,0.0000,0.9986,C
4047,90150,0.8571,97.5000,0.0000,0.9986,C
4048,90067A,0.8573,97.2400,0.0000,0.9986,C
4049,20861,0.8575,96.6000,0.0000,0.9986,C
4050,20697,0.8577,96.6000,0.0000,0.9986,C
4051,84465,0.8579,96.5100,0.0000,0.9986,C
4052,90169,0.8581,96.3900,0.0000,0.9986,C
4053,17084J,0.8583,95.7600,0.0000,0.9986,C
4054,23562,0.8585,95.3700,0.0000,0.9986,C
4055,72606A,0.8587,94.9200,0.0000,0.9987,C
4056,90024C,0.8590,93.4800,0.0000,0.9987,C
4057,90026A,0.8592,93.4700,0.0000,0.9987,C
4058,17084A,0.8594,92.8200,0.0000,0.9987,C
4059,35913B,0.8596,92.3900,0.0000,0.9987,C
4060,90075,0.8598,92.1800,0.0000,0.9987,C
4061,84753A,0.8600,92.1700,0.0000,0.9987,C
4062,21343,0.8602,92.0000,0.0000,0.9987,C
4063,23304,0.8604,91.6500,0.0000,0.9987,C
4064,90112,0.8607,91.2500,0.0000,0.9987,C
4065,90163B,0.8609,90.9700,0.0000,0.9987,C
4066,84437A,0.8611,90.9500,0.0000,0.9987,C
4067,84539,0.8613,90.7500,0.0000,0.9987,C
4068,90214R,0.8615,89.9600,0.0000,0.9987,C
4069,71406C,0.8617,89.9200,0.0000,0.9987,C
4070,23611,0.8619,89.6400,0.0000,0.9987,C
4071,23151,0.8621,89.6200,0.0000,0.9987,C
4072,17013C,0.8623,89.4600,0.0000,0.9987,C
4073,90089,0.8626,89.4300,0.0000,0.9987,C
4074,79026B,0.8628,89.2500,0.0000,0.9987,C
4075,47598,0.8630,89.1200,0.0000,0.9987,C
4076,84388,0.8632,89.0400,0.0000,0.9988,C
4077,20660,0.8634,88.7500,0.0000,0.9988,C
4078,90162A,0.8636,88.5000,0.0000,0.9988,C
4079,35638A,0.8638,88.0500,0.0000,0.9988,C
4080,71495A,0.8640,87.9600,0.0000,0.9988,C
4081,84721,0.8643,87.8000,0.0000,0.9988,C
4082,90092,0.8645,87.5100,0.0000,0.9988,C
4083,84679,0.8647,87.5000,0.0000,0.9988,C
4084,84891B,0.8649,87.4500,0.0000,0.9988,C
4085,37462B,0.8651,87.2800,0.0000,0.9988,C
4086,23626,0.8653,87.1500,0.0000,0.9988,C
4087,20835,0.8655,87.0200,0.0000,0.9988,C
4088,35822B,0.8657,87.0200,0.0000,0.9988,C
4089,90088,0.8659,86.7000,0.0000,0.9988,C
4090,23580,0.8662,86.2600,0.0000,0.9988,C
4091,84424A,0.8664,86.2500,0.0000,0.9988,C
4092,35271S,0.8666,85.9700,0.0000,0.9988,C
4093,90214G,0.8668,85.9300,0.0000,0.9988,C
4094,90012B,0.8670,85.9000,0.0000,0.9988,C
4095,90202C,0.8672,85.6600,0.0000,0.9988,C
4096,90162D,0.8674,85.5500,0.0000,0.9988,C
4097,84454,0.8676,85.5300,0.0000,0.9988,C
4098,90202A,0.8679,85.1000,0.0000,0.9989,C
4099,35838B,0.8681,85.0000,0.0000,0.9989,C
4100,90026D,0.8683,85.0000,0.0000,0.9989,C
4101,90001D,0.8685,84.9600,0.0000,0.9989,C
4102,17027A,0.8687,84.8400,0.0000,0.9989,C
4103,84251B,0.8689,84.8400,0.0000,0.9989,C
4104,46775B,0.8691,84.7500,0.0000,0.9989,C
4105,16051,0.8693,84.6900,0.0000,0.9989,C
4106,81952B,0.8695,84.5600,0.0000,0.9989,C
4107,84450B,0.8698,84.5500,0.0000,0.9989,C
4108,84251F,0.8700,83.9700,0.0000,0.9989,C
4109,90214D,0.8702,83.8600,0.0000,0.9989,C
4110,90141C,0.8704,83.6900,0.0000,0.9989,C
4111,90059E,0.8706,83.3600,0.0000,0.9989,C
4112,22016,0.8708,83.3300,0.0000,0.9989,C
4113,90039C,0.8710,82.9200,0.0000,0.9989,C
4114,90176D,0.8712,82.8100,0.0000,0.9989,C
4115,90002B,0.8715,82.7400,0.0000,0.9989,C
4116,90177E,0.8717,82.7100,0.0000,0.9989,C
4117,90177B,0.8719,82.6800,0.0000,0.9989,C
4118,90189A,0.8721,82.6400,0.0000,0.9989,C
4119,90130A,0.8723,82.5100,0.0000,0.9989,C
4120,90069,0.8725,82.5000,0.0000,0.9989,C
4121,21699,0.8727,82.4400,0.0000,0.9990,C
4122,72783,0.8729,81.9000,0.0000,0.9990,C
4123,35610C,0.8731,81.5600,0.0000,0.9990,C
4124,72779,0.8734,81.1200,0.0000,0.9990,C
4125,16201B,0.8736,81.1000,0.0000,0.9990,C
4126,90121B,0.8738,80.7500,0.0000,0.9990,C
4127,84596I,0.8740,80.6200,0.0000,0.9990,C
4128,17011E,0.8742,80.6000,0.0000,0.9990,C
4129,DCGS0069,0.8744,80.3100,0.0000,0.9990,C
4130,35265,0.8746,80.0000,0.0000,0.9990,C
4131,84415B,0.8748,80.0000,0.0000,0.9990,C
4132,84795E,0.8751,79.5000,0.0000,0.9990,C
4133,84548,0.8753,79.2000,0.0000,0.9990,C
4134,90064A,0.8755,79.1400,0.0000,0.9990,C
4135,90039B,0.8757,78.9900,0.0000,0.9990,C
4136,90064B,0.8759,78.7500,0.0000,0.9990,C
4137,35931,0.8761,78.1200,0.0000,0.9990,C
4138,23576,0.8763,78.0000,0.0000,0.9990,C
4139,84455,0.8765,77.9600,0.0000,0.9990,C
4140,21450,0.8767,77.3500,0.0000,0.9990,C
4141,90176C,0.8770,77.0000,0.0000,0.9990,C
4142,21595,0.8772,76.9500,0.0000,0.9990,C
4143,84251C,0.8774,76.6800,0.0000,0.9990,C
4144,84425A,0.8776,76.6000,0.0000,0.9990,C
4145,90059F,0.8778,76.5700,0.0000,0.9991,C
4146,90100,0.8780,76.5000,0.0000,0.9991,C
4147,90020,0.8782,76.2300,0.0000,0.9991,C
4148,90183B,0.8784,76.1300,0.0000,0.9991,C
4149,35815P,0.8787,75.8800,0.0000,0.9991,C
4150,90176A,0.8789,75.8800,0.0000,0.9991,C
4151,90038B,0.8791,75.4600,0.0000,0.9991,C
4152,62043B,0.8793,75.1600,0.0000,0.9991,C
4153,16161E,0.8795,75.0000,0.0000,0.9991,C
4154,37399,0.8797,75.0000,0.0000,0.9991,C
4155,84757,0.8799,74.7500,0.0000,0.9991,C
4156,23467,0.8801,74.6800,0.0000,0.9991,C
4157,90206A,0.8803,74.6200,0.0000,0.9991,C
4158,21267,0.8806,74.6000,0.0000,0.9991,C
4159,90012A,0.8808,74.3800,0.0000,0.9991,C
4160,90214H,0.8810,73.9400,0.0000,0.9991,C
4161,84899E,0.8812,73.9300,0.0000,0.9991,C
4162,84593,0.8814,73.7500,0.0000,0.9991,C
4163,79331,0.8816,73.6000,0.0000,0.9991,C
4164,15030,0.8818,73.0800,0.0000,0.9991,C
4165,16151A,0.8820,72.5000,0.0000,0.9991,C
4166,84447,0.8823,72.4200,0.0000,0.9991,C
4167,84427B,0.8825,72.2500,0.0000,0.9991,C
4168,84746,0.8827,72.0600,0.0000,0.9991,C
4169,90031,0.8829,71.9000,0.0000,0.9991,C
4170,90038C,0.8831,71.4600,0.0000,0.9992,C
4171,35937,0.8833,71.4400,0.0000,0.9992,C
4172,17007B,0.8835,71.4000,0.0000,0.9992,C
4173,90060D,0.8837,71.4000,0.0000,0.9992,C
4174,37509,0.8839,71.4000,0.0000,0.9992,C
4175,84925C,0.8842,71.4000,0.0000,0.9992,C
4176,23579,0.8844,71.3500,0.0000,0.9992,C
4177,84415A,0.8846,71.2500,0.0000,0.9992,C
4178,16256C,0.8848,70.9800,0.0000,0.9992,C
4179,84803B,0.8850,70.9800,0.0000,0.9992,C
4180,90214N,0.8852,70.9700,0.0000,0.9992,C
4181,90130C,0.8854,70.7200,0.0000,0.9992,C
4182,20958,0.8856,70.5000,0.0000,0.9992,C
4183,90050,0.8859,70.1600,0.0000,0.9992,C
4184,90131,0.8861,69.6200,0.0000,0.9992,C
4185,23464,0.8863,69.4000,0.0000,0.9992,C
4186,72140F,0.8865,69.1800,0.0000,0.9992,C
4187,90214B,0.8867,68.8500,0.0000,0.9992,C
4188,90037B,0.8869,68.6900,0.0000,0.9992,C
4189,71215,0.8871,68.1000,0.0000,0.9992,C
4190,84857A,0.8873,68.0000,0.0000,0.9992,C
4191,DCGS0004,0.8875,67.9400,0.0000,0.9992,C
4192,90140,0.8878,67.9000,0.0000,0.9992,C
4193,84086B,0.8880,67.8500,0.0000,0.9992,C
4194,47420,0.8882,67.8300,0.0000,0.9992,C
4195,90026B,0.8884,67.8200,0.0000,0.9992,C
4196,90026C,0.8886,67.8200,0.0000,0.9992,C
4197,20879,0.8888,67.8000,0.0000,0.9992,C
4198,90002E,0.8890,67.7700,0.0000,0.9993,C
4199,84864A,0.8892,67.7100,0.0000,0.9993,C
4200,90078,0.8895,67.6400,0.0000,0.9993,C
4201,90024F,0.8897,67.6100,0.0000,0.9993,C
4202,90202B,0.8899,67.5900,0.0000,0.9993,C
4203,47341B,0.8901,67.5000,0.0000,0.9993,C
4204,84926B,0.8903,67.5000,0.0000,0.9993,C
4205,47504J,0.8905,67.2500,0.0000,0.9993,C
4206,90125B,0.8907,66.9700,0.0000,0.9993,C
4207,35819P,0.8909,66.5500,0.0000,0.9993,C
4208,90059C,0.8911,66.5300,0.0000,0.9993,C
4209,90037A,0.8914,66.3100,0.0000,0.9993,C
4210,40002,0.8916,66.3000,0.0000,0.9993,C
4211,85072,0.8918,66.0000,0.0000,0.9993,C
4212,79329,0.8920,65.9400,0.0000,0.9993,C
4213,84340,0.8922,65.7600,0.0000,0.9993,C
4214,90027D,0.8924,65.5400,0.0000,0.9993,C
4215,90179A,0.8926,65.1800,0.0000,0.9993,C
4216,47016,0.8928,65.1000,0.0000,0.9993,C
4217,84705A,0.8931,65.1000,0.0000,0.9993,C
4218,23442,0.8933,64.4800,0.0000,0.9993,C
4219,84551,0.8935,64.3500,0.0000,0.9993,C
4220,90046,0.8937,64.3500,0.0000,0.9993,C
4221,90074,0.8939,64.0900,0.0000,0.9993,C
4222,79534,0.8941,63.8000,0.0000,0.9993,C
4223,20791,0.8943,63.7500,0.0000,0.9993,C
4224,85018A,0.8945,63.7500,0.0000,0.9993,C
4225,85018B,0.8947,63.7500,0.0000,0.9993,C
4226,90037C,0.8950,63.6000,0.0000,0.9993,C
4227,20905,0.8952,63.5000,0.0000,0.9994,C
4228,90205A,0.8954,63.4600,0.0000,0.9994,C
4229,37491D,0.8956,63.2800,0.0000,0.9994,C
4230,79406,0.8958,63.1300,0.0000,0.9994,C
4231,72709,0.8960,62.9000,0.0000,0.9994,C
4232,84529B,0.8962,62.3500,0.0000,0.9994,C
4233,35607B,0.8964,62.3000,0.0000,0.9994,C
4234,47348A,0.8967,62.0100,0.0000,0.9994,C
4235,17136A,0.8969,61.7800,0.0000,0.9994,C
4236,20620,0.8971,61.7600,0.0000,0.9994,C
4237,35817B,0.8973,61.3000,0.0000,0.9994,C
4238,35973,0.8975,61.2500,0.0000,0.9994,C
4239,35910B,0.8977,61.0700,0.0000,0.9994,C
4240,90187B,0.8979,60.6400,0.0000,0.9994,C
4241,84875A,0.8981,60.0000,0.0000,0.9994,C
4242,90141B,0.8983,59.9600,0.0000,0.9994,C
4243,23614,0.8986,59.9400,0.0000,0.9994,C
4244,23629,0.8988,59.7600,0.0000,0.9994,C
4245,90021,0.8990,59.7500,0.0000,0.9994,C
4246,90171,0.8992,59.6500,0.0000,0.9994,C
4247,44241C,0.8994,59.5000,0.0000,0.9994,C
4248,84582,0.8996,59.5000,0.0000,0.9994,C
4249,35654,0.8998,59.4000,0.0000,0.9994,C
4250,90214P,0.9000,59.3400,0.0000,0.9994,C
4251,35001B,0.9003,59.3300,0.0000,0.9994,C
4252,90011B,0.9005,59.0600,0.0000,0.9994,C
4253,35909A,0.9007,59.0000,0.0000,0.9994,C
4254,23575,0.9009,58.7300,0.0000,0.9994,C
4255,81985A,0.9011,58.6500,0.0000,0.9994,C
4256,85023C,0.9013,58.6500,0.0000,0.9994,C
4257,84226,0.9015,58.3100,0.0000,0.9994,C
4258,35816B,0.9017,58.0700,0.0000,0.9995,C
4259,17129C,0.9019,57.9800,0.0000,0.9995,C
4260,90214I,0.9022,57.2300,0.0000,0.9995,C
4261,35821B,0.9024,57.0000,0.0000,0.9995,C
4262,72771B,0.9026,56.9000,0.0000,0.9995,C
4263,90212C,0.9028,56.2500,0.0000,0.9995,C
4264,47344B,0.9030,56.1600,0.0000,0.9995,C
4265,85023A,0.9032,56.1000,0.0000,0.9995,C
4266,90033,0.9034,55.8800,0.0000,0.9995,C
4267,85080,0.9036,55.7600,0.0000,0.9995,C
4268,90001B,0.9039,55.1200,0.0000,0.9995,C
4269,85151,0.9041,55.0000,0.0000,0.9995,C
4270,90135A,0.9043,54.6200,0.0000,0.9995,C
4271,90142D,0.9045,54.5900,0.0000,0.9995,C
4272,90043,0.9047,54.5100,0.0000,0.9995,C
4273,20820,0.9049,54.4500,0.0000,0.9995,C
4274,20953,0.9051,54.4500,0.0000,0.9995,C
4275,90084,0.9053,54.4000,0.0000,0.9995,C
4276,46115B,0.9055,54.3400,0.0000,0.9995,C
4277,90179B,0.9058,53.5400,0.0000,0.9995,C
4278,72798C,0.9060,53.1100,0.0000,0.9995,C
4279,90177A,0.9062,52.7900,0.0000,0.9995,C
4280,84845C,0.9064,52.5000,0.0000,0.9995,C
4281,20870,0.9066,52.2000,0.0000,0.9995,C
4282,90214T,0.9068,52.0900,0.0000,0.9995,C
4283,84292B,0.9070,51.8000,0.0000,0.9995,C
4284,84845D,0.9072,51.2500,0.0000,0.9995,C
4285,84402B,0.9075,51.1400,0.0000,0.9995,C
4286,35071,0.9077,51.1400,0.0000,0.9995,C
4287,90188,0.9079,51.0600,0.0000,0.9995,C
4288,84612B,0.9081,51.0000,0.0000,0.9995,C
4289,20964,0.9083,51.0000,0.0000,0.9995,C
4290,85069,0.9085,50.8500,0.0000,0.9995,C
4291,90034,0.9087,50.4800,0.0000,0.9995,C
4292,72083A,0.9089,50.4000,0.0000,0.9995,C
4293,22657,0.9091,50.1500,0.0000,0.9995,C
4294,90141E,0.9094,50.0600,0.0000,0.9996,C
4295,90052,0.9096,49.5800,0.0000,0.9996,C
4296,84537B,0.9098,49.1400,0.0000,0.9996,C
4297,72129,0.9100,49.1100,0.0000,0.9996,C
4298,35603C,0.9102,48.3000,0.0000,0.9996,C
4299,37491A,0.9104,48.3000,0.0000,0.9996,C
4300,84608,0.9106,47.7000,0.0000,0.9996,C
4301,21347,0.9108,47.6000,0.0000,0.9996,C
4302,20895,0.9111,47.2000,0.0000,0.9996,C
4303,35909B,0.9113,47.2000,0.0000,0.9996,C
4304,90067B,0.9115,47.1200,0.0000,0.9996,C
4305,84227,0.9117,47.0400,0.0000,0.9996,C
4306,90182C,0.9119,47.0400,0.0000,0.9996,C
4307,90181C,0.9121,46.9300,0.0000,0.9996,C
4308,20988,0.9123,46.8000,0.0000,0.9996,C
4309,84857B,0.9125,46.8000,0.0000,0.9996,C
4310,90001C,0.9127,46.7000,0.0000,0.9996,C
4311,90001A,0.9130,46.6000,0.0000,0.9996,C
4312,37489A,0.9132,46.5600,0.0000,0.9996,C
4313,16050,0.9134,46.4500,0.0000,0.9996,C
4314,37462E,0.9136,46.2900,0.0000,0.9996,C
4315,47341A,0.9138,46.2500,0.0000,0.9996,C
4316,90128A,0.9140,46.2100,0.0000,0.9996,C
4317,72024U,0.9142,46.2000,0.0000,0.9996,C
4318,85081,0.9144,46.1700,0.0000,0.9996,C
4319,84626,0.9147,45.9500,0.0000,0.9996,C
4320,35611B,0.9149,45.7600,0.0000,0.9996,C
4321,16161C,0.9151,45.0000,0.0000,0.9996,C
4322,72724,0.9153,45.0000,0.0000,0.9996,C
4323,21685,0.9155,44.8500,0.0000,0.9996,C
4324,90135,0.9157,44.7500,0.0000,0.9996,C
4325,90197D,0.9159,44.5500,0.0000,0.9996,C
4326,72796B,0.9161,44.5500,0.0000,0.9996,C
4327,90011A,0.9163,44.2800,0.0000,0.9996,C
4328,84586L,0.9166,44.2500,0.0000,0.9996,C
4329,35085E,0.9168,44.2500,0.0000,0.9996,C
4330,90125E,0.9170,44.1900,0.0000,0.9996,C
4331,90083,0.9172,44.1700,0.0000,0.9996,C
4332,35815B,0.9174,43.9400,0.0000,0.9996,C
4333,17014C,0.9176,43.7500,0.0000,0.9996,C
4334,79063C,0.9178,43.4600,0.0000,0.9996,C
4335,18097A,0.9180,43.3500,0.0000,0.9997,C
4336,90042B,0.9183,43.3500,0.0000,0.9997,C
4337,35822P,0.9185,43.3200,0.0000,0.9997,C
4338,90059B,0.9187,43.2200,0.0000,0.9997,C
4339,21596,0.9189,42.6400,0.0000,0.9997,C
4340,90024A,0.9191,42.5000,0.0000,0.9997,C
4341,90126C,0.9193,42.1000,0.0000,0.9997,C
4342,72771C,0.9195,42.0800,0.0000,0.9997,C
4343,20860,0.9197,42.0000,0.0000,0.9997,C
4344,90152C,0.9199,41.6500,0.0000,0.9997,C
4345,84611B,0.9202,41.6500,0.0000,0.9997,C
4346,90060C,0.9204,41.6500,0.0000,0.9997,C
4347,85184B,0.9206,41.3000,0.0000,0.9997,C
4348,37477B,0.9208,41.2500,0.0000,0.9997,C
4349,23448,0.9210,41.2500,0.0000,0.9997,C
4350,90027C,0.9212,41.1700,0.0000,0.9997,C
4351,21119,0.9214,41.0100,0.0000,0.9997,C
4352,35644,0.9216,40.9500,0.0000,0.9997,C
4353,44228,0.9219,40.8000,0.0000,0.9997,C
4354,84798C,0.9221,40.8000,0.0000,0.9997,C
4355,47013C,0.9223,40.5200,0.0000,0.9997,C
4356,90136,0.9225,40.4700,0.0000,0.9997,C
4357,90152A,0.9227,40.3400,0.0000,0.9997,C
4358,20994,0.9229,39.9500,0.0000,0.9997,C
4359,23625,0.9231,39.9200,0.0000,0.9997,C
4360,47013A,0.9233,39.8700,0.0000,0.9997,C
4361,37468,0.9235,39.8100,0.0000,0.9997,C
4362,79065A,0.9238,39.8000,0.0000,0.9997,C
4363,23440,0.9240,39.5200,0.0000,0.9997,C
4364,23578,0.9242,39.2300,0.0000,0.9997,C
4365,82545A,0.9244,38.7500,0.0000,0.9997,C
4366,35963,0.9246,38.3800,0.0000,0.9997,C
4367,90130D,0.9248,38.3100,0.0000,0.9997,C
4368,90027B,0.9250,38.2800,0.0000,0.9997,C
4369,90183C,0.9252,38.1200,0.0000,0.9997,C
4370,90054,0.9255,38.0600,0.0000,0.9997,C
4371,23038,0.9257,38.0300,0.0000,0.9997,C
4372,90176B,0.9259,37.6200,0.0000,0.9997,C
4373,85115B,0.9261,37.6200,0.0000,0.9997,C
4374,35233,0.9263,37.5000,0.0000,0.9997,C
4375,37112,0.9265,37.5000,0.0000,0.9997,C
4376,79413,0.9267,37.5000,0.0000,0.9997,C
4377,84705F,0.9269,37.2000,0.0000,0.9997,C
4378,90126A,0.9271,37.1400,0.0000,0.9997,C
4379,84251J,0.9274,37.0400,0.0000,0.9997,C
4380,16162M,0.9276,36.9600,0.0000,0.9997,C
4381,72715,0.9278,36.9600,0.0000,0.9997,C
4382,17014E,0.9280,36.6000,0.0000,0.9998,C
4383,90141D,0.9282,36.3300,0.0000,0.9998,C
4384,90037D,0.9284,35.8700,0.0000,0.9998,C
4385,37348,0.9286,35.7000,0.0000,0.9998,C
4386,90060B,0.9288,35.7000,0.0000,0.9998,C
4387,90132,0.9291,35.6300,0.0000,0.9998,C
4388,90011C,0.9293,35.3300,0.0000,0.9998,C
4389,90152B,0.9295,35.2600,0.0000,0.9998,C
4390,79063D,0.9297,35.1400,0.0000,0.9998,C
4391,84745B,0.9299,34.8600,0.0000,0.9998,C
4392,DCGS0058,0.9301,34.8200,0.0000,0.9998,C
4393,84868B,0.9303,34.7500,0.0000,0.9998,C
4394,90081B,0.9305,34.6500,0.0000,0.9998,C
4395,84546,0.9307,34.6500,0.0000,0.9998,C
4396,35955,0.9310,34.6200,0.0000,0.9998,C
4397,44265,0.9312,34.0000,0.0000,0.9998,C
4398,90039A,0.9314,33.8800,0.0000,0.9998,C
4399,90066A,0.9316,33.7500,0.0000,0.9998,C
4400,84456,0.9318,33.1500,0.0000,0.9998,C
4401,90076,0.9320,33.0000,0.0000,0.9998,C
4402,DCGS0003,0.9322,32.5900,0.0000,0.9998,C
4403,90214F,0.9324,32.5100,0.0000,0.9998,C
4404,23603,0.9327,32.3700,0.0000,0.9998,C
4405,85079,0.9329,32.2500,0.0000,0.9998,C
4406,23632,0.9331,31.2000,0.0000,0.9998,C
4407,44091C,0.9333,30.6600,0.0000,0.9998,C
4408,21919,0.9335,30.4700,0.0000,0.9998,C
4409,37489B,0.9337,30.4200,0.0000,0.9998,C
4410,84745A,0.9339,30.2400,0.0000,0.9998,C
4411,90025F,0.9341,30.2300,0.0000,0.9998,C
4412,18010,0.9343,30.1600,0.0000,0.9998,C
4413,37491B,0.9346,30.0800,0.0000,0.9998,C
4414,47563B,0.9348,30.0000,0.0000,0.9998,C
4415,21767,0.9350,29.9500,0.0000,0.9998,C
4416,78056,0.9352,29.8500,0.0000,0.9998,C
4417,22351,0.9354,29.8100,0.0000,0.9998,C
4418,35598A,0.9356,29.5000,0.0000,0.9998,C
4419,78034B,0.9358,29.2500,0.0000,0.9998,C
4420,44089C,0.9360,28.5600,0.0000,0.9998,C
4421,37489D,0.9363,28.0800,0.0000,0.9998,C
4422,40005B,0.9365,28.0500,0.0000,0.9998,C
4423,17091F,0.9367,27.7100,0.0000,0.9998,C
4424,23613,0.9369,27.3900,0.0000,0.9998,C
4425,84030B,0.9371,27.2100,0.0000,0.9998,C
4426,21097,0.9373,27.2000,0.0000,0.9998,C
4427,84867B,0.9375,27.1400,0.0000,0.9998,C
4428,90214O,0.9377,27.1100,0.0000,0.9998,C
4429,90187A,0.9380,27.0400,0.0000,0.9998,C
4430,23702,0.9382,27.0000,0.0000,0.9998,C
4431,17013F,0.9384,26.7000,0.0000,0.9998,C
4432,90027A,0.9386,26.5200,0.0000,0.9998,C
4433,90025E,0.9388,26.5000,0.0000,0.9998,C
4434,84876C,0.9390,26.2500,0.0000,0.9998,C
4435,37489C,0.9392,26.0600,0.0000,0.9998,C
4436,20954,0.9394,25.5900,0.0000,0.9998,C
4437,90214V,0.9396,25.5000,0.0000,0.9998,C
4438,90142A,0.9399,25.4500,0.0000,0.9998,C
4439,DCGS0070,0.9401,25.4400,0.0000,0.9998,C
4440,35597D,0.9403,25.2800,0.0000,0.9998,C
4441,90053,0.9405,25.2300,0.0000,0.9998,C
4442,90128C,0.9407,25.0400,0.0000,0.9998,C
4443,23620,0.9409,24.9000,0.0000,0.9998,C
4444,23637,0.9411,24.9000,0.0000,0.9998,C
4445,84550,0.9413,24.7500,0.0000,0.9999,C
4446,35633B,0.9416,24.7000,0.0000,0.9999,C
4447,35596,0.9418,24.6500,0.0000,0.9999,C
4448,10124A,0.9420,24.3600,0.0000,0.9999,C
4449,84450A,0.9422,24.1800,0.0000,0.9999,C
4450,84575B,0.9424,23.8000,0.0000,0.9999,C
4451,90128B,0.9426,23.7600,0.0000,0.9999,C
4452,17014F,0.9428,23.7000,0.0000,0.9999,C
4453,90011E,0.9430,23.6100,0.0000,0.9999,C
4454,47552A,0.9432,23.4000,0.0000,0.9999,C
4455,23623,0.9435,23.2800,0.0000,0.9999,C
4456,90182A,0.9437,23.2600,0.0000,0.9999,C
4457,23447,0.9439,23.1000,0.0000,0.9999,C
4458,90095,0.9441,22.9100,0.0000,0.9999,C
4459,90055,0.9443,22.8000,0.0000,0.9999,C
4460,90025C,0.9445,22.5600,0.0000,0.9999,C
4461,37477C,0.9447,22.5000,0.0000,0.9999,C
4462,90176E,0.9449,22.5000,0.0000,0.9999,C
4463,90189B,0.9452,22.5000,0.0000,0.9999,C
4464,90041,0.9454,21.9400,0.0000,0.9999,C
4465,35652,0.9456,21.5000,0.0000,0.9999,C
4466,84387A,0.9458,21.4500,0.0000,0.9999,C
4467,23446,0.9460,21.4500,0.0000,0.9999,C
4468,35591T,0.9462,21.2500,0.0000,0.9999,C
4469,21387,0.9464,21.2500,0.0000,0.9999,C
4470,90128D,0.9466,21.2400,0.0000,0.9999,C
4471,21594,0.9468,21.0600,0.0000,0.9999,C
4472,23692,0.9471,21.0000,0.0000,0.9999,C
4473,35603B,0.9473,21.0000,0.0000,0.9999,C
4474,DCGS0072,0.9475,20.6800,0.0000,0.9999,C
4475,10002R,0.9477,20.5700,0.0000,0.9999,C
4476,79172D,0.9479,20.4000,0.0000,0.9999,C
4477,90082C,0.9481,19.9300,0.0000,0.9999,C
4478,23601,0.9483,19.9200,0.0000,0.9999,C
4479,23646,0.9485,19.9200,0.0000,0.9999,C
4480,90127A,0.9488,19.9200,0.0000,0.9999,C
4481,84570B,0.9490,19.8000,0.0000,0.9999,C
4482,37488A,0.9492,19.7700,0.0000,0.9999,C
4483,37487B,0.9494,19.7200,0.0000,0.9999,C
4484,44092C,0.9496,19.5500,0.0000,0.9999,C
4485,20680,0.9498,19.5000,0.0000,0.9999,C
4486,79062D,0.9500,19.4000,0.0000,0.9999,C
4487,81950V,0.9502,18.8000,0.0000,0.9999,C
4488,90025D,0.9504,18.6900,0.0000,0.9999,C
4489,84732B,0.9507,18.4800,0.0000,0.9999,C
4490,72796A,0.9509,18.1500,0.0000,0.9999,C
4491,84311,0.9511,18.1500,0.0000,0.9999,C
4492,90214Z,0.9513,18.0100,0.0000,0.9999,C
4493,84614C,0.9515,17.8500,0.0000,0.9999,C
4494,18097B,0.9517,17.8500,0.0000,0.9999,C
4495,85225,0.9519,17.5000,0.0000,0.9999,C
4496,23627,0.9521,17.4300,0.0000,0.9999,C
4497,23640,0.9524,17.4300,0.0000,0.9999,C
4498,23645,0.9526,17.4300,0.0000,0.9999,C
4499,DCGS0066N,0.9528,17.3000,0.0000,0.9999,C
4500,DCGS0068,0.9530,17.1200,0.0000,0.9999,C
4501,21120,0.9532,16.9800,0.0000,0.9999,C
4502,72805,0.9534,16.9000,0.0000,0.9999,C
4503,44089A,0.9536,16.8000,0.0000,0.9999,C
4504,72785A,0.9538,16.8000,0.0000,0.9999,C
4505,21511,0.9540,16.8000,0.0000,0.9999,C
4506,90102,0.9543,16.1100,0.0000,0.9999,C
4507,62074B,0.9545,15.9600,0.0000,0.9999,C
4508,84250M,0.9547,15.9000,0.0000,0.9999,C
4509,84630,0.9549,15.9000,0.0000,0.9999,C
4510,71050,0.9551,15.7500,0.0000,0.9999,C
4511,35932,0.9553,15.6300,0.0000,0.9999,C
4512,21560,0.9555,15.4400,0.0000,0.9999,C
4513,21853,0.9557,15.4000,0.0000,0.9999,C
4514,37481,0.9560,15.3000,0.0000,0.9999,C
4515,17174,0.9562,15.1200,0.0000,0.9999,C
4516,84206A,0.9564,15.0100,0.0000,0.9999,C
4517,23449,0.9566,15.0000,0.0000,0.9999,C
4518,90068,0.9568,15.0000,0.0000,0.9999,C
4519,21475,0.9570,14.9500,0.0000,0.9999,C
4520,35650,0.9572,14.8500,0.0000,0.9999,C
4521,84567,0.9574,14.8500,0.0000,0.9999,C
4522,90011D,0.9576,14.7500,0.0000,0.9999,C
4523,90182B,0.9579,14.6300,0.0000,0.9999,C
4524,90077,0.9581,14.4000,0.0000,0.9999,C
4525,10124G,0.9583,14.2800,0.0000,0.9999,C
4526,21852,0.9585,13.9000,0.0000,0.9999,C
4527,84868A,0.9587,13.9000,0.0000,0.9999,C
4528,16245A,0.9589,13.7500,0.0000,0.9999,C
4529,35936,0.9591,13.6800,0.0000,0.9999,C
4530,84814B,0.9593,13.6500,0.0000,0.9999,C
4531,35443,0.9596,13.6000,0.0000,0.9999,C
4532,21525,0.9598,13.5000,0.0000,0.9999,C
4533,62097B,0.9600,13.3700,0.0000,0.9999,C
4534,23639,0.9602,13.3200,0.0000,0.9999,C
4535,23644,0.9604,13.3200,0.0000,0.9999,C
4536,23607,0.9606,13.2800,0.0000,0.9999,C
4537,16192,0.9608,12.9000,0.0000,0.9999,C
4538,84247J,0.9610,12.7800,0.0000,0.9999,C
4539,20812,0.9612,12.7500,0.0000,0.9999,C
4540,21772,0.9615,12.7500,0.0000,0.9999,C
4541,44092B,0.9617,12.7500,0.0000,0.9999,C
4542,72752B,0.9619,12.7500,0.0000,0.9999,C
4543,84648,0.9621,12.7500,0.0000,0.9999,C
4544,85083,0.9623,12.7500,0.0000,0.9999,C
4545,85157,0.9625,12.7200,0.0000,0.9999,C
4546,DCGS0037,0.9627,12.7200,0.0000,0.9999,C
4547,DCGS0075,0.9629,12.7200,0.0000,0.9999,C
4548,35751C,0.9632,12.6100,0.0000,0.9999,C
4549,35597A,0.9634,12.5000,0.0000,0.9999,C
4550,35918B,0.9636,12.5000,0.0000,0.9999,C
4551,51012L,0.9638,12.5000,0.0000,0.9999,C
4552,23616,0.9640,12.4500,0.0000,0.9999,C
4553,90000C,0.9642,12.3200,0.0000,0.9999,C
4554,44242A,0.9644,11.9800,0.0000,1.0000,C
4555,22206,0.9646,11.8200,0.0000,1.0000,C
4556,85185E,0.9648,11.8000,0.0000,1.0000,C
4557,79149B,0.9651,11.7600,0.0000,1.0000,C
4558,23605,0.9653,11.6400,0.0000,1.0000,C
4559,23634,0.9655,11.6400,0.0000,1.0000,C
4560,90025B,0.9657,11.2900,0.0000,1.0000,C
4561,79070B,0.9659,11.2600,0.0000,1.0000,C
4562,84366,0.9661,11.2500,0.0000,1.0000,C
4563,84743C,0.9663,11.2500,0.0000,1.0000,C
4564,17011B,0.9665,11.1000,0.0000,1.0000,C
4565,72785B,0.9668,10.9000,0.0000,1.0000,C
4566,84732D,0.9670,10.8900,0.0000,1.0000,C
4567,16169A,0.9672,10.5000,0.0000,1.0000,C
4568,16169G,0.9674,10.5000,0.0000,1.0000,C
4569,17084G,0.9676,10.5000,0.0000,1.0000,C
4570,21496,0.9678,10.5000,0.0000,1.0000,C
4571,21857,0.9680,10.2300,0.0000,1.0000,C
4572,21858,0.9682,10.2300,0.0000,1.0000,C
4573,20939,0.9684,10.2000,0.0000,1.0000,C
4574,23619,0.9687,9.9600,0.0000,1.0000,C
4575,23624,0.9689,9.9600,0.0000,1.0000,C
4576,81953P,0.9691,9.5700,0.0000,1.0000,C
4577,20822,0.9693,9.3000,0.0000,1.0000,C
4578,72708,0.9695,9.2400,0.0000,1.0000,C
4579,18098B,0.9697,8.8500,0.0000,1.0000,C
4580,20882,0.9699,8.8500,0.0000,1.0000,C
4581,35598C,0.9701,8.8500,0.0000,1.0000,C
4582,62097A,0.9704,8.8500,0.0000,1.0000,C
4583,23608,0.9706,8.7300,0.0000,1.0000,C
4584,23636,0.9708,8.7300,0.0000,1.0000,C
4585,71496B,0.9710,8.6700,0.0000,1.0000,C
4586,20739,0.9712,8.6500,0.0000,1.0000,C
4587,21406,0.9714,8.6500,0.0000,1.0000,C
4588,90013E,0.9716,8.5700,0.0000,1.0000,C
4589,84572,0.9718,8.4900,0.0000,1.0000,C
4590,90126B,0.9720,8.4800,0.0000,1.0000,C
4591,23441,0.9723,8.4000,0.0000,1.0000,C
4592,23635,0.9725,8.3200,0.0000,1.0000,C
4593,23612,0.9727,8.3000,0.0000,1.0000,C
4594,90214Y,0.9729,7.9400,0.0000,1.0000,C
4595,44091A,0.9731,7.5600,0.0000,1.0000,C
4596,20942,0.9733,7.5000,0.0000,1.0000,C
4597,46037A,0.9735,7.5000,0.0000,1.0000,C
4598,82011E,0.9737,7.5000,0.0000,1.0000,C
4599,90025A,0.9740,7.5000,0.0000,1.0000,C
4600,23615,0.9742,7.4700,0.0000,1.0000,C
4601,23633,0.9744,7.4700,0.0000,1.0000,C
4602,23650,0.9746,7.4700,0.0000,1.0000,C
4603,23654,0.9748,7.4700,0.0000,1.0000,C
4604,84201B,0.9750,7.4100,0.0000,1.0000,C
4605,90111,0.9752,7.3500,0.0000,1.0000,C
4606,35001P,0.9754,6.9800,0.0000,1.0000,C
4607,85230C,0.9756,6.9600,0.0000,1.0000,C
4608,85230D,0.9759,6.9600,0.0000,1.0000,C
4609,37484,0.9761,6.7500,0.0000,1.0000,C
4610,48173A,0.9763,6.7500,0.0000,1.0000,C
4611,90214W,0.9765,6.6900,0.0000,1.0000,C
4612,23604,0.9767,6.6400,0.0000,1.0000,C
4613,20678,0.9769,6.6000,0.0000,1.0000,C
4614,20858,0.9771,6.6000,0.0000,1.0000,C
4615,20884,0.9773,6.3000,0.0000,1.0000,C
4616,79140,0.9776,6.3000,0.0000,1.0000,C
4617,20673,0.9778,6.2500,0.0000,1.0000,C
4618,37408,0.9780,6.2500,0.0000,1.0000,C
4619,82072,0.9782,6.2500,0.0000,1.0000,C
4620,23610,0.9784,6.2400,0.0000,1.0000,C
4621,85123B,0.9786,6.0400,0.0000,1.0000,C
4622,72751A,0.9788,5.9500,0.0000,1.0000,C
4623,72751B,0.9790,5.9500,0.0000,1.0000,C
4624,72751C,0.9792,5.9500,0.0000,1.0000,C
4625,85077,0.9795,5.9500,0.0000,1.0000,C
4626,37409,0.9797,5.9500,0.0000,1.0000,C
4627,18098A,0.9799,5.9000,0.0000,1.0000,C
4628,35821P,0.9801,5.9000,0.0000,1.0000,C
4629,35823P,0.9803,5.9000,0.0000,1.0000,C
4630,79303A,0.9805,5.9000,0.0000,1.0000,C
4631,35051B,0.9807,5.8800,0.0000,1.0000,C
4632,85186B,0.9809,5.8800,0.0000,1.0000,C
4633,23617,0.9812,5.8200,0.0000,1.0000,C
4634,23638,0.9814,5.8200,0.0000,1.0000,C
4635,23652,0.9816,5.8200,0.0000,1.0000,C
4636,23630,0.9818,5.4800,0.0000,1.0000,C
4637,35537,0.9820,5.4600,0.0000,1.0000,C
4638,21838,0.9822,5.4500,0.0000,1.0000,C
4639,35751D,0.9824,5.3200,0.0000,1.0000,C
4640,16215,0.9826,5.2000,0.0000,1.0000,C
4641,21854,0.9828,5.1700,0.0000,1.0000,C
4642,21860,0.9831,5.1700,0.0000,1.0000,C
4643,71101A,0.9833,5.1000,0.0000,1.0000,C
4644,71434B,0.9835,5.1000,0.0000,1.0000,C
4645,90142B,0.9837,5.0900,0.0000,1.0000,C
4646,90142C,0.9839,5.0900,0.0000,1.0000,C
4647,84942,0.9841,5.0700,0.0000,1.0000,C
4648,72740B,0.9843,5.0600,0.0000,1.0000,C
4649,DCGS0041,0.9845,5.0600,0.0000,1.0000,C
4650,20877,0.9848,5.0400,0.0000,1.0000,C
4651,23621,0.9850,4.9800,0.0000,1.0000,C
4652,23649,0.9852,4.9800,0.0000,1.0000,C
4653,37451,0.9854,4.9500,0.0000,1.0000,C
4654,85043,0.9856,4.9500,0.0000,1.0000,C
4655,85232C,0.9858,4.9500,0.0000,1.0000,C
4656,45014,0.9860,4.6500,0.0000,1.0000,C
4657,81953B,0.9862,4.6400,0.0000,1.0000,C
4658,79151B,0.9864,4.6200,0.0000,1.0000,C
4659,37326,0.9867,4.6100,0.0000,1.0000,C
4660,21409,0.9869,4.2500,0.0000,1.0000,C
4661,72752A,0.9871,4.2500,0.0000,1.0000,C
4662,79157V,0.9873,4.2500,0.0000,1.0000,C
4663,84255A,0.9875,4.2000,0.0000,1.0000,C
4664,37432,0.9877,3.9000,0.0000,1.0000,C
4665,72084B,0.9879,3.9000,0.0000,1.0000,C
4666,16010,0.9881,3.8400,0.0000,1.0000,C
4667,35995,0.9884,3.7800,0.0000,1.0000,C
4668,35974,0.9886,3.7500,0.0000,1.0000,C
4669,37438,0.9888,3.7500,0.0000,1.0000,C
4670,40046C,0.9890,3.7500,0.0000,1.0000,C
4671,90004A,0.9892,3.7500,0.0000,1.0000,C
4672,84731,0.9894,3.6900,0.0000,1.0000,C
4673,35818C,0.9896,3.4300,0.0000,1.0000,C
4674,21081,0.9898,3.4000,0.0000,1.0000,C
4675,79157B,0.9900,3.4000,0.0000,1.0000,C
4676,23643,0.9903,3.3300,0.0000,1.0000,C
4677,20683,0.9905,3.2500,0.0000,1.0000,C
4678,20885,0.9907,2.9500,0.0000,1.0000,C
4679,79301,0.9909,2.9500,0.0000,1.0000,C
4680,23602,0.9911,2.9100,0.0000,1.0000,C
4681,23609,0.9913,2.9100,0.0000,1.0000,C
4682,23628,0.9915,2.9100,0.0000,1.0000,C
4683,DCGS0044,0.9917,2.5700,0.0000,1.0000,C
4684,20881,0.9920,2.5500,0.0000,1.0000,C
4685,21036,0.9922,2.5500,0.0000,1.0000,C
4686,35999,0.9924,2.5500,0.0000,1.0000,C
4687,47554,0.9926,2.5500,0.0000,1.0000,C
4688,47556,0.9928,2.5500,0.0000,1.0000,C
4689,47569,0.9930,2.5500,0.0000,1.0000,C
4690,85171,0.9932,2.5500,0.0000,1.0000,C
4691,90091,0.9934,2.5500,0.0000,1.0000,C
4692,17028J,0.9936,2.5200,0.0000,1.0000,C
4693,21008,0.9939,2.5100,0.0000,1.0000,C
4694,DCGS0062,0.9941,2.5100,0.0000,1.0000,C
4695,21225,0.9943,2.5000,0.0000,1.0000,C
4696,21290,0.9945,2.5000,0.0000,1.0000,C
4697,90127B,0.9947,2.5000,0.0000,1.0000,C
4698,17061,0.9949,2.0800,0.0000,1.0000,C
4699,85192S,0.9951,1.9500,0.0000,1.0000,C
4700,35945,0.9953,1.9500,0.0000,1.0000,C
4701,46138D,0.9956,1.9500,0.0000,1.0000,C
4702,84814A,0.9958,1.9500,0.0000,1.0000,C
4703,84201C,0.9960,1.9000,0.0000,1.0000,C
4704,84206C,0.9962,1.9000,0.0000,1.0000,C
4705,84206B,0.9964,1.7100,0.0000,1.0000,C
4706,20737,0.9966,1.7000,0.0000,1.0000,C
4707,30086C,0.9968,1.7000,0.0000,1.0000,C
4708,35837,0.9970,1.7000,0.0000,1.0000,C
4709,72754D,0.9972,1.6900,0.0000,1.0000,C
4710,10109,0.9975,1.6800,0.0000,1.0000,C
4711,21585,0.9977,1.6500,0.0000,1.0000,C
4712,23664,0.9979,1.6500,0.0000,1.0000,C
4713,72796C,0.9981,1.6500,0.0000,1.0000,C
4714,85024A,0.9983,1.6500,0.0000,1.0000,C
4715,35980B,0.9985,1.5200,0.0000,1.0000,C
4716,35950,0.9987,1.2500,0.0000,1.0000,C
4717,35976B,0.9989,1.2500,0.0000,1.0000,C
4718,84845A,0.9992,1.2500,0.0000,1.0000,C
4719,90214U,0.9994,1.2500,0.0000,1.0000,C
4720,20721,0.9996,0.8500,0.0000,1.0000,C
4721,35930,0.9998,0.3800,0.0000,1.0000,C
4722,84205C,1.0000,0.3800,0.0000,1.0000,C
