stock_code,selling_months,mean_price,std_price,price_cv
10002,17,0.8398,0.0660,0.0786
10002R,2,5.1150,0.0778,0.0152
10080,11,0.5991,0.2402,0.4010
10109,1,0.4200,0.0000,
10120,21,0.2216,0.0479,0.2162
10123C,14,0.6231,0.2178,0.3495
10123G,6,0.6524,0.6032,0.9247
10124A,12,0.4200,0.0000,0.0000
10124G,9,0.4433,0.0700,0.1579
10125,23,0.8793,0.1982,0.2254
10133,22,0.7751,0.1596,0.2060
10134,12,1.2233,0.0685,0.0560
10135,25,1.2202,0.2165,0.1775
10138,5,0.4313,0.0228,0.0529
11001,25,1.6870,0.2546,0.1509
15030,17,0.2900,0.0000,0.0000
15034,25,0.2081,0.1571,0.7549
15036,25,0.7858,0.1290,0.1642
15039,25,1.0283,0.3046,0.2962
15044A,25,3.1671,0.4841,0.1528
15044B,21,3.2202,0.7168,0.2226
15044C,25,3.3839,0.7119,0.2104
15044D,25,3.1790,0.6988,0.2198
15056BL,25,5.6395,0.6287,0.1115
15056N,25,5.5876,0.6528,0.1168
15056P,25,5.8621,0.6868,0.1172
15058A,18,8.2984,1.6528,0.1992
15058B,20,9.4192,4.1642,0.4421
15058C,20,8.5804,2.9601,0.3450
15059A,1,3.0786,0.0000,
15060B,24,4.5289,0.8612,0.1902
16008,17,0.1950,0.0680,0.3485
16010,4,0.1200,0.0000,0.0000
16011,24,0.2097,0.0012,0.0059
16012,22,0.2092,0.0036,0.0170
16014,24,0.3612,0.0471,0.1305
16015,21,0.4759,0.0431,0.0905
16016,25,0.8260,0.0391,0.0473
16020C,14,0.8474,0.0067,0.0079
16033,15,0.1129,0.0122,0.1076
16043,9,0.3067,0.1709,0.5572
16044,2,0.2400,0.2545,1.0604
16045,14,0.0800,0.0415,0.5189
16046,22,0.7131,0.3012,0.4224
16047,10,0.8090,0.4567,0.5646
16048,25,0.3202,0.2396,0.7482
16049,11,0.2570,0.1321,0.5141
16050,3,0.3753,0.1536,0.4093
16051,3,0.3105,0.2175,0.7005
16052,15,0.5622,0.2182,0.3881
16053,8,0.1650,0.0833,0.5050
16054,12,0.2450,0.1545,0.6305
16119,1,0.4788,0.0000,
16151A,3,2.9167,1.4434,0.4949
16156L,19,0.4200,0.0000,0.0000
16156N,7,0.4200,0.0000,0.0000
16156S,25,0.4004,0.0181,0.0453
16161C,1,0.1000,0.0000,
16161E,3,0.1000,0.0000,0.0000
16161G,17,0.1000,0.0000,0.0000
16161M,12,0.4189,0.0038,0.0092
16161P,24,0.4141,0.0128,0.0309
16161U,25,0.4129,0.0142,0.0344
16162L,13,0.6398,0.3824,0.5977
16162M,7,0.4200,0.0000,0.0000
16168M,24,0.4627,0.1480,0.3198
16168S,3,0.1799,0.1522,0.8463
16169A,1,0.4200,0.0000,
16169C,4,0.4200,0.0000,0.0000
16169D,1,0.4200,0.0000,
16169E,6,0.4172,0.0045,0.0107
16169F,5,0.4200,0.0000,0.0000
16169G,1,0.4200,0.0000,
16169K,13,0.3973,0.0649,0.1633
16169M,21,0.4090,0.0502,0.1227
16169N,12,0.3981,0.0662,0.1663
16169P,13,0.3935,0.0689,0.1751
16192,1,4.3000,0.0000,
16201A,6,3.9482,4.7160,1.1945
16201B,1,2.3853,0.0000,
16202A,11,3.1896,2.6708,0.8373
16202B,12,3.7044,3.4204,0.9233
16202C,6,4.3620,3.9241,0.8996
16202E,9,3.4643,2.0544,0.5930
16206B,8,1.2420,0.0227,0.0183
16207A,18,2.9889,0.2306,0.0771
16207B,10,2.8484,1.1437,0.4015
16212,11,0.7495,0.1790,0.2388
16215,1,0.6500,0.0000,
16216,23,0.1504,0.0696,0.4630
16218,23,0.3883,0.5940,1.5296
16219,22,0.2651,0.1745,0.6580
16225,24,1.1897,0.3041,0.2556
16235,25,0.2437,0.0410,0.1681
16236,25,0.2482,0.0614,0.2472
16237,25,0.2174,0.0127,0.0585
16238,25,0.2372,0.0293,0.1234
16239,4,2.0702,0.9256,0.4471
16243B,4,4.9525,2.0026,0.4044
16244A,4,3.2964,1.1052,0.3353
16244B,8,2.9946,1.4559,0.4862
16245A,5,1.2500,0.0000,0.0000
16248B,8,1.2500,0.0000,0.0000
16254,14,1.0157,0.3897,0.3837
16256B,7,0.4469,0.0231,0.0517
16256C,5,0.4200,0.0000,0.0000
16258A,23,0.4468,0.1211,0.2710
16258B,1,0.2176,0.0000,
16259,20,0.1710,0.0611,0.3574
17001,10,0.2672,0.0369,0.1380
17003,25,0.2333,0.0690,0.2958
17007B,6,2.1000,0.0000,0.0000
17011A,7,2.5859,1.6661,0.6443
17011B,2,1.2000,1.2728,1.0607
17011C,1,0.6609,0.0000,
17011D,3,1.0230,0.9508,0.9294
17011E,1,0.6500,0.0000,
17011F,11,1.9221,1.1753,0.6115
17012A,21,1.8461,1.2896,0.6985
17012B,20,1.9196,1.2978,0.6761
17012C,22,2.1318,1.0272,0.4819
17012D,17,2.0776,1.0385,0.4999
17012E,8,2.1908,0.6605,0.3015
17012F,20,1.9543,1.0287,0.5264
17013B,1,0.8634,0.0000,
17013C,2,0.4200,0.0000,0.0000
17013D,17,1.0604,0.8558,0.8071
17013F,5,1.3800,0.6037,0.4375
17014A,11,1.3047,1.1022,0.8448
17014C,1,0.4510,0.0000,
17014D,6,1.3051,1.1819,0.9056
17014E,4,1.3125,0.6750,0.5143
17014F,3,1.2078,0.7660,0.6342
17021,24,0.2865,0.0226,0.0788
17027A,2,0.3550,0.0919,0.2589
17028J,1,0.4200,0.0000,
17033,10,0.2798,0.0201,0.0720
17038,22,0.2590,0.2931,1.1315
17039,9,0.2856,0.0976,0.3416
17061,1,0.0400,0.0000,
17084A,13,0.2100,0.0000,0.0000
17084G,1,0.2100,0.0000,
17084J,15,0.2100,0.0000,0.0000
17084N,25,0.2453,0.0465,0.1896
17084P,20,0.2582,0.0749,0.2901
17084R,22,0.2002,0.0157,0.0785
17090A,16,1.1791,0.1531,0.1299
17090D,16,1.2269,0.0923,0.0752
17091A,18,0.7793,0.3609,0.4631
17091B,10,1.2361,0.1962,0.1587
17091F,2,1.4023,0.2154,0.1536
17091J,25,0.6312,0.3242,0.5137
17096,20,0.2474,0.1008,0.4075
17107D,24,2.5500,0.0000,0.0000
17108D,4,0.4200,0.0000,0.0000
17109A,4,0.7437,0.6328,0.8508
17109B,4,0.6658,0.6931,1.0410
17109C,4,0.6717,0.6895,1.0266
17109D,14,1.1585,0.8257,0.7127
17129C,5,0.8080,0.0939,0.1162
17129D,4,1.1002,0.2791,0.2537
17129F,25,1.2099,0.3526,0.2914
17136A,19,0.1011,0.0485,0.4794
17164B,14,0.4080,0.0194,0.0476
17164D,4,0.3907,0.0200,0.0513
17165B,11,0.9804,0.1211,0.1235
17165D,14,0.9910,0.0943,0.0952
17174,5,0.4200,0.0000,0.0000
17178,10,1.2254,0.0778,0.0635
17181,9,2.5838,1.3281,0.5140
17191A,9,3.7500,0.0000,0.0000
18007,19,0.1806,0.0784,0.4341
18010,2,0.4498,0.0422,0.0937
18094C,23,1.5471,0.4907,0.3172
18096C,3,2.7940,0.6756,0.2418
18097A,7,2.5500,0.0000,0.0000
18097B,2,2.5500,0.0000,0.0000
18097C,25,2.5874,0.6375,0.2464
18098A,1,2.9500,0.0000,
18098B,2,2.9500,0.0000,0.0000
18098C,20,3.1388,0.5120,0.1631
20615,25,2.3437,0.8411,0.3589
20616,25,2.0002,0.9326,0.4662
20617,23,2.2673,0.6017,0.2654
20618,24,2.2325,0.4015,0.1798
20619,25,2.3594,0.9125,0.3868
20620,3,4.1585,0.0892,0.0214
20621,10,2.3412,0.5024,0.2146
20622,25,2.3002,0.6792,0.2953
20652,25,1.3728,0.4682,0.3411
20653,22,1.5712,0.6623,0.4215
20654,25,1.3610,0.3081,0.2264
20655,24,1.5774,0.3534,0.2240
20657,24,1.3619,0.5353,0.3931
20658,22,1.4643,0.1928,0.1317
20659,24,1.5427,0.4462,0.2892
20660,7,1.2500,0.0000,0.0000
20661,20,3.0173,1.4497,0.4805
20662,17,2.5948,1.1827,0.4558
20663,19,2.4778,1.1032,0.4452
20664,12,2.8275,0.2216,0.0784
20665,25,3.4039,0.7637,0.2244
20666,15,2.3393,1.0325,0.4414
20667,10,2.8030,0.2367,0.0844
20668,25,0.1265,0.0159,0.1255
20669,23,1.4760,0.3157,0.2139
20670,19,2.8874,1.3392,0.4638
20671,13,1.3534,0.1407,0.1040
20672,4,1.7295,0.5559,0.3214
20673,1,1.2500,0.0000,
20674,25,1.2943,0.0769,0.0594
20675,25,1.2731,0.0847,0.0666
20676,25,1.2662,0.0698,0.0551
20677,25,1.2786,0.0893,0.0698
20678,1,1.6500,0.0000,
20679,25,5.8069,0.7307,0.1258
20680,2,3.2500,0.0000,0.0000
20681,16,3.4316,0.2449,0.0714
20682,25,3.3717,0.3078,0.0913
20683,1,3.2500,0.0000,
20684,20,3.4167,0.4828,0.1413
20685,25,7.1592,0.8051,0.1125
20686,25,3.3932,0.2597,0.0765
20688,3,3.4819,3.7767,1.0847
20689,8,5.6524,2.2219,0.3931
20692,9,4.1683,0.2871,0.0689
20693,4,4.8814,0.7306,0.1497
20694,20,4.6654,1.5632,0.3351
20695,16,4.8685,1.3634,0.2800
20696,21,4.4801,1.3238,0.2955
20697,13,2.5154,0.1248,0.0496
20698,12,2.5125,0.1299,0.0517
20699,20,2.7425,0.4509,0.1644
20700,20,6.9159,3.1445,0.4547
20701,9,3.3828,0.9216,0.2724
20702,22,4.2516,0.0945,0.0222
20703,13,4.2437,0.0511,0.0120
20704,23,6.5953,2.3111,0.3504
20705,23,6.0130,1.7871,0.2972
20707,25,1.3429,0.4592,0.3420
20711,25,2.1956,0.5110,0.2327
20712,25,2.2774,0.6365,0.2795
20713,23,2.0441,0.5152,0.2520
20714,2,0.4807,0.1237,0.2573
20715,1,1.0600,0.0000,
20716,19,1.2651,0.1161,0.0918
20717,25,1.3116,0.1871,0.1426
20718,25,1.3419,0.2112,0.1574
20719,25,1.1228,0.2624,0.2337
20721,1,0.8500,0.0000,
20723,25,1.1409,0.3447,0.3021
20724,25,1.0938,0.2589,0.2367
20725,25,1.7758,0.1650,0.0929
20726,25,1.7822,0.1563,0.0877
20727,25,1.7501,0.1587,0.0907
20728,25,1.7646,0.1624,0.0920
20729,7,1.1118,0.4537,0.4081
20730,9,1.0836,0.3559,0.3285
20731,18,1.2273,0.4161,0.3390
20733,24,0.8349,0.1218,0.1459
20734,17,1.1631,0.4333,0.3725
20735,24,1.1125,0.3954,0.3555
20736,4,0.8250,0.0500,0.0606
20737,1,1.7000,0.0000,
20738,12,0.8329,0.0459,0.0551
20739,1,8.6500,0.0000,
20747,6,13.5881,0.7665,0.0564
20748,23,12.9244,2.5201,0.1950
20749,25,7.3417,0.4205,0.0573
20750,25,7.3381,0.3004,0.0409
20751,25,2.1314,0.0831,0.0390
20752,24,2.1772,0.2668,0.1225
20753,2,1.9561,0.5508,0.2816
20754,24,2.1090,0.1933,0.0916
20755,21,0.8243,0.1764,0.2141
20756,16,0.8011,0.1961,0.2448
20757,22,0.8845,0.2915,0.3296
20758,24,0.8131,0.1560,0.1919
20759,23,0.8092,0.1586,0.1960
20760,20,0.8285,0.2610,0.3150
20761,25,3.8335,0.6858,0.1789
20762,24,3.7161,0.5877,0.1581
20763,23,3.3820,1.0508,0.3107
20764,25,3.8260,0.7005,0.1831
20765,25,4.0101,1.2807,0.3194
20766,25,3.8816,0.8426,0.2171
20767,25,2.5893,0.4384,0.1693
20768,25,2.5001,0.3421,0.1368
20769,21,2.6303,0.6672,0.2537
20770,24,2.4111,0.2990,0.1240
20771,23,2.5411,0.4080,0.1606
20772,24,2.4863,0.4361,0.1754
20773,22,1.6007,0.3271,0.2043
20774,23,1.6047,0.3224,0.2009
20775,22,1.6849,0.4783,0.2839
20776,10,1.5221,0.4836,0.3177
20777,24,1.6623,0.3686,0.2217
20778,16,1.6158,0.4232,0.2619
20780,19,6.9933,2.1830,0.3122
20781,22,6.2815,2.1033,0.3348
20782,19,6.3957,1.2145,0.1899
20783,8,6.4867,1.7460,0.2692
20784,8,37.5520,5.2296,0.1393
20785,14,38.7543,4.5879,0.1184
20786,9,40.5684,13.6089,0.3355
20787,8,41.4998,8.9094,0.2147
20791,1,12.7500,0.0000,
20793,14,7.8757,3.4832,0.4423
20794,22,3.1637,0.8507,0.2689
20795,15,2.6875,0.8759,0.3259
20796,15,2.1479,0.7553,0.3517
20798,14,2.6279,0.7104,0.2703
20799,6,2.5901,1.0250,0.3957
20800,3,2.9208,2.4298,0.8319
20801,17,2.9688,1.3844,0.4663
20802,24,1.8772,0.5377,0.2864
20803,18,1.6905,0.7677,0.4541
20804,6,1.8070,0.1769,0.0979
20812,2,2.5500,0.0000,0.0000
20814,3,1.1437,0.0938,0.0820
20816,6,5.9500,1.9596,0.3293
20818,13,4.2560,1.9083,0.4484
20819,21,3.8267,1.2953,0.3385
20820,8,4.9500,0.0000,0.0000
20821,15,6.9831,2.5915,0.3711
20822,1,4.6500,0.0000,
20823,8,3.1705,1.9720,0.6220
20825,5,3.6984,0.1780,0.0481
20826,8,1.6517,0.7850,0.4753
20827,5,1.7310,0.7554,0.4364
20828,25,2.6337,0.2781,0.1056
20829,25,2.1339,0.1504,0.0705
20830,20,2.6953,0.6627,0.2459
20831,24,2.5631,0.8651,0.3375
20832,23,0.8709,0.3308,0.3799
20833,3,25.1500,21.4774,0.8540
20835,6,2.6621,4.1071,1.5428
20836,10,1.4680,1.0227,0.6967
20837,9,1.5389,1.0584,0.6877
20838,14,1.9409,1.0273,0.5293
20839,21,3.0922,2.2913,0.7410
20840,19,2.7305,2.4650,0.9028
20845,11,6.4809,0.3089,0.0477
20846,25,1.3925,0.1776,0.1276
20847,17,4.7440,1.6308,0.3438
20848,11,2.9500,0.0000,0.0000
20849,10,3.5100,1.3368,0.3809
20850,8,2.6650,0.8060,0.3024
20851,15,5.6456,1.4298,0.2533
20854,15,1.6450,0.0286,0.0174
20855,9,1.6500,0.0000,0.0000
20856,21,1.6512,0.0114,0.0069
20857,15,1.6500,0.0000,0.0000
20858,1,1.6500,0.0000,
20860,7,2.1000,0.0000,0.0000
20861,8,2.1000,0.0000,0.0000
20862,6,2.1557,0.3582,0.1661
20863,9,2.1655,0.3949,0.1824
20864,9,2.0331,0.2133,0.1049
20865,7,2.0248,0.2390,0.1180
20866,24,1.4424,0.4811,0.3335
20867,23,1.3034,0.2928,0.2247
20868,20,0.9747,0.5771,0.5921
20869,19,0.9348,0.5611,0.6002
20870,1,1.8000,0.0000,
20871,13,1.9421,1.0348,0.5328
20877,1,0.4200,0.0000,
20878,6,1.2846,0.0935,0.0728
20879,1,1.1895,0.0000,
20881,1,0.8500,0.0000,
20882,1,2.9500,0.0000,
20884,1,2.1000,0.0000,
20885,1,2.9500,0.0000,
20886,24,2.0422,0.1625,0.0796
20887,1,6.5772,0.0000,
20888,4,2.1566,0.8938,0.4145
20889,4,1.4859,1.0431,0.7020
20890,4,2.9925,3.4874,1.1654
20891,2,5.4883,7.3374,1.3369
20892,13,14.5881,4.9358,0.3383
20893,22,2.7713,0.5763,0.2079
20894,20,3.4308,0.8918,0.2599
20895,3,2.9500,0.0000,0.0000
20896,6,2.9500,0.0000,0.0000
20897,19,3.2311,0.7487,0.2317
20898,16,2.8622,0.4224,0.1476
20899,5,2.9500,0.0000,0.0000
20901,11,9.2579,2.3987,0.2591
20902,20,9.5590,3.0220,0.3161
20903,22,8.0740,3.3795,0.4186
20905,2,6.3500,0.0000,0.0000
20906,14,3.1797,0.4607,0.1449
20910,13,7.6344,1.5116,0.1980
20913,2,3.1002,0.7240,0.2335
20914,25,2.8526,0.1213,0.0425
20931,24,3.7384,0.9528,0.2549
20932,23,4.5320,1.6213,0.3577
20933,16,3.4233,0.8129,0.2375
20934,17,6.3488,1.4524,0.2288
20935,13,2.7161,0.5295,0.1950
20936,21,3.3124,0.9883,0.2984
20939,1,0.8500,0.0000,
20940,1,2.9047,0.0000,
20941,20,1.3106,0.2875,0.2194
20942,1,1.2500,0.0000,
20943,8,1.6776,0.5409,0.3224
20950,7,0.8019,0.7822,0.9754
20952,9,0.5379,0.3477,0.6465
20953,4,1.6500,0.0000,0.0000
20954,2,8.5600,0.1273,0.0149
20956,24,1.5232,0.4091,0.2686
20957,7,1.4661,0.0425,0.0290
20958,7,1.9214,0.0756,0.0393
20960,15,1.6926,0.5572,0.3292
20961,25,1.4171,0.2556,0.1804
20963,25,1.4321,0.2474,0.1727
20964,5,2.5500,0.0000,0.0000
20966,21,1.6812,0.4859,0.2890
20967,19,3.9636,0.8726,0.2201
20968,2,5.8816,2.4585,0.4180
20969,25,3.8334,0.2911,0.0759
20970,25,3.8064,0.1857,0.0488
20971,25,1.3014,0.2112,0.1623
20972,25,1.2348,0.0659,0.0534
20973,21,0.6826,0.0577,0.0845
20974,25,0.6668,0.0381,0.0572
20975,23,0.6674,0.0302,0.0452
20976,10,0.7312,0.1451,0.1984
20977,24,1.3817,0.3435,0.2486
20978,25,1.3359,0.0840,0.0629
20979,25,1.2911,0.1142,0.0885
20980,16,1.3407,0.3483,0.2598
20981,25,0.8739,0.0423,0.0484
20982,25,0.8731,0.0352,0.0403
20983,25,0.8762,0.0451,0.0515
20984,23,0.7030,0.2818,0.4009
20985,25,1.3341,0.1819,0.1364
20986,25,1.4765,0.3237,0.2192
20987,1,2.2011,0.0000,
20988,3,1.9500,0.0000,0.0000
20989,4,1.9514,0.0582,0.0298
20990,7,1.9256,0.0837,0.0435
20991,3,0.7066,0.5237,0.7411
20992,25,0.7332,0.2449,0.3341
20993,4,0.5445,0.4524,0.8309
20994,2,0.8500,0.0000,0.0000
20996,25,0.3707,0.1301,0.3509
20997,19,4.6442,0.4861,0.1047
20998,22,3.0407,0.8118,0.2670
21000,24,3.8319,0.7197,0.1878
21001,25,5.1524,1.0736,0.2084
21002,20,3.8299,0.5782,0.1510
21003,14,6.0285,0.2321,0.0385
21004,12,4.5153,0.4675,0.1035
21007,9,0.5496,0.3483,0.6337
21008,1,2.5100,0.0000,
21009,9,1.7325,0.5939,0.3428
21010,8,1.7457,0.6358,0.3642
21011,8,0.7640,0.3356,0.4393
21012,25,2.2332,0.5132,0.2298
21014,16,0.9333,0.4128,0.4423
21015,17,1.0560,0.6422,0.6081
21016,8,1.0288,0.6097,0.5926
21017,10,1.5523,0.8504,0.5478
21018,7,0.8599,0.0261,0.0304
21025,20,1.5280,0.4985,0.3262
21026,20,1.3660,0.2943,0.2154
21027,21,1.2609,0.1459,0.1157
21028,24,1.5639,0.4979,0.3184
21030,18,1.2851,0.3128,0.2434
21031,16,1.3939,0.4524,0.3245
21032,18,1.5484,0.5543,0.3580
21033,22,2.6192,0.5537,0.2114
21034,25,0.9500,0.0000,0.0000
21035,25,3.2429,0.3992,0.1231
21036,1,2.5500,0.0000,
21038,16,2.6094,0.9381,0.3595
21039,25,2.6298,0.1605,0.0610
21040,13,2.1466,0.6691,0.3117
21041,20,3.7003,0.9124,0.2466
21042,25,6.2846,0.5928,0.0943
21043,18,5.2573,2.6375,0.5017
21051,21,2.0833,0.1987,0.0954
21054,20,9.1534,0.3866,0.0422
21055,25,10.1126,1.7725,0.1753
21056,25,10.0683,2.4870,0.2470
21058,25,0.8997,0.0835,0.0928
21059,25,0.8649,0.0523,0.0605
21060,25,0.8665,0.1112,0.1283
21061,25,0.8860,0.1516,0.1711
21062,25,0.8374,0.0941,0.1124
21063,25,0.8782,0.0430,0.0490
21064,25,5.7820,1.2504,0.2163
21065,23,5.4340,2.7230,0.5011
21066,25,1.1460,0.3288,0.2869
21067,22,1.2691,0.4304,0.3391
21068,25,1.2977,0.2664,0.2053
21069,21,1.3233,0.3121,0.2358
21070,25,1.3473,0.3775,0.2802
21071,23,1.3641,0.2198,0.1611
21076,4,0.8628,0.1362,0.1578
21077,10,0.8007,0.0830,0.1037
21078,23,0.9109,0.1156,0.1269
21080,25,0.8347,0.0614,0.0735
21081,2,0.8500,0.0000,0.0000
21082,18,1.2062,0.6783,0.5623
21084,24,0.6095,0.3272,0.5368
21085,8,0.5807,0.1921,0.3308
21086,24,0.6668,0.0670,0.1004
21087,12,0.7717,0.3434,0.4450
21088,22,0.4833,0.3503,0.7249
21089,16,0.6396,0.4510,0.7051
21090,24,0.7769,0.2541,0.3271
21091,4,0.6459,0.3680,0.5698
21092,4,0.8906,0.6533,0.7336
21094,25,0.7980,0.0621,0.0778
21095,17,0.9055,0.1073,0.1185
21096,21,0.6638,0.3230,0.4866
21097,4,0.8500,0.0000,0.0000
21098,16,1.6619,0.5055,0.3042
21099,6,0.5927,0.2460,0.4150
21100,16,2.1062,0.8231,0.3908
21102,4,2.6813,0.1370,0.0511
21106,25,3.4491,0.9289,0.2693
21107,25,3.0746,0.5953,0.1936
21108,25,2.5170,0.6758,0.2685
21109,25,6.6131,2.5742,0.3893
21110,23,6.5538,1.9745,0.3013
21111,24,3.0972,0.9803,0.3165
21112,24,3.0887,1.0195,0.3301
21114,25,1.3162,0.1009,0.0767
21115,25,7.0493,1.3443,0.1907
21116,25,6.0284,0.7218,0.1197
21117,17,1.9862,1.8103,0.9114
21118,2,1.4337,0.2598,0.1812
21119,3,13.6700,0.1732,0.0127
21120,1,16.9800,0.0000,
21121,25,1.2323,0.0480,0.0390
21122,25,1.2300,0.0454,0.0369
21123,25,1.2290,0.0848,0.0690
21124,25,1.2281,0.0503,0.0410
21125,25,1.2164,0.2132,0.1752
21126,25,1.2145,0.1915,0.1577
21127,7,6.1305,2.0803,0.3393
21128,24,8.9592,3.2476,0.3625
21129,21,9.1128,2.4253,0.2661
21130,7,3.2357,1.0284,0.3178
21131,21,5.6948,2.0361,0.3575
21132,21,5.5772,1.8809,0.3373
21133,9,1.6974,0.0222,0.0131
21134,11,1.6614,0.0377,0.0227
21135,25,1.6659,0.2774,0.1665
21136,25,1.6851,0.0917,0.0544
21137,25,3.4929,0.0764,0.0219
21143,15,2.0693,0.1971,0.0952
21144,11,0.8355,0.9431,1.1288
21145,15,2.9856,4.4131,1.4781
21146,6,2.3134,0.9297,0.4019
21147,16,2.3874,0.7129,0.2986
21153,10,12.0101,3.3226,0.2767
21154,25,1.4604,0.2341,0.1603
21155,24,2.5826,0.6115,0.2368
21156,25,1.8966,0.0882,0.0465
21157,20,2.5184,0.6166,0.2448
21158,25,1.2023,0.5616,0.4671
21159,25,1.1853,0.5188,0.4377
21160,10,1.4202,0.8082,0.5691
21161,19,1.3642,0.3995,0.2929
21162,25,1.2238,0.6091,0.4977
21163,23,1.2651,0.5943,0.4698
21164,25,2.9020,0.2035,0.0701
21165,25,1.6520,0.1497,0.0906
21166,25,2.0685,0.4800,0.2320
21167,25,0.2498,0.0585,0.2342
21169,24,1.7590,0.5510,0.3133
21171,21,1.4918,0.1457,0.0977
21172,24,1.6027,0.5479,0.3418
21173,5,1.7827,0.1345,0.0754
21174,25,2.0715,0.2461,0.1188
21175,25,2.2001,0.2562,0.1165
21179,22,1.1173,0.3678,0.3291
21181,22,2.1519,0.4735,0.2200
21185,6,6.5509,0.4301,0.0656
21186,13,1.7679,0.4900,0.2772
21187,20,1.9248,0.5428,0.2820
21188,21,3.2016,0.6089,0.1902
21189,25,2.2390,0.6000,0.2680
21190,16,1.7112,0.1639,0.0958
21191,25,2.7016,0.7999,0.2961
21192,23,2.0628,0.5463,0.2648
21193,5,2.4183,0.6862,0.2838
21194,24,2.0817,1.0160,0.4881
21195,18,2.7338,0.7569,0.2769
21196,17,1.8712,0.5562,0.2973
21197,20,1.7012,0.6159,0.3621
21198,25,1.7234,0.6540,0.3795
21199,24,1.7776,0.6789,0.3819
21200,25,1.9829,0.6792,0.3425
21201,25,2.5399,0.3429,0.1350
21202,22,1.7727,0.5902,0.3329
21203,9,1.7215,0.1215,0.0706
21204,25,1.8407,0.3729,0.2026
21205,25,2.7387,0.3846,0.1404
21206,24,1.6143,0.2587,0.1603
21207,25,1.6197,0.1213,0.0749
21208,25,1.7179,0.9543,0.5555
21209,25,1.5190,0.7772,0.5116
21210,25,1.5412,0.4685,0.3040
21211,24,1.4932,0.1432,0.0959
21212,25,0.5719,0.1216,0.2126
21213,25,0.5441,0.0691,0.1270
21214,10,1.5082,0.1217,0.0807
21215,25,0.6525,0.1778,0.2725
21216,24,5.3400,0.5248,0.0983
21217,25,10.5568,0.9644,0.0914
21218,25,4.1317,0.6813,0.1649
21219,25,1.3542,0.2139,0.1579
21220,25,1.4080,0.2547,0.1809
21221,25,1.4481,0.4121,0.2846
21222,25,1.3871,0.3297,0.2377
21223,5,1.2731,0.1238,0.0973
21224,25,1.2266,0.0936,0.0763
21225,1,1.2500,0.0000,
21226,16,1.1975,0.1435,0.1198
21228,13,1.2578,0.0282,0.0224
21231,24,1.2585,0.0817,0.0649
21232,25,1.3215,0.1023,0.0774
21238,25,0.8853,0.0693,0.0783
21239,25,0.9008,0.0723,0.0802
21240,25,0.8974,0.0824,0.0918
21241,11,0.8549,0.0399,0.0467
21242,25,1.7137,0.1244,0.0726
21243,25,1.7033,0.1408,0.0827
21244,25,1.8349,0.4688,0.2555
21245,25,1.7026,0.1038,0.0609
21246,22,4.9108,0.2929,0.0596
21247,11,1.5611,0.0847,0.0542
21248,25,1.5008,0.4076,0.2716
21249,25,3.0591,0.4399,0.1438
21250,22,3.0001,0.7162,0.2387
21251,24,3.1262,0.6223,0.1991
21252,2,2.5124,0.2499,0.0995
21253,25,4.1673,1.0255,0.2461
21255,5,1.7673,0.0798,0.0451
21256,3,1.8314,0.0809,0.0442
21257,25,9.3056,1.6423,0.1765
21258,20,14.7723,1.9719,0.1335
21259,25,6.0804,0.3052,0.0502
21260,25,3.3205,0.2101,0.0633
21261,15,4.7960,2.0369,0.4247
21262,18,4.5523,2.3051,0.5064
21263,10,2.7299,1.4410,0.5279
21264,15,3.7198,2.8681,0.7710
21265,15,3.7055,2.8936,0.7809
21266,1,4.3000,0.0000,
21267,1,3.1083,0.0000,
21268,11,0.6724,0.5318,0.7909
21269,22,9.2513,1.9204,0.2076
21270,18,12.8448,2.3328,0.1816
21272,21,1.3705,0.1107,0.0808
21274,12,13.9981,1.2978,0.0927
21275,17,17.5750,6.8651,0.3906
21276,4,4.6275,2.6883,0.5809
21277,22,24.4508,5.5378,0.2265
21278,16,2.5243,0.9060,0.3589
21279,21,2.7073,0.8950,0.3306
21280,20,2.3063,0.9059,0.3928
21281,16,2.4168,1.1654,0.4822
21282,12,4.4274,0.3891,0.0879
21283,12,3.2300,0.1989,0.0616
21284,25,1.8337,0.7011,0.3824
21285,21,2.2985,0.8476,0.3688
21286,19,2.8351,1.2383,0.4368
21287,23,0.6858,0.4961,0.7233
21288,25,3.0143,0.4438,0.1472
21289,24,1.2819,0.3322,0.2592
21290,1,1.2500,0.0000,
21291,24,0.8725,0.0692,0.0793
21292,20,0.7275,0.2367,0.3254
21293,21,2.8273,0.8403,0.2972
21294,23,1.1145,0.4967,0.4457
21298,3,21.5881,12.5477,0.5812
21299,4,11.1133,5.5608,0.5004
21300,3,31.1889,31.9371,1.0240
21303,4,14.5401,5.2699,0.3624
21304,5,9.9812,3.7950,0.3802
21306,20,1.6413,1.0367,0.6316
21307,18,2.0798,0.6986,0.3359
21308,2,8.8250,5.4094,0.6130
21309,3,8.6333,2.2805,0.2642
21310,3,29.9500,0.0000,0.0000
21311,23,1.7339,0.9644,0.5562
21312,9,7.9100,3.5120,0.4440
21313,25,0.8708,0.0854,0.0981
21314,25,2.1881,0.1498,0.0685
21316,15,3.2730,1.5832,0.4837
21317,22,5.8259,1.9668,0.3376
21318,17,1.7624,0.6932,0.3933
21319,17,1.6973,0.4782,0.2817
21320,16,2.9261,1.0154,0.3470
21321,5,2.6792,0.6849,0.2556
21322,2,4.3282,3.9199,0.9057
21323,8,4.4264,0.9936,0.2245
21324,18,3.1561,0.4168,0.1321
21326,25,0.6568,0.0395,0.0601
21327,25,1.8077,0.2686,0.1486
21328,25,1.9951,0.3630,0.1819
21329,25,1.8824,0.3325,0.1767
21330,10,1.7642,0.1842,0.1044
21331,15,13.7655,4.2933,0.3119
21332,17,13.6275,6.2266,0.4569
21333,17,3.0213,0.0875,0.0290
21335,6,24.4805,4.1650,0.1701
21336,14,2.8954,1.6958,0.5857
21337,4,3.0144,0.1287,0.0427
21338,5,5.6169,0.8978,0.1598
21339,7,19.2542,1.1885,0.0617
21340,22,11.4886,1.2694,0.1105
21341,5,5.4892,1.3828,0.2519
21343,2,4.4500,0.7071,0.1589
21344,15,10.9580,4.4602,0.4070
21347,3,5.9500,0.0000,0.0000
21348,14,2.8433,0.5257,0.1849
21349,11,8.4001,2.4750,0.2946
21350,6,2.9207,0.0718,0.0246
21351,13,6.1638,1.3569,0.2201
21352,15,5.6828,2.3075,0.4060
21353,1,8.4447,0.0000,
21354,24,1.2474,0.1247,0.0999
21355,24,1.2628,0.0453,0.0359
21356,25,1.2913,0.2210,0.1711
21357,15,1.2843,0.0626,0.0487
21358,25,1.2519,0.1696,0.1354
21359,19,16.1346,6.0984,0.3780
21360,19,8.8084,3.6599,0.4155
21361,18,13.3247,0.8487,0.0637
21363,21,5.4376,0.4431,0.0815
21364,22,7.4667,0.9831,0.1317
21365,21,2.9187,1.7985,0.6162
21366,23,6.0834,1.6360,0.2689
21367,20,2.3965,1.4822,0.6185
21368,21,2.2931,1.5484,0.6752
21369,17,3.1426,2.1998,0.7000
21370,12,7.8004,3.7001,0.4744
21371,23,2.6981,1.6619,0.6160
21372,16,2.8183,1.9583,0.6948
21373,13,1.6996,1.5520,0.9131
21374,20,2.9107,1.6562,0.5690
21375,24,7.4656,2.3945,0.3207
21376,22,5.9174,2.2133,0.3740
21377,24,2.0989,0.6147,0.2929
21378,24,1.8460,0.5968,0.3233
21379,25,1.6293,0.4715,0.2894
21380,25,2.9894,0.1397,0.0467
21381,25,1.8292,0.2727,0.1491
21382,19,2.3877,1.4045,0.5882
21383,25,0.8168,0.2300,0.2816
21384,6,0.8998,0.0782,0.0869
21385,24,0.8870,0.0623,0.0703
21386,21,0.6967,0.4045,0.5806
21387,2,0.8500,0.0000,0.0000
21388,4,1.0293,0.3586,0.3484
21389,25,0.8745,0.0288,0.0330
21390,25,1.2536,0.0766,0.0611
21391,24,2.0103,0.8658,0.4307
21392,15,2.2093,1.3118,0.5937
21393,12,1.6813,0.8865,0.5273
21394,21,1.3830,0.9838,0.7113
21395,19,1.3384,0.8304,0.6205
21396,6,1.2602,0.0709,0.0563
21397,18,1.3132,0.3685,0.2806
21398,17,2.0615,0.7059,0.3424
21399,18,1.9362,0.9447,0.4879
21400,22,0.3247,0.1854,0.5709
21401,25,0.3390,0.1928,0.5687
21402,25,0.3809,0.2291,0.6013
21403,24,0.3318,0.1614,0.4865
21406,1,8.6500,0.0000,
21407,24,4.8542,0.9401,0.1937
21408,25,5.2313,1.2014,0.2297
21409,1,4.2500,0.0000,
21410,13,5.1395,1.1361,0.2211
21411,25,4.4018,0.6351,0.1443
21412,8,1.6307,1.6628,1.0197
21413,16,1.3881,0.4359,0.3141
21414,12,2.5628,1.0634,0.4149
21415,25,2.4118,0.7099,0.2944
21416,13,3.9113,1.4631,0.3741
21417,25,2.8337,0.8380,0.2957
21418,23,3.2191,1.0720,0.3330
21419,7,4.2029,2.2491,0.5351
21420,20,3.6723,1.3284,0.3617
21421,18,1.2433,0.0851,0.0685
21422,24,0.9013,0.1732,0.1922
21424,23,4.0118,1.4081,0.3510
21425,23,3.6768,1.0757,0.2926
21426,24,2.7026,1.1973,0.4430
21427,23,2.7907,1.0424,0.3735
21428,22,4.2982,0.4943,0.1150
21429,23,1.8938,0.3378,0.1784
21430,20,3.9954,0.3933,0.0984
21431,12,1.7137,0.0861,0.0502
21432,12,5.9876,0.7083,0.1183
21437,4,3.5879,0.3003,0.0837
21438,4,3.6176,0.2648,0.0732
21439,25,1.3407,0.1351,0.1008
21440,8,1.2704,0.0282,0.0222
21441,24,0.9070,0.2280,0.2513
21442,25,0.9785,0.3228,0.3299
21443,4,4.0132,1.3984,0.3485
21444,5,4.3791,1.1553,0.2638
21445,18,1.2874,0.0853,0.0663
21446,25,1.3849,0.1999,0.1443
21447,22,1.4713,0.2072,0.1408
21448,23,1.7338,0.1120,0.0646
21450,1,5.9500,0.0000,
21452,22,3.1234,0.2579,0.0826
21454,22,0.9287,0.2031,0.2187
21455,23,0.9501,0.2002,0.2107
21456,11,1.3432,0.4097,0.3051
21457,11,1.3632,0.4204,0.3084
21458,12,1.4859,0.4990,0.3358
21459,8,2.2531,0.8020,0.3559
21460,7,2.3865,0.8153,0.3416
21461,8,2.5988,0.9879,0.3801
21462,24,6.9884,1.3518,0.1934
21463,25,5.7652,0.6984,0.1211
21464,25,4.2433,0.0236,0.0056
21465,25,3.8448,0.3198,0.0832
21466,25,3.8240,0.3353,0.0877
21467,25,3.8719,0.6802,0.1757
21468,23,3.9464,0.4762,0.1207
21469,25,3.7228,0.5130,0.1378
21470,25,3.9656,0.3411,0.0860
21471,25,3.7645,0.6047,0.1606
21472,18,3.9834,0.3250,0.0816
21473,22,20.5561,2.8430,0.1383
21474,9,19.9500,0.0000,0.0000
21475,1,14.9500,0.0000,
21476,19,15.6176,2.8378,0.1817
21477,4,12.4182,0.8580,0.0691
21478,11,4.2177,1.2026,0.2851
21479,17,4.7360,0.8771,0.1852
21480,1,3.1562,0.0000,
21481,25,3.1641,0.3812,0.1205
21482,10,3.3582,0.9341,0.2782
21484,25,4.4741,1.0608,0.2371
21485,25,4.9668,0.3528,0.0710
21486,13,3.7891,0.4474,0.1181
21488,13,4.6640,1.6030,0.3437
21489,2,4.8204,1.2309,0.2554
21490,2,1.9246,0.0359,0.0186
21491,9,1.8770,0.0882,0.0470
21493,2,0.8895,0.0559,0.0628
21494,25,2.0903,0.9157,0.4381
21495,25,0.4138,0.0122,0.0295
21496,1,0.4200,0.0000,
21497,25,0.4060,0.0186,0.0459
21498,25,0.4080,0.0130,0.0318
21499,25,0.4064,0.0153,0.0376
21500,25,0.4068,0.0134,0.0329
21503,20,0.4173,0.0119,0.0285
21504,25,0.4147,0.0194,0.0468
21506,25,0.4220,0.0292,0.0691
21507,25,0.4226,0.0227,0.0536
21508,25,0.4220,0.0229,0.0544
21509,25,0.4167,0.0162,0.0389
21511,2,0.4200,0.0000,0.0000
21518,19,0.4674,0.1291,0.2763
21519,25,0.4287,0.0328,0.0764
21520,24,0.4681,0.1174,0.2509
21523,25,7.1894,1.0414,0.1449
21524,25,7.3600,0.9072,0.1233
21525,1,6.7500,0.0000,
21527,18,7.6358,0.5647,0.0740
21528,25,7.3290,1.5740,0.2148
21529,10,3.7916,0.7629,0.2012
21530,25,2.4538,1.2508,0.5097
21531,25,2.5151,0.1432,0.0569
21532,11,2.0961,0.4600,0.2195
21533,25,4.9602,0.2146,0.0433
21534,25,5.1971,0.6466,0.1244
21535,25,2.5023,0.1396,0.0558
21536,4,2.1759,0.0714,0.0328
21537,25,4.3236,0.1895,0.0438
21538,12,3.6708,0.8019,0.2184
21539,24,5.0511,0.3181,0.0630
21540,10,4.4082,1.5754,0.3574
21541,12,0.8679,0.0403,0.0464
21542,10,0.8618,0.0481,0.0559
21543,1,0.7570,0.0000,
21544,25,0.8655,0.0735,0.0850
21545,8,2.8443,0.6441,0.2265
21547,15,3.0155,0.4366,0.1448
21548,12,3.1365,0.6200,0.1977
21549,5,2.6941,0.5280,0.1960
21550,6,6.2560,1.4442,0.2308
21551,2,5.4077,1.6338,0.3021
21552,4,5.5831,0.8263,0.1480
21553,4,6.2165,1.6721,0.2690
21554,2,5.1595,1.4276,0.2767
21555,25,2.7227,0.3101,0.1139
21556,21,2.9341,0.5898,0.2010
21557,25,3.7907,0.7034,0.1856
21558,23,2.6389,0.3179,0.1204
21559,25,2.5461,0.2448,0.0961
21560,1,3.8600,0.0000,
21561,25,2.5934,0.3060,0.1180
21562,22,1.6228,0.4813,0.2966
21563,25,3.0075,0.6268,0.2084
21564,25,2.9732,0.4960,0.1668
21576,24,2.3467,0.2674,0.1139
21577,25,2.3998,0.3374,0.1406
21578,25,2.4619,0.5672,0.2304
21579,24,2.2167,0.6024,0.2717
21580,24,2.6783,0.6884,0.2570
21581,25,2.3902,0.7344,0.3073
21582,2,1.6500,0.0000,0.0000
21584,25,1.6353,0.0430,0.0263
21585,1,1.6500,0.0000,
21586,23,2.4411,0.1369,0.0561
21587,14,2.5252,0.0450,0.0178
21588,25,2.4246,0.1455,0.0600
21589,7,2.3502,0.1252,0.0533
21590,12,1.2205,0.0493,0.0404
21591,24,1.2988,0.2042,0.1572
21592,25,1.1836,0.1743,0.1473
21593,6,1.2221,0.0683,0.0559
21594,5,4.2120,0.0602,0.0143
21595,4,8.5150,0.0900,0.0106
21596,4,4.2325,0.0450,0.0106
21609,21,2.8708,0.1498,0.0522
21610,12,2.9172,0.1376,0.0472
21611,11,2.9566,0.1155,0.0391
21612,10,2.9773,0.2163,0.0726
21613,22,2.9644,0.1099,0.0371
21614,15,3.0502,0.7687,0.2520
21615,24,3.3171,1.2510,0.3772
21616,24,3.2399,0.8184,0.2526
21617,23,3.3279,0.8061,0.2422
21618,23,3.3082,0.8240,0.2491
21619,24,3.2300,0.9482,0.2936
21620,24,3.2045,0.9533,0.2975
21621,25,8.9633,1.1692,0.1304
21622,25,5.2430,0.5376,0.1025
21623,23,8.5206,1.4750,0.1731
21624,25,6.2413,0.6665,0.1068
21625,25,7.4457,1.0621,0.1426
21626,24,2.1604,0.4816,0.2229
21627,23,21.2633,4.0661,0.1912
21628,22,20.9561,4.7066,0.2246
21629,25,10.3437,2.5052,0.2422
21630,24,12.8167,3.2099,0.2504
21631,18,11.9302,2.6644,0.2233
21632,12,12.1827,3.6498,0.2996
21633,19,14.5261,6.0445,0.4161
21634,21,1.1478,0.5073,0.4420
21635,16,3.5674,1.0151,0.2846
21636,20,2.1995,1.2580,0.5720
21637,17,1.3951,0.3185,0.2283
21638,22,2.1753,0.1515,0.0697
21639,2,0.8665,0.0233,0.0269
21640,24,0.9595,0.1523,0.1587
21641,22,0.9696,0.3576,0.3688
21642,23,0.7725,0.2847,0.3685
21643,24,1.4143,0.1893,0.1338
21644,23,1.3091,0.1866,0.1425
21645,12,1.6778,0.0402,0.0240
21647,20,2.2010,0.1817,0.0826
21648,24,1.4207,0.2896,0.2038
21649,2,2.6892,0.1968,0.0732
21650,23,0.5628,0.2604,0.4627
21651,15,1.6685,0.1369,0.0821
21652,9,1.9494,0.1506,0.0772
21653,11,2.0891,0.1048,0.0502
21654,20,1.3628,0.7577,0.5560
21655,10,1.7088,0.1204,0.0705
21656,18,1.7186,0.3252,0.1892
21657,15,7.7967,1.1989,0.1538
21658,21,4.3723,0.9178,0.2099
21659,11,15.6049,1.1592,0.0743
21661,14,6.2368,0.4633,0.0743
21662,20,6.5121,0.9288,0.1426
21663,5,6.2871,0.4217,0.0671
21664,20,4.0877,0.7022,0.1718
21665,6,0.7518,0.0827,0.1100
21666,24,0.8022,0.3407,0.4247
21667,13,17.5458,2.1475,0.1224
21668,25,1.3854,0.1932,0.1394
21669,23,1.3405,0.1320,0.0985
21670,25,1.4331,0.3129,0.2183
21671,22,1.3353,0.1387,0.1039
21672,25,1.3452,0.1824,0.1356
21673,25,1.3743,0.1997,0.1453
21674,4,16.0750,1.0308,0.0641
21675,24,0.9255,0.1642,0.1774
21676,24,0.9400,0.2488,0.2646
21677,25,0.8873,0.0800,0.0902
21678,24,0.9168,0.2027,0.2211
21679,25,0.8876,0.0765,0.0862
21680,25,0.9199,0.0890,0.0967
21681,13,9.8592,0.5082,0.0516
21682,25,5.1002,0.4646,0.0911
21683,25,3.0719,0.3126,0.1018
21684,25,0.8973,0.1361,0.1517
21685,1,14.9500,0.0000,
21686,17,38.9583,1.9531,0.0501
21687,10,4.0227,0.6191,0.1539
21688,23,3.1469,0.1671,0.0531
21689,22,3.8321,0.2940,0.0767
21690,14,3.8274,0.1767,0.0462
21691,11,3.8516,0.2500,0.0649
21692,15,3.8019,0.1608,0.0423
21693,25,3.1794,0.5636,0.1773
21694,22,3.1306,0.6166,0.1970
21695,25,3.3315,0.8133,0.2441
21696,24,2.9989,0.0785,0.0262
21697,3,1.2267,0.8025,0.6542
21698,23,1.0178,0.4243,0.4169
21699,3,1.2267,0.8025,0.6542
21700,25,1.1277,0.2657,0.2356
21702,3,0.7757,0.7920,1.0210
21703,25,0.4045,0.0330,0.0817
21704,25,0.8004,0.0751,0.0939
21705,19,1.6406,0.3482,0.2123
21706,25,4.7686,0.9537,0.2000
21707,24,4.9138,0.7329,0.1491
21708,23,4.8496,1.3877,0.2861
21709,24,4.9285,0.9110,0.1848
21710,23,4.7591,0.9957,0.2092
21711,21,5.0364,0.8842,0.1756
21713,25,2.3421,0.5888,0.2514
21714,25,1.6847,0.5304,0.3148
21715,25,2.7571,0.4292,0.1557
21716,25,2.7978,0.4701,0.1680
21717,15,2.5513,0.2471,0.0969
21718,25,1.4436,0.1927,0.1335
21719,25,0.9744,0.2548,0.2615
21720,18,0.9123,0.1902,0.2085
21721,22,0.9314,0.1767,0.1897
21722,24,1.0670,0.3061,0.2869
21723,25,0.9712,0.2179,0.2244
21724,25,0.9339,0.1349,0.1444
21725,24,0.9453,0.1609,0.1702
21726,24,0.8678,0.0417,0.0480
21728,8,11.9962,2.0210,0.1685
21729,2,3.5878,0.4442,0.1238
21730,22,5.0598,0.4184,0.0827
21731,25,1.7145,0.1623,0.0947
21732,10,3.6425,0.1383,0.0380
21733,25,2.8610,0.1009,0.0353
21734,4,5.3475,1.0160,0.1900
21735,20,13.1762,1.6727,0.1270
21736,14,2.0469,0.4974,0.2430
21737,11,18.9980,0.8624,0.0454
21738,19,3.2660,0.7335,0.2246
21739,22,3.2579,0.8899,0.2732
21740,5,3.0624,0.2513,0.0820
21741,21,3.6344,0.8888,0.2446
21742,25,6.0757,0.4165,0.0686
21743,21,3.3651,0.9674,0.2875
21744,16,3.1910,0.7063,0.2213
21745,25,3.6070,0.3744,0.1038
21746,24,1.3133,0.1274,0.0970
21747,23,1.3341,0.2835,0.2125
21749,24,2.2314,0.3380,0.1515
21750,21,2.3443,0.6161,0.2628
21752,6,15.8163,2.3666,0.1496
21754,25,6.1506,0.2212,0.0360
21755,25,6.2195,0.2176,0.0350
21756,21,6.1836,0.2769,0.0448
21757,7,5.5661,0.7486,0.1345
21758,24,8.9014,2.3727,0.2666
21759,4,50.7422,25.3274,0.4991
21760,6,118.9583,10.6776,0.0898
21761,16,29.4000,1.1832,0.0402
21763,9,26.9524,3.0945,0.1148
21764,4,39.3250,1.2500,0.0318
21765,11,8.4045,0.5811,0.0691
21767,1,29.9500,0.0000,
21768,9,16.0995,3.7212,0.2311
21769,13,73.8337,9.7499,0.1321
21770,18,5.0289,0.2696,0.0536
21772,1,12.7500,0.0000,
21773,25,1.5679,0.3896,0.2485
21774,25,1.6627,0.4456,0.2680
21775,25,1.7601,0.3984,0.2264
21777,13,8.1372,0.3651,0.0449
21779,2,4.2329,1.5112,0.3570
21780,2,8.3350,1.6923,0.2030
21781,20,15.7132,1.2061,0.0768
21784,22,11.4438,1.7504,0.1530
21785,15,0.8372,0.1135,0.1355
21786,25,0.4585,0.0763,0.1664
21787,22,0.8189,0.0904,0.1104
21788,25,0.8306,0.0688,0.0829
21789,25,0.8777,0.1209,0.1377
21790,25,0.8470,0.0724,0.0855
21791,25,1.2696,0.1503,0.1184
21792,20,6.3080,1.3883,0.2201
21793,22,5.7662,1.3543,0.2349
21794,21,6.3672,1.7457,0.2742
21795,9,12.3254,2.0710,0.1680
21796,9,12.0956,1.9633,0.1623
21801,20,0.4614,0.1068,0.2315
21802,21,0.4968,0.1509,0.3037
21803,20,0.4635,0.1022,0.2205
21804,11,3.8382,0.3177,0.0828
21805,9,0.4720,0.1429,0.3027
21806,11,0.5835,0.2137,0.3662
21807,17,0.5270,0.1851,0.3513
21808,14,3.9601,1.3733,0.3468
21809,17,1.2505,0.6049,0.4837
21810,16,1.1856,0.5021,0.4235
21811,24,1.2984,0.4483,0.3452
21812,24,5.6445,1.4018,0.2483
21813,16,5.6903,2.0096,0.3532
21814,18,1.5995,0.3526,0.2204
21815,16,1.6374,0.3785,0.2312
21816,10,1.4858,0.1133,0.0763
21817,10,0.7219,0.2116,0.2931
21818,22,0.8355,0.2683,0.3211
21819,14,0.7880,0.3262,0.4140
21820,22,4.5767,1.3442,0.2937
21821,14,4.5610,1.4252,0.3125
21822,10,1.6305,0.4945,0.3033
21823,18,1.4665,0.6588,0.4492
21824,13,1.3708,0.6487,0.4732
21825,6,1.4445,0.0794,0.0550
21826,16,1.3149,0.1553,0.1181
21827,14,1.2949,0.1065,0.0823
21828,25,1.3605,0.2491,0.1831
21829,23,0.2171,0.0137,0.0630
21830,24,0.4373,0.0840,0.1920
21832,25,1.7941,0.1947,0.1085
21833,25,1.7243,0.1149,0.0666
21836,14,4.1393,0.7071,0.1708
21837,6,6.7338,1.2058,0.1791
21838,1,5.4500,0.0000,
21839,13,5.4533,0.2044,0.0375
21841,19,4.2925,0.1608,0.0375
21842,4,2.4575,0.1140,0.0464
21843,25,10.9354,0.9730,0.0890
21844,25,2.8788,0.1527,0.0531
21845,24,2.3629,1.2422,0.5257
21846,24,4.2114,1.6180,0.3842
21847,20,3.9302,1.3380,0.3404
21849,23,3.9865,1.2756,0.3200
21850,23,4.3677,1.6466,0.3770
21851,25,4.2994,1.6011,0.3724
21852,1,6.9500,0.0000,
21853,2,5.1150,0.0778,0.0152
21854,1,5.1700,0.0000,
21857,1,5.1150,0.0000,
21858,2,5.1150,0.0778,0.0152
21860,1,5.1700,0.0000,
21864,25,2.4682,0.3454,0.1399
21865,25,2.4150,0.3937,0.1630
21866,25,1.6530,0.3889,0.2353
21867,25,1.4286,0.2015,0.1411
21868,25,1.5972,0.7674,0.4805
21869,6,1.3552,0.4657,0.3437
21870,20,1.4379,0.5568,0.3873
21871,25,1.2603,0.1867,0.1481
21872,25,1.1911,0.1914,0.1607
21873,25,1.3146,0.2851,0.2169
21874,25,1.3326,0.2040,0.1531
21875,25,1.2754,0.1857,0.1456
21876,25,1.4044,0.3675,0.2617
21877,25,1.2292,0.2348,0.1910
21878,22,0.9515,0.1986,0.2087
21879,25,0.7817,0.3312,0.4237
21880,25,0.6352,0.1528,0.2405
21881,25,0.7412,0.3193,0.4308
21882,22,0.7725,0.3523,0.4560
21883,25,0.6501,0.1007,0.1549
21884,25,0.8924,0.3963,0.4441
21888,25,4.0741,0.5111,0.1255
21889,25,1.3187,0.1219,0.0925
21890,25,3.1892,0.3662,0.1148
21891,25,1.2983,0.1252,0.0965
21892,25,1.3353,0.1253,0.0938
21893,3,4.1023,1.0846,0.2644
21894,25,1.4292,0.2428,0.1699
21895,12,4.3786,1.0145,0.2317
21896,25,2.2265,0.3730,0.1675
21897,15,3.1519,0.7443,0.2361
21898,15,2.9664,0.1519,0.0512
21899,25,0.6781,0.0598,0.0883
21900,25,0.6974,0.0801,0.1149
21901,25,0.6830,0.0525,0.0769
21902,25,0.6686,0.0525,0.0785
21903,25,2.1350,0.2240,0.1049
21904,18,2.0374,0.2801,0.1375
21905,25,1.6976,0.5538,0.3262
21906,25,7.5969,1.0025,0.1320
21907,24,2.1143,0.0564,0.0267
21908,25,2.0475,0.1585,0.0774
21910,15,1.5904,0.2279,0.1433
21911,17,1.7811,0.4225,0.2372
21912,25,4.0021,0.3894,0.0973
21913,25,3.9739,0.3497,0.0880
21914,24,1.5269,0.9531,0.6242
21915,23,1.1728,0.0724,0.0617
21916,25,0.4361,0.0367,0.0841
21917,25,0.4241,0.0216,0.0510
21918,25,0.4234,0.0265,0.0625
21919,4,5.0875,0.0550,0.0108
21922,21,8.5287,1.4145,0.1659
21923,9,9.1322,3.1634,0.3464
21924,10,8.4642,1.8692,0.2208
21925,21,1.2623,0.0467,0.0370
21926,20,1.2686,0.0781,0.0616
21927,21,1.2867,0.1204,0.0936
21928,25,1.9247,0.1553,0.0807
21929,24,1.9720,0.1627,0.0825
21930,25,2.0785,0.2594,0.1248
21931,25,2.1238,0.2758,0.1298
21932,25,2.6564,0.8336,0.3138
21933,25,2.5968,0.7039,0.2711
21934,25,1.8693,0.2799,0.1497
21935,25,1.9027,0.2839,0.1492
21936,25,3.0778,0.4003,0.1300
21937,21,3.1351,0.6383,0.2036
21942,24,1.0228,0.2500,0.2444
21943,24,1.0810,0.2998,0.2773
21944,23,1.0035,0.3012,0.3002
21945,24,1.0163,0.2496,0.2456
21946,21,0.9300,0.2817,0.3029
21947,25,1.4751,0.2755,0.1868
21948,25,1.5557,0.3411,0.2193
21949,25,1.4683,0.3809,0.2594
21950,5,1.9830,0.7592,0.3828
21955,25,7.2369,1.4745,0.2038
21967,24,0.3165,0.0601,0.1899
21972,25,1.5935,0.3479,0.2183
21973,23,1.4753,0.1021,0.0692
21974,25,1.5877,0.1746,0.1100
21975,25,0.5010,0.0434,0.0867
21976,25,0.5611,0.0639,0.1139
21977,25,0.5089,0.0325,0.0640
21980,25,0.3056,0.0444,0.1453
21981,23,0.3212,0.0775,0.2412
21982,23,0.3455,0.1108,0.3205
21983,25,0.3183,0.0539,0.1693
21984,25,0.3129,0.0587,0.1876
21985,25,0.3324,0.0606,0.1823
21986,25,0.3348,0.0689,0.2058
21987,25,0.6494,0.0518,0.0798
21988,25,0.8116,0.0986,0.1215
21989,25,0.8869,0.1411,0.1591
21990,25,2.3793,0.6686,0.2810
21991,23,2.3376,0.7697,0.3293
21992,24,2.4742,0.7611,0.3076
21993,24,2.4016,0.7268,0.3026
22016,1,83.3300,0.0000,
22021,10,1.7001,0.1330,0.0782
22023,25,0.4326,0.0278,0.0642
22024,25,0.4273,0.0345,0.0807
22025,25,0.4283,0.0364,0.0849
22026,25,0.4380,0.0360,0.0822
22027,25,0.4290,0.0244,0.0569
22028,25,0.4230,0.0179,0.0424
22029,25,0.4157,0.0197,0.0474
22030,24,0.4192,0.0368,0.0879
22031,25,0.4623,0.0866,0.1874
22032,23,0.4458,0.0890,0.1997
22033,20,0.4470,0.0918,0.2053
22034,9,0.5126,0.1858,0.3624
22035,23,0.4442,0.0852,0.1919
22036,10,0.4687,0.1349,0.2877
22037,24,0.4345,0.0196,0.0451
22038,21,0.4181,0.0087,0.0209
22039,15,0.4173,0.0075,0.0179
22040,23,0.4147,0.0145,0.0350
22041,25,2.5248,0.3607,0.1429
22042,16,0.4104,0.0407,0.0991
22043,15,0.3647,0.0868,0.2382
22044,11,0.3414,0.1065,0.3119
22045,25,0.4148,0.0097,0.0234
22046,25,0.4148,0.0129,0.0310
22047,25,0.4120,0.0143,0.0348
22048,24,0.4173,0.0131,0.0313
22049,9,0.3407,0.1081,0.3172
22050,25,0.4155,0.0155,0.0372
22051,24,0.4178,0.0109,0.0261
22052,18,0.4174,0.0081,0.0193
22053,22,1.2830,0.1687,0.1315
22054,4,1.8495,0.1129,0.0610
22055,25,1.7390,0.3433,0.1974
22056,8,1.3970,0.3309,0.2369
22057,25,1.4648,0.3164,0.2160
22058,12,1.5173,0.0676,0.0446
22059,25,1.4476,0.2383,0.1646
22060,18,8.8704,2.5945,0.2925
22061,25,9.6019,1.5869,0.1653
22062,23,2.5819,1.3934,0.5397
22063,25,3.1078,0.7043,0.2266
22064,25,1.6606,0.2660,0.1602
22065,20,1.7496,0.9813,0.5609
22066,25,1.0268,0.5291,0.5153
22067,25,1.6869,0.3168,0.1878
22068,25,2.1090,0.6947,0.3294
22069,25,2.5770,0.7962,0.3090
22070,25,3.7914,0.6951,0.1833
22071,25,3.8175,0.9452,0.2476
22072,25,3.9490,0.6109,0.1547
22073,18,4.0682,0.4476,0.1100
22074,25,1.5593,0.4862,0.3118
22075,24,2.0021,0.8924,0.4457
22076,25,1.6664,0.2812,0.1688
22077,24,1.8309,0.2548,0.1392
22078,23,2.1601,0.1407,0.0652
22079,25,1.7214,0.1008,0.0585
22080,21,1.7935,0.5379,0.2999
22081,25,1.8132,0.2470,0.1362
22082,25,1.6893,0.0972,0.0575
22083,25,2.9769,0.2378,0.0799
22084,23,2.9454,0.3925,0.1333
22085,25,2.9664,0.4043,0.1363
22086,24,3.3463,0.8718,0.2605
22087,20,3.0254,0.2411,0.0797
22088,20,2.9784,0.2527,0.0849
22089,25,3.0083,0.2411,0.0802
22090,25,3.0415,0.2217,0.0729
22091,25,1.1451,0.4737,0.4137
22092,22,0.9750,0.4354,0.4466
22093,24,1.0193,0.4343,0.4260
22094,25,1.1664,0.5607,0.4807
22095,25,1.1809,0.3788,0.3208
22096,24,1.0403,0.4065,0.3908
22097,25,1.1197,0.4551,0.4064
22098,25,1.1822,0.5404,0.4571
22099,25,1.1780,0.4639,0.3938
22100,23,1.2524,0.5726,0.4572
22101,25,2.3553,0.8072,0.3427
22102,23,1.9001,0.6896,0.3629
22103,21,1.9428,0.6477,0.3334
22104,24,1.4834,0.2888,0.1947
22105,22,4.3917,1.5863,0.3612
22106,24,5.8827,2.1125,0.3591
22107,25,4.1458,0.6012,0.1450
22108,23,3.4530,0.9736,0.2820
22109,25,4.1318,0.4564,0.1105
22110,25,4.0767,1.5668,0.3843
22111,25,5.2632,0.6315,0.1200
22112,25,5.3589,0.7013,0.1309
22113,17,3.9011,0.3461,0.0887
22114,21,4.9380,1.2743,0.2581
22115,25,2.7063,1.1146,0.4119
22116,25,2.1006,0.8914,0.4244
22117,25,2.8469,0.4991,0.1753
22118,23,5.1541,0.9857,0.1912
22119,25,6.8283,1.1258,0.1649
22120,21,10.2213,0.5880,0.0575
22121,19,6.2613,0.8513,0.1360
22122,9,3.0043,0.1283,0.0427
22123,25,4.1099,1.9187,0.4669
22124,24,2.6974,0.5244,0.1944
22125,6,7.8505,2.9510,0.3759
22127,16,1.2891,0.1878,0.1457
22128,24,1.2324,0.0777,0.0631
22129,25,1.0531,0.4851,0.4606
22130,23,1.2463,1.5466,1.2410
22131,25,1.9959,0.2433,0.1219
22132,25,0.9541,0.1238,0.1298
22133,25,0.9914,0.1696,0.1710
22134,25,0.5199,0.1040,0.2001
22135,25,0.5520,0.0990,0.1794
22136,24,1.9006,0.3803,0.2001
22137,19,3.6091,1.1882,0.3292
22138,25,4.8893,0.1906,0.0390
22139,25,5.1566,0.7060,0.1369
22141,14,2.9720,0.9276,0.3121
22142,13,1.9210,0.7917,0.4122
22143,9,2.5998,0.8458,0.3253
22144,17,2.8326,0.8525,0.3010
22145,12,2.3108,0.6050,0.2618
22146,10,2.0169,0.4493,0.2228
22147,25,1.4200,0.0658,0.0464
22148,22,2.3224,0.8089,0.3483
22149,24,2.0887,0.1705,0.0816
22150,25,1.9150,0.1308,0.0683
22151,25,0.4256,0.0228,0.0535
22152,23,0.4807,0.1940,0.4036
22153,19,0.4511,0.0532,0.1179
22154,21,0.5740,0.1984,0.3456
22155,25,0.6265,0.1952,0.3116
22156,25,0.9224,0.0613,0.0664
22157,10,0.8653,0.0422,0.0487
22158,22,3.5313,0.9947,0.2817
22161,25,0.6815,0.3807,0.5586
22162,23,3.0841,0.1714,0.0556
22163,24,2.7756,0.7838,0.2824
22164,15,3.1419,0.7755,0.2468
22165,25,12.4984,4.6374,0.3710
22166,25,11.2258,3.0893,0.2752
22167,25,10.4496,1.9809,0.1896
22168,17,8.3987,0.2045,0.0243
22169,24,8.7505,0.6079,0.0695
22170,24,6.6602,0.3821,0.0574
22171,25,8.1792,1.0175,0.1244
22172,10,9.0139,0.4764,0.0528
22173,22,3.2370,0.4611,0.1425
22174,23,2.1389,0.4952,0.2315
22175,25,3.0200,0.2705,0.0896
22176,23,3.0552,0.2031,0.0665
22177,7,10.2427,1.6516,0.1612
22178,25,1.3347,0.2008,0.1505
22179,25,7.3026,0.9002,0.1233
22180,24,10.8741,2.2768,0.2094
22181,24,0.8907,0.1645,0.1846
22182,25,4.9866,1.9750,0.3961
22183,20,6.5283,1.3349,0.2045
22184,14,9.8681,2.9226,0.2962
22185,25,1.6842,0.2843,0.1688
22186,21,3.3080,1.0097,0.3052
22187,19,4.4825,1.3995,0.3122
22188,24,3.1268,0.7765,0.2483
22189,24,3.2191,0.4959,0.1540
22190,25,2.0724,0.4751,0.2293
22191,23,8.4195,0.2893,0.0344
22192,23,8.3435,1.0503,0.1259
22193,20,8.5415,0.4094,0.0479
22194,21,9.3686,1.9523,0.2084
22195,25,1.8155,0.1649,0.0908
22196,25,0.9427,0.0604,0.0641
22197,25,0.8545,0.1211,0.1418
22198,15,1.7525,0.1822,0.1039
22199,25,4.4903,0.8719,0.1942
22200,25,4.7081,0.8818,0.1873
22201,25,4.3987,0.7836,0.1781
22202,17,4.3740,0.7233,0.1654
22203,25,4.0245,0.6273,0.1559
22204,25,4.0825,1.0579,0.2591
22206,8,0.8400,0.0107,0.0127
22207,25,4.3581,0.4574,0.1049
22208,25,1.4959,0.4261,0.2848
22209,25,1.4723,0.4116,0.2795
22210,25,1.5104,0.5304,0.3511
22211,25,1.5844,0.4877,0.3078
22212,25,2.2300,0.2408,0.1080
22214,25,2.7805,0.7982,0.2871
22215,25,8.4286,1.1445,0.1358
22216,25,1.0466,0.3163,0.3022
22217,25,1.3620,0.2719,0.1996
22218,13,4.3739,0.2845,0.0651
22219,25,0.9672,0.0635,0.0657
22220,24,10.1710,2.0756,0.2041
22221,25,9.5878,2.1567,0.2249
22222,25,5.2111,1.1597,0.2225
22223,25,5.5985,1.7582,0.3140
22224,25,3.2512,0.3498,0.1076
22227,25,0.7188,0.0364,0.0506
22228,24,0.8782,0.3360,0.3825
22229,21,0.8163,0.3202,0.3922
22230,25,0.8525,0.3081,0.3614
22231,25,1.3043,0.3335,0.2557
22232,25,1.4899,0.6381,0.4282
22233,24,1.4154,0.5189,0.3666
22236,24,12.3636,0.5173,0.0418
22241,24,1.4563,0.3429,0.2355
22242,15,1.6236,0.0837,0.0516
22243,22,1.5945,0.0681,0.0427
22244,21,1.9896,0.2522,0.1267
22245,21,0.8765,0.0650,0.0741
22246,24,2.3969,0.7810,0.3258
22247,17,0.9756,0.2185,0.2240
22248,23,1.0064,0.2626,0.2610
22249,21,0.9843,0.2386,0.2424
22250,25,1.1119,0.3112,0.2799
22251,25,1.4467,0.3864,0.2671
22252,25,1.2982,0.2943,0.2267
22253,5,1.1930,0.1109,0.0930
22254,25,1.3503,0.2472,0.1831
22255,25,1.0237,0.2206,0.2155
22256,15,1.5117,0.4200,0.2779
22257,11,1.3047,0.5072,0.3888
22258,14,1.3720,0.5442,0.3966
22259,12,1.3642,0.5375,0.3940
22260,25,1.1822,0.2801,0.2369
22261,23,1.1746,0.3261,0.2776
22262,25,1.0678,0.2330,0.2182
22263,23,1.1356,0.3931,0.3461
22264,21,1.1177,0.4421,0.3955
22265,22,0.6695,0.0344,0.0514
22266,19,0.5662,0.3422,0.6044
22267,16,0.8438,0.4276,0.5067
22268,22,0.7614,0.4131,0.5426
22269,25,1.1066,0.4323,0.3907
22270,20,3.9439,0.4810,0.1220
22271,24,2.9306,0.2003,0.0684
22272,18,2.9209,0.3297,0.1129
22273,25,2.9080,0.1844,0.0634
22274,25,2.9077,0.2083,0.0716
22275,13,8.4039,0.3552,0.0423
22276,25,2.7044,0.2755,0.1019
22277,25,2.2285,0.2654,0.1191
22278,25,6.2130,1.4295,0.2301
22279,25,1.6469,0.4602,0.2794
22280,25,1.6444,0.5098,0.3100
22281,16,7.2544,2.3300,0.3212
22282,25,15.2995,2.7807,0.1818
22283,25,8.7020,0.9895,0.1137
22284,25,1.7076,0.1329,0.0778
22285,25,1.6673,0.0994,0.0596
22286,19,1.2751,0.6850,0.5372
22287,18,1.3658,0.9349,0.6845
22288,20,1.6283,0.6015,0.3694
22289,20,1.5253,0.5220,0.3422
22290,4,2.0810,0.3744,0.1799
22291,23,1.4995,0.1649,0.1099
22292,24,1.4387,0.1098,0.0763
22293,22,1.7201,0.5443,0.3164
22294,25,1.2529,0.0410,0.0327
22295,23,1.6671,0.0576,0.0346
22296,24,1.6684,0.0592,0.0355
22297,25,1.3190,0.0778,0.0590
22299,25,1.3493,0.3878,0.2874
22300,25,2.5434,0.2719,0.1069
22301,25,2.5148,0.2820,0.1122
22302,24,2.3760,0.3001,0.1263
22303,25,2.4399,0.2211,0.0906
22304,24,2.4086,0.4148,0.1722
22305,25,2.4404,0.3363,0.1378
22306,15,1.9355,1.3685,0.7071
22307,14,2.8949,2.6843,0.9272
22308,25,3.3818,0.7415,0.2193
22309,24,2.9569,0.6660,0.2252
22310,24,2.0592,0.5640,0.2739
22311,25,4.0964,1.3484,0.3292
22312,25,3.9838,1.3104,0.3289
22313,24,3.8968,1.3486,0.3461
22314,25,3.9127,1.0487,0.2680
22315,25,1.3244,0.1557,0.1176
22316,25,1.2965,0.2803,0.2162
22317,24,3.2726,0.3586,0.1096
22318,25,3.2333,0.2482,0.0768
22319,25,0.6426,0.1028,0.1600
22320,25,5.9920,0.1791,0.0299
22321,25,0.9786,0.1693,0.1730
22322,24,1.0053,0.1367,0.1359
22323,13,2.7472,1.1974,0.4359
22324,25,3.0105,1.1264,0.3742
22325,24,5.0384,0.5769,0.1145
22326,24,2.9183,0.2041,0.0699
22327,24,3.4836,0.5978,0.1716
22328,24,2.8555,0.1642,0.0575
22329,24,1.7692,0.3503,0.1980
22330,3,1.4880,0.0658,0.0442
22331,25,1.6951,0.1122,0.0662
22332,25,1.6328,0.0799,0.0489
22333,25,1.5917,0.0634,0.0399
22334,25,1.6524,0.0614,0.0372
22335,25,0.7017,0.1071,0.1526
22336,22,0.6713,0.2143,0.3192
22337,13,0.6805,0.1771,0.2602
22338,19,0.6786,0.3122,0.4600
22339,16,0.6508,0.2975,0.4572
22340,16,1.8589,1.0299,0.5540
22341,25,1.8774,0.3816,0.2032
22342,25,1.5728,0.5347,0.3400
22343,25,0.7621,0.2110,0.2769
22344,24,0.8938,0.3326,0.3721
22345,25,0.8393,0.2730,0.3253
22346,22,0.8545,0.3115,0.3646
22347,9,1.2200,0.1659,0.1360
22348,25,0.8751,0.0840,0.0959
22349,25,4.0661,0.8185,0.2013
22350,25,2.8530,0.6331,0.2219
22351,3,2.7667,0.9677,0.3498
22352,25,2.5866,0.2284,0.0883
22353,16,3.0392,1.1433,0.3762
22354,25,4.0769,0.9008,0.2210
22355,25,1.3349,0.3879,0.2906
22356,25,1.0814,0.2640,0.2441
22357,24,4.6521,0.4600,0.0989
22358,24,3.5191,0.6331,0.1799
22359,22,3.2921,0.2960,0.0899
22360,23,3.2233,0.5606,0.1739
22361,22,3.6308,0.7533,0.2075
22362,22,3.4339,0.4403,0.1282
22363,22,3.2955,0.6424,0.1949
22364,22,3.4122,0.5760,0.1688
22365,24,7.7398,1.4323,0.1851
22366,24,7.6737,1.1922,0.1554
22367,24,1.9956,0.2460,0.1233
22371,23,5.1151,0.9312,0.1821
22372,23,5.1398,0.8682,0.1689
22374,23,5.0904,0.9276,0.1822
22375,23,5.3133,1.0413,0.1960
22376,23,5.0834,0.9545,0.1878
22377,24,2.1403,0.4738,0.2214
22378,24,2.3332,0.6793,0.2912
22379,24,2.2476,0.2281,0.1015
22380,24,2.1012,0.2774,0.1320
22381,24,2.1611,0.1622,0.0751
22382,24,1.6880,0.0878,0.0520
22383,24,1.7579,0.1855,0.1055
22384,24,1.6643,0.0850,0.0511
22385,24,1.9337,0.1229,0.0636
22386,24,1.9397,0.1411,0.0727
22389,20,2.2864,0.6452,0.2822
22390,22,2.2755,0.7030,0.3090
22391,20,2.5881,1.0867,0.4199
22393,22,2.5020,0.8723,0.3487
22394,19,2.3577,1.0442,0.4429
22395,19,2.9103,1.3156,0.4520
22396,22,0.9547,0.4050,0.4242
22398,22,1.0295,0.3905,0.3793
22399,22,1.2256,0.0855,0.0698
22400,22,1.0235,0.3797,0.3709
22402,22,1.0187,0.3767,0.3698
22403,22,1.0420,0.4600,0.4415
22405,22,1.2811,0.2369,0.1849
22406,22,1.3490,0.2878,0.2133
22407,19,1.2482,0.2360,0.1891
22408,20,1.3232,0.3237,0.2446
22409,22,1.4195,0.2752,0.1939
22410,22,1.2912,0.2144,0.1660
22411,24,2.1334,0.3005,0.1409
22412,23,2.1829,0.1320,0.0605
22413,24,2.9301,0.2458,0.0839
22414,24,8.1964,1.9637,0.2396
22415,14,7.9500,0.0000,0.0000
22416,23,1.4510,0.0755,0.0520
22417,24,0.5340,0.0327,0.0613
22418,20,0.8559,0.0426,0.0498
22419,20,0.4871,0.0727,0.1492
22420,20,0.4802,0.0706,0.1470
22421,20,0.5053,0.0885,0.1751
22422,20,0.7960,0.2317,0.2911
22423,22,12.5075,0.4087,0.0327
22424,20,14.0001,1.1885,0.0849
22425,20,5.2972,0.8093,0.1528
22426,21,4.0079,0.5416,0.1351
22427,19,6.0702,0.3799,0.0626
22428,21,7.5556,0.8049,0.1065
22429,21,4.4327,0.3439,0.0776
22430,20,5.1716,0.5271,0.1019
22431,23,2.0553,0.1803,0.0877
22432,23,1.9497,0.1469,0.0753
22433,23,1.9983,0.2018,0.1010
22434,21,1.9558,0.1109,0.0567
22435,21,1.2685,0.0617,0.0486
22436,21,0.6492,0.0184,0.0284
22437,21,0.8588,0.0400,0.0466
22438,21,1.9982,0.5365,0.2685
22439,21,0.6794,0.0415,0.0611
22440,21,0.4172,0.0182,0.0436
22441,22,2.1902,0.0984,0.0449
22442,20,7.5968,1.5142,0.1993
22443,18,8.1489,0.5930,0.0728
22444,15,1.9040,2.2325,1.1725
22445,22,3.2714,0.6684,0.2043
22446,21,3.2161,0.5969,0.1856
22447,21,3.6929,0.9890,0.2678
22448,22,3.6065,0.8648,0.2398
22449,21,3.3214,0.1919,0.0578
22450,19,3.3650,0.0705,0.0209
22451,15,3.3697,0.1542,0.0458
22452,22,2.8659,0.3457,0.1206
22453,22,2.9457,0.2476,0.0841
22454,20,2.9383,0.1182,0.0402
22456,22,5.3004,0.9119,0.1720
22457,22,3.0572,0.2060,0.0674
22458,14,2.6308,0.3495,0.1328
22459,14,2.6468,0.5376,0.2031
22460,22,1.3540,0.1383,0.1021
22461,18,11.8135,3.7258,0.3154
22464,22,1.6818,0.1982,0.1178
22465,22,1.6757,0.2077,0.1239
22466,22,1.9176,0.1451,0.0757
22467,21,2.3890,0.1020,0.0427
22468,22,6.9548,0.5568,0.0801
22469,21,1.7636,0.1307,0.0741
22470,21,3.0129,0.1500,0.0498
22471,20,4.9537,1.2018,0.2426
22472,22,5.4530,1.4825,0.2719
22473,22,5.0554,1.8938,0.3746
22474,22,5.7055,1.4638,0.2566
22475,22,5.4940,0.8827,0.1607
22476,22,5.8678,1.5295,0.2607
22477,22,1.4922,0.2679,0.1796
22478,22,1.4167,0.1670,0.1179
22479,22,1.4250,0.2233,0.1567
22480,18,1.2273,0.0519,0.0423
22481,22,1.1438,0.2540,0.2221
22482,17,1.2080,0.0546,0.0452
22483,22,3.0091,0.2769,0.0920
22485,22,13.8251,1.7573,0.1271
22486,13,9.5699,3.4003,0.3553
22487,22,10.2123,0.7583,0.0743
22488,22,1.7303,0.1107,0.0640
22489,21,0.4230,0.0300,0.0708
22491,20,0.8220,0.0440,0.0535
22492,20,0.6381,0.0318,0.0498
22493,20,1.6533,0.0717,0.0434
22494,24,1.4358,0.2522,0.1756
22495,24,3.0728,0.6155,0.2003
22496,24,2.9847,0.5272,0.1766
22497,24,4.7687,0.8030,0.1684
22498,23,6.4815,0.8098,0.1249
22499,23,6.2381,0.5134,0.0823
22500,24,5.2910,1.4807,0.2798
22501,19,12.7889,3.4450,0.2694
22502,17,17.7463,48.5801,2.7375
22503,17,25.7089,5.3908,0.2097
22504,18,26.2082,7.4309,0.2835
22505,22,4.9748,0.4986,0.1002
22507,22,4.9165,0.6149,0.1251
22508,22,4.0550,0.1886,0.0465
22509,22,16.5684,3.0760,0.1857
22510,19,3.5989,1.1587,0.3220
22511,18,3.4342,0.8853,0.2578
22512,18,3.5964,1.5219,0.4232
22513,21,4.1784,1.2776,0.3058
22514,22,2.3496,0.5885,0.2505
22515,22,2.4124,0.5499,0.2279
22516,20,2.4098,0.6178,0.2564
22517,22,2.3192,0.4281,0.1846
22518,15,2.2616,0.2786,0.1232
22519,16,2.2728,0.3833,0.1686
22520,15,0.9142,0.0937,0.1025
22521,15,0.9011,0.1064,0.1180
22522,22,0.8649,0.0429,0.0496
22523,22,0.8827,0.0806,0.0913
22524,15,1.4948,0.3347,0.2239
22525,14,1.5095,0.3702,0.2453
22526,22,13.9303,3.0485,0.2188
22528,10,1.8912,0.9029,0.4774
22529,22,0.4343,0.0930,0.2140
22530,22,0.4273,0.0440,0.1029
22531,22,0.4326,0.0524,0.1212
22532,22,0.4064,0.0485,0.1194
22533,22,0.4105,0.0625,0.1522
22534,22,0.4359,0.0527,0.1209
22535,22,0.4279,0.0703,0.1644
22536,22,0.3993,0.0305,0.0764
22537,22,0.4341,0.0284,0.0655
22538,21,0.4635,0.1086,0.2343
22539,22,0.4139,0.0531,0.1284
22540,22,0.4155,0.0689,0.1658
22541,21,0.5222,0.1655,0.3169
22543,21,0.4357,0.0916,0.2102
22544,22,0.4129,0.0557,0.1348
22545,22,0.4397,0.0777,0.1767
22546,22,0.4102,0.0519,0.1265
22547,22,0.4590,0.0797,0.1737
22548,21,1.3164,0.2567,0.1950
22549,22,1.5199,0.1091,0.0718
22550,22,3.8415,0.4262,0.1110
22551,22,1.6678,0.1515,0.0908
22553,22,1.6699,0.0675,0.0404
22554,22,1.7211,0.2678,0.1556
22555,22,1.6380,0.0549,0.0335
22556,22,1.6433,0.0460,0.0280
22557,22,1.6647,0.1027,0.0617
22558,19,1.4603,0.1713,0.1173
22559,22,1.3505,0.3078,0.2279
22560,22,1.1972,0.0855,0.0714
22561,22,1.6699,0.1369,0.0820
22562,22,1.2268,0.0631,0.0514
22563,22,1.1990,0.0648,0.0541
22564,22,1.2075,0.0803,0.0665
22565,22,0.9314,0.1557,0.1672
22566,22,0.8864,0.0706,0.0796
22567,21,1.3186,0.1453,0.1102
22568,22,3.7487,0.1270,0.0339
22569,20,3.7294,0.2728,0.0731
22570,21,3.7573,0.2870,0.0764
22571,14,0.9193,0.1205,0.1311
22572,14,1.0481,0.3232,0.3083
22573,15,1.0185,0.2696,0.2647
22574,17,1.0850,0.3210,0.2959
22575,13,2.1634,0.6311,0.2917
22576,15,0.9891,0.2656,0.2686
22577,18,0.7780,0.2176,0.2796
22578,13,0.7857,0.3529,0.4491
22579,13,0.8654,0.3643,0.4210
22580,15,6.2808,1.6871,0.2686
22581,13,0.8942,0.2706,0.3026
22582,22,2.6599,0.3073,0.1155
22583,22,2.8192,0.4598,0.1631
22584,22,2.6122,0.2160,0.0827
22585,22,1.2571,0.1039,0.0827
22586,22,0.8941,0.0833,0.0932
22587,22,0.8858,0.0535,0.0604
22588,15,2.9364,0.4593,0.1564
22589,13,2.9042,0.6833,0.2353
22591,13,3.5212,1.4531,0.4127
22592,13,4.3501,1.2056,0.2771
22593,16,1.0205,0.2947,0.2888
22594,16,1.0138,0.2688,0.2651
22595,18,0.8767,0.0648,0.0740
22596,12,1.0496,0.2937,0.2798
22597,18,0.8154,0.2964,0.3635
22598,12,0.8371,0.3591,0.4290
22599,12,0.8202,0.3166,0.3861
22600,15,1.0323,0.3189,0.3089
22601,16,1.0691,0.3484,0.3259
22602,18,0.9494,0.2015,0.2122
22603,14,0.9834,0.2930,0.2980
22604,18,2.7100,0.5586,0.2061
22605,21,13.9274,1.4688,0.1055
22606,21,15.1626,1.6361,0.1079
22607,19,9.4833,0.6865,0.0724
22608,22,0.6156,0.4669,0.7583
22609,22,0.5940,0.3943,0.6639
22610,23,0.5717,0.3206,0.5608
22611,18,4.8957,0.3876,0.0792
22612,7,3.8449,0.1547,0.0402
22613,20,0.8399,0.0771,0.0918
22614,20,0.3341,0.0740,0.2216
22615,20,0.3261,0.0616,0.1890
22616,20,0.3093,0.0475,0.1537
22617,22,4.9094,0.2438,0.0497
22618,14,9.9825,1.0195,0.1021
22619,20,3.8496,0.2339,0.0608
22620,20,1.3759,0.1478,0.1074
22621,20,1.5619,0.1368,0.0876
22622,20,10.2209,0.8512,0.0833
22623,20,5.4875,0.7265,0.1324
22624,20,8.8018,0.5233,0.0595
22625,20,8.6929,0.6992,0.0804
22626,21,8.6523,0.3653,0.0422
22627,20,8.4266,1.8779,0.2229
22628,18,5.1143,0.7761,0.1518
22629,18,1.8370,0.0612,0.0333
22630,18,1.8796,0.1040,0.0553
22631,19,2.0060,0.1548,0.0772
22632,11,2.0306,0.0871,0.0429
22633,12,2.2536,0.5984,0.2655
22634,20,9.4594,0.3371,0.0356
22635,20,9.5832,0.5030,0.0525
22636,20,8.3734,0.3659,0.0437
22637,19,2.6077,0.3029,0.1162
22638,16,2.3618,0.7028,0.2976
22639,18,2.4680,0.4328,0.1754
22640,19,2.4751,0.6143,0.2482
22641,17,2.4158,0.6408,0.2653
22642,15,2.5852,0.7933,0.3069
22643,17,2.3278,0.5216,0.2241
22644,20,1.5873,0.3306,0.2082
22645,20,1.9180,0.4759,0.2481
22646,20,1.4778,0.2413,0.1633
22647,18,1.3773,0.6387,0.4637
22649,20,5.0840,0.2432,0.0478
22650,20,1.5587,0.1996,0.1280
22651,18,0.8832,0.0940,0.1064
22652,17,1.7021,0.1220,0.0717
22653,18,1.9117,0.1659,0.0868
22654,18,6.9158,1.2812,0.1853
22655,16,182.1652,83.1893,0.4567
22656,13,194.8901,89.5400,0.4594
22657,3,0.8500,0.0000,0.0000
22659,19,1.8805,0.1521,0.0809
22660,19,8.0777,1.2909,0.1598
22661,18,0.8164,0.0418,0.0512
22662,18,1.6585,0.0949,0.0572
22663,18,2.0577,0.1768,0.0859
22664,18,2.1934,0.4098,0.1868
22665,17,3.5005,0.7692,0.2197
22666,18,3.1561,0.1623,0.0514
22667,17,2.8150,0.0996,0.0354
22668,18,3.2385,0.5493,0.1696
22669,18,3.2063,0.3993,0.1245
22670,17,1.3085,0.0765,0.0584
22671,17,1.7734,0.2078,0.1172
22672,17,1.7282,0.1251,0.0724
22673,17,1.2775,0.0534,0.0418
22674,17,1.2964,0.1167,0.0900
22675,17,1.2919,0.1018,0.0788
22676,17,1.3559,0.1040,0.0767
22677,17,1.3762,0.1175,0.0854
22678,17,1.3589,0.1000,0.0736
22679,17,1.3844,0.0973,0.0703
22680,17,1.3541,0.1146,0.0846
22681,17,1.3691,0.1226,0.0896
22682,17,1.3270,0.0718,0.0541
22683,17,1.3462,0.0854,0.0634
22684,17,1.3760,0.1499,0.1089
22685,17,1.3035,0.0494,0.0379
22686,17,1.4488,0.3147,0.2172
22687,13,9.4278,3.7741,0.4003
22688,13,7.8501,1.4702,0.1873
22689,15,9.6140,3.4928,0.3633
22690,19,7.2281,1.2706,0.1758
22691,18,8.2498,1.8927,0.2294
22692,19,8.3760,1.4866,0.1775
22693,17,1.2178,0.1750,0.1437
22694,18,2.3583,0.3454,0.1465
22695,17,1.5873,0.3690,0.2325
22696,18,2.0047,0.1965,0.0980
22697,17,3.1315,0.1688,0.0539
22698,16,3.0524,0.2253,0.0738
22699,17,2.9709,0.1805,0.0607
22700,15,2.6087,0.8356,0.3203
22701,19,2.5174,0.7944,0.3156
22702,19,2.0998,0.7008,0.3337
22703,19,2.1062,0.5327,0.2529
22704,20,0.4149,0.0113,0.0272
22705,20,0.4200,0.0000,0.0000
22706,19,0.4118,0.0166,0.0403
22707,20,0.4200,0.0000,0.0000
22708,19,0.4133,0.0162,0.0392
22709,17,0.4064,0.0223,0.0548
22710,20,0.4023,0.0229,0.0568
22711,20,0.4156,0.0138,0.0333
22712,19,0.4186,0.0249,0.0596
22713,20,0.4348,0.0501,0.1152
22714,20,0.4243,0.0348,0.0821
22715,18,0.4435,0.1022,0.2305
22716,19,0.4284,0.0195,0.0455
22717,19,0.4535,0.0932,0.2054
22718,19,0.4419,0.0254,0.0574
22719,14,1.4331,0.3196,0.2230
22720,13,5.3923,0.6072,0.1126
22721,13,4.9890,0.9114,0.1827
22722,13,4.1474,0.4091,0.0986
22723,13,3.8706,0.8339,0.2154
22725,16,4.1253,0.3232,0.0783
22726,16,4.4368,1.1001,0.2480
22727,16,3.9636,0.2686,0.0678
22728,16,3.9728,0.2286,0.0575
22729,16,4.5008,1.4920,0.3315
22730,16,3.9947,0.1952,0.0489
22731,11,1.4105,0.2523,0.1788
22732,14,1.4536,0.2150,0.1479
22733,13,1.3896,0.1525,0.1097
22734,13,3.5757,1.3297,0.3719
22735,11,2.1111,0.8546,0.4048
22736,15,2.2062,0.7962,0.3609
22737,16,2.0923,0.6258,0.2991
22738,14,2.1377,0.7733,0.3617
22739,16,2.2053,0.7476,0.3390
22740,12,0.8572,0.0341,0.0398
22741,16,0.8697,0.0421,0.0484
22742,17,2.9412,0.6067,0.2063
22743,17,3.1947,0.7240,0.2266
22744,17,2.9663,0.6221,0.2097
22745,16,2.3223,0.3528,0.1519
22746,16,2.2527,0.2483,0.1102
22747,16,2.2319,0.2097,0.0940
22748,16,2.3103,0.3566,0.1544
22749,16,3.9130,0.4912,0.1255
22750,16,3.7550,0.1478,0.0394
22751,16,3.7907,0.2561,0.0675
22752,17,8.3401,1.0408,0.1248
22753,17,0.8652,0.1730,0.2000
22754,17,0.8529,0.1747,0.2048
22755,17,0.8565,0.1738,0.2029
22756,17,1.3127,0.2817,0.2146
22757,17,1.3008,0.3004,0.2309
22758,17,1.2678,0.2404,0.1897
22759,16,1.6915,0.1314,0.0777
22760,12,12.9589,1.4525,0.1121
22761,14,26.1618,6.6639,0.2547
22762,15,16.4236,2.3920,0.1456
22763,15,10.3946,1.3477,0.1297
22764,4,28.0891,14.8946,0.5303
22765,3,11.3939,0.3888,0.0341
22766,15,2.9842,0.1165,0.0390
22767,15,9.8027,0.6633,0.0677
22768,15,9.8558,0.7256,0.0736
22769,4,32.6676,13.3845,0.4097
22770,15,16.0153,1.9357,0.1209
22771,15,1.3698,0.1265,0.0924
22772,15,1.4326,0.2510,0.1752
22773,15,1.3525,0.1141,0.0844
22774,15,1.3444,0.1878,0.1397
22775,15,1.4771,0.1914,0.1296
22776,15,10.6768,1.3120,0.1229
22777,8,8.6481,0.8871,0.1026
22778,14,4.0656,0.6499,0.1599
22779,15,3.9208,0.2921,0.0745
22780,15,3.9492,0.2972,0.0753
22781,15,8.5083,1.3338,0.1568
22782,15,21.9766,5.6150,0.2555
22783,8,14.7530,3.6658,0.2485
22784,15,5.0532,0.4046,0.0801
22785,14,6.8484,1.8189,0.2656
22786,13,6.7104,2.1970,0.3274
22788,9,9.8021,1.6057,0.1638
22789,15,2.0146,0.1580,0.0784
22790,1,19.4200,0.0000,
22791,14,1.2316,0.0838,0.0680
22792,15,0.9688,0.1007,0.1039
22794,15,8.4058,0.4696,0.0559
22795,13,7.0190,0.5098,0.0726
22796,15,9.9840,0.5167,0.0518
22797,15,18.4110,2.9117,0.1582
22798,15,3.1018,0.1681,0.0542
22799,15,8.3175,1.5649,0.1881
22800,15,4.1823,0.3508,0.0839
22801,15,4.0984,0.2702,0.0659
22802,14,18.8156,3.1382,0.1668
22803,13,39.8123,3.7267,0.0936
22804,16,2.8340,0.3432,0.1211
22805,15,1.4175,0.1655,0.1168
22806,16,3.3623,1.1756,0.3496
22807,16,3.0646,0.4242,0.1384
22808,12,3.2943,1.1623,0.3528
22809,11,3.0054,0.1731,0.0576
22810,13,3.2911,0.8204,0.2493
22811,16,3.2387,0.9827,0.3034
22812,12,2.3518,0.7232,0.3075
22813,16,2.0405,0.2070,0.1014
22814,16,0.4270,0.0273,0.0639
22815,16,0.4306,0.0168,0.0390
22816,14,0.5163,0.1736,0.3362
22817,16,0.4230,0.0134,0.0318
22818,14,0.5182,0.1701,0.3283
22819,16,0.4257,0.0183,0.0429
22820,16,0.6417,0.0467,0.0728
22821,16,0.6627,0.0604,0.0911
22822,14,6.1994,0.7823,0.1262
22823,12,117.7500,6.6623,0.0566
22824,13,35.5646,0.8550,0.0240
22825,14,8.0631,0.5622,0.0697
22826,10,138.0000,56.1842,0.4071
22827,13,156.8388,7.5515,0.0481
22828,8,153.8333,9.5336,0.0620
22829,13,10.4469,1.0110,0.0968
22830,4,19.9001,7.1851,0.3611
22831,14,3.0364,0.1666,0.0549
22832,13,11.8553,2.7577,0.2326
22833,4,48.3266,19.2840,0.3990
22834,16,2.1444,0.4131,0.1926
22835,16,5.1981,0.4526,0.0871
22837,12,5.3774,1.3839,0.2574
22838,14,15.2300,2.5144,0.1651
22839,15,16.5375,2.8786,0.1741
22840,15,7.8399,0.7414,0.0946
22841,15,8.1782,1.1810,0.1444
22842,15,7.0666,1.7630,0.2495
22843,15,7.1243,1.7815,0.2501
22844,15,9.6045,0.8260,0.0860
22845,15,6.8807,0.6100,0.0887
22846,15,15.9686,1.7113,0.1072
22847,14,16.1637,0.7233,0.0447
22848,13,16.6327,1.6537,0.0994
22849,12,15.9653,0.9589,0.0601
22850,1,15.4500,0.0000,
22851,17,0.8612,0.0718,0.0834
22852,15,4.4020,0.2540,0.0577
22853,15,3.4878,0.4776,0.1369
22854,13,4.9453,0.3630,0.0734
22855,12,1.2632,0.0610,0.0483
22856,10,1.4102,0.4047,0.2870
22857,9,0.9053,0.1466,0.1619
22858,8,1.6910,0.1436,0.0849
22859,13,1.6814,0.1356,0.0806
22860,9,1.7565,0.1881,0.1071
22861,5,1.7304,0.1146,0.0663
22862,5,4.5372,0.3746,0.0826
22863,16,2.9478,0.2067,0.0701
22864,1,0.4200,0.0000,
22865,15,2.2231,0.2294,0.1032
22866,13,2.2124,0.3051,0.1379
22867,13,2.4094,0.6018,0.2498
22868,13,2.6591,0.9214,0.3465
22869,14,2.7110,0.5778,0.2131
22870,14,2.6992,0.7224,0.2677
22871,12,2.6578,0.9213,0.3467
22872,14,2.8194,0.9799,0.3475
22873,13,2.7550,0.9788,0.3553
22874,12,2.6830,0.9638,0.3592
22875,13,2.6640,0.9544,0.3583
22876,11,2.5071,0.8574,0.3420
22877,12,2.5214,0.9720,0.3855
22878,14,3.0986,0.8487,0.2739
22879,12,2.7107,1.1365,0.4193
22880,14,2.7428,1.0897,0.3973
22881,15,2.8334,1.1724,0.4138
22882,15,2.6466,0.9436,0.3565
22883,14,2.7767,1.1012,0.3966
22884,14,2.5896,0.9280,0.3583
22885,14,2.7611,1.1159,0.4041
22886,14,2.6880,1.0862,0.4041
22887,14,2.7121,1.0895,0.4017
22888,13,2.9151,1.1986,0.4112
22889,13,3.1260,1.1187,0.3579
22890,15,10.4609,1.2677,0.1212
22891,15,4.8759,0.7395,0.1517
22892,14,1.2297,0.0266,0.0216
22893,15,0.5214,0.1225,0.2350
22894,16,9.7106,0.9546,0.0983
22895,16,3.1848,0.4227,0.1327
22896,16,2.6491,0.3836,0.1448
22897,16,1.5307,0.1618,0.1057
22898,16,2.1384,0.3371,0.1577
22899,16,2.1098,0.1404,0.0665
22900,16,3.2076,0.5534,0.1725
22902,16,2.1194,0.2252,0.1062
22903,13,2.8539,0.3893,0.1364
22904,15,3.0628,0.2893,0.0945
22905,16,2.8535,0.3734,0.1309
22906,16,1.7374,0.1570,0.0904
22907,16,0.8444,0.0570,0.0675
22908,16,0.8299,0.0721,0.0869
22909,15,1.0132,0.2890,0.2852
22910,16,3.1159,0.5392,0.1730
22911,15,2.9571,0.1690,0.0572
22912,13,5.0137,0.4782,0.0954
22913,14,5.1684,0.7287,0.1410
22914,14,5.1659,0.5578,0.1080
22915,14,0.4762,0.0876,0.1840
22916,14,0.7105,0.0641,0.0903
22917,14,0.7090,0.0621,0.0875
22918,14,0.7054,0.0720,0.1020
22919,14,0.7009,0.0547,0.0781
22920,14,0.7070,0.0796,0.1125
22921,14,0.7038,0.0631,0.0896
22922,14,0.8956,0.1043,0.1165
22923,14,0.8528,0.0722,0.0847
22924,14,0.9213,0.1597,0.1733
22925,12,6.2079,0.3722,0.0600
22926,7,6.0784,0.3563,0.0586
22927,12,6.7565,1.7215,0.2548
22928,14,6.9069,1.3132,0.1901
22929,8,63.9425,2.4711,0.0386
22930,13,2.6709,0.2762,0.1034
22931,13,2.6124,0.2925,0.1120
22932,13,2.5430,0.3801,0.1495
22933,11,3.3284,0.9478,0.2848
22934,10,3.2365,0.9239,0.2854
22935,13,3.2743,0.6174,0.1886
22936,13,4.0852,1.5050,0.3684
22937,13,2.7084,0.3056,0.1129
22938,16,1.9275,0.1658,0.0860
22939,16,5.2605,0.7380,0.1403
22940,16,4.5153,1.1194,0.2479
22941,12,9.3841,2.4586,0.2620
22942,8,7.7875,1.7143,0.2201
22943,15,6.7980,2.5751,0.3788
22944,12,2.3594,4.2720,1.8106
22945,15,1.7806,2.5562,1.4356
22946,14,18.2127,6.7760,0.3721
22947,10,15.6626,4.7307,0.3020
22948,16,1.0026,0.2150,0.2145
22949,16,1.5650,0.3668,0.2344
22950,9,1.5069,0.2207,0.1465
22951,16,0.5341,0.0324,0.0607
22952,16,0.7269,0.2940,0.4044
22953,14,1.2614,0.0584,0.0463
22954,13,1.3571,0.3442,0.2537
22955,14,2.0122,0.3016,0.1499
22956,14,1.9431,0.3418,0.1759
22957,6,2.8848,0.1187,0.0412
22959,10,0.4039,0.0221,0.0546
22960,14,4.2757,0.2625,0.0614
22961,15,1.5407,0.1537,0.0997
22962,14,0.8656,0.0756,0.0873
22963,15,0.8697,0.0935,0.1075
22964,14,2.1394,0.1208,0.0565
22965,14,2.1574,0.1615,0.0748
22966,14,1.3232,0.3317,0.2507
22967,7,2.8754,0.1145,0.0398
22968,15,10.7730,2.7567,0.2559
22969,14,1.5052,0.1117,0.0742
22970,13,2.3831,0.1517,0.0636
22971,13,2.4662,0.1718,0.0697
22972,14,1.7137,0.0896,0.0523
22973,14,1.6896,0.0630,0.0373
22974,14,1.7280,0.0835,0.0483
22975,14,1.3657,0.1426,0.1044
22976,14,1.3014,0.0551,0.0424
22977,14,1.3746,0.2615,0.1903
22978,11,4.0289,0.7246,0.1798
22979,10,1.5453,0.1185,0.0767
22980,11,1.7269,0.2345,0.1358
22981,10,1.5792,0.1260,0.0798
22982,10,1.3965,0.1524,0.1091
22983,16,0.4278,0.0159,0.0373
22984,16,0.4181,0.0223,0.0533
22985,16,0.4159,0.0163,0.0392
22986,16,0.4158,0.0114,0.0275
22987,8,0.4200,0.0000,0.0000
22988,13,1.2027,0.0874,0.0727
22989,11,3.3402,0.4105,0.1229
22990,11,4.9323,0.7003,0.1420
22991,11,1.9973,0.3019,0.1512
22992,11,1.9854,0.2354,0.1185
22993,11,1.2843,0.1052,0.0819
22994,11,0.4395,0.0136,0.0309
22995,11,0.4549,0.0424,0.0932
22996,11,0.4447,0.0314,0.0706
22997,11,0.4314,0.0092,0.0213
22998,11,0.4328,0.0428,0.0990
22999,11,0.4369,0.0288,0.0658
23000,11,0.4364,0.0202,0.0463
23002,11,0.4336,0.0128,0.0294
23003,5,0.4162,0.0086,0.0206
23004,11,0.4512,0.0141,0.0313
23005,8,0.4414,0.0416,0.0942
23006,11,0.4575,0.0789,0.1726
23007,10,15.6550,1.1282,0.0721
23008,10,15.4281,1.0217,0.0662
23009,10,15.7390,1.3106,0.0833
23010,10,15.6355,1.3814,0.0884
23012,7,3.9546,0.1840,0.0465
23013,7,4.0092,0.3035,0.0757
23014,7,4.1729,0.5781,0.1385
23015,6,8.5992,0.8553,0.0995
23016,7,7.8347,0.6937,0.0885
23017,7,13.6562,5.0005,0.3662
23018,6,12.4530,1.3378,0.1074
23019,7,7.8807,0.2688,0.0341
23020,7,12.2312,0.3086,0.0252
23021,7,4.3758,0.5517,0.1261
23022,7,1.9582,0.1233,0.0629
23023,7,1.6219,0.0603,0.0372
23024,6,2.7286,0.1866,0.0684
23025,7,2.1225,0.0932,0.0439
23026,7,2.1902,0.2024,0.0924
23027,7,2.1161,0.0707,0.0334
23028,6,1.7190,0.0982,0.0571
23029,7,1.7149,0.1073,0.0626
23031,7,1.6998,0.0611,0.0360
23032,6,1.6908,0.1223,0.0723
23033,7,1.5023,0.1422,0.0946
23034,7,1.5771,0.2539,0.1610
23035,7,1.4759,0.0953,0.0646
23036,7,1.2568,0.0179,0.0143
23037,7,1.6708,0.0837,0.0501
23038,5,1.3100,0.4382,0.3345
23039,7,2.2810,0.8191,0.3591
23040,9,5.8344,0.4315,0.0740
23041,9,4.3907,0.5710,0.1301
23042,9,7.1014,0.8556,0.1205
23043,6,7.3656,2.4988,0.3392
23044,8,4.1845,0.0976,0.0233
23045,7,4.7552,1.5591,0.3279
23046,7,6.6385,0.4496,0.0677
23047,7,5.7500,0.0000,0.0000
23048,9,4.4288,0.4990,0.1127
23049,10,8.6502,0.3869,0.0447
23050,10,8.7704,0.8613,0.0982
23051,10,9.1092,1.2836,0.1409
23052,10,9.6211,1.4994,0.1558
23053,10,9.1234,0.7270,0.0797
23054,10,9.8602,2.6707,0.2709
23055,8,5.0789,2.1846,0.4301
23056,8,5.2868,2.0040,0.3791
23057,8,4.0599,1.7188,0.4234
23058,4,0.9494,0.1460,0.1538
23060,9,2.2037,0.2785,0.1264
23061,9,1.3245,0.0721,0.0545
23064,8,39.7207,17.8088,0.4484
23065,7,13.1711,1.9921,0.1512
23066,7,8.5673,0.6267,0.0732
23067,9,4.2035,0.0857,0.0204
23068,9,2.4451,0.1307,0.0535
23069,9,6.2993,0.1479,0.0235
23070,8,4.5088,0.3879,0.0860
23071,6,10.6653,4.0040,0.3754
23072,6,13.4589,6.3221,0.4697
23073,9,12.1560,0.4342,0.0357
23074,4,2.4365,0.5442,0.2233
23075,9,4.1478,0.0690,0.0166
23076,10,1.2402,0.0334,0.0269
23077,10,1.2808,0.1452,0.1134
23078,10,1.2903,0.1196,0.0927
23079,8,8.8925,0.1104,0.0124
23080,8,8.4436,0.4450,0.0527
23081,8,8.4585,0.7560,0.0894
23082,8,3.7018,0.1190,0.0321
23083,8,3.7475,0.2285,0.0610
23084,8,2.2359,0.4429,0.1981
23085,7,9.8500,0.7289,0.0740
23086,8,1.2364,0.0787,0.0636
23087,8,1.4316,0.4223,0.2950
23088,8,1.3629,0.2178,0.1598
23089,8,1.8534,0.2484,0.1340
23090,8,0.8258,0.0443,0.0537
23091,7,6.3729,0.1981,0.0311
23092,8,7.7162,0.6712,0.0870
23093,8,2.5763,0.3943,0.1530
23094,7,12.7195,0.4060,0.0319
23096,8,1.7994,0.2928,0.1627
23099,8,6.8593,0.6299,0.0918
23100,8,1.2512,0.0703,0.0562
23101,8,0.8495,0.1119,0.1318
23102,8,0.8529,0.0517,0.0606
23103,8,1.6885,0.0479,0.0284
23104,8,12.2033,0.4175,0.0342
23106,8,2.7116,0.7956,0.2934
23107,8,2.8333,0.6261,0.2210
23108,8,5.9174,0.2379,0.0402
23109,8,2.8768,0.0909,0.0316
23110,8,6.0091,0.3342,0.0556
23111,8,12.6653,0.8057,0.0636
23112,8,8.3496,0.7556,0.0905
23113,4,5.6165,0.9435,0.1680
23114,4,5.0032,0.3085,0.0617
23115,4,5.2235,0.4795,0.0918
23116,4,5.8477,1.4984,0.2562
23117,4,5.8152,1.3798,0.2373
23118,8,7.7417,0.7556,0.0976
23119,7,0.6610,0.0838,0.1267
23120,7,0.4380,0.0507,0.1157
23121,7,0.4208,0.0287,0.0683
23122,7,0.8385,0.0911,0.1087
23123,7,0.8364,0.0533,0.0638
23124,6,1.7469,0.5619,0.3217
23125,6,1.6020,0.4826,0.3012
23126,10,5.0445,0.2122,0.0421
23127,10,5.1138,0.2970,0.0581
23128,10,5.0303,0.2184,0.0434
23129,8,4.2865,0.3250,0.0758
23130,8,4.1107,0.1532,0.0373
23131,9,4.0863,0.0938,0.0230
23132,9,5.5591,0.7724,0.1389
23133,9,7.7493,0.7968,0.1028
23134,6,7.0080,1.1106,0.1585
23135,9,4.3018,1.1065,0.2572
23136,9,3.8747,0.2689,0.0694
23137,9,3.5361,0.8947,0.2530
23138,9,1.6515,0.6203,0.3756
23139,9,1.5640,0.7138,0.4564
23140,8,4.4605,0.7384,0.1655
23141,8,4.3422,1.9285,0.4441
23142,8,10.5995,0.9024,0.0851
23143,5,11.0841,4.3965,0.3966
23144,9,0.8478,0.0858,0.1012
23145,9,0.9625,0.0347,0.0360
23146,9,3.2765,0.1460,0.0446
23147,9,1.4621,0.0366,0.0250
23148,9,0.8481,0.0335,0.0395
23149,7,2.8781,0.9226,0.3206
23150,9,2.6651,0.2044,0.0767
23151,8,2.6063,1.0930,0.4194
23152,9,3.7706,0.1184,0.0314
23153,9,3.9537,0.2193,0.0555
23154,10,2.1066,0.2693,0.1278
23155,10,0.8585,0.0184,0.0215
23156,10,2.0813,0.0755,0.0363
23157,10,2.6448,1.0268,0.3882
23158,10,2.1147,0.1382,0.0653
23159,9,2.0667,0.0685,0.0332
23160,8,1.4069,0.4327,0.3076
23161,8,1.4200,0.4303,0.3031
23162,9,3.6899,0.1226,0.0332
23163,9,2.5254,0.2176,0.0862
23164,8,5.0843,0.8829,0.1736
23165,8,1.6572,0.0771,0.0465
23166,9,1.1820,0.0739,0.0625
23167,8,0.7955,0.0524,0.0659
23168,8,1.4037,0.0988,0.0704
23169,8,4.2725,0.1699,0.0398
23170,8,1.6941,0.1545,0.0912
23171,8,1.6884,0.1450,0.0859
23172,8,1.6886,0.1071,0.0634
23173,8,9.6581,1.2534,0.1298
23174,8,4.2657,0.4062,0.0952
23175,8,3.3076,0.5577,0.1686
23176,10,2.2601,0.1892,0.0837
23177,10,2.2472,0.2208,0.0982
23178,10,2.9514,0.5109,0.1731
23179,10,3.1522,0.4962,0.1574
23180,10,5.3555,1.4533,0.2714
23181,10,8.8619,1.5523,0.1752
23182,10,1.0436,0.1754,0.1681
23183,10,4.4802,1.1883,0.2652
23184,10,5.6656,0.7810,0.1379
23185,8,0.4088,0.3399,0.8316
23186,8,0.4499,0.3423,0.7609
23187,7,0.4269,0.3630,0.8503
23188,7,1.7817,0.2164,0.1214
23189,5,2.8906,0.2014,0.0697
23190,8,1.6354,0.0373,0.0228
23191,8,1.6678,0.0637,0.0382
23192,8,1.6844,0.2464,0.1463
23193,10,2.2328,0.2282,0.1022
23194,10,2.3332,0.2876,0.1233
23196,7,1.5841,0.2483,0.1568
23197,7,1.5517,0.1120,0.0722
23198,7,1.5185,0.1004,0.0661
23199,9,2.0915,0.1679,0.0803
23200,8,2.0513,0.1146,0.0559
23201,9,2.0613,0.2471,0.1199
23202,8,2.0063,0.0512,0.0255
23203,8,2.0305,0.1667,0.0821
23204,9,1.0154,0.1755,0.1728
23205,9,1.0293,0.2210,0.2147
23206,9,1.8271,0.3562,0.1950
23207,9,1.7439,0.2130,0.1222
23208,9,1.6602,0.0483,0.0291
23209,8,1.6355,0.0347,0.0212
23210,7,1.2593,0.0772,0.0613
23211,7,1.2696,0.1214,0.0956
23212,7,1.2495,0.1008,0.0807
23213,7,1.2697,0.1059,0.0834
23214,7,2.1351,0.0533,0.0250
23215,7,2.0405,0.1346,0.0660
23216,7,1.2633,0.1476,0.1168
23217,7,1.2238,0.1217,0.0995
23218,5,1.3632,0.1918,0.1407
23219,7,1.2803,0.0957,0.0747
23220,7,0.9904,0.2873,0.2901
23221,8,0.9973,0.2655,0.2663
23222,6,0.8830,0.0973,0.1102
23223,7,1.0509,0.2686,0.2555
23224,7,0.8698,0.1042,0.1199
23225,7,0.8734,0.1108,0.1268
23226,8,1.2710,0.0270,0.0212
23227,8,1.2762,0.0532,0.0417
23228,8,1.3596,0.1501,0.1104
23229,7,3.6197,0.2215,0.0612
23230,12,0.4090,0.0150,0.0366
23231,12,0.4151,0.0089,0.0215
23232,12,0.4060,0.0134,0.0331
23233,12,0.4125,0.0136,0.0330
23234,7,2.9613,0.3333,0.1126
23235,7,2.7371,0.5281,0.1930
23236,7,2.9386,0.2646,0.0900
23237,7,4.0726,0.0745,0.0183
23238,7,4.2075,0.2813,0.0669
23239,7,3.9467,0.7550,0.1913
23240,7,4.0826,0.0949,0.0232
23241,7,2.1828,0.1712,0.0784
23242,7,2.0714,0.0810,0.0391
23243,7,4.9957,0.2669,0.0534
23244,7,1.9175,0.1387,0.0723
23245,7,5.0920,0.5656,0.1111
23247,7,2.9556,0.2835,0.0959
23249,7,1.6966,0.1276,0.0752
23250,7,1.3097,0.1079,0.0824
23251,7,1.2180,0.1068,0.0877
23252,7,3.7535,0.1001,0.0267
23253,9,16.6763,3.0515,0.1830
23254,9,4.1082,0.1190,0.0290
23255,9,4.0804,0.1177,0.0288
23256,9,4.1288,0.1252,0.0303
23263,7,1.3345,0.1149,0.0861
23264,7,1.3457,0.0716,0.0532
23265,7,1.3497,0.0566,0.0420
23266,7,1.3287,0.0785,0.0591
23267,7,1.2955,0.1029,0.0794
23268,6,1.4710,0.1369,0.0931
23269,7,1.5500,0.1451,0.0936
23270,7,1.4456,0.0839,0.0580
23271,7,1.0017,0.2889,0.2884
23272,7,1.5886,0.4236,0.2666
23273,7,1.7197,0.1093,0.0636
23274,7,1.7222,0.1615,0.0938
23275,7,1.2487,0.0725,0.0581
23280,8,0.8204,0.0577,0.0704
23281,8,0.8164,0.0641,0.0785
23282,8,1.0294,0.2556,0.2483
23283,9,8.3988,2.9354,0.3495
23284,9,7.8969,2.7623,0.3498
23285,7,1.0366,0.2664,0.2570
23286,7,0.9363,0.1359,0.1451
23287,7,0.9120,0.1122,0.1230
23288,7,0.9210,0.0887,0.0963
23289,7,1.2907,0.1160,0.0899
23290,7,1.1876,0.0431,0.0363
23291,7,1.3055,0.1280,0.0980
23292,7,1.2392,0.0632,0.0510
23293,6,0.8362,0.0492,0.0588
23294,6,0.8673,0.1058,0.1220
23295,6,0.8470,0.0563,0.0665
23296,6,1.2685,0.1432,0.1129
23297,5,1.6163,0.0497,0.0307
23298,8,5.2073,0.3116,0.0598
23299,8,4.4050,1.2818,0.2910
23300,8,1.6994,0.2058,0.1211
23301,8,1.7909,0.2903,0.1621
23302,8,1.5556,0.2986,0.1920
23303,3,1.9500,0.0000,0.0000
23304,3,1.9500,0.0000,0.0000
23305,3,1.9500,0.0000,0.0000
23306,7,1.6789,0.3765,0.2243
23307,7,0.5323,0.0341,0.0640
23308,7,0.5331,0.0453,0.0850
23309,7,0.5343,0.0908,0.1700
23310,7,0.4181,0.0115,0.0276
23311,6,2.7163,0.2073,0.0763
23312,6,4.2134,0.2071,0.0491
23313,6,5.0651,0.4138,0.0817
23314,6,12.7890,1.3793,0.1078
23315,7,10.3196,1.5654,0.1517
23316,7,10.1724,0.7382,0.0726
23317,7,10.6610,0.9790,0.0918
23318,6,2.3877,0.1805,0.0756
23319,6,2.4530,0.1890,0.0771
23320,6,2.5885,0.5497,0.2124
23321,7,1.7314,0.1672,0.0966
23322,7,2.9532,0.1326,0.0449
23323,7,2.1783,0.1079,0.0495
23324,5,2.4657,0.9310,0.3776
23325,4,1.5987,0.0448,0.0280
23326,5,0.6677,0.0965,0.1445
23327,5,0.6086,0.0254,0.0417
23328,5,4.5669,0.6393,0.1400
23329,5,1.7017,0.0848,0.0498
23330,5,1.2888,0.0304,0.0236
23331,5,0.6776,0.0377,0.0556
23332,5,1.7130,0.0603,0.0352
23333,5,1.2740,0.0366,0.0287
23334,5,0.6791,0.0543,0.0799
23335,7,2.1471,0.1392,0.0648
23336,7,2.3656,0.2504,0.1059
23337,7,2.1956,0.1459,0.0664
23338,7,2.1310,0.1110,0.0521
23339,7,2.3179,0.3708,0.1600
23340,6,1.6907,0.1632,0.0965
23341,7,8.9565,0.6022,0.0672
23342,7,8.5503,0.1486,0.0174
23343,7,2.1710,0.2491,0.1147
23344,7,2.2543,0.3671,0.1629
23345,6,1.2423,0.1069,0.0861
23346,6,1.2537,0.1242,0.0991
23347,6,1.3271,0.1162,0.0875
23348,8,3.1390,1.0623,0.3384
23349,5,1.3657,0.1600,0.1172
23350,5,1.2732,0.0466,0.0366
23351,5,1.4031,0.2494,0.1778
23352,5,1.3685,0.1779,0.1300
23353,5,0.8822,0.0878,0.0995
23354,5,0.9312,0.1293,0.1388
23355,5,4.9616,0.5181,0.1044
23356,5,5.7935,0.2236,0.0386
23357,5,4.4478,0.7621,0.1714
23358,5,3.4399,0.7467,0.2171
23359,5,1.9007,0.0514,0.0271
23360,5,1.9940,0.1815,0.0910
23365,4,0.7370,0.1100,0.1492
23366,4,0.7165,0.0526,0.0734
23367,4,0.7300,0.0870,0.1192
23368,4,0.7053,0.0365,0.0517
23369,4,1.3635,0.2546,0.1867
23370,4,1.3908,0.1836,0.1320
23371,4,1.3446,0.1257,0.0935
23372,4,1.3436,0.1604,0.1194
23373,5,0.8810,0.1548,0.1757
23374,5,0.8020,0.0307,0.0382
23375,5,0.8399,0.0401,0.0477
23376,4,0.4446,0.0887,0.1996
23377,4,0.5045,0.1412,0.2799
23378,4,0.4541,0.1144,0.2520
23379,4,0.4525,0.1193,0.2637
23380,4,0.4347,0.0854,0.1964
23381,4,0.3995,0.0300,0.0750
23382,3,3.9763,0.3357,0.0844
23388,4,4.3314,0.3305,0.0763
23389,4,4.3005,0.3184,0.0740
23390,4,4.1053,0.1666,0.0406
23391,4,4.3467,0.4106,0.0945
23392,4,2.3818,0.4604,0.1933
23393,4,4.0752,0.1886,0.0463
23394,4,4.6302,0.8456,0.1826
23395,4,4.4116,0.1866,0.0423
23396,4,4.2552,0.1779,0.0418
23397,4,11.9880,3.5119,0.2930
23398,4,0.8862,0.0181,0.0205
23399,4,1.0610,0.3184,0.3001
23400,4,6.1629,1.1377,0.1846
23401,4,5.6192,1.0903,0.1940
23402,4,4.2008,0.7219,0.1718
23403,4,3.7969,0.6499,0.1712
23404,4,4.5398,0.5638,0.1242
23405,4,5.4436,0.7106,0.1305
23406,4,5.9656,1.1297,0.1894
23407,4,10.3693,0.4932,0.0476
23408,4,2.0800,0.0000,0.0000
23409,4,3.7216,0.0696,0.0187
23410,3,7.9405,0.2975,0.0375
23411,4,5.0333,0.3080,0.0612
23412,2,6.5100,1.2225,0.1878
23413,4,5.2091,0.3988,0.0766
23414,3,9.7789,0.2049,0.0210
23415,4,1.3487,0.6393,0.4740
23416,4,1.5447,0.6006,0.3888
23417,4,1.4354,0.6721,0.4683
23418,4,2.1271,0.0695,0.0327
23419,4,2.3180,0.2505,0.1081
23420,4,2.1532,0.1464,0.0680
23421,4,2.1741,0.1432,0.0659
23422,4,2.4696,0.4470,0.1810
23423,4,4.2078,0.4438,0.1055
23424,4,5.7354,0.8847,0.1543
23425,4,2.4766,0.8555,0.3454
23426,4,2.8204,0.3165,0.1122
23427,4,12.5185,0.7480,0.0598
23428,2,8.8259,1.0428,0.1182
23429,2,8.4235,0.3869,0.0459
23430,2,8.4327,0.3998,0.0474
23431,5,0.8268,0.0723,0.0875
23432,5,0.8572,0.0355,0.0414
23433,5,0.8653,0.0547,0.0632
23434,4,0.8958,0.0929,0.1037
23435,4,0.8652,0.0692,0.0800
23436,5,1.2585,0.1542,0.1225
23437,5,1.2943,0.0944,0.0729
23438,5,1.2600,0.0623,0.0494
23439,5,2.1510,0.2043,0.0950
23440,2,1.9360,0.2036,0.1052
23441,2,0.4200,0.0000,0.0000
23442,2,2.0800,0.0000,0.0000
23444,8,15.2083,0.5893,0.0387
23445,5,0.8205,0.0174,0.0212
23446,2,1.5500,0.1414,0.0912
23447,2,1.5500,0.1414,0.0912
23448,2,1.6500,0.0000,0.0000
23449,1,1.2500,0.0000,
23451,3,2.0360,0.1120,0.0550
23452,3,1.9996,0.0771,0.0385
23453,3,1.9519,0.0169,0.0086
23454,3,4.2362,0.1009,0.0238
23455,3,2.7868,0.0894,0.0321
23456,3,4.0552,0.0935,0.0231
23457,3,4.9583,0.1840,0.0371
23458,3,14.9500,0.0000,0.0000
23459,3,12.5000,0.0000,0.0000
23460,3,9.3070,1.1138,0.1197
23461,4,4.0193,0.4321,0.1075
23462,3,19.9729,0.5972,0.0299
23463,3,11.6250,2.9012,0.2496
23464,3,5.4269,0.5073,0.0935
23465,3,11.0433,4.8382,0.4381
23466,4,9.5682,1.9350,0.2022
23467,3,3.8244,0.5561,0.1454
23468,2,8.2500,0.0000,0.0000
23469,4,4.5244,0.8384,0.1853
23470,3,6.6209,0.5922,0.0895
23471,4,9.6637,0.3628,0.0375
23472,3,15.1155,1.0745,0.0711
23473,3,0.8133,0.0524,0.0644
23474,3,0.8684,0.0201,0.0232
23475,3,0.8466,0.0160,0.0189
23476,2,1.3000,0.0194,0.0149
23477,2,1.3284,0.0424,0.0319
23478,3,1.2220,0.1507,0.1234
23479,3,8.1058,0.6320,0.0780
23480,3,3.7843,0.2895,0.0765
23481,3,1.2407,0.0160,0.0129
23482,3,1.6102,0.0588,0.0365
23483,3,1.2198,0.0475,0.0389
23484,4,3.1832,0.4939,0.1551
23485,3,22.9454,1.2193,0.0531
23486,3,15.6903,1.8029,0.1149
23487,3,9.9742,0.2929,0.0294
23489,3,2.9572,0.0373,0.0126
23490,3,3.8083,0.1058,0.0278
23491,3,8.2923,0.0733,0.0088
23492,3,8.3048,0.0949,0.0114
23493,4,2.0874,0.1616,0.0774
23494,4,6.4376,0.5837,0.0907
23495,3,1.3374,0.0803,0.0600
23496,3,1.3865,0.1975,0.1425
23497,3,1.4054,0.0540,0.0384
23498,2,1.4347,0.0462,0.0322
23499,3,0.4378,0.0121,0.0277
23500,3,1.2779,0.0974,0.0762
23501,3,1.2203,0.0804,0.0659
23502,4,1.2627,0.0699,0.0554
23503,4,1.3105,0.1442,0.1101
23504,4,1.4038,0.2666,0.1899
23505,4,1.3214,0.1873,0.1417
23506,4,0.4276,0.0159,0.0371
23507,4,0.4209,0.0354,0.0840
23508,4,0.4666,0.0687,0.1473
23509,4,0.4535,0.0428,0.0944
23510,4,0.4672,0.0714,0.1529
23511,4,2.3171,0.3596,0.1552
23512,4,2.1175,0.1911,0.0903
23513,4,2.1294,0.1923,0.0903
23514,4,2.0840,0.1141,0.0548
23515,4,2.1528,0.2413,0.1121
23516,4,3.7675,0.2708,0.0719
23517,4,3.1558,0.4125,0.1307
23518,4,2.9261,0.2884,0.0986
23519,3,3.7743,0.3902,0.1034
23520,4,3.7917,0.3393,0.0895
23521,3,3.2075,1.7510,0.5459
23522,3,2.1867,0.8651,0.3956
23523,3,3.5521,0.3701,0.1042
23524,3,3.5672,0.7447,0.2088
23525,3,3.6452,0.4770,0.1309
23526,3,5.9217,0.7449,0.1258
23527,3,3.4630,0.2976,0.0859
23528,3,4.0487,1.5794,0.3901
23529,3,3.4861,0.6972,0.2000
23530,3,4.1837,0.1605,0.0384
23531,3,5.6031,0.4682,0.0836
23532,3,4.0932,1.4361,0.3508
23533,3,4.8208,2.3551,0.4885
23534,3,6.8391,1.3173,0.1926
23535,3,6.4953,1.0489,0.1615
23536,3,5.8120,0.7066,0.1216
23537,3,5.1303,0.3585,0.0699
23538,3,5.5120,1.5390,0.2792
23539,3,5.8675,1.0834,0.1846
23540,3,6.1147,3.5464,0.5800
23541,3,10.3740,4.5153,0.4353
23542,3,7.4764,0.3796,0.0508
23543,3,6.5723,2.0489,0.3118
23544,3,6.9264,1.1766,0.1699
23545,6,0.4141,0.0145,0.0351
23546,6,0.4200,0.0000,0.0000
23547,6,0.4200,0.0000,0.0000
23548,6,0.4200,0.0000,0.0000
23549,6,0.4200,0.0000,0.0000
23550,6,0.4152,0.0119,0.0286
23551,4,0.4639,0.1027,0.2213
23552,2,2.0789,0.0205,0.0099
23553,3,11.7041,0.9566,0.0817
23554,3,12.6535,1.4307,0.1131
23555,3,12.5381,1.3030,0.1039
23556,3,12.3540,1.2049,0.0975
23557,3,12.9691,1.9683,0.1518
23558,3,12.6946,1.4522,0.1144
23559,4,2.3790,0.3541,0.1488
23560,2,2.9341,0.1050,0.0358
23561,2,2.8257,0.0909,0.0322
23562,2,2.8882,0.0026,0.0009
23564,3,1.4484,0.2573,0.1777
23565,3,1.4861,0.1280,0.0862
23566,3,1.2970,0.1203,0.0928
23567,3,1.5943,0.4356,0.2732
23568,3,1.2409,0.1502,0.1211
23569,3,4.9100,0.1990,0.0405
23570,3,1.5351,0.3467,0.2258
23571,3,1.9502,0.3944,0.2022
23574,6,7.5000,0.0000,0.0000
23575,2,2.0413,0.0228,0.0112
23576,2,1.9941,0.0624,0.0313
23578,2,2.0871,0.0317,0.0152
23579,3,2.1456,0.2335,0.1088
23580,2,2.0314,0.0317,0.0156
23581,3,2.1439,0.3390,0.1581
23582,3,2.0804,0.3431,0.1649
23583,3,1.6521,0.1123,0.0680
23597,2,2.7433,0.1961,0.0715
23598,2,2.8434,0.2803,0.0986
23601,2,2.4900,0.0000,0.0000
23602,1,2.9100,0.0000,
23603,3,2.4900,0.0000,0.0000
23604,1,1.6600,0.0000,
23605,1,2.9100,0.0000,
23607,3,1.6600,0.0000,0.0000
23608,2,2.9100,0.0000,0.0000
23609,1,2.9100,0.0000,
23610,2,2.0800,0.0000,0.0000
23611,4,2.4900,0.0000,0.0000
23612,2,1.6600,0.0000,0.0000
23613,2,2.4900,0.0000,0.0000
23614,4,3.3300,0.0000,0.0000
23615,3,2.4900,0.0000,0.0000
23616,2,2.4900,0.0000,0.0000
23617,1,2.9100,0.0000,
23619,2,2.4900,0.0000,0.0000
23620,3,2.4900,0.0000,0.0000
23621,2,2.4900,0.0000,0.0000
23623,3,2.9100,0.0000,0.0000
23624,3,2.4900,0.0000,0.0000
23625,4,4.9900,0.0000,0.0000
23626,3,2.4900,0.0000,0.0000
23627,1,2.4900,0.0000,
23628,1,2.9100,0.0000,
23629,3,2.4900,0.0000,0.0000
23630,2,2.7400,0.3536,0.1290
23632,3,2.0800,0.0000,0.0000
23633,2,2.4900,0.0000,0.0000
23634,4,2.9100,0.0000,0.0000
23635,3,4.1600,0.0000,0.0000
23636,3,2.9100,0.0000,0.0000
23637,4,2.4900,0.0000,0.0000
23638,2,2.9100,0.0000,0.0000
23639,3,3.3300,0.0000,0.0000
23640,3,2.4900,0.0000,0.0000
23643,1,3.3300,0.0000,
23644,4,3.3300,0.0000,0.0000
23645,3,2.4900,0.0000,0.0000
23646,3,2.4900,0.0000,0.0000
23649,1,2.4900,0.0000,
23650,3,2.4900,0.0000,0.0000
23652,1,2.9100,0.0000,
23654,3,2.4900,0.0000,0.0000
23660,3,1.9776,0.4858,0.2457
23661,3,2.0856,0.6166,0.2956
23664,1,1.6500,0.0000,
23681,2,1.6078,0.0129,0.0081
23691,2,0.4131,0.0097,0.0235
23692,1,0.4200,0.0000,
23694,2,0.4406,0.0049,0.0112
23695,2,0.4201,0.0109,0.0259
23697,2,0.4273,0.0015,0.0035
23702,2,5.5000,3.5355,0.6428
23843,1,2.0800,0.0000,
30086C,1,1.7000,0.0000,
35001B,3,3.4900,0.0000,0.0000
35001G,23,3.8016,0.7731,0.2034
35001P,1,3.4900,0.0000,
35001W,13,3.3118,0.3415,0.1031
35004B,25,5.2757,0.9425,0.1786
35004C,16,5.4149,0.4392,0.0811
35004G,23,5.8385,2.2275,0.3815
35004P,10,6.1677,2.3198,0.3761
35004S,1,3.5507,0.0000,
35015,10,0.1820,0.3858,2.1198
35051B,1,0.4200,0.0000,
35071,1,1.0228,0.0000,
35085E,5,1.1000,0.3354,0.3049
35095A,25,0.5091,0.1421,0.2791
35095B,25,0.4734,0.1014,0.2142
35096A,4,0.5025,0.1796,0.3574
35096B,4,0.4102,0.0744,0.1814
35160,11,0.7440,0.0416,0.0559
35233,5,3.7500,0.0000,0.0000
35240,7,8.4900,0.0000,0.0000
35241,18,5.4613,0.8005,0.1466
35265,10,3.8550,2.6794,0.6950
35271S,6,0.3033,0.2632,0.8679
35400,12,10.2942,2.6005,0.2526
35443,10,0.8500,0.0000,0.0000
35471A,12,1.5762,0.3725,0.2363
35471D,25,1.3437,0.6251,0.4652
35537,3,0.4200,0.0000,0.0000
35591T,6,1.2500,0.0000,0.0000
35594,10,0.9815,0.5999,0.6112
35596,1,0.8500,0.0000,
35597A,3,1.2500,0.0000,0.0000
35597B,6,1.6017,0.8614,0.5378
35597D,5,0.5420,0.1479,0.2729
35598A,2,2.9500,0.0000,0.0000
35598B,13,1.4498,0.9529,0.6573
35598C,2,2.9500,0.0000,0.0000
35598D,20,1.0387,0.6532,0.6289
35599B,11,5.9479,3.0773,0.5174
35599D,16,4.2874,1.4648,0.3416
35600D,6,4.3853,2.8013,0.6388
35603B,1,0.4200,0.0000,
35603C,5,0.5160,0.2147,0.4160
35607A,10,0.3428,0.4528,1.3210
35607B,10,0.1927,0.0085,0.0439
35609A,7,0.7695,0.9043,1.1753
35610A,5,1.6919,0.8374,0.4949
35610B,6,1.1393,0.2711,0.2379
35610C,5,1.3956,0.7162,0.5132
35611B,2,0.5976,0.3078,0.5150
35633B,4,0.1900,0.0000,0.0000
35637A,20,6.6353,5.3571,0.8074
35637C,13,6.8621,5.8383,0.8508
35638A,6,3.9500,2.1909,0.5547
35638B,9,5.5913,5.6915,1.0179
35644,4,1.9500,0.0000,0.0000
35645,12,5.4624,1.5373,0.2814
35646,17,2.5304,1.4916,0.5895
35647,14,1.5822,0.4871,0.3079
35648,18,2.2040,1.5496,0.7031
35649,16,3.0352,0.9636,0.3175
35650,3,4.9500,0.0000,0.0000
35651,13,4.3956,4.4113,1.0036
35652,2,3.6250,4.4194,1.2191
35653,20,3.4419,0.8108,0.2356
35654,5,4.9500,0.0000,0.0000
35751C,1,0.4068,0.0000,
35751D,1,0.1900,0.0000,
35793,1,2.0031,0.0000,
35809A,19,2.0821,0.7885,0.3787
35809B,10,2.3586,0.8071,0.3422
35810A,23,1.9270,0.9291,0.4822
35810B,19,1.8720,0.6932,0.3703
35811A,11,2.2471,0.5606,0.2495
35815B,1,0.4625,0.0000,
35815P,5,1.4120,0.9421,0.6672
35816B,3,1.4000,1.1027,0.7876
35816P,5,1.0389,0.8958,0.8622
35817B,2,2.1200,2.4607,1.1607
35817P,8,1.0571,0.9474,0.8963
35818B,8,0.5696,0.4450,0.7813
35818C,1,3.4300,0.0000,
35818P,12,1.3774,1.4518,1.0540
35819B,12,1.2033,0.8818,0.7328
35819P,3,0.6700,0.5023,0.7497
35821B,2,0.3800,0.0000,0.0000
35821P,1,2.9500,0.0000,
35822B,1,0.3800,0.0000,
35822P,1,0.3800,0.0000,
35823P,2,2.9500,0.0000,0.0000
35824B,4,1.0300,1.3000,1.2621
35824C,3,0.5101,0.1185,0.2322
35824P,2,0.9350,0.7849,0.8395
35832,9,5.2439,3.7728,0.7195
35833G,7,1.7642,0.8401,0.4762
35833P,12,1.8075,0.8676,0.4800
35837,1,0.8500,0.0000,
35838A,4,0.9533,0.2066,0.2167
35838B,4,0.8500,0.0000,0.0000
35840,1,2.3807,0.0000,
35909A,5,2.9500,0.0000,0.0000
35909B,6,2.9500,0.0000,0.0000
35910A,9,1.9500,0.0000,0.0000
35910B,4,2.1818,0.3572,0.1637
35911A,19,1.8844,1.1633,0.6173
35911B,9,1.9375,0.4874,0.2515
35912B,12,1.3190,0.2504,0.1898
35913B,11,1.1336,0.7607,0.6711
35914,13,2.3268,1.1133,0.4785
35915A,1,1.2700,0.0000,
35915B,12,1.4441,0.3280,0.2271
35915C,14,1.9602,0.8859,0.4520
35916A,18,1.2735,0.4491,0.3527
35916B,16,1.3286,0.4405,0.3315
35916C,15,1.2716,0.4403,0.3462
35918B,2,1.2500,0.0000,0.0000
35920,7,1.1773,0.4924,0.4182
35921,9,1.6267,0.3894,0.2394
35922,11,6.7169,2.4427,0.3637
35923,24,1.2529,0.6456,0.5153
35924,25,2.2472,0.7186,0.3198
35930,1,0.3800,0.0000,
35931,6,0.4269,0.1148,0.2689
35932,6,0.4323,0.1282,0.2965
35933,11,0.5863,0.5728,0.9769
35936,5,0.3800,0.0000,0.0000
35937,5,0.3800,0.0000,0.0000
35945,1,1.9500,0.0000,
35950,1,1.2500,0.0000,
35951,12,0.6040,0.3253,0.5385
35953,13,1.2436,0.9715,0.7813
35954,14,0.9197,1.0652,1.1582
35955,2,0.3376,0.1165,0.3451
35957,12,0.3267,0.1203,0.3681
35958,9,1.0506,0.3582,0.3409
35961,25,0.8991,0.1386,0.1542
35962,8,2.5318,0.7271,0.2872
35963,9,0.3800,0.0000,0.0000
35964,14,1.3156,0.8056,0.6124
35965,23,2.6681,1.3398,0.5021
35966,8,0.5876,0.4510,0.7674
35967,19,0.6145,0.3859,0.6279
35968,18,0.5638,0.4212,0.7471
35969,11,1.6322,0.9741,0.5968
35970,21,2.5174,1.0927,0.4341
35971,25,1.4387,0.3758,0.2612
35972,21,1.3869,0.3111,0.2243
35973,3,1.2500,0.0000,0.0000
35974,1,3.7500,0.0000,
35976B,1,1.2500,0.0000,
35979,3,4.2077,1.4768,0.3510
35980B,2,0.3800,0.0000,0.0000
35980C,9,0.4104,0.0912,0.2223
35981C,7,1.0341,1.0149,0.9814
35991,9,1.4484,1.4406,0.9946
35995,1,0.7560,0.0000,
35999,1,2.5500,0.0000,
37112,3,3.7500,0.0000,0.0000
37326,2,2.3050,1.4920,0.6473
37327,17,0.9067,0.5334,0.5883
37330,11,1.7386,0.4663,0.2682
37333,16,5.7417,2.5610,0.4460
37340,25,1.9967,2.3571,1.1805
37342,19,2.7020,1.9414,0.7185
37343,15,1.6526,0.4676,0.2829
37345,2,2.0329,0.5415,0.2664
37348,4,2.5500,0.0000,0.0000
37351,9,2.5654,3.4388,1.3405
37352,7,1.0857,0.4347,0.4003
37370,22,1.5476,0.2758,0.1782
37379A,6,3.9933,3.5329,0.8847
37379B,1,0.1618,0.0000,
37399,1,0.5245,0.0000,
37408,1,1.2500,0.0000,
37409,3,0.8500,0.0000,0.0000
37410,5,1.0415,1.0934,1.0498
37413,11,0.3987,0.0288,0.0723
37422,6,1.0528,0.3756,0.3568
37423,13,1.0513,0.5291,0.5033
37424,12,0.8660,0.4489,0.5184
37432,1,0.6500,0.0000,
37438,1,3.7500,0.0000,
37441,8,2.8620,1.4707,0.5139
37444A,19,2.7403,2.0530,0.7492
37444B,13,3.2288,1.7224,0.5334
37444C,15,3.8965,2.1560,0.5533
37446,21,1.4994,0.1704,0.1137
37447,25,1.6045,0.1370,0.0854
37448,25,1.5298,0.0951,0.0622
37449,23,9.3960,0.5583,0.0594
37450,25,2.9701,0.2789,0.0939
37451,1,4.9500,0.0000,
37461,13,1.2438,0.1965,0.1580
37462B,8,0.6353,0.1905,0.2998
37462E,17,0.5854,0.2500,0.4271
37464,13,1.4931,0.3777,0.2530
37467,19,2.1449,1.5685,0.7313
37468,8,2.1975,3.3479,1.5235
37471,9,3.3155,3.2906,0.9925
37474,12,10.7215,1.8841,0.1757
37475,23,10.5186,1.8622,0.1770
37476,21,11.8544,3.4118,0.2878
37477B,6,3.7500,0.0000,0.0000
37477C,1,3.7500,0.0000,
37479B,15,3.9578,5.6366,1.4242
37479P,13,1.8840,2.5551,1.3562
37481,1,2.5500,0.0000,
37482B,6,2.0662,1.5140,0.7327
37482P,16,4.2408,3.6432,0.8591
37483,2,2.0471,0.7112,0.3474
37484,1,6.7500,0.0000,
37485,3,4.4861,0.2839,0.0633
37487B,1,0.2900,0.0000,
37488A,4,1.6700,1.4780,0.8850
37489A,16,1.3466,1.1275,0.8373
37489B,12,1.1700,0.8147,0.6963
37489C,9,1.6383,1.3851,0.8454
37489D,14,0.9471,0.7757,0.8190
37491A,11,2.8032,0.7818,0.2789
37491B,5,2.0318,0.5275,0.2596
37491C,7,2.0512,0.6200,0.3023
37491D,9,2.5922,0.7982,0.3079
37492A,1,2.0006,0.0000,
37492B,10,2.6798,1.0822,0.4038
37492C,6,3.0397,1.3023,0.4284
37492D,6,3.6794,2.9701,0.8072
37494A,4,3.9201,1.3506,0.3445
37495,25,3.7258,0.2515,0.0675
37500,25,8.1480,2.2931,0.2814
37501,21,7.0386,0.5018,0.0713
37502,8,2.9951,0.0796,0.0266
37503,9,10.3854,0.4554,0.0438
37506,9,5.9500,0.0000,0.0000
37508,9,2.5671,0.0514,0.0200
37509,8,2.5500,0.0000,0.0000
40001,24,0.8620,0.2133,0.2474
40002,1,0.8500,0.0000,
40003,18,1.3405,0.5587,0.4168
40005B,10,0.8500,0.0000,0.0000
40016,22,0.4177,0.1355,0.3243
40018E,7,2.1914,0.2019,0.0921
40018F,10,1.9748,0.1838,0.0931
40046A,16,1.4219,0.3452,0.2428
40046C,1,1.2500,0.0000,
44089A,9,0.4200,0.0000,0.0000
44089C,9,0.4200,0.0000,0.0000
44091A,4,0.4200,0.0000,0.0000
44091C,9,0.5040,0.1680,0.3333
44092B,6,0.8500,0.0000,0.0000
44092C,7,0.8500,0.0000,0.0000
44217M,1,3.2833,0.0000,
44228,3,0.8500,0.0000,0.0000
44230,10,8.3793,3.0104,0.3593
44234,23,0.2621,0.1311,0.5002
44235,15,0.4120,0.0210,0.0510
44236,8,3.6850,1.7868,0.4849
44241C,5,0.8500,0.0000,0.0000
44242A,2,1.0200,0.3253,0.3189
44242B,7,1.1843,0.1739,0.1468
44265,4,4.2500,0.0000,0.0000
45008C,8,10.0986,1.7438,0.1727
45013,6,2.8929,0.1400,0.0484
45014,1,4.6500,0.0000,
45016,10,5.6624,1.8207,0.3215
46000M,25,1.5500,0.0000,0.0000
46000P,15,4.2500,0.0000,0.0000
46000R,21,1.4500,0.0000,0.0000
46000S,25,1.4500,0.0000,0.0000
46000U,22,1.2500,0.0000,0.0000
46037A,2,1.2500,0.0000,0.0000
46115B,9,0.1900,0.0000,0.0000
46118,21,2.2343,1.9869,0.8893
46126A,15,1.3933,0.3307,0.2373
46137D,3,2.9500,0.0000,0.0000
46138B,15,2.3386,1.7573,0.7514
46138D,1,1.9500,0.0000,
46307,7,4.6421,1.6633,0.3583
46775A,3,19.0008,8.9616,0.4716
46775B,1,16.9500,0.0000,
46775D,25,13.6532,4.1588,0.3046
46775E,7,16.9626,6.3230,0.3728
46776A,25,4.6305,1.8341,0.3961
46776B,25,4.3696,0.8621,0.1973
46776C,21,4.6896,1.9814,0.4225
46776D,23,4.3437,0.2672,0.0615
46776E,23,4.2416,0.5234,0.1234
46776F,25,4.1978,0.4744,0.1130
47013A,10,0.2730,0.0538,0.1969
47013C,12,0.3084,0.1755,0.5689
47016,4,2.1000,0.0000,0.0000
47021G,19,2.0378,1.4952,0.7338
47310M,25,1.4722,0.3648,0.2478
47341A,6,2.5000,1.3693,0.5477
47341B,9,1.8056,1.1024,0.6106
47343A,12,1.2603,0.3195,0.2535
47344B,8,1.1178,0.1928,0.1725
47347B,4,1.2946,0.6477,0.5003
47348A,9,0.9100,0.7800,0.8571
47351B,13,2.9216,0.1024,0.0351
47367B,22,3.6989,0.9304,0.2515
47369A,11,3.3617,1.2576,0.3741
47369B,12,3.8027,1.4446,0.3799
47420,18,0.1900,0.0000,0.0000
47421,21,0.4037,0.0244,0.0604
47422,22,0.4058,0.0241,0.0594
47469,17,0.6107,0.0876,0.1435
47471,23,0.9107,0.3096,0.3399
47480,25,1.8396,0.4317,0.2347
47481,21,1.0891,0.5233,0.4805
47502,10,11.6143,1.5535,0.1338
47503A,21,0.9600,0.5412,0.5637
47503E,7,1.0931,0.4150,0.3797
47503F,3,1.1833,0.8083,0.6831
47503G,4,1.6008,0.6110,0.3817
47503H,23,2.1060,0.9880,0.4691
47503J,12,8.4945,1.8109,0.2132
47503K,7,1.6750,0.6794,0.4056
47504E,11,1.3654,0.6371,0.4666
47504F,3,1.7533,1.5576,0.8883
47504G,6,1.3388,0.1432,0.1070
47504H,25,2.7299,2.2842,0.8367
47504J,1,13.4500,0.0000,
47504K,24,1.7905,0.9236,0.5158
47505,6,4.7117,0.2547,0.0541
47518F,19,1.3067,1.8004,1.3778
47552A,6,1.9500,0.0000,0.0000
47554,1,2.5500,0.0000,
47556,1,2.5500,0.0000,
47556B,14,2.8785,0.2666,0.0926
47559B,25,1.3040,0.1182,0.0907
47562,4,3.7500,0.0000,0.0000
47563A,24,3.6923,1.7010,0.4607
47563B,4,3.7500,0.0000,0.0000
47566,25,5.3394,1.0044,0.1881
47566B,24,4.8427,0.5420,0.1119
47567B,25,5.9037,1.1471,0.1943
47568,9,2.1136,0.0949,0.0449
47569,1,2.5500,0.0000,
47570,5,11.1478,0.8476,0.0760
47570B,16,10.5441,1.2762,0.1210
47574A,18,3.4041,2.1661,0.6363
47574B,11,4.2500,0.0000,0.0000
47578A,23,0.9010,0.1042,0.1157
47579,12,2.2012,0.1654,0.0751
47580,25,2.7185,0.3380,0.1243
47581B,6,16.7941,3.4416,0.2049
47583A,2,20.5840,18.4640,0.8970
47583B,2,17.5359,10.4852,0.5979
47585A,25,4.3117,1.6797,0.3896
47586A,16,2.7756,1.3944,0.5024
47587A,5,0.7428,0.6410,0.8629
47589,14,5.6796,0.7744,0.1364
47590A,24,5.4974,1.2807,0.2330
47590B,25,5.2627,0.2377,0.0452
47591A,9,1.6526,0.0030,0.0018
47591B,16,1.8298,0.6261,0.3422
47591C,9,2.0591,0.3938,0.1913
47591D,25,1.9588,0.2386,0.1218
47592A,10,1.9713,0.1316,0.0667
47592B,8,2.0319,0.1266,0.0623
47593A,16,1.1177,0.2482,0.2220
47593B,25,0.8322,0.3276,0.3937
47594A,20,2.0769,0.3962,0.1908
47594B,24,2.1122,0.4999,0.2367
47597,8,2.1958,0.2958,0.1347
47598,7,0.6590,0.0818,0.1242
47599A,24,1.9689,0.2328,0.1182
47599B,24,1.9763,0.1702,0.0861
48103,7,6.9006,0.9714,0.1408
48111,25,7.1806,1.2828,0.1787
48116,25,7.2018,1.7908,0.2487
48129,25,7.1547,1.0869,0.1519
48138,25,7.1142,0.9620,0.1352
48173A,1,6.7500,0.0000,
48173C,25,6.9158,1.4452,0.2090
48175,1,4.0523,0.0000,
48179,1,6.3079,0.0000,
48184,25,7.0296,0.8777,0.1249
48185,25,7.4408,1.3444,0.1807
48187,25,7.0423,1.4376,0.2041
48188,25,6.9540,1.3617,0.1958
48189,17,11.0125,5.0274,0.4565
48194,25,7.0472,1.2772,0.1812
48195,8,8.1925,2.7900,0.3406
48197,8,7.2560,1.3736,0.1893
51008,18,3.3866,0.1333,0.0394
51012C,3,1.2500,0.0000,0.0000
51012L,1,1.2500,0.0000,
51014A,25,0.7820,0.2140,0.2737
51014C,25,0.7680,0.2008,0.2615
51014L,24,0.7431,0.2046,0.2753
51020A,17,0.8654,0.4742,0.5479
51020B,16,0.8066,0.4615,0.5722
62018,25,1.5206,0.3108,0.2044
62043B,5,1.3220,0.4491,0.3397
62074B,11,0.4200,0.0000,0.0000
62086A,12,1.9500,0.0000,0.0000
62094B,14,3.5688,1.1873,0.3327
62095B,7,1.5158,0.3284,0.2167
62096A,14,1.6970,0.3524,0.2077
62096B,13,2.3134,1.9796,0.8557
62097A,3,2.9500,0.0000,0.0000
62097B,3,1.5367,1.2240,0.7965
70006,23,1.8180,0.7483,0.4116
70007,19,1.5372,0.4425,0.2879
71028B,2,0.4546,0.0665,0.1462
71038,23,5.3009,0.2573,0.0485
71050,6,0.3500,0.0000,0.0000
71053,25,4.1300,0.5947,0.1440
71101A,1,0.8500,0.0000,
71101E,20,0.8214,0.0515,0.0627
71143,19,1.8717,0.7137,0.3813
71215,8,0.4070,0.0368,0.0903
71270,24,1.5502,0.3521,0.2271
71279,23,3.4484,0.6940,0.2013
71403,23,4.2532,1.1783,0.2770
71406C,18,0.4536,0.1026,0.2262
71434B,2,2.5500,0.0000,0.0000
71459,25,0.8184,0.0565,0.0690
71477,24,3.1095,0.4671,0.1502
71495A,12,0.5848,0.2222,0.3799
71495B,14,0.4946,0.1858,0.3758
71496A,13,0.9555,0.4344,0.4547
71496B,5,0.6020,0.0657,0.1092
71510,12,0.7784,0.1319,0.1695
72008,12,0.4076,0.0200,0.0490
72023F,7,1.3240,0.3464,0.2616
72024U,9,0.2100,0.0000,0.0000
72038P,7,0.1394,0.0667,0.4780
72045D,3,1.8190,0.2234,0.1228
72051S,16,0.6516,0.1544,0.2369
72083A,2,2.1000,0.0000,0.0000
72084B,1,1.9500,0.0000,
72122,25,1.0255,0.1217,0.1187
72127,21,1.2597,0.1053,0.0836
72128,23,0.8842,0.2923,0.3306
72129,9,0.6874,0.1122,0.1633
72130,21,0.6691,0.2989,0.4467
72131,18,1.7763,0.4314,0.2429
72132,14,1.7145,0.5026,0.2932
72133,17,1.2522,0.2755,0.2200
72134,17,0.9352,0.4565,0.4881
72140E,14,0.9399,0.3218,0.3423
72140F,7,0.4138,0.0165,0.0399
72225C,20,0.2629,0.0351,0.1334
72225D,5,0.2666,0.0347,0.1302
72232,25,0.1900,0.0000,0.0000
72267,4,2.1567,0.2052,0.0952
72349B,25,2.4000,0.4747,0.1978
72351A,25,2.0820,0.1678,0.0806
72351B,25,1.9881,0.1438,0.0723
72369A,13,1.8238,0.6453,0.3538
72484,4,0.7245,0.3573,0.4932
72487,1,0.4293,0.0000,
72529W,6,2.4449,0.9124,0.3732
72586,24,0.6252,0.1835,0.2934
72598,25,1.0595,0.2917,0.2753
72606A,8,0.4200,0.0000,0.0000
72708,3,0.2100,0.0000,0.0000
72709,11,0.8500,0.0000,0.0000
72715,6,0.4200,0.0000,0.0000
72724,1,1.2500,0.0000,
72728,9,0.8325,0.0352,0.0423
72739B,2,1.0402,0.5381,0.5174
72739C,2,1.2227,0.7479,0.6117
72740A,2,1.8267,0.8156,0.4465
72740B,1,5.0600,0.0000,
72741,25,1.4063,0.0733,0.0521
72750A,5,2.0071,0.1130,0.0563
72750B,11,2.2649,0.4228,0.1867
72750C,3,2.0720,0.0619,0.0299
72750D,2,2.0468,0.1369,0.0669
72751A,1,5.9500,0.0000,
72751B,1,5.9500,0.0000,
72751C,1,5.9500,0.0000,
72752A,1,4.2500,0.0000,
72752B,1,4.2500,0.0000,
72753A,2,2.2040,0.0409,0.0186
72753B,4,3.5936,2.9045,0.8082
72753C,2,2.7711,0.7056,0.2546
72753D,2,2.1000,0.0000,0.0000
72754A,3,1.0045,0.5938,0.5911
72754B,2,0.7880,0.1951,0.2476
72754D,1,1.6900,0.0000,
72755C,4,1.3667,0.1947,0.1424
72755D,4,1.3277,0.0732,0.0551
72756,3,1.4455,0.0771,0.0533
72760B,23,10.1108,1.1476,0.1135
72771B,1,0.4863,0.0000,
72771C,1,0.7793,0.0000,
72772,2,1.4778,0.2672,0.1808
72779,6,1.6900,0.0000,0.0000
72780,23,0.8394,0.0286,0.0341
72781,8,2.0370,0.1204,0.0591
72783,8,2.1000,0.0000,0.0000
72785A,3,2.1000,0.0000,0.0000
72785B,2,1.3000,1.1314,0.8703
72789,8,3.7729,0.0648,0.0172
72793,6,5.5540,0.6153,0.1108
72796A,4,1.6500,0.0000,0.0000
72796B,6,1.6500,0.0000,0.0000
72796C,1,1.6500,0.0000,
72798C,10,2.1220,0.7110,0.3351
72799A,7,2.4905,0.7852,0.3153
72799B,2,1.3594,0.1547,0.1138
72799C,16,2.7029,1.0083,0.3730
72799D,9,3.1535,0.7720,0.2448
72799E,24,2.8350,0.6644,0.2343
72799F,21,2.9518,0.8840,0.2995
72800A,6,1.9785,0.8494,0.4293
72800B,23,2.4432,0.9831,0.4024
72800C,22,2.5041,0.9572,0.3823
72800D,23,2.5944,0.9150,0.3527
72800E,25,2.1986,0.6532,0.2971
72800F,12,2.3735,0.5579,0.2351
72801C,23,1.6493,0.5273,0.3197
72801D,25,1.8796,0.5321,0.2831
72801E,9,1.4151,0.5694,0.4024
72801F,2,1.2500,0.0000,0.0000
72801G,18,1.2973,0.4437,0.3420
72802A,25,4.3139,0.3936,0.0912
72802B,24,3.9929,0.9270,0.2322
72802C,24,4.0167,0.9241,0.2301
72803A,22,4.1313,0.8107,0.1962
72803B,12,4.7606,1.2537,0.2634
72805,3,1.6900,0.0000,0.0000
72807A,24,4.7243,0.5633,0.1192
72807B,24,4.6532,0.5428,0.1167
72807C,24,4.6745,0.8736,0.1869
72811,14,1.3250,0.4061,0.3065
72812,16,3.1197,0.9540,0.3058
72814,7,3.8926,0.5232,0.1344
72815,8,4.3779,1.6549,0.3780
72816,14,1.8277,0.6140,0.3359
72817,16,1.3330,0.2399,0.1800
72818,12,0.9666,0.4299,0.4448
72819,24,2.7635,0.7467,0.2702
72821,7,1.6500,0.0000,0.0000
75011,11,1.6082,1.3758,0.8555
75013B,13,1.7391,0.3254,0.1871
75049L,22,1.0958,0.3585,0.3271
75131,17,1.5313,0.2525,0.1649
75149N,6,1.2500,0.0000,0.0000
75172,7,2.9043,1.4443,0.4973
75178,15,1.4052,0.6932,0.4933
77079,5,2.1200,0.0000,0.0000
77081,9,1.6253,0.5621,0.3459
77101A,16,1.3475,0.2819,0.2092
78026,2,19.9750,14.1068,0.7062
78027,5,18.0300,8.3829,0.4649
78033,11,5.3760,0.8001,0.1488
78034B,8,1.9500,0.0000,0.0000
78056,1,9.9500,0.0000,
78124,16,1.9444,1.0733,0.5520
79000,22,0.8194,0.0835,0.1019
79026B,11,1.2882,0.6185,0.4801
79029,9,1.9274,0.1632,0.0847
79030A,4,5.4226,4.9067,0.9049
79030D,20,2.3189,3.5896,1.5480
79030G,19,2.1705,1.3333,0.6143
79051A,20,0.5687,0.3356,0.5901
79062D,3,0.4100,0.2078,0.5069
79063C,8,0.1888,0.0035,0.0187
79063D,6,0.1887,0.0031,0.0165
79065A,1,9.9500,0.0000,
79066K,25,0.9373,0.1402,0.1495
79067,13,4.0202,0.4059,0.1010
79070B,1,11.2600,0.0000,
79071B,16,3.0091,0.1414,0.0470
79072,4,10.8332,0.7923,0.0731
79140,2,0.4200,0.0000,0.0000
79144B,24,0.6075,0.1702,0.2802
79144C,24,0.6845,0.1732,0.2531
79149B,10,0.4200,0.0000,0.0000
79151B,2,0.4200,0.0000,0.0000
79157B,3,0.8500,0.0000,0.0000
79157V,2,0.8500,0.0000,0.0000
79160,24,2.1867,0.2858,0.1307
79161A,8,2.9500,0.0000,0.0000
79163,20,1.4925,1.0755,0.7206
79164,20,1.6914,1.4638,0.8655
79172D,4,0.8500,0.0000,0.0000
79190A,25,0.4813,0.0855,0.1776
79190B,25,0.4661,0.0700,0.1501
79190D,25,0.4845,0.0995,0.2055
79191B,24,0.8842,0.0794,0.0897
79191C,25,0.8385,0.1034,0.1233
79191D,20,1.1626,0.2569,0.2210
79192A,13,1.4298,0.3743,0.2618
79301,1,2.9500,0.0000,
79302M,24,3.2550,0.8931,0.2744
79303A,1,2.9500,0.0000,
79303B,6,4.5750,1.5346,0.3354
79303D,6,3.9776,1.1183,0.2811
79308B,1,0.8500,0.0000,
79315W,7,4.2371,1.6059,0.3790
79320,10,4.8062,0.1174,0.0244
79321,25,5.3229,1.2659,0.2378
79323B,7,6.4007,0.5244,0.0819
79323G,5,6.5107,0.7242,0.1112
79323GR,5,6.1138,0.3583,0.0586
79323LP,7,5.9946,0.4035,0.0673
79323P,7,6.0585,0.4371,0.0721
79323S,6,6.6373,0.9755,0.1470
79323W,9,6.0678,0.4634,0.0764
79328,5,0.4698,0.0736,0.1566
79329,5,1.1554,0.6777,0.5866
79331,8,1.4912,0.4490,0.3011
79336,12,1.1563,1.1933,1.0320
79337,16,0.8317,0.8624,1.0370
79338,4,0.8082,0.5808,0.7186
79341,5,6.5299,0.8110,0.1242
79342B,5,7.5819,1.2083,0.1594
79403,19,1.0117,0.2775,0.2743
79406,17,0.3476,0.2389,0.6874
79413,4,1.2500,0.0000,0.0000
79532,5,1.2500,0.0000,0.0000
79534,9,0.5500,0.0000,0.0000
81950B,14,0.9367,0.3678,0.3927
81950V,8,0.7800,0.1980,0.2538
81952B,7,0.9401,0.4592,0.4884
81952V,16,0.8022,0.5042,0.6285
81953B,4,0.6850,0.3300,0.4818
81953P,4,0.6850,0.3300,0.4818
81985A,6,2.5500,0.0000,0.0000
82001S,25,3.8527,0.7575,0.1966
82011A,18,4.2354,1.0271,0.2425
82011B,21,4.1641,1.0620,0.2550
82011C,19,4.5423,1.4948,0.3291
82011E,1,3.7500,0.0000,
82069,6,6.3120,0.6285,0.0996
82072,3,1.2500,0.0000,0.0000
82076,2,1.4770,0.2644,0.1790
82081,3,2.5674,0.2535,0.0987
82093,2,2.0086,0.0698,0.0348
82095,17,6.8061,1.2059,0.1772
82482,23,2.5037,0.2127,0.0849
82483,24,6.0132,0.5138,0.0854
82484,21,5.9896,0.6712,0.1121
82486,25,8.1506,0.6252,0.0767
82494L,25,3.0011,0.2630,0.0876
82545A,7,1.2500,0.0000,0.0000
82551,25,1.4477,0.1526,0.1054
82552,25,1.4210,0.1640,0.1154
82553,3,2.1721,0.5833,0.2685
82567,25,2.1275,0.2501,0.1176
82578,25,0.5834,0.0567,0.0973
82580,25,0.5776,0.0642,0.1112
82581,25,0.5680,0.0448,0.0788
82582,24,2.0303,0.0807,0.0398
82583,25,2.2811,0.5253,0.2303
82585,4,1.5046,0.2826,0.1878
82587,6,1.3018,0.1070,0.0822
82597,12,2.3093,0.6097,0.2640
82599,18,2.2065,0.1582,0.0717
82600,25,2.0389,0.1097,0.0538
82605,14,2.2719,0.2713,0.1194
82607A,11,1.4107,0.1351,0.0957
82607C,4,1.5903,0.2267,0.1426
82607E,7,1.2500,0.0000,0.0000
82613A,20,1.3553,0.1646,0.1214
82613B,25,1.5384,0.3997,0.2598
82613C,25,1.5652,0.4152,0.2653
82613D,25,1.4219,0.3142,0.2210
82615,13,3.1035,0.9015,0.2905
82616A,10,2.3717,0.7449,0.3141
82616B,21,2.0227,0.6720,0.3322
82616C,23,2.0793,0.6559,0.3154
84006,25,0.9991,0.2211,0.2213
84007,11,2.5806,0.0794,0.0308
84012,24,2.1339,0.9569,0.4484
84016,9,2.9287,3.8479,1.3139
84029C,2,3.7630,0.0185,0.0049
84029D,3,4.7547,1.5793,0.3322
84029E,25,4.6128,1.4539,0.3152
84029G,25,4.5257,0.9286,0.2052
84030B,3,5.3200,2.7193,0.5112
84030C,3,6.4557,1.4098,0.2184
84030E,21,4.6125,0.6290,0.1364
84031A,24,4.4020,0.9887,0.2246
84031B,23,4.4401,1.0413,0.2345
84032A,25,3.0544,0.6046,0.1979
84032B,25,2.9915,0.7586,0.2536
84033,13,1.9736,0.7952,0.4029
84050,24,1.5099,0.1651,0.1094
84051,20,0.8854,0.1829,0.2066
84077,25,0.2340,0.0342,0.1463
84078A,25,40.7640,4.0604,0.0996
84081,7,4.1156,0.2429,0.0590
84086B,10,2.9500,0.0000,0.0000
84086C,22,3.2875,0.4437,0.1350
84192,17,1.2333,0.0473,0.0384
84199,21,0.2189,0.0472,0.2155
84201B,6,0.1900,0.0000,0.0000
84201C,2,0.1900,0.0000,0.0000
84205C,1,0.1900,0.0000,
84206A,6,0.1900,0.0000,0.0000
84206B,2,0.1900,0.0000,0.0000
84206C,4,0.1900,0.0000,0.0000
84212,25,0.5247,0.0839,0.1599
84218,8,1.9377,0.0942,0.0486
84219,3,2.3227,0.1998,0.0860
84226,8,0.8237,0.0742,0.0901
84227,4,0.4200,0.0000,0.0000
84228,10,0.5506,0.1922,0.3491
84231,8,0.6945,0.0640,0.0921
84247C,4,2.9500,0.0000,0.0000
84247E,13,2.8331,0.1870,0.0660
84247G,20,0.4291,0.0254,0.0592
84247H,7,2.5079,0.6313,0.2517
84247J,1,1.2780,0.0000,
84247K,17,3.0691,0.3747,0.1221
84247L,16,0.4674,0.1027,0.2197
84247N,20,2.7670,0.4626,0.1672
84249A,17,0.5952,0.2029,0.3410
84249D,9,0.4217,0.0051,0.0122
84250M,7,0.7643,0.2312,0.3025
84251B,17,0.2519,0.1062,0.4215
84251C,17,0.3923,0.2770,0.7060
84251F,10,0.2653,0.0638,0.2407
84251G,22,0.3777,0.2360,0.6248
84251J,5,0.5652,0.1601,0.2833
84255A,2,2.1000,0.0000,0.0000
84255B,4,4.5067,2.4403,0.5415
84270,13,0.2114,0.0084,0.0395
84279B,12,3.9768,0.3914,0.0984
84279P,25,4.1519,0.4424,0.1066
84288B,7,1.9500,0.0000,0.0000
84292,6,10.9650,7.3852,0.6735
84292B,4,7.2125,1.4750,0.2045
84306,11,12.1318,3.6407,0.3001
84311,1,1.6500,0.0000,
84313A,9,6.0181,2.8067,0.4664
84313B,17,7.3394,4.5936,0.6259
84313C,17,5.2497,3.7660,0.7174
84327A,9,1.9877,0.1473,0.0741
84340,1,3.1314,0.0000,
84341B,15,0.7309,0.4289,0.5868
84347,24,3.3082,1.2638,0.3820
84352,14,17.1426,1.0672,0.0623
84356,24,6.0668,1.6242,0.2677
84358,18,12.2179,5.7307,0.4690
84360,21,5.9140,0.9617,0.1626
84366,2,3.7500,0.0000,0.0000
84367,6,2.0269,0.8466,0.4177
84371,2,13.7548,9.9988,0.7269
84375,25,2.0977,0.1704,0.0812
84378,25,1.3431,0.1088,0.0810
84380,25,1.3679,0.1522,0.1113
84387A,1,1.9500,0.0000,
84388,7,1.4700,0.4762,0.3240
84396,3,2.4480,0.1561,0.0638
84402B,2,1.8700,1.5274,0.8168
84402D,4,1.0418,0.2630,0.2524
84405A,11,12.8349,3.2265,0.2514
84406B,25,3.5123,0.5643,0.1607
84414B,3,17.9733,11.5660,0.6435
84415A,4,3.1250,1.2500,0.4000
84415B,7,3.3929,0.9449,0.2785
84422,19,0.9800,0.4154,0.4239
84424A,5,3.7500,0.0000,0.0000
84425A,4,4.2536,0.0071,0.0017
84427B,3,4.2500,0.0000,0.0000
84429A,20,3.7818,1.2617,0.3336
84437A,4,0.8663,0.0327,0.0377
84447,3,1.0287,0.1580,0.1536
84450A,3,0.4417,0.0375,0.0850
84450B,5,0.6436,0.1618,0.2513
84452,9,1.0186,0.2735,0.2685
84454,5,1.0277,0.3551,0.3455
84455,4,0.8900,0.0478,0.0537
84456,6,0.9067,0.1388,0.1531
84457,12,1.0447,0.2934,0.2809
84458,3,0.8500,0.0000,0.0000
84459A,22,1.8693,0.4632,0.2478
84459B,17,1.8290,0.4915,0.2687
84461,7,2.5550,0.0133,0.0052
84462,6,1.2265,0.0575,0.0469
84464,2,2.3041,0.3478,0.1509
84465,8,2.9940,0.1243,0.0415
84466,11,1.1817,0.1062,0.0898
84467,7,30.6196,9.4586,0.3089
84469,4,6.9422,3.0233,0.4355
84472,6,45.2816,5.8928,0.1301
84482,10,3.8527,0.1792,0.0465
84493,4,1.3161,1.4248,1.0826
84497,14,3.9722,0.5377,0.1354
84499,13,0.9967,0.2632,0.2640
84507B,21,2.7160,0.8223,0.3028
84507C,21,2.5853,0.6121,0.2368
84508A,22,2.2460,0.2042,0.0909
84508B,23,2.8527,0.6122,0.2146
84508C,21,3.0649,0.9756,0.3183
84509A,25,4.3034,0.6767,0.1573
84509B,25,3.9401,0.4291,0.1089
84509C,25,5.1021,1.2525,0.2455
84509E,16,4.1596,2.3414,0.5629
84509F,12,3.6519,0.9869,0.2703
84509G,24,3.4004,0.9828,0.2890
84510A,25,1.4052,0.1227,0.0873
84510B,9,1.3737,0.3033,0.2208
84510C,25,1.7111,0.3797,0.2219
84510E,22,1.9441,0.7176,0.3691
84510F,10,1.2021,0.3253,0.2706
84519A,25,2.5349,0.9754,0.3848
84519B,25,2.5953,1.1253,0.4336
84520B,16,0.9109,0.0969,0.1064
84520D,3,1.0613,0.2858,0.2693
84522,17,1.8720,0.1494,0.0798
84526,12,2.0445,0.2832,0.1385
84527,13,2.2682,0.8483,0.3740
84529A,5,7.1913,2.0459,0.2845
84529B,3,5.9033,1.4665,0.2484
84529C,6,5.7893,1.0598,0.1831
84531A,13,1.9577,0.9451,0.4827
84531B,14,1.9043,0.8757,0.4599
84532B,4,7.4521,1.0105,0.1356
84533B,4,6.5134,0.7596,0.1166
84534B,14,0.9732,0.1004,0.1032
84535A,6,0.6632,0.1215,0.1832
84535B,25,0.6952,0.0933,0.1342
84536A,25,0.4574,0.0312,0.0682
84536B,25,0.4792,0.0772,0.1611
84537B,4,0.4200,0.0000,0.0000
84539,9,1.6500,0.0000,0.0000
84546,3,1.6500,0.0000,0.0000
84548,9,1.6500,0.0000,0.0000
84549,12,2.2675,0.7949,0.3506
84550,5,1.6500,0.0000,0.0000
84551,6,1.6500,0.0000,0.0000
84555A,5,2.8762,0.1651,0.0574
84558A,24,3.0472,0.3387,0.1111
84559A,25,0.9649,0.1649,0.1709
84559B,24,0.9385,0.1314,0.1400
84559D,10,0.8712,0.0534,0.0613
84562A,13,8.3909,0.8997,0.1072
84562B,2,10.6590,3.8311,0.3594
84563A,18,7.0032,2.7612,0.3943
84563B,16,6.3170,2.8800,0.4559
84564,6,8.0594,0.2679,0.0332
84567,1,1.6500,0.0000,
84568,25,0.2622,0.0861,0.3286
84569A,24,1.3077,0.2801,0.2142
84569B,16,1.2940,0.0899,0.0695
84569C,13,1.4058,0.1713,0.1219
84569D,25,1.4675,0.4417,0.3010
84570B,2,4.9500,0.0000,0.0000
84572,1,8.4900,0.0000,
84575A,10,5.5500,1.2649,0.2279
84575B,3,5.9500,0.0000,0.0000
84576,12,5.6232,3.0115,0.5356
84578,5,3.8348,0.0594,0.0155
84580,25,3.8201,0.0667,0.0175
84581,25,3.8129,0.0962,0.0252
84582,4,4.2500,0.0000,0.0000
84584,19,2.7636,0.7203,0.2606
84586L,2,2.9500,0.0000,0.0000
84592,19,3.2865,0.6864,0.2089
84593,5,2.9500,0.0000,0.0000
84595B,7,2.8717,1.0958,0.3816
84595E,19,3.2798,1.6384,0.4995
84596B,25,0.9396,0.4076,0.4338
84596E,17,1.2083,0.3235,0.2678
84596F,25,0.9453,0.4017,0.4250
84596G,25,0.9834,0.4601,0.4679
84596I,3,1.6186,0.7758,0.4793
84596J,18,1.2506,0.4950,0.3958
84596K,12,1.2674,0.1218,0.0961
84596L,22,1.0817,0.5279,0.4880
84597B,13,1.3419,0.3716,0.2770
84597C,18,1.2994,0.3160,0.2432
84598,25,0.3003,0.1039,0.3461
84599,4,9.9950,4.0900,0.4092
84600,21,9.5249,2.9015,0.3046
84601A,8,3.0072,0.8651,0.2877
84608,2,7.9500,0.0000,0.0000
84609,18,10.8924,3.6285,0.3331
84611B,4,5.9500,0.0000,0.0000
84612B,3,2.5500,0.0000,0.0000
84613A,9,4.6500,0.0000,0.0000
84613C,8,4.5505,0.2814,0.0618
84614A,9,7.4848,2.5687,0.3432
84614C,1,5.9500,0.0000,
84615,5,6.4496,3.1496,0.4883
84616,14,31.5436,9.5434,0.3025
84617,6,12.7500,0.0000,0.0000
84619,4,32.8142,18.5895,0.5665
84620,13,6.3973,1.4195,0.2219
84621,5,8.9576,1.7713,0.1977
84622,3,6.3000,0.6062,0.0962
84623,4,7.5667,3.1945,0.4222
84625A,23,1.7669,1.4514,0.8215
84625B,4,1.4819,0.3960,0.2672
84625C,20,1.8488,1.3055,0.7062
84625D,12,1.4342,0.7452,0.5196
84626,1,45.9500,0.0000,
84627,8,5.9500,0.0000,0.0000
84629,6,19.1167,6.9402,0.3630
84630,1,7.9500,0.0000,
84631,15,9.4231,3.5578,0.3776
84632,7,58.5214,3.7796,0.0646
84637,21,6.8372,2.7645,0.4043
84638,20,7.9849,3.0761,0.3852
84648,1,12.7500,0.0000,
84653,3,51.5044,12.3983,0.2407
84656,6,5.9500,0.0000,0.0000
84657,5,4.4977,2.0131,0.4476
84658,21,6.8679,1.0400,0.1514
84659A,24,2.5295,0.1233,0.0488
84660A,17,3.9392,2.6564,0.6743
84660B,20,3.6632,2.2977,0.6272
84660C,21,4.6790,2.3140,0.4946
84661A,18,3.1884,1.4792,0.4639
84661B,19,3.2982,1.4301,0.4336
84661C,12,3.1022,1.7275,0.5569
84663A,21,4.8449,2.0187,0.4167
84664,8,4.9500,0.0000,0.0000
84665,17,6.0807,0.5390,0.0886
84666,10,3.9500,0.0000,0.0000
84670,12,0.4151,0.0227,0.0547
84671B,2,2.7612,0.1223,0.0443
84673A,21,0.6856,0.1162,0.1695
84673B,24,0.9050,0.3000,0.3315
84674,25,3.0379,0.8537,0.2810
84675,13,3.2825,0.8647,0.2634
84676,9,2.8492,0.4232,0.1485
84678,16,2.2004,0.5775,0.2624
84679,3,9.9500,8.7178,0.8762
84680,7,6.2704,2.1320,0.3400
84682,10,2.6130,0.8675,0.3320
84683,15,1.1757,0.3731,0.3174
84684,6,2.3827,1.1700,0.4910
84685,16,4.7805,1.3905,0.2909
84686,16,5.3753,2.3634,0.4397
84687,21,7.0796,2.6018,0.3675
84688,17,4.8043,1.3061,0.2719
84689,14,5.6783,2.5282,0.4452
84690,7,7.9500,0.0000,0.0000
84691,15,0.8018,0.0740,0.0923
84692,25,0.5030,0.0948,0.1885
84705A,5,4.6500,0.0000,0.0000
84705B,1,1.3969,0.0000,
84705C,6,2.8926,1.7721,0.6126
84705D,6,4.4227,0.2090,0.0473
84705F,3,4.6500,0.0000,0.0000
84706A,3,4.4373,3.9149,0.8823
84706B,3,9.2203,0.4681,0.0508
84706C,2,2.0900,0.1980,0.0947
84706D,11,4.9208,5.4405,1.1056
84706F,11,6.7682,3.0271,0.4473
84707A,22,12.1026,4.3674,0.3609
84707B,18,8.9082,2.1202,0.2380
84708B,22,5.3173,1.2044,0.2265
84709A,6,5.9500,0.0000,0.0000
84709B,18,5.8865,0.2285,0.0388
84711A,16,10.3190,2.7675,0.2682
84711B,18,9.3506,1.0710,0.1145
84712B,21,7.8305,0.1798,0.0230
84715,15,3.3890,1.0527,0.3106
84720,1,4.2014,0.0000,
84721,1,4.3900,0.0000,
84723,9,6.6167,2.6458,0.3999
84725,13,2.2657,1.4316,0.6318
84726,3,1.7367,0.1501,0.0864
84731,3,1.2300,0.7275,0.5914
84732B,6,1.2300,0.6507,0.5290
84732D,4,1.0200,0.7275,0.7132
84741C,12,1.9808,0.0566,0.0286
84743C,3,1.2500,0.0000,0.0000
84744,16,1.2575,0.0300,0.0239
84745A,10,0.4200,0.0000,0.0000
84745B,12,0.4200,0.0000,0.0000
84746,7,3.4317,0.5530,0.1612
84748,20,4.1414,2.0729,0.5005
84750A,9,2.6408,0.9352,0.3541
84750B,16,1.9886,0.5721,0.2877
84751B,11,3.4809,0.8925,0.2564
84753A,3,0.9271,0.1336,0.1441
84754,18,1.6775,0.5905,0.3520
84755,25,0.6415,0.0538,0.0838
84757,2,14.9500,0.0000,0.0000
84760L,1,1.6000,0.0000,
84760S,17,1.7814,0.5910,0.3318
84761,10,2.8208,0.2971,0.1053
84762A,7,9.4573,1.1282,0.1193
84762B,8,8.5831,1.3856,0.1614
84762C,6,8.0323,1.3136,0.1635
84763,18,1.2923,0.0944,0.0730
84765,3,15.5811,4.9036,0.3147
84766,13,4.9737,1.6892,0.3396
84767,3,6.0149,2.0275,0.3371
84770,3,7.6167,4.0415,0.5306
84773,12,2.9500,0.0000,0.0000
84782A,6,10.8788,3.3949,0.3121
84782B,5,12.7500,0.0000,0.0000
84782C,8,10.1975,3.8465,0.3772
84789,19,3.6741,0.5958,0.1622
84791,8,3.2396,0.2747,0.0848
84792,25,4.6273,0.4649,0.1005
84795A,8,8.0514,0.4807,0.0597
84795B,21,9.1875,2.0968,0.2282
84795C,10,8.2652,0.8495,0.1028
84795D,8,8.0542,0.4510,0.0560
84795E,5,7.9500,0.0000,0.0000
84796A,18,10.6946,4.3615,0.4078
84796B,19,11.5693,5.3066,0.4587
84797A,6,14.3635,10.1603,0.7074
84797B,5,10.9243,5.6040,0.5130
84798A,8,2.4960,0.1527,0.0612
84798B,6,2.1935,0.6771,0.3087
84798C,2,2.5500,0.0000,0.0000
84799,16,1.0163,0.3672,0.3613
84800L,17,1.7722,0.4709,0.2657
84800M,14,1.5191,0.2974,0.1958
84800S,11,1.1443,0.2371,0.2072
84801A,12,2.0287,0.2470,0.1218
84801B,13,2.0066,0.3367,0.1678
84802A,12,1.6900,0.0000,0.0000
84802B,10,1.5750,0.3637,0.2309
84803A,10,1.6900,0.0000,0.0000
84803B,6,1.6900,0.0000,0.0000
84804A,13,2.6069,0.8379,0.3214
84804B,12,2.3979,0.9993,0.4167
84805A,6,2.8550,1.3915,0.4874
84805B,7,2.4543,1.4015,0.5710
84806A,14,1.3007,0.3795,0.2918
84806B,16,1.3369,0.2899,0.2169
84807,4,1.4548,0.4705,0.3234
84809A,13,2.0009,0.2700,0.1349
84809B,6,1.8917,0.5103,0.2698
84813,21,12.0583,5.0305,0.4172
84814A,1,1.9500,0.0000,
84814B,1,1.9500,0.0000,
84815,7,4.2525,1.5209,0.3577
84816,15,39.2833,1.7593,0.0448
84817,22,1.8140,0.6235,0.3437
84818,23,2.0713,0.7858,0.3794
84819,23,3.7704,1.3000,0.3448
84820,21,5.7737,2.3940,0.4146
84821,23,0.8032,0.3081,0.3836
84823,7,26.2357,17.1047,0.6520
84824,11,17.2461,3.6349,0.2108
84826,21,0.7309,0.2420,0.3311
84827,14,0.5556,0.1944,0.3499
84828,25,1.4433,0.2911,0.2017
84830,4,14.3793,3.2241,0.2242
84832,25,0.9154,0.0627,0.0685
84836,25,1.2429,0.0466,0.0375
84837,9,12.8321,0.7693,0.0600
84838,2,7.2500,1.7678,0.2438
84839,11,6.1543,0.7941,0.1290
84840,10,9.3750,2.6738,0.2852
84842,15,3.9592,2.0466,0.5169
84843,25,6.6791,1.4445,0.2163
84845A,1,1.2500,0.0000,
84845C,7,1.2500,0.0000,0.0000
84845D,5,1.2500,0.0000,0.0000
84846A,16,2.2451,0.2249,0.1002
84847,19,3.7543,1.3809,0.3678
84849A,23,1.9013,0.3701,0.1947
84849B,20,1.7252,0.1108,0.0642
84849D,24,1.7149,0.0870,0.0507
84854,12,5.8336,1.1212,0.1922
84855,5,5.1967,0.5516,0.1061
84856L,14,7.6990,2.2104,0.2871
84856S,9,4.9794,1.7346,0.3484
84857A,2,8.5000,0.0000,0.0000
84857B,1,1.9500,0.0000,
84857C,8,6.2934,5.3943,0.8571
84858A,5,6.2460,3.8680,0.6193
84858B,3,2.8339,2.6988,0.9523
84858C,13,5.2164,3.1481,0.6035
84859A,20,4.4218,2.9183,0.6600
84859B,12,2.7386,1.6517,0.6031
84859C,13,3.1503,1.9570,0.6212
84864A,3,8.4550,2.9531,0.3493
84865,17,9.3122,3.2867,0.3530
84867A,3,9.0371,3.9297,0.4348
84867B,1,13.5700,0.0000,
84868A,1,6.9500,0.0000,
84868B,3,6.9500,0.0000,0.0000
84869,5,2.6778,1.0815,0.4039
84870B,16,4.0794,1.1221,0.2751
84870C,14,3.8563,0.6472,0.1678
84872A,17,11.8265,1.9956,0.1687
84873A,11,13.2328,2.9486,0.2228
84874B,17,1.6476,0.0066,0.0040
84875A,7,3.7500,0.0000,0.0000
84875B,11,2.5425,1.9779,0.7779
84875D,11,1.7146,1.0068,0.5872
84876B,12,2.1082,1.8685,0.8863
84876C,3,3.7500,0.0000,0.0000
84876D,16,2.8020,1.7709,0.6320
84877A,9,3.1524,1.0663,0.3383
84877B,16,2.3971,1.1511,0.4802
84877D,16,2.9645,0.8649,0.2918
84879,25,1.6336,0.0507,0.0310
84880,25,6.5204,1.2344,0.1893
84881,14,6.5060,0.4029,0.0619
84882,20,4.8317,1.5104,0.3126
84884A,25,4.2545,0.6802,0.1599
84886,4,9.9500,0.0000,0.0000
84891B,4,7.9500,0.0000,0.0000
84893,4,5.7000,0.5000,0.0877
84898F,13,2.1683,0.1919,0.0885
84899E,6,1.4807,0.2546,0.1719
84899F,12,1.6898,0.3814,0.2257
84901,11,3.8064,0.0646,0.0170
84902,8,3.8135,0.1262,0.0331
84905,16,5.1989,1.8392,0.3538
84906,12,5.4244,1.6935,0.3122
84907,15,6.5281,2.1769,0.3335
84908A,10,6.0163,2.0669,0.3435
84908B,9,5.5085,1.3373,0.2428
84909A,4,30.0312,18.4071,0.6129
84910A,16,5.8736,1.8213,0.3101
84912A,22,3.6248,0.4402,0.1214
84912B,23,3.6428,0.9252,0.2540
84913A,22,3.9501,0.8703,0.2203
84913B,23,4.4531,1.6840,0.3782
84914A,2,25.9500,0.0000,0.0000
84915,16,4.2021,1.4331,0.3410
84916,16,4.6572,1.3660,0.2933
84917,14,4.8828,2.4229,0.4962
84918,10,5.9027,1.3700,0.2321
84919,16,7.0404,2.7627,0.3924
84920,22,4.2615,0.9694,0.2275
84921,11,3.7500,0.0000,0.0000
84922,10,4.4808,1.0948,0.2443
84923,22,4.4858,0.9718,0.2166
84924A,21,4.5298,1.1340,0.2503
84924D,11,3.7017,2.1442,0.5793
84924F,5,2.8235,3.4214,1.2118
84925A,4,2.4231,0.4818,0.1988
84925C,5,2.5500,0.0000,0.0000
84925D,14,2.3727,0.4760,0.2006
84925E,2,2.1250,0.6010,0.2828
84925F,15,2.2284,0.7795,0.3498
84926A,20,1.2175,0.7561,0.6210
84926B,4,1.2500,0.0000,0.0000
84926C,6,1.3059,0.0868,0.0665
84926D,19,1.0793,0.7647,0.7085
84926E,19,0.9767,0.5779,0.5917
84926F,18,1.1595,0.7074,0.6101
84927A,17,2.1457,1.2971,0.6045
84927D,14,2.1542,1.3496,0.6265
84927E,13,1.7971,0.9745,0.5423
84927F,21,2.1036,1.2714,0.6044
84929,21,0.4607,0.1549,0.3362
84931A,24,2.7551,0.5474,0.1987
84931B,25,2.8877,0.9136,0.3164
84932A,7,4.0000,3.0861,0.7715
84932B,5,3.3391,2.8871,0.8646
84932C,7,2.3488,0.6237,0.2655
84932D,5,2.8222,1.6386,0.5806
84933A,3,4.9545,4.3409,0.8761
84933B,2,2.4019,0.4270,0.1778
84933C,2,2.4048,0.3091,0.1285
84934,5,0.8540,0.0090,0.0105
84937,6,2.1997,0.2393,0.1088
84942,2,1.6900,0.0000,0.0000
84944,19,4.1673,1.9478,0.4674
84945,24,1.2847,2.0810,1.6199
84946,25,1.3239,0.0980,0.0740
84947,25,1.1937,0.0616,0.0516
84948,6,1.6694,0.0347,0.0208
84949,25,1.6235,0.1026,0.0632
84950,25,0.8067,0.3049,0.3779
84951A,25,2.4854,1.5415,0.6202
84951B,23,2.4916,1.5416,0.6187
84952A,14,3.9174,1.7349,0.4429
84952B,16,3.7194,2.2102,0.5942
84952C,13,3.1693,1.8800,0.5932
84962,2,59.9500,0.0000,0.0000
84963A,8,40.7125,13.4130,0.3295
84963B,5,41.8400,15.1987,0.3633
84964A,2,45.0000,21.2132,0.4714
84964B,2,45.0000,21.2132,0.4714
84965A,3,40.0000,17.3205,0.4330
84965B,3,43.0288,15.3837,0.3575
84966A,4,25.4875,16.7387,0.6567
84966B,4,16.0000,4.6188,0.2887
84966C,2,12.0000,0.0000,0.0000
84967A,3,58.3000,37.4989,0.6432
84967B,7,61.7771,23.1826,0.3753
84967C,4,67.4625,24.9750,0.3702
84968A,25,13.5670,2.1576,0.1590
84968B,13,14.7058,3.5762,0.2432
84968C,24,14.6150,2.3607,0.1615
84968D,22,14.3866,3.6018,0.2504
84968E,23,13.8408,2.6099,0.1886
84968F,24,14.0135,2.5071,0.1789
84969,25,4.5184,0.5861,0.1297
84970L,25,1.0544,0.1781,0.1689
84970S,25,0.8713,0.0869,0.0997
84971L,6,1.4626,0.4942,0.3379
84971S,25,0.8608,0.0966,0.1122
84972L,4,3.9500,0.0000,0.0000
84974,21,9.9280,0.1007,0.0101
84975,13,1.6626,0.0664,0.0399
84976,23,1.9509,0.9475,0.4857
84977,13,1.2571,0.0180,0.0143
84978,25,1.3009,0.1222,0.0939
84984A,10,4.0417,1.4697,0.3636
84984B,10,4.2700,1.0685,0.2502
84984C,6,5.2345,2.6055,0.4978
84984D,9,4.8898,2.0917,0.4278
84985A,16,1.5855,0.1213,0.0765
84985B,5,1.8321,0.6519,0.3558
84986B,11,1.4857,0.0460,0.0310
84987,25,1.4989,0.1229,0.0820
84988,25,1.5917,0.1253,0.0787
84989A,25,1.0175,0.6288,0.6180
84989B,9,0.5295,0.0463,0.0875
84990,14,0.5104,0.0499,0.0977
84991,25,0.5112,0.0353,0.0691
84992,25,0.5025,0.0326,0.0649
84993A,25,0.4853,0.0694,0.1431
84993B,18,0.4366,0.0358,0.0819
84997A,24,3.9996,0.3833,0.0958
84997B,25,4.0750,0.4453,0.1093
84997C,25,4.0689,0.5665,0.1392
84997D,24,3.9926,0.4094,0.1025
85006,13,2.3964,1.0880,0.4540
85007,4,3.0215,1.2052,0.3989
85008,16,4.4233,1.3895,0.3141
85014A,25,5.8350,0.8533,0.1462
85014B,25,5.8365,0.8438,0.1446
85014C,7,5.8236,1.0229,0.1757
85014D,4,4.5127,1.3127,0.2909
85015,25,1.6898,0.9073,0.5369
85016,18,1.9041,0.8224,0.4319
85017A,14,0.8026,0.1070,0.1334
85017B,24,0.7114,0.1678,0.2359
85017C,17,0.7544,0.1703,0.2257
85018A,6,4.2500,0.0000,0.0000
85018B,6,4.2500,0.0000,0.0000
85018C,3,3.9726,0.4805,0.1210
85018D,10,2.2743,0.5821,0.2560
85019A,20,2.4297,1.7776,0.7316
85019B,17,1.9840,1.2964,0.6534
85019C,14,2.3442,1.4910,0.6360
85020,21,2.3146,0.4527,0.1956
85023A,5,2.5500,0.0000,0.0000
85023B,18,2.5007,0.1436,0.0574
85023C,6,2.5500,0.0000,0.0000
85024A,1,1.6500,0.0000,
85024B,15,1.6377,0.0477,0.0291
85024C,16,1.6500,0.0000,0.0000
85025B,24,2.1064,0.5759,0.2734
85025C,21,1.9124,0.3561,0.1862
85026B,18,1.0437,0.3378,0.3236
85027L,12,5.9813,2.9097,0.4865
85028L,9,5.8717,3.9176,0.6672
85028S,10,3.7299,1.7750,0.4759
85030,12,5.9724,2.9220,0.4892
85031A,15,3.2721,1.5653,0.4784
85031B,13,2.9632,1.4364,0.4848
85031C,13,2.9700,1.3541,0.4559
85032A,22,1.6778,1.0075,0.6005
85032B,22,1.6683,0.8684,0.5206
85032C,23,1.7690,0.9123,0.5157
85032D,15,1.4616,0.6418,0.4391
85033G,3,1.1197,0.8136,0.7266
85033S,4,0.8469,0.3938,0.4650
85034A,23,4.4143,1.2331,0.2794
85034B,19,3.9113,1.6637,0.4254
85034C,22,4.0101,1.6989,0.4236
85035A,22,4.3025,0.7495,0.1742
85035B,22,4.6253,1.8589,0.4019
85035C,22,3.8354,1.1846,0.3089
85036A,23,4.3060,0.8687,0.2017
85036B,21,3.6041,1.1212,0.3111
85036C,23,3.7898,0.9805,0.2587
85038,25,2.1460,0.1433,0.0668
85039A,25,1.8332,0.5694,0.3106
85039B,25,1.5887,0.3035,0.1911
85039C,22,1.7860,0.7705,0.4314
85040A,25,1.8642,0.2444,0.1311
85040B,17,1.6457,0.1098,0.0667
85041,8,1.5433,0.2069,0.1341
85042,12,4.6315,0.1848,0.0399
85043,1,4.9500,0.0000,
85044,7,5.9429,2.3195,0.3903
85045,12,4.8832,0.3277,0.0671
85047,13,6.4095,0.3081,0.0481
85048,21,9.1624,2.9148,0.3181
85049A,25,1.4591,0.3432,0.2352
85049B,16,1.4072,0.4118,0.2927
85049C,24,1.2682,0.0414,0.0326
85049D,22,1.2631,0.0306,0.0242
85049E,25,1.3839,0.1810,0.1308
85049F,22,1.2561,0.0300,0.0239
85049G,24,1.3045,0.1077,0.0826
85049H,25,1.1552,0.2087,0.1807
85050,1,2.1000,0.0000,
85053,21,2.2423,0.3578,0.1596
85054,24,3.1218,0.5990,0.1919
85055,14,4.1598,0.5997,0.1442
85059,25,4.0515,0.7704,0.1901
85060,8,1.2306,0.1049,0.0852
85061W,25,0.9003,0.0919,0.1020
85062,25,1.6648,0.0944,0.0567
85063,12,17.9103,1.4210,0.0793
85064,11,5.3622,0.7644,0.1425
85065,11,12.2355,0.8665,0.0708
85066,25,12.7433,0.9787,0.0768
85067,14,18.3597,2.3308,0.1269
85068,9,7.4043,0.8224,0.1111
85069,1,16.9500,0.0000,
85070,2,111.2500,19.4454,0.1748
85071A,24,1.5298,1.1985,0.7835
85071B,24,1.1208,1.1588,1.0339
85071C,23,1.8537,1.4919,0.8048
85071D,23,1.9142,1.4738,0.7699
85072,1,0.5500,0.0000,
85077,1,5.9500,0.0000,
85078,22,1.4495,1.8584,1.2821
85079,1,1.4022,0.0000,
85080,5,0.4735,0.1197,0.2529
85081,5,0.4462,0.0586,0.1313
85083,1,2.5500,0.0000,
85084,6,0.9811,0.1991,0.2030
85086A,19,0.9766,0.2091,0.2141
85087,22,3.7498,1.3307,0.3549
85088,21,2.1585,0.1940,0.0899
85089,11,3.1222,0.2673,0.0856
85090,11,5.2747,0.6651,0.1261
85091,8,6.1190,3.0006,0.4904
85092,8,3.1957,1.1876,0.3716
85093,22,1.2047,0.6231,0.5172
85094,21,0.9820,0.6984,0.7112
85095,13,2.4284,1.2605,0.5191
85096,19,4.1959,1.0124,0.2413
85097B,7,3.9311,0.3936,0.1001
85098B,12,4.0415,0.5264,0.1303
85099B,25,1.8836,0.0913,0.0485
85099C,25,1.9508,0.1484,0.0761
85099F,25,1.8655,0.0709,0.0380
85103,18,7.9099,2.4199,0.3059
85104,20,3.1513,0.8994,0.2854
85106,18,2.5801,0.7673,0.2974
85107,21,2.5074,0.8343,0.3327
85109,10,0.5900,0.3693,0.6260
85110,10,0.6170,0.6402,1.0376
85111,21,0.8295,0.7493,0.9033
85112,3,1.1271,0.2128,0.1888
85113,6,2.2692,0.4595,0.2025
85114A,20,1.9883,0.5238,0.2634
85114B,25,2.0134,0.4598,0.2284
85114C,25,2.0850,0.4974,0.2386
85115B,2,6.2700,2.8567,0.4556
85116,23,1.3675,0.4035,0.2951
85117,6,2.0704,0.6605,0.3190
85118,14,0.8310,0.5822,0.7005
85119,11,1.7909,0.5469,0.3053
85121B,7,10.3014,1.9059,0.1850
85121C,10,9.4884,1.2810,0.1350
85123A,25,2.7668,0.0760,0.0275
85123B,1,6.0400,0.0000,
85124A,11,2.7941,0.3488,0.1248
85124B,24,2.7830,0.3523,0.1266
85124C,22,2.8153,0.5746,0.2041
85125,19,5.5451,1.8193,0.3281
85126,13,7.4559,2.1373,0.2867
85127,23,6.8286,1.9037,0.2788
85128,2,1.9750,1.2374,0.6266
85129A,9,1.2863,0.0551,0.0428
85129B,23,1.6571,0.5577,0.3365
85129C,20,1.4736,0.4356,0.2956
85129D,24,1.6221,0.3783,0.2332
85130A,16,1.7728,0.3938,0.2221
85130B,20,1.7725,0.8393,0.4735
85130C,19,1.4126,0.4388,0.3106
85130D,25,1.5681,0.4586,0.2925
85131A,21,1.0591,0.3285,0.3101
85131B,21,1.0242,0.5408,0.5280
85131C,19,0.9937,0.4242,0.4269
85131D,22,0.9547,0.3736,0.3914
85132A,18,7.5610,3.1540,0.4171
85132B,16,7.0971,3.9086,0.5507
85132C,22,6.6820,3.6001,0.5388
85135A,14,7.9873,0.0824,0.0103
85135B,19,8.0276,0.1099,0.0137
85135C,23,8.1061,0.1978,0.0244
85136A,21,8.0363,0.1359,0.0169
85136B,11,7.9896,0.0904,0.0113
85136C,20,8.0858,0.1422,0.0176
85141,18,9.4892,2.5654,0.2703
85142,8,9.2739,1.7474,0.1884
85144,18,6.5415,1.6940,0.2590
85145,12,11.7467,2.5347,0.2158
85146,10,5.7002,1.6518,0.2898
85147,4,4.9500,0.0000,0.0000
85150,23,2.4594,0.1725,0.0701
85151,1,1.2500,0.0000,
85152,25,1.9410,0.1000,0.0515
85157,1,12.7200,0.0000,
85159A,25,6.8387,5.3630,0.7842
85159B,23,5.6723,4.5677,0.8053
85160A,13,4.4298,5.6886,1.2842
85160B,17,1.4798,1.9633,1.3267
85161,17,19.4634,4.9046,0.2520
85162A,7,3.1451,3.0019,0.9545
85162B,7,1.9500,0.0000,0.0000
85162C,7,2.0474,0.1328,0.0648
85163A,19,12.7756,3.7266,0.2917
85163B,23,15.3364,5.2835,0.3445
85164B,10,14.2361,2.9818,0.2095
85165,7,11.0946,2.5536,0.2302
85166A,2,2.8957,1.2081,0.4172
85166B,11,3.1014,1.1226,0.3620
85167A,3,2.9955,1.1413,0.3810
85167B,16,3.0418,1.2980,0.4267
85168A,6,9.9500,0.0000,0.0000
85168B,18,9.7029,1.5441,0.1591
85169A,25,1.3698,0.3386,0.2472
85169B,23,1.5137,0.4743,0.3133
85169C,21,1.4340,0.3657,0.2550
85169D,24,1.5872,0.5482,0.3454
85170A,13,2.0640,0.4524,0.2192
85170B,20,2.3720,0.9152,0.3858
85170C,25,2.4354,0.7486,0.3074
85170D,24,2.5033,0.8929,0.3567
85171,1,2.5500,0.0000,
85172,25,0.4787,0.1903,0.3975
85173,25,2.3747,0.7588,0.3195
85174,25,5.7484,1.6420,0.2856
85175,24,0.4282,0.0390,0.0911
85176,25,0.9319,0.1490,0.1599
85177,25,0.8849,0.1442,0.1629
85178,25,1.1748,0.1907,0.1623
85179A,13,4.3442,2.0638,0.4751
85179B,11,5.0077,1.4788,0.2953
85179C,8,4.4941,3.1337,0.6973
85180A,21,5.2227,2.0927,0.4007
85180B,20,5.3480,2.1127,0.3950
85183A,23,2.1597,1.1877,0.5500
85183B,25,2.2195,1.3454,0.6062
85184B,3,2.9500,0.0000,0.0000
85184C,25,3.0602,0.5525,0.1805
85184D,10,2.6386,1.2045,0.4565
85185B,24,3.0999,0.3224,0.1040
85185C,9,2.9500,0.0000,0.0000
85185D,16,3.3326,0.8273,0.2482
85185E,1,2.9500,0.0000,
85185F,4,2.9500,0.0000,0.0000
85186A,14,0.5851,0.1735,0.2965
85186B,1,0.4200,0.0000,
85186C,15,0.6033,0.1790,0.2967
85187,14,1.8018,0.3494,0.1939
85188A,9,1.0041,0.2824,0.2813
85188B,9,1.0840,0.3512,0.3240
85189,11,0.8411,0.0370,0.0440
85190,4,0.8996,0.0992,0.1103
85192S,1,0.6500,0.0000,
85194L,14,0.9787,0.2617,0.2674
85194S,19,0.5184,0.2501,0.4824
85195,11,2.0652,0.1155,0.0559
85196,4,0.5414,0.0212,0.0392
85197,12,1.9320,0.4967,0.2571
85198,13,0.8715,0.2798,0.3210
85199L,25,0.6855,0.0453,0.0661
85199S,25,0.4829,0.0489,0.1012
85200,8,1.2537,0.0085,0.0068
85202,24,0.5365,0.1280,0.2385
85203,25,0.5126,0.1223,0.2386
85204,25,0.3828,0.1938,0.5062
85205A,2,2.5500,0.0000,0.0000
85205B,9,2.9568,0.8107,0.2742
85206A,13,1.6818,0.1433,0.0852
85206B,6,1.6225,0.0690,0.0425
85208,21,2.2019,0.3885,0.1765
85211,19,1.7862,0.6289,0.3521
85212,24,0.6443,0.3893,0.6042
85213,20,1.0037,0.3751,0.3737
85214,21,1.7299,0.1923,0.1112
85215,20,0.9359,0.7045,0.7527
85216,18,0.7460,0.1242,0.1665
85217,10,0.6998,0.0725,0.1036
85218,2,0.8750,0.8132,0.9293
85220,3,1.2168,0.5931,0.4875
85221,6,0.6130,0.3277,0.5346
85222,7,1.6718,0.6903,0.4129
85224,13,1.0641,0.7287,0.6848
85225,10,1.2250,0.0791,0.0645
85226A,12,0.5742,0.0474,0.0826
85226C,12,0.5615,0.0474,0.0844
85227,25,0.9040,0.0790,0.0874
85230A,21,0.2561,0.0326,0.1271
85230B,23,0.2692,0.0283,0.1053
85230C,1,0.2900,0.0000,
85230D,1,0.2900,0.0000,
85230E,22,0.2626,0.0283,0.1077
85230F,19,0.2700,0.0237,0.0879
85230G,23,0.2596,0.0349,0.1343
85231B,25,0.9180,0.0901,0.0981
85231E,7,0.8475,0.0329,0.0388
85231G,23,0.8690,0.0507,0.0584
85231L,6,0.8240,0.0362,0.0439
85232A,18,5.1402,0.3199,0.0622
85232B,15,5.0763,0.2755,0.0543
85232C,1,4.9500,0.0000,
85232D,23,5.3420,0.6018,0.1126
90000A,13,6.0264,0.1579,0.0262
90000B,14,6.1262,0.1890,0.0308
90000C,2,6.1600,0.2970,0.0482
90000D,18,6.1355,0.1729,0.0282
90001A,10,4.2350,0.0672,0.0159
90001B,8,4.2338,0.0342,0.0081
90001C,7,4.2450,0.0263,0.0062
90001D,9,4.2456,0.0053,0.0012
90002A,8,3.7500,0.0000,0.0000
90002B,5,3.7669,0.0251,0.0067
90002C,9,3.7667,0.0295,0.0078
90002D,15,3.7333,0.1316,0.0352
90002E,8,3.7837,0.0542,0.0143
90003B,15,3.7711,0.0321,0.0085
90003C,19,3.7607,0.0317,0.0084
90003D,15,3.7599,0.0395,0.0105
90003E,14,3.7699,0.0411,0.0109
90004A,1,3.7500,0.0000,
90005A,15,2.0483,0.0614,0.0300
90010A,15,9.1627,0.5633,0.0615
90010B,14,9.1923,0.2623,0.0285
90010E,16,8.9810,0.4182,0.0466
90011A,9,2.9502,0.0395,0.0134
90011B,10,2.9455,0.0287,0.0097
90011C,7,2.9400,0.0277,0.0094
90011D,5,2.9500,0.0539,0.0183
90011E,7,2.9457,0.0336,0.0114
90012A,6,8.9550,2.9464,0.3290
90012B,6,7.7000,3.6810,0.4781
90013A,21,3.7745,0.0369,0.0098
90013B,23,4.1600,0.1135,0.0273
90013C,22,4.0710,0.1836,0.0451
90013D,10,4.0031,0.2201,0.0550
90013E,2,4.2850,0.0636,0.0149
90014A,20,9.6244,1.7688,0.1838
90014B,17,9.8466,1.7957,0.1824
90014C,13,9.8097,0.9674,0.0986
90016A,15,8.1907,1.0940,0.1336
90016B,18,8.4434,0.0775,0.0092
90016C,9,8.4414,0.0917,0.0109
90018A,20,4.2285,0.0501,0.0118
90018B,18,4.2230,0.0486,0.0115
90018C,12,4.2253,0.0488,0.0115
90019A,23,5.2729,0.2324,0.0441
90019B,17,5.2603,0.2454,0.0467
90019C,18,5.3107,0.2198,0.0414
90020,4,12.6825,0.1350,0.0106
90021,3,11.9500,0.0000,0.0000
90022,17,3.7771,0.0474,0.0126
90023,14,4.2425,0.0338,0.0080
90024A,4,8.5000,0.0000,0.0000
90024B,13,8.4619,0.0851,0.0101
90024C,9,8.4978,0.0901,0.0106
90024D,10,8.4910,0.0664,0.0078
90024E,8,8.4871,0.0749,0.0088
90024F,6,8.4367,0.0905,0.0107
90025A,2,3.7500,0.0000,0.0000
90025B,3,3.7633,0.0416,0.0111
90025C,5,3.7620,0.0268,0.0071
90025D,5,3.7380,0.0110,0.0029
90025E,6,3.7917,0.0627,0.0165
90025F,6,3.7708,0.0506,0.0134
90026A,7,8.4971,0.0049,0.0006
90026B,6,8.4850,0.0367,0.0043
90026C,6,8.4700,0.0735,0.0087
90026D,8,8.5000,0.0000,0.0000
90027A,4,2.9393,0.0262,0.0089
90027B,7,2.9389,0.0269,0.0092
90027C,8,2.9373,0.0467,0.0159
90027D,8,3.1875,0.1929,0.0605
90028,15,8.4605,0.0997,0.0118
90029,9,8.4600,0.0794,0.0094
90030A,7,3.1371,2.6658,0.8498
90030B,16,4.1558,2.3897,0.5750
90030C,11,4.1464,2.4951,0.6018
90031,8,3.4875,2.6596,0.7626
90032,13,6.0087,0.8650,0.1439
90033,13,2.5265,0.0417,0.0165
90034,4,10.0750,0.1277,0.0127
90035A,8,10.7075,0.0658,0.0061
90035B,2,9.7578,1.4032,0.1438
90035C,3,10.7500,0.0000,0.0000
90036A,11,7.9836,0.0883,0.0111
90036B,8,7.9500,0.0000,0.0000
90036C,11,7.9632,0.0647,0.0081
90036D,12,7.9575,0.0389,0.0049
90036E,19,7.9703,0.0628,0.0079
90036F,9,8.0489,0.0923,0.0115
90037A,11,2.5473,0.0290,0.0114
90037B,8,2.5263,0.0316,0.0125
90037C,11,2.5309,0.0356,0.0141
90037D,4,2.5671,0.0266,0.0104
90038A,16,3.7744,0.0523,0.0139
90038B,10,3.7750,0.0564,0.0149
90038C,9,3.7733,0.0570,0.0151
90039A,5,3.7720,0.0722,0.0192
90039B,10,3.7720,0.0346,0.0092
90039C,9,3.7744,0.0456,0.0121
90039D,16,3.7738,0.0495,0.0131
90040A,14,3.9542,0.3137,0.0793
90040B,13,3.5951,0.0932,0.0259
90040C,12,3.6195,0.1320,0.0365
90040D,8,3.6666,0.1607,0.0438
90041,6,3.6950,0.1636,0.0443
90042A,12,2.5484,0.0133,0.0052
90042B,5,2.5500,0.0000,0.0000
90042C,7,2.5436,0.0036,0.0014
90043,5,5.9520,2.2405,0.3764
90046,5,4.9500,0.0000,0.0000
90048,6,5.2522,0.7403,0.1409
90049,5,7.9980,2.7838,0.3481
90050,6,7.0600,0.1324,0.0187
90051,8,7.0550,0.1221,0.0173
90052,5,7.1360,0.1621,0.0227
90053,9,2.5211,0.0310,0.0123
90054,12,2.5342,0.0355,0.0140
90055,9,2.5333,0.0343,0.0135
90056,9,10.9970,0.1598,0.0145
90057,13,2.1712,1.0834,0.4990
90058A,9,0.3800,0.0000,0.0000
90058B,14,0.5254,0.2567,0.4887
90059A,19,1.6725,0.0221,0.0132
90059B,11,1.6682,0.0189,0.0113
90059C,13,1.6663,0.0193,0.0116
90059D,21,1.6688,0.0203,0.0122
90059E,16,1.6679,0.0195,0.0117
90059F,18,1.6706,0.0229,0.0137
90060B,4,5.9500,0.0000,0.0000
90060C,3,5.9500,0.0000,0.0000
90060D,6,5.9500,0.0000,0.0000
90060F,13,5.9181,0.0562,0.0095
90062,16,12.6755,0.2157,0.0170
90063A,10,8.4990,0.0032,0.0004
90063B,9,8.5061,0.0470,0.0055
90064A,8,4.0338,0.2379,0.0590
90064B,10,3.7500,0.0000,0.0000
90065A,8,6.8120,0.1754,0.0257
90065B,9,6.8511,0.2069,0.0302
90066A,2,6.7500,0.0000,0.0000
90067A,12,2.9473,0.0161,0.0055
90067B,5,2.9440,0.0251,0.0085
90068,2,7.5000,0.0000,0.0000
90069,4,7.5000,0.0000,0.0000
90070,18,6.1745,0.1840,0.0298
90071,22,1.2475,0.0173,0.0138
90072,19,4.0736,0.1944,0.0477
90073,19,5.0140,0.0575,0.0115
90074,6,9.1900,0.3771,0.0410
90075,5,9.1770,0.2573,0.0280
90076,7,2.8929,0.1528,0.0528
90077,4,2.8600,0.2134,0.0746
90078,4,7.5350,0.0700,0.0093
90079,11,5.0036,0.0690,0.0138
90081A,18,4.9639,0.0589,0.0119
90081B,3,4.9500,0.0000,0.0000
90081C,18,5.0139,0.0756,0.0151
90082A,20,6.4869,0.1582,0.0244
90082B,15,6.3500,0.0000,0.0000
90082C,2,6.5700,0.3111,0.0474
90082D,14,6.4621,0.1616,0.0250
90083,8,1.1869,0.5188,0.4371
90084,5,0.8500,0.0000,0.0000
90085,14,1.1431,0.3825,0.3346
90086,18,1.2699,0.4271,0.3363
90087,23,1.3385,0.4253,0.3177
90088,7,0.8521,0.0056,0.0066
90089,14,1.1676,0.4526,0.3876
90090,8,0.8646,0.0230,0.0266
90091,2,0.8500,0.0000,0.0000
90092,7,0.9657,0.3062,0.3170
90093,17,1.1411,0.4578,0.4012
90094,12,2.5450,0.0119,0.0047
90095,3,3.3867,1.4491,0.4279
90096,18,2.5041,0.2575,0.1028
90098,15,2.8339,0.9509,0.3355
90099,9,2.9368,0.7318,0.2492
90100,8,2.5500,0.0000,0.0000
90101,18,2.5266,0.0307,0.0122
90102,4,0.8450,0.0100,0.0118
90103,13,2.5280,0.0312,0.0124
90104,10,0.8344,0.0099,0.0119
90108,15,1.5297,0.6819,0.4458
90111,4,1.0500,0.0000,0.0000
90112,12,1.0627,0.0440,0.0414
90114,19,2.4985,0.0381,0.0152
90115,12,2.7785,0.7390,0.2660
90116,20,2.1524,0.3512,0.1632
90118,13,2.6791,0.7160,0.2673
90119,15,2.6578,0.6654,0.2503
90120A,14,4.2502,0.0135,0.0032
90120B,22,4.2199,0.0479,0.0114
90120C,20,4.2289,0.0401,0.0095
90120D,13,4.2111,0.0969,0.0230
90121B,2,4.2500,0.0000,0.0000
90122A,15,4.9804,0.0380,0.0076
90122B,14,4.9858,0.0418,0.0084
90122C,18,4.9975,0.0672,0.0135
90123A,13,5.9400,0.0361,0.0061
90123B,10,5.9577,0.0418,0.0070
90123C,9,5.9627,0.0402,0.0067
90123D,12,5.9371,0.0839,0.0141
90124A,13,10.0100,0.1409,0.0141
90124B,18,10.0314,0.0980,0.0098
90124C,12,10.0267,0.1448,0.0144
90125A,9,2.2717,1.3164,0.5795
90125B,9,2.6935,1.1554,0.4290
90125C,4,1.5095,0.6828,0.4523
90125D,13,3.1911,1.3585,0.4257
90125E,7,2.9750,1.1575,0.3891
90126A,5,2.3580,0.9147,0.3879
90126B,2,2.9775,0.6399,0.2149
90126C,4,2.5571,0.9303,0.3638
90127A,2,1.8550,0.8556,0.4612
90127B,2,1.2500,0.0000,0.0000
90128A,7,1.7229,0.5668,0.3290
90128B,5,1.3760,0.2817,0.2048
90128C,6,1.8817,0.6928,0.3682
90128D,7,1.9629,0.6671,0.3398
90129A,20,2.0143,0.4724,0.2346
90129B,22,2.2419,0.5553,0.2477
90129C,19,2.2039,0.5202,0.2360
90129D,15,2.2546,0.5438,0.2412
90129E,19,1.9899,0.4596,0.2310
90129F,19,2.2503,0.5801,0.2578
90130A,10,2.9475,0.0251,0.0085
90130B,21,2.9355,0.0317,0.0108
90130C,14,2.9387,0.0337,0.0115
90130D,7,2.9514,0.0441,0.0150
90131,5,6.9740,0.0537,0.0077
90132,7,5.0900,0.0635,0.0125
90133,14,5.0319,0.0779,0.0155
90134,24,2.9346,0.0321,0.0109
90135,3,5.0067,0.0737,0.0147
90135A,4,4.9925,0.0665,0.0133
90136,3,10.1733,0.3868,0.0380
90137,8,5.2137,0.2204,0.0423
90138,12,5.3146,0.2336,0.0440
90139,3,5.0971,0.1274,0.0250
90140,7,7.5571,0.0778,0.0103
90141A,10,5.2710,0.2473,0.0469
90141B,9,5.0156,0.0713,0.0142
90141C,10,5.2640,0.2735,0.0520
90141D,5,5.2860,0.3067,0.0580
90141E,5,5.0620,0.2504,0.0495
90142A,4,5.0900,0.0000,0.0000
90142B,1,5.0900,0.0000,
90142C,1,5.0900,0.0000,
90142D,4,4.9850,0.0700,0.0140
90143,20,7.6424,0.2893,0.0379
90144,19,3.7674,0.0440,0.0117
90145,21,6.0807,0.1570,0.0258
90146,12,7.3397,1.1506,0.1568
90147,18,10.1123,0.1748,0.0173
90148,14,12.7307,0.0722,0.0057
90149,8,7.3634,0.3784,0.0514
90150,7,7.5000,0.0000,0.0000
90151,7,8.5243,0.0688,0.0081
90152A,7,5.7629,0.2427,0.0421
90152B,4,5.8950,0.1100,0.0187
90152C,4,5.9500,0.0000,0.0000
90154,7,8.7071,0.6425,0.0738
90155,14,7.5490,0.0798,0.0106
90156,8,5.7977,1.2444,0.2146
90157,12,4.9758,0.0386,0.0078
90158,23,5.0306,0.0674,0.0134
90159,13,4.9672,0.0347,0.0070
90160A,18,6.9850,0.0744,0.0106
90160B,19,6.8738,0.4977,0.0724
90160C,22,7.0046,0.1139,0.0163
90160D,15,6.9679,0.0421,0.0060
90161A,20,5.0007,0.0602,0.0120
90161B,21,4.9976,0.0565,0.0113
90161C,23,4.9987,0.0476,0.0095
90161D,21,4.9944,0.0644,0.0129
90162A,7,2.9500,0.0000,0.0000
90162B,11,2.9500,0.0000,0.0000
90162C,12,2.9500,0.0000,0.0000
90162D,8,2.9500,0.0000,0.0000
90163A,14,7.5832,0.0986,0.0130
90163B,7,7.5710,0.1216,0.0161
90164A,16,6.9665,1.7356,0.2491
90164B,19,7.0754,1.6048,0.2268
90165A,14,2.5240,0.0364,0.0144
90165B,16,2.5176,0.0363,0.0144
90166,18,4.2230,0.0518,0.0123
90167,12,0.8575,0.0702,0.0819
90168,12,2.9362,0.0330,0.0112
90169,15,2.5206,0.0365,0.0145
90170,21,1.6681,0.0223,0.0133
90171,4,1.2665,0.0168,0.0132
90173,19,3.7776,0.0409,0.0108
90174,16,2.5294,0.0379,0.0150
90175A,23,9.0638,0.2615,0.0289
90175B,15,8.9881,0.8603,0.0957
90175C,10,9.0100,0.1897,0.0211
90175D,20,9.1068,0.1343,0.0147
90176A,7,7.5814,0.1220,0.0161
90176B,3,7.5444,0.0828,0.0110
90176C,6,7.8333,0.5288,0.0675
90176D,7,7.5443,0.1172,0.0155
90176E,3,7.4933,0.0115,0.0015
90177A,12,2.9183,0.0272,0.0093
90177B,14,2.9487,0.0298,0.0101
90177C,16,2.9388,0.0346,0.0118
90177D,15,2.9450,0.0242,0.0082
90177E,14,2.9489,0.0378,0.0128
90178A,10,11.9174,0.0965,0.0081
90178B,9,11.9733,0.0700,0.0058
90179A,6,5.8978,0.0623,0.0106
90179B,6,5.9242,0.0612,0.0103
90179C,10,5.9295,0.0435,0.0073
90180A,15,9.5111,1.8162,0.1910
90180B,10,9.9952,0.0868,0.0087
90181A,11,9.1939,0.1561,0.0170
90181B,14,9.2568,0.1246,0.0135
90181C,4,9.3450,0.1634,0.0175
90182A,6,2.9100,0.0245,0.0084
90182B,4,2.9325,0.0650,0.0222
90182C,10,2.9280,0.0297,0.0102
90183A,15,2.9316,0.0272,0.0093
90183B,15,2.9357,0.0415,0.0141
90183C,10,2.9420,0.0525,0.0178
90184A,14,9.1049,0.1612,0.0177
90184B,18,9.1038,0.1468,0.0161
90184C,18,9.1090,0.1355,0.0149
90185A,15,4.2362,0.0516,0.0122
90185B,15,4.2169,0.0506,0.0120
90185C,14,4.2379,0.0396,0.0093
90185D,13,4.2502,0.0399,0.0094
90186A,14,2.9395,0.0266,0.0090
90186B,16,2.9469,0.0285,0.0097
90187A,7,3.3843,0.0431,0.0128
90187B,12,3.3600,0.0445,0.0132
90188,14,2.5407,0.0310,0.0122
90189A,7,7.5200,0.0529,0.0070
90189B,2,7.5000,0.0000,0.0000
90190A,13,2.9351,0.0266,0.0090
90190B,13,2.9362,0.0253,0.0086
90190C,16,2.9370,0.0262,0.0089
90191,15,11.4992,3.1800,0.2765
90192,20,5.0007,0.0590,0.0118
90194,15,4.2415,0.0255,0.0060
90195A,15,8.1030,2.2408,0.2765
90195B,13,8.5624,1.6920,0.1976
90196A,7,12.7500,0.0000,0.0000
90196B,9,12.7200,0.0900,0.0071
90197B,20,5.0339,0.0646,0.0128
90197D,3,4.9500,0.0000,0.0000
90198A,24,4.2312,0.0437,0.0103
90198B,23,4.2399,0.0350,0.0082
90199A,11,6.3297,0.0494,0.0078
90199B,13,6.3433,0.0570,0.0090
90199C,15,6.2831,0.2171,0.0346
90199D,12,6.3233,0.0568,0.0090
90200A,23,4.2199,0.0393,0.0093
90200B,24,4.2347,0.0268,0.0063
90200C,16,4.2403,0.0222,0.0052
90200D,24,4.2104,0.0771,0.0183
90200E,24,4.2109,0.0959,0.0228
90201A,22,2.9435,0.0278,0.0095
90201B,24,2.9496,0.0274,0.0093
90201C,22,2.9476,0.0293,0.0099
90201D,24,2.9419,0.0309,0.0105
90202A,13,2.9361,0.0281,0.0096
90202B,12,2.9383,0.0400,0.0136
90202C,15,2.9447,0.0344,0.0117
90202D,17,2.9460,0.0364,0.0124
90203,10,7.5226,0.0329,0.0044
90204,17,3.3647,0.0369,0.0110
90205A,12,1.6692,0.0250,0.0150
90205C,16,1.6581,0.0553,0.0333
90206A,9,4.9750,0.0449,0.0090
90206C,19,5.0251,0.0754,0.0150
90208,19,2.5059,0.1026,0.0410
90209A,8,1.9773,0.1699,0.0859
90209B,22,2.0439,0.1249,0.0611
90209C,22,2.0415,0.1252,0.0613
90210A,12,2.7734,0.4921,0.1774
90210B,13,2.5214,0.7737,0.3068
90210C,9,2.5607,0.7589,0.2964
90210D,12,2.4999,0.8216,0.3286
90211A,11,5.9435,0.0592,0.0100
90211B,12,5.9298,0.0560,0.0095
90212B,14,3.7877,0.0485,0.0128
90212C,7,3.7500,0.0000,0.0000
90214A,23,1.0654,0.2717,0.2550
90214B,17,0.9456,0.2640,0.2792
90214C,21,1.0336,0.2589,0.2504
90214D,24,1.1001,0.3994,0.3630
90214E,22,1.1174,0.4159,0.3722
90214F,15,0.9264,0.2592,0.2797
90214G,21,1.0524,0.4150,0.3944
90214H,19,0.9855,0.2539,0.2576
90214I,14,0.9689,0.3327,0.3433
90214J,21,1.0496,0.3263,0.3109
90214K,24,1.1372,0.3908,0.3436
90214L,19,1.0001,0.2602,0.2602
90214M,20,1.0261,0.2769,0.2699
90214N,21,1.0429,0.3369,0.3231
90214O,9,1.0013,0.3174,0.3170
90214P,16,1.0466,0.3516,0.3359
90214R,18,1.1736,0.5173,0.4408
90214S,21,1.0587,0.4171,0.3940
90214T,15,1.0453,0.4838,0.4628
90214U,2,0.7700,0.6788,0.8816
90214V,16,0.9634,0.2581,0.2679
90214W,7,0.8471,0.2929,0.3458
90214Y,7,0.8786,0.3237,0.3684
90214Z,13,0.9023,0.2559,0.2836
DCGS0003,8,2.5050,0.0346,0.0138
DCGS0004,4,16.9850,0.2940,0.0173
DCGS0037,1,12.7200,0.0000,
DCGS0041,1,5.0600,0.0000,
DCGS0044,1,2.5700,0.0000,
DCGS0058,10,0.8353,0.0434,0.0520
DCGS0062,1,2.5100,0.0000,
DCGS0066N,1,8.6500,0.0000,
DCGS0068,2,8.5600,0.1273,0.0149
DCGS0069,4,16.0450,0.1700,0.0106
DCGS0070,2,12.7200,0.0000,0.0000
DCGS0072,1,5.1700,0.0000,
DCGS0075,1,12.7200,0.0000,
DCGS0076,9,16.1689,0.1167,0.0072
DCGSSBOY,11,3.2986,0.0729,0.0221
DCGSSGIRL,11,3.1236,0.6222,0.1992
